repo_full_name,package_name,osv_id,severity_class,severity_raw,published,fix_version,fix_date,time_to_fix_days,is_fixed,aliases,duration_days,severity_missing
psf/requests,requests,GHSA-652x-xj99-gmcc,high,CVSS:4.0/AV:N/AC:L/AT:N/PR:N/UI:N/VC:L/VI:N/VA:N/SC:N/SI:N/SA:N,2022-05-14T02:09:22Z,2.3.0,2014-05-16 17:57:05.539691+00:00,-2919.3418571795023,1,CVE-2014-1830;PYSEC-2014-14,-2919.3418571795023,0
psf/requests,requests,GHSA-9hjg-9r4m-mvj7,high,CVSS:3.1/AV:N/AC:H/PR:N/UI:R/S:U/C:H/I:N/A:N,2025-06-09T19:06:08Z,2.32.4,2025-06-09 16:43:05.728107+00:00,-0.0993318506134259,1,CVE-2024-47081,-0.0993318506134259,0
psf/requests,requests,GHSA-9wx4-h78v-vm56,medium,CVSS:3.1/AV:L/AC:H/PR:H/UI:R/S:U/C:H/I:H/A:N,2024-05-20T20:15:00Z,2.32.0,2024-05-20 16:08:19.530618+00:00,-0.1713017289583333,1,CVE-2024-35195,-0.1713017289583333,0
psf/requests,requests,GHSA-cfj3-7x9c-4p3h,high,CVSS:3.1/AV:N/AC:L/PR:N/UI:N/S:U/C:L/I:N/A:N,2022-05-17T03:49:35Z,2.3.0,2014-05-16 17:57:05.539691+00:00,-2922.41145208691,1,CVE-2014-1829;PYSEC-2014-13,-2922.41145208691,0
psf/requests,requests,GHSA-j8r2-6x86-q33q,high,CVSS:3.1/AV:N/AC:H/PR:N/UI:R/S:C/C:H/I:N/A:N,2023-05-22T20:36:32Z,2.31.0,2023-05-22 15:12:42.313790+00:00,-0.2248806274305555,1,CVE-2023-32681;PYSEC-2023-74,-0.2248806274305555,0
psf/requests,requests,GHSA-pg2w-x9wp-vw92,unknown,,2022-05-13T01:11:23Z,2.6.0,2015-03-14 16:44:37.146829+00:00,-2616.351919596887,1,CVE-2015-2296;PYSEC-2015-17,-2616.351919596887,1
psf/requests,requests,GHSA-x84v-xcm2-53pg,critical,CVSS:3.1/AV:N/AC:L/PR:N/UI:N/S:U/C:H/I:N/A:N,2018-10-29T19:06:46Z,2.20.0,2018-10-18 15:46:10.776819+00:00,-11.139296564594908,1,CVE-2018-18074;PYSEC-2018-28,-11.139296564594908,0
psf/requests,requests,PYSEC-2014-13,unknown,,2014-10-15T14:55:00Z,2.3.0,2014-05-16 17:57:05.539691+00:00,-151.87354699431714,1,CVE-2014-1829;GHSA-cfj3-7x9c-4p3h,-151.87354699431714,1
psf/requests,requests,PYSEC-2014-14,unknown,,2014-10-15T14:55:00Z,2.3.0,2014-05-16 17:57:05.539691+00:00,-151.87354699431714,1,CVE-2014-1830;GHSA-652x-xj99-gmcc,-151.87354699431714,1
psf/requests,requests,PYSEC-2015-17,unknown,,2015-03-18T16:59:00Z,3bd8afbff29e50b38f889b2f688785a669b9aafc,,,0,CVE-2015-2296;GHSA-pg2w-x9wp-vw92,3988.938327785058,1
psf/requests,requests,PYSEC-2018-28,unknown,,2018-10-09T17:29:00Z,c45d7c49ea75133e52ab22a8e9e13173938e36ff,,,0,CVE-2018-18074;GHSA-x84v-xcm2-53pg,2687.9174944517245,1
psf/requests,requests,PYSEC-2023-74,unknown,,2023-05-26T18:15:00Z,74ea7cf7a6a27a4eeb2ae24e162bcc942a6706d5,,,0,CVE-2023-32681;GHSA-j8r2-6x86-q33q,997.88555000728,1
pallets/flask,flask,GHSA-4grg-w6v8-c28g,medium,CVSS:4.0/AV:L/AC:L/AT:P/PR:H/UI:N/VC:N/VI:N/VA:L/SC:N/SI:N/SA:N,2025-05-13T20:25:26Z,3.1.1,2025-05-13 15:01:15.591997+00:00,-0.2251204629976851,1,CVE-2025-47278,-0.2251204629976851,0
pallets/flask,flask,GHSA-562c-5r94-xh97,critical,CVSS:3.1/AV:N/AC:L/PR:N/UI:N/S:U/C:N/I:N/A:H,2018-08-23T19:10:40Z,0.12.3,2018-04-26 20:12:32.459965+00:00,-118.95703171336804,1,CVE-2018-1000656;PYSEC-2018-66,-118.95703171336804,0
pallets/flask,flask,GHSA-5wv5-4vpf-pj6m,critical,CVSS:3.1/AV:N/AC:L/PR:N/UI:N/S:U/C:N/I:N/A:H,2019-07-19T16:12:46Z,1.0,2018-04-26 20:12:52.254298+00:00,-448.833260945625,1,CVE-2019-1010083;PYSEC-2019-179,-448.833260945625,0
pallets/flask,flask,GHSA-m2qf-hxjv-5gpq,critical,CVSS:3.1/AV:N/AC:L/PR:N/UI:N/S:U/C:H/I:N/A:N,2023-05-01T19:22:20Z,2.3.2,2023-05-01 15:42:08.893644+00:00,-0.1529063235648148,1,CVE-2023-30861;PYSEC-2023-62,-0.1529063235648148,0
pallets/flask,flask,PYSEC-2018-66,unknown,,2018-08-20T19:31:00Z,0.12.3,2018-04-26 20:12:32.459965+00:00,-115.97115208373845,1,CVE-2018-1000656;GHSA-562c-5r94-xh97,-115.97115208373845,1
pallets/flask,flask,PYSEC-2019-179,unknown,,2019-07-17T14:15:00Z,1.0,2018-04-26 20:12:52.254298+00:00,-446.7514785382176,1,CVE-2019-1010083;GHSA-5wv5-4vpf-pj6m,-446.7514785382176,1
pallets/flask,flask,PYSEC-2023-62,unknown,,2023-05-02T18:15:00Z,70f906c51ce49c485f1d355703e9cc3386b1cc2b,,,0,CVE-2023-30861;GHSA-m2qf-hxjv-5gpq,1021.88555000728,1
django/django,django,GHSA-2655-q453-22f9,critical,CVSS:3.1/AV:N/AC:L/PR:N/UI:N/S:U/C:N/I:H/A:N,2022-05-17T05:10:31Z,1.3.4,2013-03-05 22:33:47.875562+00:00,-3359.27549912544,1,CVE-2012-4520;PYSEC-2012-7,-3359.27549912544,0
django/django,django,GHSA-296w-6qhq-gf92,critical,CVSS:3.1/AV:N/AC:L/PR:N/UI:N/S:U/C:N/I:N/A:H,2022-05-14T02:05:08Z,1.4.14,2014-08-20 20:01:35.076618+00:00,-2823.252464390996,1,CVE-2014-0481;PYSEC-2014-5,-2823.252464390996,0
django/django,django,GHSA-2f9x-5v75-3qv4,high,CVSS:3.0/AV:N/AC:L/PR:N/UI:N/S:U/C:N/I:N/A:L,2019-01-04T17:50:00Z,2.0.3,2018-03-06 14:05:32.353199+00:00,-304.1558755416782,1,CVE-2018-7537;PYSEC-2018-6,-304.1558755416782,0
django/django,django,GHSA-2gwj-7jmv-h26r,critical,CVSS:3.1/AV:N/AC:L/PR:N/UI:N/S:U/C:H/I:H/A:H,2022-04-13T00:00:33Z,2.2.28,2022-04-11 07:52:52.782601+00:00,-1.6719932569328702,1,BIT-django-2022-28346;CVE-2022-28346;PYSEC-2022-190,-1.6719932569328702,0
django/django,django,GHSA-2hrw-hx67-34x6,critical,CVSS:3.1/AV:N/AC:L/PR:N/UI:N/S:U/C:N/I:N/A:H,2023-02-15T03:30:47Z,3.2.18,2023-02-14 08:25:28.389548+00:00,-0.7953542876388888,1,BIT-django-2023-24580;CVE-2023-24580;PYSEC-2023-13,-0.7953542876388888,0
django/django,django,GHSA-2m34-jcjv-45xf,high,CVSS:3.1/AV:N/AC:L/PR:N/UI:R/S:C/C:L/I:L/A:N,2020-06-05T16:24:28Z,2.2.13,2020-06-03 09:36:32.337142+00:00,-2.283283134930556,1,BIT-django-2020-13596;CVE-2020-13596;PYSEC-2020-32,-2.283283134930556,0
django/django,django,GHSA-2mcm-79hx-8fxw,high,CVSS:4.0/AV:N/AC:L/AT:N/PR:N/UI:N/VC:L/VI:N/VA:N/SC:N/SI:N/SA:N/E:U,2026-02-03T15:30:23Z,6.0.2,2026-02-03 13:50:15.501752+00:00,-0.0695312297222222,1,BIT-django-2025-13473;CVE-2025-13473,-0.0695312297222222,0
django/django,django,GHSA-337x-4q8g-prc5,high,CVSS:3.0/AV:N/AC:L/PR:N/UI:R/S:U/C:N/I:H/A:N,2019-01-14T16:20:05Z,1.11.18,2019-01-04 14:10:44.776909+00:00,-10.089817396886572,1,CVE-2019-3498;PYSEC-2019-17,-10.089817396886572,0
django/django,django,GHSA-37hp-765x-j95x,high,CVSS:3.0/AV:N/AC:L/PR:N/UI:R/S:C/C:L/I:L/A:N,2019-01-04T17:50:26Z,1.10.7,2017-04-04 14:27:40.297406+00:00,-640.1408067429861,1,CVE-2017-7233;PYSEC-2017-9,-640.1408067429861,0
django/django,django,GHSA-3f2c-jm6v-cr35,critical,CVSS:3.0/AV:N/AC:H/PR:N/UI:N/S:U/C:H/I:H/A:H,2022-05-17T00:27:18Z,1.8.16,2016-11-01 14:09:28.452420+00:00,-2022.4290456895835,1,CVE-2016-9014;PYSEC-2016-18,-2022.4290456895835,0
django/django,django,GHSA-3gh2-xw74-jmcw,critical,CVSS:3.1/AV:N/AC:L/PR:L/UI:N/S:U/C:H/I:H/A:H,2020-06-05T14:52:07Z,1.11.29,2020-03-04 09:31:46.566802+00:00,-93.22245871756944,1,BIT-django-2020-9402;CVE-2020-9402;PYSEC-2020-36,-93.22245871756944,0
django/django,django,GHSA-3jqw-crqj-w8qw,critical,CVSS:3.1/AV:N/AC:L/PR:N/UI:N/S:U/C:N/I:N/A:H,2018-07-23T19:51:35Z,1.2.7,2011-09-11 03:05:18.996286+00:00,-2507.698796339282,1,CVE-2011-4137;PYSEC-2011-2,-2507.698796339282,0
django/django,django,GHSA-46x4-9jmv-jc8p,high,CVSS:3.0/AV:N/AC:L/PR:H/UI:N/S:U/C:L/I:H/A:N,2022-05-17T03:43:00Z,1.9.2,2016-02-01 17:17:18.693011+00:00,-2296.434505867928,1,CVE-2016-2048;PYSEC-2016-14,-2296.434505867928,0
django/django,django,GHSA-4894-5vqc-6r2r,high,CVSS:3.1/AV:N/AC:L/PR:N/UI:R/S:C/C:L/I:L/A:N,2022-05-17T01:33:07Z,1.5.2,2013-08-13 16:54:03.787628+00:00,-3198.360453846898,1,CVE-2013-4249;PYSEC-2013-19,-3198.360453846898,0
django/django,django,GHSA-4c42-4rxm-x6qf,critical,CVSS:3.1/AV:N/AC:L/PR:N/UI:N/S:U/C:N/I:N/A:H,2022-05-17T04:53:45Z,1.4.8,2013-09-15 06:22:11.681231+00:00,-3165.938580078345,1,CVE-2013-1443;PYSEC-2013-18,-3165.938580078345,0
django/django,django,GHSA-53qw-q765-4fww,critical,CVSS:3.1/AV:N/AC:L/PR:N/UI:N/S:U/C:N/I:N/A:H,2022-01-12T19:20:53Z,2.2.26,2022-01-04 09:53:18.329006+00:00,-8.394151284652779,1,BIT-django-2021-45115;CVE-2021-45115;PYSEC-2022-1,-8.394151284652779,0
django/django,django,GHSA-54qj-48vx-cr9f,high,CVSS:3.1/AV:N/AC:L/PR:N/UI:R/S:C/C:L/I:L/A:N,2022-05-01T23:48:43Z,0.91.2,,,0,CVE-2008-2302;PYSEC-2008-1,1387.6538023220949,0
django/django,django,GHSA-59w8-4wm2-4xw8,critical,CVSS:3.1/AV:N/AC:L/PR:N/UI:N/S:U/C:N/I:N/A:H,2022-05-17T05:12:01Z,1.3.2,2012-07-30 23:02:55.545349+00:00,-3577.2563131325346,1,CVE-2012-3443;PYSEC-2012-3,-3577.2563131325346,0
django/django,django,GHSA-5h2q-4hrp-v9rr,critical,CVSS:3.1/AV:N/AC:L/PR:N/UI:N/S:U/C:N/I:N/A:H,2022-05-17T05:12:01Z,1.3.2,2012-07-30 23:02:55.545349+00:00,-3577.2563131325346,1,CVE-2012-3444;PYSEC-2012-4,-3577.2563131325346,0
django/django,django,GHSA-5hg3-6c2f-f3wr,high,CVSS:3.0/AV:N/AC:L/PR:N/UI:R/S:C/C:L/I:L/A:N,2018-10-04T21:58:46Z,2.0.8,2018-08-01 13:51:58.926049+00:00,-64.33804483739584,1,CVE-2018-14574;PYSEC-2018-2,-64.33804483739584,0
django/django,django,GHSA-5hgc-2vfp-mqvc,high,CVSS:3.1/AV:N/AC:L/PR:N/UI:N/S:U/C:N/I:N/A:L,2024-10-08T18:33:13Z,5.1.1,2024-09-03 14:01:12.448544+00:00,-35.188895271481485,1,BIT-django-2024-45230;CVE-2024-45230;PYSEC-2024-102,-35.188895271481485,0
django/django,django,GHSA-5j2h-h5hg-3wf8,critical,CVSS:3.1/AV:N/AC:L/PR:N/UI:N/S:U/C:N/I:H/A:N,2018-07-23T19:51:10Z,1.1.4,2011-02-09 04:13:07.000075+00:00,-2721.651423610243,1,CVE-2011-0696;PYSEC-2011-10,-2721.651423610243,0
django/django,django,GHSA-625g-gx8c-xcmg,high,CVSS:3.1/AV:N/AC:L/PR:L/UI:N/S:U/C:N/I:H/A:N,2022-05-14T02:09:22Z,1.4.14,2014-08-20 20:01:35.076618+00:00,-2823.2554042058105,1,CVE-2014-0482;PYSEC-2014-6,-2823.2554042058105,0
django/django,django,GHSA-6426-9fv3-65x8,high,CVSS:3.1/AV:N/AC:L/PR:L/UI:N/S:U/C:L/I:L/A:N,2026-02-03T15:30:24Z,6.0.2,2026-02-03 13:50:15.501752+00:00,-0.0695428037962962,1,BIT-django-2026-1312;CVE-2026-1312,-0.0695428037962962,0
django/django,django,GHSA-6565-fg86-6jcx,high,CVSS:3.1/AV:N/AC:L/PR:N/UI:R/S:C/C:L/I:L/A:N,2022-05-17T03:34:12Z,1.7.6,2015-03-09 15:30:40.158699+00:00,-2625.5024518669097,1,CVE-2015-2241;PYSEC-2015-8,-2625.5024518669097,0
django/django,django,GHSA-68w8-qjq3-2gfm,high,CVSS:3.1/AV:N/AC:L/PR:H/UI:N/S:U/C:H/I:N/A:N,2021-06-10T17:21:00Z,2.2.24,2021-06-02 08:53:39.899614+00:00,-8.352315976689814,1,BIT-django-2021-33203;CVE-2021-33203;PYSEC-2021-98,-8.352315976689814,0
django/django,django,GHSA-6c3j-c64m-qhgq,high,CVSS:3.1/AV:N/AC:L/PR:N/UI:R/S:C/C:L/I:L/A:N,2019-04-26T16:29:11Z,2.1.9,2019-06-03 10:11:04.565407+00:00,37.73742552554398,1,CVE-2019-11358;DRUPAL-CORE-2019-006,37.73742552554398,0
django/django,django,GHSA-6c7v-2f49-8h26,high,CVSS:3.0/AV:N/AC:L/PR:N/UI:N/S:U/C:L/I:N/A:N,2019-07-03T20:37:25Z,2.1.10,2019-07-01 07:19:18.135804+00:00,-2.5542461133796297,1,CVE-2019-12781;PYSEC-2019-10,-2.5542461133796297,0
django/django,django,GHSA-6cw3-g6wv-c2xv,critical,CVSS:3.1/AV:N/AC:L/PR:N/UI:N/S:U/C:N/I:N/A:H,2022-02-04T00:00:26Z,2.2.27,2022-02-01 07:56:15.889914+00:00,-2.669561459328704,1,BIT-django-2022-23833;CVE-2022-23833;PYSEC-2022-20,-2.669561459328704,0
django/django,django,GHSA-6g95-x6cj-mg4v,critical,CVSS:3.1/AV:N/AC:L/PR:N/UI:N/S:U/C:N/I:N/A:H,2022-05-17T03:20:50Z,1.6.10,2015-01-13 18:48:42.343729+00:00,-2680.355644169804,1,CVE-2015-0222;PYSEC-2015-7,-2680.355644169804,0
django/django,django,GHSA-6mx3-3vqg-hpp2,high,CVSS:3.0/AV:N/AC:L/PR:H/UI:N/S:U/C:H/I:N/A:N,2018-10-03T20:07:39Z,2.1.2,2018-10-01 09:22:12.971407+00:00,-2.4482179235300925,1,CVE-2018-16984;PYSEC-2018-3,-2.4482179235300925,0
django/django,django,GHSA-6r97-cj55-9hrq,critical,CVSS:3.0/AV:N/AC:L/PR:N/UI:N/S:U/C:H/I:H/A:H,2019-08-16T14:00:34Z,1.11.23,2019-08-01 09:04:24.934545+00:00,-15.20566047980324,1,CVE-2019-14234;PYSEC-2019-13,-15.20566047980324,0
django/django,django,GHSA-6w2r-r2m5-xq5w,high,CVSS:3.1/AV:N/AC:H/PR:L/UI:N/S:C/C:H/I:L/A:N,2025-09-08T18:31:31Z,4.2.24,2025-09-03 13:13:51.365908+00:00,-5.220597616805556,1,BIT-django-2025-57833;CVE-2025-57833,-5.220597616805556,0
django/django,django,GHSA-6wcr-wcqm-3mfh,medium,CVSS:3.1/AV:L/AC:L/PR:L/UI:R/S:U/C:L/I:N/A:N,2022-05-17T03:25:24Z,1.7.11,2015-11-24 17:19:47.417001+00:00,-2365.4205623032294,1,CVE-2015-8213;PYSEC-2015-11,-2365.4205623032294,0
django/django,django,GHSA-6wgp-fwfm-mxp3,critical,CVSS:3.1/AV:N/AC:L/PR:N/UI:N/S:U/C:N/I:H/A:N,2022-05-17T03:29:56Z,1.8.2,2015-05-20 18:02:14.621999+00:00,-2553.3942289120487,1,CVE-2015-3982;PYSEC-2015-19,-2553.3942289120487,0
django/django,django,GHSA-78vx-ggch-wghm,high,CVSS:3.1/AV:N/AC:L/PR:N/UI:R/S:C/C:L/I:L/A:N,2022-05-17T05:12:01Z,1.3.2,2012-07-30 23:02:55.545349+00:00,-3577.2563131325346,1,CVE-2012-3442;PYSEC-2012-2,-3577.2563131325346,0
django/django,django,GHSA-795c-9xpc-xw6g,high,CVSS:3.1/AV:N/AC:L/PR:N/UI:N/S:U/C:N/I:N/A:L,2024-08-07T15:30:42Z,5.0.8,2024-08-06 13:28:41.102153+00:00,-1.0847326139699074,1,BIT-django-2024-41990;CVE-2024-41990;PYSEC-2024-68,-1.0847326139699074,0
django/django,django,GHSA-7fq8-4pv5-5w5c,high,CVSS:3.1/AV:N/AC:L/PR:N/UI:R/S:C/C:L/I:L/A:N,2022-05-14T02:06:51Z,1.4.20,2015-03-19 00:03:58.032976+00:00,-2613.0853352664813,1,CVE-2015-2317;PYSEC-2015-9,-2613.0853352664813,0
django/django,django,GHSA-7g9h-c88w-r7h2,critical,CVSS:3.1/AV:N/AC:L/PR:N/UI:N/S:U/C:H/I:H/A:N,2018-07-23T19:52:31Z,1.1.4,2011-02-09 04:13:07.000075+00:00,-2721.652361110243,1,CVE-2011-0698;PYSEC-2011-12,-2721.652361110243,0
django/django,django,GHSA-7h4p-27mh-hmrw,high,CVSS:3.1/AV:N/AC:L/PR:N/UI:N/S:U/C:N/I:N/A:L,2023-11-03T06:36:29Z,3.2.21,2023-09-04 10:58:15.304456+00:00,-59.81821406879629,1,BIT-django-2023-41164;CVE-2023-41164;PYSEC-2023-225,-59.81821406879629,0
django/django,django,GHSA-7qfw-j7hp-v45g,high,CVSS:3.1/AV:N/AC:L/PR:N/UI:N/S:U/C:N/I:L/A:N,2022-05-17T03:20:54Z,1.4.18,2015-01-13 18:54:01.979098+00:00,-2680.3519909826623,1,CVE-2015-0219;PYSEC-2015-4,-2680.3519909826623,0
django/django,django,GHSA-7rp2-fm2h-wchj,high,CVSS:3.0/AV:N/AC:L/PR:N/UI:R/S:C/C:L/I:L/A:N,2019-06-10T18:43:25Z,1.11.21,2019-06-03 10:10:58.728571+00:00,-7.355859623020833,1,CVE-2019-12308;PYSEC-2019-79,-7.355859623020833,0
django/django,django,GHSA-7wph-fc4w-wqp2,critical,CVSS:3.1/AV:N/AC:L/PR:N/UI:N/S:U/C:N/I:N/A:H,2018-07-23T19:51:59Z,1.1.3,2010-12-23 05:14:23.509436+00:00,-2769.6094385481942,1,CVE-2010-4535;PYSEC-2011-9,-2769.6094385481942,0
django/django,django,GHSA-7xr5-9hcq-chf9,critical,CVSS:3.1/AV:N/AC:H/PR:N/UI:N/S:C/C:N/I:L/A:N,2025-06-05T03:30:58Z,5.2.2,2025-06-04 13:52:33.140603+00:00,-0.5683432800578704,1,BIT-django-2025-48432;CVE-2025-48432;PYSEC-2025-47,-0.5683432800578704,0
django/django,django,GHSA-8498-2h75-472j,critical,CVSS:3.1/AV:N/AC:L/PR:N/UI:N/S:U/C:N/I:N/A:H,2024-12-06T12:30:47Z,5.1.4,2024-12-04 15:09:01.608520+00:00,-1.890108697685185,1,BIT-django-2024-53907;CVE-2024-53907;PYSEC-2024-156,-1.890108697685185,0
django/django,django,GHSA-89hj-xfx5-7q66,critical,CVSS:3.1/AV:N/AC:L/PR:N/UI:N/S:U/C:H/I:N/A:N,2022-05-17T03:07:04Z,1.4.11,2014-04-21 22:40:17.318319+00:00,-2947.185262519456,1,CVE-2014-0473;PYSEC-2014-2,-2947.185262519456,0
django/django,django,GHSA-8c5j-9r9f-c6w8,critical,CVSS:3.1/AV:N/AC:L/PR:N/UI:N/S:U/C:H/I:N/A:N,2022-01-12T19:21:10Z,2.2.26,2022-01-04 09:53:18.329006+00:00,-8.394348043912037,1,BIT-django-2021-45116;CVE-2021-45116;PYSEC-2022-2,-8.394348043912037,0
django/django,django,GHSA-8j24-cjrq-gr2m,high,CVSS:3.1/AV:N/AC:L/PR:N/UI:N/S:U/C:N/I:N/A:L,2025-05-08T06:30:33Z,4.2.21,2025-05-07 14:07:01.318915+00:00,-0.6830055681134258,1,BIT-django-2025-32873;CVE-2025-32873;PYSEC-2025-37,-0.6830055681134258,0
django/django,django,GHSA-8m3r-rv5g-fcpq,high,CVSS:3.1/AV:N/AC:L/PR:N/UI:R/S:C/C:L/I:L/A:N,2018-07-23T21:01:00Z,1.1.4,2011-02-09 04:13:07.000075+00:00,-2721.6999189806133,1,CVE-2011-0697;PYSEC-2011-11,-2721.6999189806133,0
django/django,django,GHSA-8x94-hmjh-97hq,critical,CVSS:3.1/AV:N/AC:L/PR:N/UI:R/S:U/C:H/I:H/A:H,2022-08-11T14:49:12Z,3.2.15,2022-08-03 07:38:15.296674+00:00,-8.299267399606482,1,BIT-django-2022-36359;CVE-2022-36359;PYSEC-2022-245,-8.299267399606482,0
django/django,django,GHSA-95rw-fx8r-36v6,high,CVSS:3.1/AV:N/AC:L/PR:N/UI:R/S:C/C:L/I:L/A:N,2022-02-04T00:00:33Z,2.2.27,2022-02-01 07:56:15.889914+00:00,-2.6696424778472223,1,BIT-django-2022-22818;CVE-2022-22818;PYSEC-2022-19,-2.6696424778472223,0
django/django,django,GHSA-9cwg-mhxf-hh59,high,CVSS:3.1/AV:N/AC:L/PR:N/UI:R/S:C/C:L/I:L/A:N,2022-05-17T00:23:23Z,1.4.6,2013-08-13 16:52:54.160398+00:00,-3198.3128337916896,1,CVE-2013-6044;PYSEC-2013-21,-3198.3128337916896,0
django/django,django,GHSA-9jmf-237g-qf46,critical,CVSS:3.1/AV:N/AC:L/PR:N/UI:N/S:U/C:H/I:N/A:N,2024-07-10T06:33:52Z,5.0.7,2024-07-09 14:07:00.731173+00:00,-0.6853156114236111,1,BIT-django-2024-39330;CVE-2024-39330;PYSEC-2024-58,-0.6853156114236111,0
django/django,django,GHSA-9r8w-6x8c-6jr9,high,CVSS:3.0/AV:N/AC:L/PR:N/UI:R/S:C/C:L/I:L/A:N,2019-01-04T17:50:34Z,1.10.8,2017-09-05 15:31:48.077227+00:00,-486.09636484690975,1,CVE-2017-12794;PYSEC-2017-44,-486.09636484690975,0
django/django,django,GHSA-9v8h-57gv-qch6,critical,CVSS:3.1/AV:N/AC:H/PR:N/UI:N/S:U/C:N/I:N/A:H,2022-05-01T18:36:08Z,0.96.1,,,0,CVE-2007-5712;PYSEC-2007-1,1387.870874081354,0
django/django,django,GHSA-9xg7-gg9m-rmq9,critical,CVSS:3.1/AV:N/AC:L/PR:N/UI:N/S:U/C:H/I:N/A:N,2022-05-02T03:37:17Z,0.96.4,,,0,CVE-2009-2659;PYSEC-2009-3,1387.495075470243,0
django/django,django,GHSA-c4qh-4vgv-qc6g,critical,CVSS:3.1/AV:N/AC:L/PR:N/UI:N/S:U/C:N/I:N/A:H,2019-08-06T01:43:29Z,1.11.23,2019-08-01 09:04:24.934545+00:00,-4.693797053877314,1,CVE-2019-14232;PYSEC-2019-11,-4.693797053877314,0
django/django,django,GHSA-c8c8-9472-w52h,high,CVSS:3.0/AV:N/AC:L/PR:N/UI:R/S:C/C:L/I:L/A:N,2022-05-14T02:46:13Z,1.8.14,2016-07-18 18:38:12.976852+00:00,-2125.3388891568056,1,CVE-2016-6186;PYSEC-2016-2,-2125.3388891568056,0
django/django,django,GHSA-cqf7-ff9h-7967,critical,CVSS:3.1/AV:N/AC:L/PR:N/UI:N/S:U/C:N/I:N/A:H,2022-05-17T00:48:30Z,1.8.3,2015-07-08 19:43:24.197330+00:00,-2504.211872716088,1,CVE-2015-5145;PYSEC-2015-21,-2504.211872716088,0
django/django,django,GHSA-crhm-qpjc-cm64,critical,CVSS:3.0/AV:N/AC:L/PR:N/UI:N/S:U/C:N/I:H/A:N,2022-05-14T03:55:50Z,1.8.15,2016-09-26 18:30:16.752726+00:00,-2055.392745917523,1,CVE-2016-7401;PYSEC-2016-3,-2055.392745917523,0
django/django,django,GHSA-f6f8-9mx6-9mx2,critical,CVSS:3.1/AV:N/AC:L/PR:N/UI:N/S:U/C:N/I:N/A:H,2024-07-10T06:33:52Z,5.0.7,2024-07-09 14:07:00.731173+00:00,-0.6853156114236111,1,BIT-django-2024-39614;CVE-2024-39614;PYSEC-2024-59,-0.6853156114236111,0
django/django,django,GHSA-f7cm-ccfp-3q4r,critical,CVSS:3.1/AV:N/AC:L/PR:N/UI:N/S:U/C:N/I:H/A:N,2022-05-14T02:09:22Z,1.4.14,2014-08-20 20:01:35.076618+00:00,-2823.2554042058105,1,CVE-2014-0480;PYSEC-2014-4,-2823.2554042058105,0
django/django,django,GHSA-fp6p-5xvw-m74f,high,CVSS:3.0/AV:N/AC:H/PR:N/UI:R/S:U/C:L/I:N/A:N,2022-05-17T01:09:58Z,1.8.10,2016-03-01 17:10:07.758955+00:00,-2267.333220382465,1,CVE-2016-2513;PYSEC-2016-16,-2267.333220382465,0
django/django,django,GHSA-fr28-569j-53c4,critical,CVSS:3.1/AV:N/AC:L/PR:N/UI:N/S:U/C:H/I:N/A:N,2021-03-18T20:30:01Z,2.2.16,2020-09-01 09:14:25.126958+00:00,-198.46916519724536,1,BIT-django-2020-24584;CVE-2020-24584;PYSEC-2020-34,-198.46916519724536,0
django/django,django,GHSA-frmv-pr5f-9mcr,critical,CVSS:3.1/AV:N/AC:L/PR:N/UI:N/S:U/C:H/I:H/A:N,2025-11-05T15:31:07Z,5.2.8,2025-11-05 14:07:28.761361+00:00,-0.0580814657291666,1,BIT-django-2025-64459;CVE-2025-64459,-0.0580814657291666,0
django/django,django,GHSA-fvgf-6h6h-3322,high,CVSS:3.1/AV:N/AC:L/PR:N/UI:N/S:U/C:N/I:L/A:N,2021-03-18T20:29:49Z,2.2.18,2021-02-01 09:28:14.241915+00:00,-45.45943007042824,1,BIT-django-2021-3281;CVE-2021-3281;PYSEC-2021-9,-45.45943007042824,0
django/django,django,GHSA-fwr5-q9rx-294f,high,CVSS:3.1/AV:N/AC:L/PR:L/UI:N/S:U/C:H/I:N/A:N,2018-07-23T19:51:40Z,1.1.3,2010-12-23 05:14:23.509436+00:00,-2769.609218640787,1,CVE-2010-4534;PYSEC-2011-8,-2769.609218640787,0
django/django,django,GHSA-fxpg-gg9g-76gj,high,CVSS:3.1/AV:N/AC:L/PR:N/UI:R/S:C/C:L/I:L/A:N,2018-07-23T19:52:42Z,1.2.2,2010-09-09 02:41:25.682749+00:00,-2874.716161079294,1,CVE-2010-3082;PYSEC-2010-12,-2874.716161079294,0
django/django,django,GHSA-g8xg-jgj6-49r3,high,CVSS:3.1/AV:N/AC:L/PR:N/UI:N/S:U/C:N/I:N/A:L,2022-05-05T02:48:45Z,1.3.6,2013-02-19 20:32:04.436478+00:00,-3361.261580596319,1,CVE-2013-0306;PYSEC-2013-17,-3361.261580596319,0
django/django,django,GHSA-gv98-g628-m9x5,high,CVSS:3.1/AV:N/AC:L/PR:N/UI:R/S:C/C:L/I:L/A:N,2022-05-17T03:20:49Z,1.4.18,2015-01-13 18:54:01.979098+00:00,-2680.351933112292,1,CVE-2015-0220;PYSEC-2015-5,-2680.351933112292,0
django/django,django,GHSA-gvg8-93h5-g6qq,critical,CVSS:4.0/AV:N/AC:L/AT:N/PR:N/UI:N/VC:H/VI:H/VA:H/SC:N/SI:N/SA:N/E:U,2026-02-03T15:30:24Z,6.0.2,2026-02-03 13:50:15.501752+00:00,-0.0695428037962962,1,BIT-django-2026-1287;CVE-2026-1287,-0.0695428037962962,0
django/django,django,GHSA-h4hv-m4h4-mhwg,high,CVSS:3.0/AV:N/AC:L/PR:N/UI:R/S:C/C:L/I:L/A:N,2019-01-04T17:50:17Z,1.10.7,2017-04-04 14:27:40.297406+00:00,-640.1407025763194,1,CVE-2017-7234;PYSEC-2017-10,-640.1407025763194,0
django/django,django,GHSA-h582-2pch-3xv3,critical,CVSS:3.1/AV:N/AC:L/PR:N/UI:N/S:U/C:N/I:N/A:H,2019-07-05T21:10:39Z,1.4.21,2015-07-08 19:56:26.333839+00:00,-1458.0515354879744,1,CVE-2015-5143;PYSEC-2015-20,-1458.0515354879744,0
django/django,django,GHSA-h5jv-4p7w-64jg,critical,CVSS:3.0/AV:N/AC:L/PR:N/UI:N/S:U/C:N/I:N/A:H,2019-08-06T01:43:33Z,1.11.23,2019-08-01 09:04:24.934545+00:00,-4.693843350173611,1,CVE-2019-14233;PYSEC-2019-12,-4.693843350173611,0
django/django,django,GHSA-h8gc-pgj2-vjm3,critical,CVSS:3.1/AV:N/AC:H/PR:N/UI:N/S:U/C:N/I:N/A:H,2023-11-03T06:36:30Z,3.2.22,2023-10-04 14:59:53.611484+00:00,-29.65042116337963,1,BIT-django-2023-43665;CVE-2023-43665;PYSEC-2023-226,-29.65042116337963,0
django/django,django,GHSA-h95j-h2rv-qrg4,critical,CVSS:3.1/AV:N/AC:L/PR:N/UI:N/S:U/C:N/I:H/A:N,2018-07-23T19:51:19Z,,,,0,CVE-2011-4140;PYSEC-2011-5,2765.818663433206,0
django/django,django,GHSA-hmr4-m2h5-33qx,critical,CVSS:3.1/AV:N/AC:L/PR:N/UI:N/S:U/C:H/I:H/A:H,2020-02-11T21:03:20Z,1.11.28,2020-02-03 09:50:36.736416+00:00,-8.467167402592592,1,BIT-django-2020-7471;CVE-2020-7471;PYSEC-2020-35,-8.467167402592592,0
django/django,django,GHSA-hpr9-3m2g-3j9p,high,CVSS:3.1/AV:N/AC:H/PR:L/UI:N/S:C/C:H/I:L/A:N,2025-10-01T21:31:21Z,4.2.25,2025-10-01 15:05:46.545878+00:00,-0.2677598856712962,1,BIT-django-2025-59681;CVE-2025-59681,-0.2677598856712962,0
django/django,django,GHSA-hvmf-r92r-27hr,high,CVSS:3.1/AV:N/AC:L/PR:L/UI:N/S:U/C:N/I:H/A:N,2019-12-04T21:26:28Z,2.1.15,2019-12-02 08:57:47.175049+00:00,-2.519916955451389,1,CVE-2019-19118;PYSEC-2019-15,-2.519916955451389,0
django/django,django,GHSA-j3j3-jrfh-cm2w,critical,CVSS:3.1/AV:N/AC:L/PR:N/UI:N/S:U/C:N/I:N/A:H,2022-05-14T02:06:52Z,1.6.11,2015-03-18 23:57:46.298309+00:00,-2613.0896493251275,1,CVE-2015-2316;PYSEC-2015-18,-2613.0896493251275,0
django/django,django,GHSA-jh3w-4vvf-mjgr,critical,CVSS:3.1/AV:N/AC:L/PR:N/UI:N/S:U/C:N/I:N/A:H,2023-07-03T15:30:45Z,3.2.20,2023-07-03 07:57:12.203517+00:00,-0.3149629222569444,1,BIT-django-2023-36053;CVE-2023-36053;PYSEC-2023-100,-0.3149629222569444,0
django/django,django,GHSA-jh75-99hh-qvx9,high,CVSS:3.1/AV:N/AC:L/PR:N/UI:N/S:U/C:N/I:N/A:L,2024-08-07T15:30:42Z,5.0.8,2024-08-06 13:28:41.102153+00:00,-1.0847326139699074,1,BIT-django-2024-41989;CVE-2024-41989;PYSEC-2024-67,-1.0847326139699074,0
django/django,django,GHSA-jhjg-w2cp-5j44,critical,CVSS:3.1/AV:N/AC:L/PR:N/UI:N/S:U/C:N/I:N/A:H,2022-05-17T03:20:50Z,1.4.18,2015-01-13 18:54:01.979098+00:00,-2680.3519446863656,1,CVE-2015-0221;PYSEC-2015-6,-2680.3519446863656,0
django/django,django,GHSA-jrh2-hc4r-7jwx,high,CVSS:3.1/AV:N/AC:L/PR:N/UI:N/S:U/C:L/I:N/A:N,2022-01-12T19:21:04Z,2.2.26,2022-01-04 09:53:18.329006+00:00,-8.394278599467594,1,BIT-django-2021-45452;CVE-2021-45452;PYSEC-2022-3,-8.394278599467594,0
django/django,django,GHSA-m6gj-h9gm-gw44,critical,CVSS:3.1/AV:N/AC:L/PR:N/UI:N/S:U/C:H/I:N/A:N,2021-03-18T20:30:13Z,2.2.16,2020-09-01 09:14:25.126958+00:00,-198.46930408613423,1,BIT-django-2020-24583;CVE-2020-24583;PYSEC-2020-33,-198.46930408613423,0
django/django,django,GHSA-m9g8-fxxm-xg86,critical,CVSS:3.1/AV:N/AC:L/PR:N/UI:N/S:U/C:H/I:H/A:H,2024-12-06T12:30:47Z,5.0.10,2024-12-04 15:13:01.196497+00:00,-1.8873356886921295,1,BIT-django-2024-53908;CVE-2024-53908;PYSEC-2024-157,-1.8873356886921295,0
django/django,django,GHSA-mv8g-fhh6-6267,critical,CVSS:3.0/AV:N/AC:L/PR:N/UI:N/S:U/C:H/I:H/A:H,2022-05-17T00:27:18Z,1.10.3,2016-11-01 13:56:54.139706+00:00,-2022.4377761608105,1,CVE-2016-9013;PYSEC-2016-17,-2022.4377761608105,0
django/django,django,GHSA-mwm9-4648-f68q,critical,CVSS:4.0/AV:N/AC:L/AT:N/PR:N/UI:N/VC:H/VI:H/VA:H/SC:N/SI:N/SA:N/E:U,2026-02-03T15:30:23Z,6.0.2,2026-02-03 13:50:15.501752+00:00,-0.0695312297222222,1,BIT-django-2026-1207;CVE-2026-1207,-0.0695312297222222,0
django/django,django,GHSA-mwv2-398h-v489,unknown,,2022-05-01T17:44:04Z,1.0,,,0,CVE-2007-0405,1387.9070314887615,1
django/django,django,GHSA-p3fp-8748-vqfq,high,CVSS:3.1/AV:N/AC:L/PR:L/UI:N/S:C/C:N/I:N/A:L,2025-03-06T21:31:26Z,4.2.20,2025-03-06 12:58:44.863766+00:00,-0.356031669375,1,BIT-django-2025-26699;CVE-2025-26699;PYSEC-2025-13,-0.356031669375,0
django/django,django,GHSA-p64x-8rxx-wf6q,critical,CVSS:3.1/AV:N/AC:L/PR:N/UI:N/S:U/C:H/I:H/A:H,2022-07-05T00:00:53Z,3.2.14,2022-07-04 07:57:18.239960+00:00,-0.6691523152777777,1,BIT-django-2022-34265;CVE-2022-34265;PYSEC-2022-213,-0.6691523152777777,0
django/django,django,GHSA-p6m5-h7pp-v2x5,critical,CVSS:3.1/AV:N/AC:L/PR:N/UI:N/S:U/C:N/I:N/A:H,2022-05-02T03:47:43Z,1.0.4,,,0,CVE-2009-3695;PYSEC-2009-4,1387.4878300998726,0
django/django,django,GHSA-p99v-5w3c-jqq9,critical,CVSS:3.1/AV:N/AC:L/PR:N/UI:N/S:U/C:N/I:H/A:N,2021-06-10T17:21:12Z,2.2.24,2021-06-02 08:53:39.899614+00:00,-8.352454865578704,1,BIT-django-2021-33571;CVE-2021-33571;PYSEC-2021-99,-8.352454865578704,0
django/django,django,GHSA-pgxh-wfw4-jx2v,critical,CVSS:3.1/AV:N/AC:L/PR:N/UI:N/S:U/C:N/I:N/A:H,2022-05-17T00:36:02Z,1.8.4,2015-08-18 17:06:21.380689+00:00,-2463.31227568647,1,CVE-2015-5963;PYSEC-2015-22,-2463.31227568647,0
django/django,django,GHSA-pv4p-cwwg-4rph,critical,CVSS:3.1/AV:N/AC:L/PR:N/UI:N/S:U/C:H/I:H/A:N,2024-08-07T15:30:42Z,5.0.8,2024-08-06 13:28:41.102153+00:00,-1.0847326139699074,1,BIT-django-2024-42005;CVE-2024-42005;PYSEC-2024-70,-1.0847326139699074,0
django/django,django,GHSA-pw27-w7w4-9qc7,critical,CVSS:3.0/AV:N/AC:L/PR:N/UI:R/S:C/C:N/I:H/A:N,2022-05-17T01:09:58Z,1.8.10,2016-03-01 17:10:07.758955+00:00,-2267.333220382465,1,CVE-2016-2512;PYSEC-2016-15,-2267.333220382465,0
django/django,django,GHSA-q2jf-h9jm-m7p4,critical,CVSS:3.1/AV:N/AC:L/PR:N/UI:N/S:U/C:N/I:N/A:H,2023-02-01T21:30:23Z,3.2.17,2023-02-01 09:55:48.915222+00:00,-0.4823389441898147,1,BIT-django-2023-23969;CVE-2023-23969;PYSEC-2023-12,-0.4823389441898147,0
django/django,django,GHSA-q5qw-4364-5hhm,critical,CVSS:3.1/AV:N/AC:L/PR:N/UI:N/S:U/C:N/I:H/A:N,2022-05-17T00:48:30Z,1.4.21,2015-07-08 19:56:26.333839+00:00,-2504.202820210197,1,CVE-2015-5144;PYSEC-2015-10,-2504.202820210197,0
django/django,django,GHSA-q7q2-qf2q-rw3w,critical,CVSS:3.1/AV:N/AC:H/PR:N/UI:N/S:U/C:H/I:H/A:N,2022-05-17T03:07:00Z,1.4.13,2014-05-14 18:27:42.778726+00:00,-2924.360615986968,1,CVE-2014-1418;PYSEC-2014-19,-2924.360615986968,0
django/django,django,GHSA-q95w-c7qg-hrff,high,CVSS:3.1/AV:N/AC:H/PR:L/UI:N/S:U/C:N/I:L/A:N,2025-10-01T21:31:22Z,4.2.25,2025-10-01 15:05:46.545878+00:00,-0.2677714597453703,1,BIT-django-2025-59682;CVE-2025-59682,-0.2677714597453703,0
django/django,django,GHSA-qc99-g3wm-hgxr,unknown,,2022-05-01T17:44:04Z,1.0,,,0,CVE-2007-0404,1387.9070314887615,1
django/django,django,GHSA-qcgg-j2x8-h9g8,critical,CVSS:3.1/AV:N/AC:L/PR:N/UI:N/S:C/C:N/I:N/A:L,2025-01-14T21:31:47Z,5.1.5,2025-01-14 14:28:11.451536+00:00,-0.2941614405555555,1,BIT-django-2024-56374;CVE-2024-56374;PYSEC-2025-1,-0.2941614405555555,0
django/django,django,GHSA-qg2p-9jwr-mmqf,critical,CVSS:3.1/AV:N/AC:L/PR:N/UI:N/S:U/C:N/I:N/A:H,2024-07-10T06:33:52Z,4.2.14,2024-07-09 14:03:07.782451+00:00,-0.6880117771875001,1,BIT-django-2024-38875;CVE-2024-38875;PYSEC-2024-56,-0.6880117771875001,0
django/django,django,GHSA-qm57-vhq3-3fwf,high,CVSS:3.1/AV:N/AC:L/PR:N/UI:R/S:C/C:L/I:L/A:N,2021-06-09T17:14:51Z,2.2.22,2021-05-06 07:40:38.479356+00:00,-34.39875602597222,1,BIT-django-2021-32052;CVE-2021-32052;PYSEC-2021-8,-34.39875602597222,0
django/django,django,GHSA-qmf9-6jqf-j8fq,critical,CVSS:3.1/AV:N/AC:L/PR:N/UI:N/S:U/C:N/I:N/A:H,2023-11-02T06:30:25Z,3.2.23,2023-11-01 06:59:05.105405+00:00,-0.9800913726273148,1,BIT-django-2023-46695;CVE-2023-46695;PYSEC-2023-222,-0.9800913726273148,0
django/django,django,GHSA-qrh7-x6fp-c2mp,unknown,,2022-05-17T05:09:40Z,1.3.6,2013-02-19 20:32:04.436478+00:00,-3373.3594393926155,1,CVE-2013-1664,-3373.3594393926155,1
django/django,django,GHSA-qrw5-5h28-6cmg,critical,CVSS:3.1/AV:N/AC:L/PR:N/UI:N/S:U/C:N/I:N/A:H,2022-10-16T12:00:23Z,3.2.16,2022-10-04 07:54:16.950129+00:00,-12.170903354988424,1,BIT-django-2022-41323;CVE-2022-41323;PYSEC-2022-304,-12.170903354988424,0
django/django,django,GHSA-qw25-v68c-qjf3,critical,CVSS:3.1/AV:N/AC:L/PR:N/UI:N/S:U/C:N/I:N/A:H,2025-11-05T15:31:07Z,5.2.8,2025-11-05 14:07:28.761361+00:00,-0.0580814657291666,1,BIT-django-2025-64458;CVE-2025-64458,-0.0580814657291666,0
django/django,django,GHSA-r28v-mw67-m5p9,high,CVSS:3.0/AV:N/AC:L/PR:N/UI:N/S:U/C:N/I:N/A:L,2019-01-04T17:50:07Z,2.0.3,2018-03-06 14:05:32.353199+00:00,-304.1559565601967,1,CVE-2018-7536;PYSEC-2018-5,-304.1559565601967,0
django/django,django,GHSA-r3xc-prgr-mg9p,critical,CVSS:3.1/AV:N/AC:L/PR:N/UI:N/S:U/C:H/I:H/A:H,2023-05-07T03:30:17Z,3.2.19,2023-05-03 12:58:19.066030+00:00,-3.605531643171296,1,BIT-django-2023-31047;CVE-2023-31047;PYSEC-2023-61,-3.605531643171296,0
django/django,django,GHSA-r5cj-wv24-92p5,critical,CVSS:3.1/AV:N/AC:L/PR:N/UI:N/S:U/C:N/I:H/A:N,2022-05-02T00:05:00Z,0.91.3,,,0,CVE-2008-3909;PYSEC-2008-2,1387.6424944517244,0
django/django,django,GHSA-r7w6-p47g-vj53,high,CVSS:3.1/AV:N/AC:L/PR:L/UI:N/S:U/C:L/I:N/A:N,2022-05-05T02:48:46Z,1.3.6,2013-02-19 20:32:04.436478+00:00,-3361.261592170393,1,CVE-2013-0305;PYSEC-2013-16,-3361.261592170393,0
django/django,django,GHSA-r836-hh6v-rg5g,high,CVSS:3.1/AV:N/AC:L/PR:N/UI:N/S:U/C:N/I:N/A:L,2024-08-07T15:30:42Z,5.0.8,2024-08-06 13:28:41.102153+00:00,-1.0847326139699074,1,BIT-django-2024-41991;CVE-2024-41991;PYSEC-2024-69,-1.0847326139699074,0
django/django,django,GHSA-rf4j-j272-fj86,critical,CVSS:3.0/AV:N/AC:L/PR:N/UI:N/S:U/C:H/I:N/A:N,2018-10-03T21:13:54Z,2.0.2,2018-02-01 14:30:13.345780+00:00,-244.2803316460648,1,CVE-2018-6188;PYSEC-2018-4,-244.2803316460648,0
django/django,django,GHSA-rm2j-x595-q9cj,critical,CVSS:3.1/AV:N/AC:L/PR:N/UI:N/S:U/C:N/I:H/A:N,2022-05-14T03:49:36Z,1.2.7,2011-09-11 03:05:18.996286+00:00,-3898.0307523578,1,CVE-2011-4139;PYSEC-2011-4,-3898.0307523578,0
django/django,django,GHSA-rqw2-ghq9-44m7,high,CVSS:3.1/AV:N/AC:L/PR:N/UI:R/S:U/C:L/I:N/A:N,2025-12-02T18:30:35Z,5.2.9,2025-12-02 14:01:03.485587+00:00,-0.1871703057060185,1,BIT-django-2025-13372;CVE-2025-13372,-0.1871703057060185,0
django/django,django,GHSA-rrqc-c2jx-6jgv,high,CVSS:3.1/AV:N/AC:H/PR:N/UI:N/S:U/C:L/I:N/A:N,2024-10-08T18:33:13Z,5.1.1,2024-09-03 14:01:12.448544+00:00,-35.188895271481485,1,BIT-django-2024-45231;CVE-2024-45231,-35.188895271481485,0
django/django,django,GHSA-rvq6-mrpv-m6rm,critical,CVSS:3.1/AV:N/AC:L/PR:N/UI:N/S:U/C:H/I:H/A:H,2022-05-17T03:07:04Z,1.4.11,2014-04-21 22:40:17.318319+00:00,-2947.185262519456,1,CVE-2014-0472;PYSEC-2014-1,-2947.185262519456,0
django/django,django,GHSA-rw75-m7gp-92m3,high,CVSS:3.1/AV:N/AC:L/PR:N/UI:N/S:U/C:L/I:N/A:N,2022-05-14T02:09:22Z,1.4.14,2014-08-20 20:01:35.076618+00:00,-2823.2554042058105,1,CVE-2014-0483;PYSEC-2014-7,-2823.2554042058105,0
django/django,django,GHSA-rxjp-mfm9-w4wr,critical,CVSS:3.1/AV:N/AC:L/PR:N/UI:N/S:U/C:H/I:N/A:N,2021-06-04T21:15:56Z,2.2.21,2021-05-04 08:47:20.595323+00:00,-31.51985422079861,1,BIT-django-2021-31542;CVE-2021-31542;PYSEC-2021-7,-31.51985422079861,0
django/django,django,GHSA-v6rh-hp5x-86rv,high,CVSS:3.1/AV:N/AC:L/PR:N/UI:N/S:U/C:L/I:L/A:L,2021-12-09T19:09:37Z,2.2.25,2021-12-07 07:34:42.416731+00:00,-2.4825761952430554,1,BIT-django-2021-44420;CVE-2021-44420;PYSEC-2021-439,-2.4825761952430554,0
django/django,django,GHSA-v9qg-3j8p-r63v,critical,CVSS:3.0/AV:N/AC:L/PR:N/UI:N/S:U/C:N/I:N/A:H,2019-08-06T01:43:31Z,1.11.23,2019-08-01 09:04:24.934545+00:00,-4.693820202025463,1,CVE-2019-14235;PYSEC-2019-14,-4.693820202025463,0
django/django,django,GHSA-vfq6-hq5r-27r6,critical,CVSS:3.1/AV:N/AC:L/PR:N/UI:N/S:U/C:H/I:H/A:H,2020-01-16T22:35:12Z,1.11.27,2019-12-18 08:59:02.278881+00:00,-29.566779179618056,1,CVE-2019-19844;PYSEC-2019-16,-29.566779179618056,0
django/django,django,GHSA-vjjp-9r83-22rc,critical,CVSS:3.1/AV:N/AC:L/PR:N/UI:N/S:C/C:H/I:N/A:N,2022-05-17T04:56:46Z,1.4.7,2013-09-11 01:18:42.411587+00:00,-3170.1514304214465,1,CVE-2013-4315;PYSEC-2013-20,-3170.1514304214465,0
django/django,django,GHSA-vm8q-m57g-pff3,high,CVSS:3.1/AV:N/AC:H/PR:N/UI:R/S:U/C:N/I:N/A:H,2024-03-15T21:30:43Z,3.2.25,2024-03-04 08:56:47.529440+00:00,-11.523558687037038,1,BIT-django-2024-27351;CVE-2024-27351;PYSEC-2024-47,-11.523558687037038,0
django/django,django,GHSA-vq3h-3q7v-9prw,critical,CVSS:3.1/AV:N/AC:L/PR:N/UI:N/S:U/C:N/I:H/A:N,2022-05-14T02:09:43Z,1.4.13,2014-05-14 18:27:42.778726+00:00,-2921.320835894375,1,CVE-2014-3730;PYSEC-2014-20,-2921.320835894375,0
django/django,django,GHSA-vrcr-9hj9-jcg6,high,CVSS:4.0/AV:N/AC:L/AT:P/PR:N/UI:N/VC:N/VI:N/VA:L/SC:N/SI:N/SA:N,2025-12-02T18:30:35Z,5.2.9,2025-12-02 14:01:03.485587+00:00,-0.1871703057060185,1,BIT-django-2025-64460;CVE-2025-64460,-0.1871703057060185,0
django/django,django,GHSA-w24h-v9qh-8gxj,critical,CVSS:3.1/AV:N/AC:L/PR:N/UI:N/S:U/C:H/I:H/A:H,2022-04-13T00:00:33Z,2.2.28,2022-04-11 07:52:52.782601+00:00,-1.6719932569328702,1,BIT-django-2022-28347;CVE-2022-28347;PYSEC-2022-191,-1.6719932569328702,0
django/django,django,GHSA-wh4h-v3f2-r2pp,critical,CVSS:3.0/AV:N/AC:L/PR:N/UI:N/S:U/C:N/I:N/A:H,2019-02-12T15:36:37Z,1.11.19,,,0,CVE-2019-6975;PYSEC-2019-18,2561.995538433206,0
django/django,django,GHSA-wpjr-j57x-wxfw,high,CVSS:3.1/AV:N/AC:H/PR:N/UI:N/S:U/C:H/I:N/A:N,2020-06-05T16:20:44Z,2.2.13,2020-06-03 09:36:32.337142+00:00,-2.280690542337963,1,BIT-django-2020-13254;CVE-2020-13254;PYSEC-2020-31,-2.280690542337963,0
django/django,django,GHSA-wqfg-m96j-85vm,critical,CVSS:3.1/AV:N/AC:L/PR:N/UI:N/S:C/C:N/I:N/A:L,2025-04-02T15:31:37Z,5.0.14,2025-04-02 11:24:36.888387+00:00,-0.1715290695949074,1,BIT-django-2025-27556;CVE-2025-27556;PYSEC-2025-14,-0.1715290695949074,0
django/django,django,GHSA-wqjj-hx84-v449,critical,CVSS:3.1/AV:N/AC:L/PR:N/UI:N/S:U/C:H/I:H/A:H,2022-05-17T03:07:04Z,1.4.11,2014-04-21 22:40:17.318319+00:00,-2947.185262519456,1,CVE-2014-0474;PYSEC-2014-3,-2947.185262519456,0
django/django,django,GHSA-wxg3-mfph-qg9w,critical,CVSS:3.1/AV:N/AC:L/PR:N/UI:N/S:U/C:N/I:H/A:N,2022-05-14T03:49:36Z,1.2.7,2011-09-11 03:05:18.996286+00:00,-3898.0307523578,1,CVE-2011-4138;PYSEC-2011-3,-3898.0307523578,0
django/django,django,GHSA-x38m-486c-2wr9,critical,CVSS:3.1/AV:N/AC:L/PR:N/UI:N/S:U/C:N/I:N/A:H,2022-05-17T03:16:12Z,1.7.10,2015-08-18 17:15:28.710738+00:00,-2463.417167699792,1,CVE-2015-5964;PYSEC-2015-23,-2463.417167699792,0
django/django,django,GHSA-x64m-686f-fmm3,unknown,,2022-05-17T05:09:39Z,1.3.6,2013-02-19 20:32:04.436478+00:00,-3373.359427818541,1,CVE-2013-1665,-3373.359427818541,1
django/django,django,GHSA-x7q2-wr7g-xqmf,high,CVSS:3.1/AV:N/AC:L/PR:N/UI:N/S:U/C:L/I:N/A:N,2024-07-10T06:33:52Z,5.0.7,2024-07-09 14:07:00.731173+00:00,-0.6853156114236111,1,BIT-django-2024-39329;CVE-2024-39329;PYSEC-2024-57,-0.6853156114236111,0
django/django,django,GHSA-x88j-93vc-wpmp,medium,CVSS:3.1/AV:L/AC:L/PR:N/UI:N/S:U/C:N/I:L/A:N,2018-07-23T19:52:39Z,1.2.7,2011-09-11 03:05:18.996286+00:00,-2507.699537080023,1,CVE-2011-4136;PYSEC-2011-1,-2507.699537080023,0
django/django,django,GHSA-xgxc-v2qg-chmh,high,CVSS:3.1/AV:N/AC:L/PR:N/UI:N/S:U/C:L/I:N/A:N,2021-04-08T18:11:48Z,2.2.20,2021-04-06 07:34:52.201974+00:00,-2.442312477152778,1,BIT-django-2021-28658;CVE-2021-28658;PYSEC-2021-6,-2.442312477152778,0
django/django,django,GHSA-xpfp-f569-q3p2,critical,CVSS:3.1/AV:N/AC:L/PR:N/UI:N/S:U/C:H/I:H/A:H,2021-09-22T17:34:49Z,3.2.5,2021-07-01 07:40:00.999209+00:00,-83.41305556471065,1,BIT-django-2021-35042;CVE-2021-35042;PYSEC-2021-109,-83.41305556471065,0
django/django,django,GHSA-xxj9-f6rv-m3x4,critical,CVSS:3.1/AV:N/AC:H/PR:N/UI:N/S:U/C:N/I:N/A:H,2024-02-07T00:30:25Z,3.2.24,2024-02-06 14:54:24.766883+00:00,-0.400002698113426,1,BIT-django-2024-24680;CVE-2024-24680;PYSEC-2024-28,-0.400002698113426,0
django/django,django,PYSEC-2007-1,unknown,,2007-10-30T19:46:00Z,1.1,,,0,CVE-2007-5712;GHSA-9v8h-57gv-qch6,6684.8223555628365,1
django/django,django,PYSEC-2008-1,unknown,,2008-05-23T15:32:00Z,1.1,,,0,CVE-2008-2302;GHSA-54qj-48vx-cr9f,6478.9987444517255,1
django/django,django,PYSEC-2008-2,unknown,,2008-09-04T17:41:00Z,1.1,,,0,CVE-2008-3909;GHSA-r5cj-wv24-92p5,6374.909161118392,1
django/django,django,PYSEC-2009-3,unknown,,2009-08-04T16:30:00Z,1.1,,,0,CVE-2009-2659;GHSA-9xg7-gg9m-rmq9,6040.9584666739465,1
django/django,django,PYSEC-2009-4,unknown,,2009-10-13T10:30:00Z,1.0.4,,,0,CVE-2009-3695;GHSA-p6m5-h7pp-v2x5,5971.2084666739465,1
django/django,django,PYSEC-2010-12,unknown,,2010-09-14T19:00:00Z,1.2.2,2010-09-09 02:41:25.682749+00:00,-5.679563857071759,1,CVE-2010-3082;GHSA-fxpg-gg9g-76gj,-5.679563857071759,1
django/django,django,PYSEC-2011-1,unknown,,2011-10-19T10:55:00Z,1.2.7,2011-09-11 03:05:18.996286+00:00,-38.32616902446759,1,CVE-2011-4136;GHSA-x88j-93vc-wpmp,-38.32616902446759,1
django/django,django,PYSEC-2011-10,unknown,,2011-02-14T21:00:00Z,1.1.4,2011-02-09 04:13:07.000075+00:00,-5.699224536168981,1,CVE-2011-0696;GHSA-5j2h-h5hg-3wf8,-5.699224536168981,1
django/django,django,PYSEC-2011-11,unknown,,2011-02-14T21:00:00Z,1.1.4,2011-02-09 04:13:07.000075+00:00,-5.699224536168981,1,CVE-2011-0697;GHSA-8m3r-rv5g-fcpq,-5.699224536168981,1
django/django,django,PYSEC-2011-12,unknown,,2011-02-14T21:00:00Z,1.1.4,2011-02-09 04:13:07.000075+00:00,-5.699224536168981,1,CVE-2011-0698;GHSA-7g9h-c88w-r7h2,-5.699224536168981,1
django/django,django,PYSEC-2011-2,unknown,,2011-10-19T10:55:00Z,1.2.7,2011-09-11 03:05:18.996286+00:00,-38.32616902446759,1,CVE-2011-4137;GHSA-3jqw-crqj-w8qw,-38.32616902446759,1
django/django,django,PYSEC-2011-3,unknown,,2011-10-19T10:55:00Z,1.2.7,2011-09-11 03:05:18.996286+00:00,-38.32616902446759,1,CVE-2011-4138;GHSA-wxg3-mfph-qg9w,-38.32616902446759,1
django/django,django,PYSEC-2011-4,unknown,,2011-10-19T10:55:00Z,1.2.7,2011-09-11 03:05:18.996286+00:00,-38.32616902446759,1,CVE-2011-4139;GHSA-rm2j-x595-q9cj,-38.32616902446759,1
django/django,django,PYSEC-2011-5,unknown,,2011-10-19T10:55:00Z,1.2.7,2011-09-11 03:05:18.996286+00:00,-38.32616902446759,1,CVE-2011-4140;GHSA-h95j-h2rv-qrg4,-38.32616902446759,1
django/django,django,PYSEC-2011-8,unknown,,2011-01-10T20:00:00Z,1.1.3,2010-12-23 05:14:23.509436+00:00,-18.61500567782408,1,CVE-2010-4534;GHSA-fwr5-q9rx-294f,-18.61500567782408,1
django/django,django,PYSEC-2011-9,unknown,,2011-01-10T20:00:00Z,1.1.3,2010-12-23 05:14:23.509436+00:00,-18.61500567782408,1,CVE-2010-4535;GHSA-7wph-fc4w-wqp2,-18.61500567782408,1
django/django,django,PYSEC-2012-2,unknown,,2012-07-31T17:55:00Z,1.3.2,2012-07-30 23:02:55.545349+00:00,-0.7861626695717592,1,CVE-2012-3442;GHSA-78vx-ggch-wghm,-0.7861626695717592,1
django/django,django,PYSEC-2012-3,unknown,,2012-07-31T17:55:00Z,1.3.2,2012-07-30 23:02:55.545349+00:00,-0.7861626695717592,1,CVE-2012-3443;GHSA-59w8-4wm2-4xw8,-0.7861626695717592,1
django/django,django,PYSEC-2012-4,unknown,,2012-07-31T17:55:00Z,1.3.2,2012-07-30 23:02:55.545349+00:00,-0.7861626695717592,1,CVE-2012-3444;GHSA-5h2q-4hrp-v9rr,-0.7861626695717592,1
django/django,django,PYSEC-2012-7,unknown,,2012-11-18T23:55:00Z,9305c0e12d43c4df999c3301a1f0c742264a657e,,,0,CVE-2012-4520;GHSA-2655-q453-22f9,4838.649438896169,1
django/django,django,PYSEC-2013-16,unknown,,2013-05-02T14:55:00Z,1.3.6,2013-02-19 20:32:04.436478+00:00,-71.76592087409722,1,CVE-2013-0305;GHSA-r7w6-p47g-vj53,-71.76592087409722,1
django/django,django,PYSEC-2013-17,unknown,,2013-05-02T14:55:00Z,1.3.6,2013-02-19 20:32:04.436478+00:00,-71.76592087409722,1,CVE-2013-0306;GHSA-g8xg-jgj6-49r3,-71.76592087409722,1
django/django,django,PYSEC-2013-18,unknown,,2013-09-23T20:55:00Z,1.4.8,2013-09-15 06:22:11.681231+00:00,-8.606114800567129,1,CVE-2013-1443;GHSA-4c42-4rxm-x6qf,-8.606114800567129,1
django/django,django,PYSEC-2013-19,unknown,,2013-10-04T17:55:00Z,90363e388c61874add3f3557ee654a996ec75d78,,,0,CVE-2013-4249;GHSA-4894-5vqc-6r2r,4518.899438896169,1
django/django,django,PYSEC-2013-20,unknown,,2013-09-16T19:14:00Z,1.4.7,2013-09-11 01:18:42.411587+00:00,-5.746731347372685,1,CVE-2013-4315;GHSA-vjjp-9r83-22rc,-5.746731347372685,1
django/django,django,PYSEC-2013-21,unknown,,2013-10-04T17:55:00Z,ec67af0bd609c412b76eaa4cc89968a2a8e5ad6a,,,0,CVE-2013-6044;GHSA-9cwg-mhxf-hh59,4518.899438896169,1
django/django,django,PYSEC-2014-1,unknown,,2014-04-23T15:55:00Z,1.4.11,2014-04-21 22:40:17.318319+00:00,-1.7185495564930555,1,CVE-2014-0472;GHSA-rvq6-mrpv-m6rm,-1.7185495564930555,1
django/django,django,PYSEC-2014-19,unknown,,2014-05-16T15:55:00Z,1.4.13,2014-05-14 18:27:42.778726+00:00,-1.893949320300926,1,CVE-2014-1418;GHSA-q7q2-qf2q-rw3w,-1.893949320300926,1
django/django,django,PYSEC-2014-2,unknown,,2014-04-23T15:55:00Z,1.4.11,2014-04-21 22:40:17.318319+00:00,-1.7185495564930555,1,CVE-2014-0473;GHSA-89hj-xfx5-7q66,-1.7185495564930555,1
django/django,django,PYSEC-2014-20,unknown,,2014-05-16T15:55:00Z,1.4.13,2014-05-14 18:27:42.778726+00:00,-1.893949320300926,1,CVE-2014-3730;GHSA-vq3h-3q7v-9prw,-1.893949320300926,1
django/django,django,PYSEC-2014-3,unknown,,2014-04-23T15:55:00Z,1.4.11,2014-04-21 22:40:17.318319+00:00,-1.7185495564930555,1,CVE-2014-0474;GHSA-wqjj-hx84-v449,-1.7185495564930555,1
django/django,django,PYSEC-2014-4,unknown,,2014-08-26T14:55:00Z,1.4.14,2014-08-20 20:01:35.076618+00:00,-5.787094020625,1,CVE-2014-0480;GHSA-f7cm-ccfp-3q4r,-5.787094020625,1
django/django,django,PYSEC-2014-5,unknown,,2014-08-26T14:55:00Z,1.4.14,2014-08-20 20:01:35.076618+00:00,-5.787094020625,1,CVE-2014-0481;GHSA-296w-6qhq-gf92,-5.787094020625,1
django/django,django,PYSEC-2014-6,unknown,,2014-08-26T14:55:00Z,1.4.14,2014-08-20 20:01:35.076618+00:00,-5.787094020625,1,CVE-2014-0482;GHSA-625g-gx8c-xcmg,-5.787094020625,1
django/django,django,PYSEC-2014-7,unknown,,2014-08-26T14:55:00Z,2b31342cdf14fc20e07c43d258f1e7334ad664a6,,,0,CVE-2014-0483;GHSA-rw75-m7gp-92m3,4193.024438896169,1
django/django,django,PYSEC-2015-10,unknown,,2015-07-14T17:59:00Z,1.4.21,2015-07-08 19:56:26.333839+00:00,-5.918445210196759,1,CVE-2015-5144;GHSA-q5qw-4364-5hhm,-5.918445210196759,1
django/django,django,PYSEC-2015-11,unknown,,2015-12-07T20:59:00Z,316bc3fc9437c5960c24baceb93c73f1939711e4,,,0,CVE-2015-8213;GHSA-6wcr-wcqm-3mfh,3724.771661118391,1
django/django,django,PYSEC-2015-18,unknown,,2015-03-25T14:59:00Z,1.6.11,2015-03-18 23:57:46.298309+00:00,-6.625853028831019,1,CVE-2015-2316;GHSA-j3j3-jrfh-cm2w,-6.625853028831019,1
django/django,django,PYSEC-2015-19,unknown,,2015-06-02T14:59:00Z,1.8.2,2015-05-20 18:02:14.621999+00:00,-12.87274743056713,1,CVE-2015-3982;GHSA-6wgp-fwfm-mxp3,-12.87274743056713,1
django/django,django,PYSEC-2015-20,unknown,,2015-07-14T17:59:00Z,1.4.21,2015-07-08 19:56:26.333839+00:00,-5.918445210196759,1,CVE-2015-5143;GHSA-h582-2pch-3xv3,-5.918445210196759,1
django/django,django,PYSEC-2015-21,unknown,,2015-07-14T17:59:00Z,1.8.3,2015-07-08 19:43:24.197330+00:00,-5.927497716087963,1,CVE-2015-5145;GHSA-cqf7-ff9h-7967,-5.927497716087963,1
django/django,django,PYSEC-2015-22,unknown,,2015-08-24T14:59:00Z,1.8.4,2015-08-18 17:06:21.380689+00:00,-5.911558093877314,1,CVE-2015-5963;GHSA-pgxh-wfw4-jx2v,-5.911558093877314,1
django/django,django,PYSEC-2015-23,unknown,,2015-08-24T14:59:00Z,1.7.10,2015-08-18 17:15:28.710738+00:00,-5.905223255347222,1,CVE-2015-5964;GHSA-x38m-486c-2wr9,-5.905223255347222,1
django/django,django,PYSEC-2015-4,unknown,,2015-01-16T16:59:00Z,1.4.18,2015-01-13 18:54:01.979098+00:00,-2.920115982662037,1,CVE-2015-0219;GHSA-7qfw-j7hp-v45g,-2.920115982662037,1
django/django,django,PYSEC-2015-5,unknown,,2015-01-16T16:59:00Z,1.4.18,2015-01-13 18:54:01.979098+00:00,-2.920115982662037,1,CVE-2015-0220;GHSA-gv98-g628-m9x5,-2.920115982662037,1
django/django,django,PYSEC-2015-6,unknown,,2015-01-16T16:59:00Z,1.4.18,2015-01-13 18:54:01.979098+00:00,-2.920115982662037,1,CVE-2015-0221;GHSA-jhjg-w2cp-5j44,-2.920115982662037,1
django/django,django,PYSEC-2015-7,unknown,,2015-01-16T16:59:00Z,1.4.18,2015-01-13 18:54:01.979098+00:00,-2.920115982662037,1,CVE-2015-0222;GHSA-6g95-x6cj-mg4v,-2.920115982662037,1
django/django,django,PYSEC-2015-8,unknown,,2015-03-12T14:59:00Z,1.7.6,2015-03-09 15:30:40.158699+00:00,-2.9780074224652777,1,CVE-2015-2241;GHSA-6565-fg86-6jcx,-2.9780074224652777,1
django/django,django,PYSEC-2015-9,unknown,,2015-03-25T14:59:00Z,1.4.20,2015-03-19 00:03:58.032976+00:00,-6.621550544259259,1,CVE-2015-2317;GHSA-7fq8-4pv5-5w5c,-6.621550544259259,1
django/django,django,PYSEC-2016-14,unknown,,2016-02-08T19:59:00Z,1.9.2,2016-02-01 17:17:18.693011+00:00,-7.112283645706018,1,CVE-2016-2048;GHSA-46x4-9jmv-jc8p,-7.112283645706018,1
django/django,django,PYSEC-2016-15,unknown,,2016-04-08T15:59:00Z,c5544d289233f501917e25970c03ed444abbd4f0,,,0,CVE-2016-2512;GHSA-pw27-w7w4-9qc7,3601.9799944517245,1
django/django,django,PYSEC-2016-16,unknown,,2016-04-08T15:59:00Z,67b46ba7016da2d259c1ecc7d666d11f5e1cfaab,,,0,CVE-2016-2513;GHSA-fp6p-5xvw-m74f,3601.9799944517245,1
django/django,django,PYSEC-2016-17,unknown,,2016-12-09T20:59:00Z,1.8.16,2016-11-01 14:09:28.452420+00:00,-38.284392911805554,1,CVE-2016-9013;GHSA-mv8g-fhh6-6267,-38.284392911805554,1
django/django,django,PYSEC-2016-18,unknown,,2016-12-09T20:59:00Z,1.8.16,2016-11-01 14:09:28.452420+00:00,-38.284392911805554,1,CVE-2016-9014;GHSA-3f2c-jm6v-cr35,-38.284392911805554,1
django/django,django,PYSEC-2016-2,unknown,,2016-08-05T15:59:00Z,d03bf6fe4e9bf5b07de62c1a271c4b41a7d3d158,,,0,CVE-2016-6186;GHSA-c8c8-9472-w52h,3482.9799944517245,1
django/django,django,PYSEC-2016-3,unknown,,2016-10-03T18:59:00Z,1.8.15,2016-09-26 18:30:16.752726+00:00,-7.019944991597222,1,CVE-2016-7401;GHSA-crhm-qpjc-cm64,-7.019944991597222,1
django/django,django,PYSEC-2017-10,unknown,,2017-04-04T17:59:00Z,1.10.7,2017-04-04 14:27:40.297406+00:00,-0.1467558170601852,1,CVE-2017-7234;GHSA-h4hv-m4h4-mhwg,-0.1467558170601852,1
django/django,django,PYSEC-2017-44,unknown,,2017-09-07T13:29:00Z,1.10.8,2017-09-05 15:31:48.077227+00:00,-1.914721328391204,1,CVE-2017-12794;GHSA-9r8w-6x8c-6jr9,-1.914721328391204,1
django/django,django,PYSEC-2017-9,unknown,,2017-04-04T17:59:00Z,1.10.7,2017-04-04 14:27:40.297406+00:00,-0.1467558170601852,1,CVE-2017-7233;GHSA-37hp-765x-j95x,-0.1467558170601852,1
django/django,django,PYSEC-2018-2,unknown,,2018-08-03T17:29:00Z,2.0.8,2018-08-01 13:51:58.926049+00:00,-2.1507068744328706,1,CVE-2018-14574;GHSA-5hg3-6c2f-f3wr,-2.1507068744328706,1
django/django,django,PYSEC-2018-3,unknown,,2018-10-02T18:29:00Z,2.1.2,2018-10-01 09:22:12.971407+00:00,-1.379710979085648,1,CVE-2018-16984;GHSA-6mx3-3vqg-hpp2,-1.379710979085648,1
django/django,django,PYSEC-2018-4,unknown,,2018-02-05T03:29:00Z,2.0.2,2018-02-01 14:30:13.345780+00:00,-3.540817757175926,1,CVE-2018-6188;GHSA-rf4j-j272-fj86,-3.540817757175926,1
django/django,django,PYSEC-2018-5,unknown,,2018-03-09T20:29:00Z,1.8.19,2018-03-06 14:22:46.480552+00:00,-3.2543231417592597,1,CVE-2018-7536;GHSA-r28v-mw67-m5p9,-3.2543231417592597,1
django/django,django,PYSEC-2018-6,unknown,,2018-03-09T20:29:00Z,1.8.19,2018-03-06 14:22:46.480552+00:00,-3.2543231417592597,1,CVE-2018-7537;GHSA-2f9x-5v75-3qv4,-3.2543231417592597,1
django/django,django,PYSEC-2019-10,unknown,,2019-07-01T14:15:00Z,2.1.10,2019-07-01 07:19:18.135804+00:00,-0.28867898375,1,CVE-2019-12781;GHSA-6c7v-2f49-8h26,-0.28867898375,1
django/django,django,PYSEC-2019-11,unknown,,2019-08-02T15:15:00Z,1.11.23,2019-08-01 09:04:24.934545+00:00,-1.2573502946180557,1,CVE-2019-14232;GHSA-c4qh-4vgv-qc6g,-1.2573502946180557,1
django/django,django,PYSEC-2019-12,unknown,,2019-08-02T15:15:00Z,2.1.11,2019-08-01 09:04:30.982323+00:00,-1.2572802971875,1,CVE-2019-14233;GHSA-h5jv-4p7w-64jg,-1.2572802971875,1
django/django,django,PYSEC-2019-13,unknown,,2019-08-09T13:15:00Z,2.1.11,2019-08-01 09:04:30.982323+00:00,-8.173946963854167,1,CVE-2019-14234;GHSA-6r97-cj55-9hrq,-8.173946963854167,1
django/django,django,PYSEC-2019-14,unknown,,2019-08-02T15:15:00Z,2.2.4,2019-08-01 09:04:37.287191+00:00,-1.2572073241782409,1,CVE-2019-14235;GHSA-v9qg-3j8p-r63v,-1.2572073241782409,1
django/django,django,PYSEC-2019-15,unknown,,2019-12-02T14:15:00Z,2.1.15,2019-12-02 08:57:47.175049+00:00,-0.2202873258217592,1,CVE-2019-19118;GHSA-hvmf-r92r-27hr,-0.2202873258217592,1
django/django,django,PYSEC-2019-16,unknown,,2019-12-18T19:15:00Z,1.11.27,2019-12-18 08:59:02.278881+00:00,-0.4277514018402778,1,CVE-2019-19844;GHSA-vfq6-hq5r-27r6,-0.4277514018402778,1
django/django,django,PYSEC-2019-17,unknown,,2019-01-09T23:29:00Z,1.11.18,2019-01-04 14:10:44.776909+00:00,-5.387676193182871,1,CVE-2019-3498;GHSA-337x-4q8g-prc5,-5.387676193182871,1
django/django,django,PYSEC-2019-18,unknown,,2019-02-11T13:29:00Z,1.11.19,,,0,CVE-2019-6975;GHSA-wh4h-v3f2-r2pp,2563.084161118391,1
django/django,django,PYSEC-2019-79,unknown,,2019-06-03T17:29:00Z,2.1.9,2019-06-03 10:11:04.565407+00:00,-0.3041138263078703,1,CVE-2019-12308;GHSA-7rp2-fm2h-wchj,-0.3041138263078703,1
django/django,django,PYSEC-2020-31,unknown,,2020-06-03T14:15:00Z,2.2.13,2020-06-03 09:36:32.337142+00:00,-0.1933757275231481,1,BIT-django-2020-13254;CVE-2020-13254;GHSA-wpjr-j57x-wxfw,-0.1933757275231481,1
django/django,django,PYSEC-2020-32,unknown,,2020-06-03T14:15:00Z,2.2.13,2020-06-03 09:36:32.337142+00:00,-0.1933757275231481,1,BIT-django-2020-13596;CVE-2020-13596;GHSA-2m34-jcjv-45xf,-0.1933757275231481,1
django/django,django,PYSEC-2020-33,unknown,,2020-09-01T13:15:00Z,2.2.16,2020-09-01 09:14:25.126958+00:00,-0.1670702898379629,1,BIT-django-2020-24583;CVE-2020-24583;GHSA-m6gj-h9gm-gw44,-0.1670702898379629,1
django/django,django,PYSEC-2020-34,unknown,,2020-09-01T13:15:00Z,2.2.16,2020-09-01 09:14:25.126958+00:00,-0.1670702898379629,1,BIT-django-2020-24584;CVE-2020-24584;GHSA-fr28-569j-53c4,-0.1670702898379629,1
django/django,django,PYSEC-2020-35,unknown,,2020-02-03T12:15:00Z,eb31d845323618d688ad429479c6dda973056136,,,0,BIT-django-2020-7471;CVE-2020-7471;GHSA-hmr4-m2h5-33qx,2206.13555000728,1
django/django,django,PYSEC-2020-36,unknown,,2020-03-05T15:15:00Z,1.11.29,2020-03-04 09:31:46.566802+00:00,-1.238349921273148,1,BIT-django-2020-9402;CVE-2020-9402;GHSA-3gh2-xw74-jmcw,-1.238349921273148,1
django/django,django,PYSEC-2021-109,unknown,,2021-07-02T10:15:00Z,3.1.13,2021-07-01 07:39:56.137639+00:00,-1.1076835921412038,1,BIT-django-2021-35042;CVE-2021-35042;GHSA-xpfp-f569-q3p2,-1.1076835921412038,1
django/django,django,PYSEC-2021-439,unknown,,2021-12-08T00:15:00Z,2.2.25,2021-12-07 07:34:42.416731+00:00,-0.6946479545023149,1,BIT-django-2021-44420;CVE-2021-44420;GHSA-v6rh-hp5x-86rv,-0.6946479545023149,1
django/django,django,PYSEC-2021-6,unknown,,2021-04-06T15:15:00Z,2.2.20,2021-04-06 07:34:52.201974+00:00,-0.319534699375,1,BIT-django-2021-28658;CVE-2021-28658;GHSA-xgxc-v2qg-chmh,-0.319534699375,1
django/django,django,PYSEC-2021-7,unknown,,2021-05-05T15:15:00Z,2.2.21,2021-05-04 08:47:20.595323+00:00,-1.269206072650463,1,BIT-django-2021-31542;CVE-2021-31542;GHSA-rxjp-mfm9-w4wr,-1.269206072650463,1
django/django,django,PYSEC-2021-8,unknown,,2021-05-06T16:15:00Z,2.2.22,2021-05-06 07:40:38.479356+00:00,-0.3571935259722222,1,BIT-django-2021-32052;CVE-2021-32052;GHSA-qm57-vhq3-3fwf,-0.3571935259722222,1
django/django,django,PYSEC-2021-9,unknown,,2021-02-02T07:15:00Z,2.2.18,2021-02-01 09:28:14.241915+00:00,-0.9074740519097222,1,BIT-django-2021-3281;CVE-2021-3281;GHSA-fvgf-6h6h-3322,-0.9074740519097222,1
django/django,django,PYSEC-2021-98,unknown,,2021-06-08T18:15:00Z,2.2.24,2021-06-02 08:53:39.899614+00:00,-6.389815976689815,1,BIT-django-2021-33203;CVE-2021-33203;GHSA-68w8-qjq3-2gfm,-6.389815976689815,1
django/django,django,PYSEC-2021-99,unknown,,2021-06-08T18:15:00Z,2.2.24,2021-06-02 08:53:39.899614+00:00,-6.389815976689815,1,BIT-django-2021-33571;CVE-2021-33571;GHSA-p99v-5w3c-jqq9,-6.389815976689815,1
django/django,django,PYSEC-2022-1,unknown,,2022-01-05T00:15:00Z,2.2.26,2022-01-04 09:53:18.329006+00:00,-0.5983989698379629,1,BIT-django-2021-45115;CVE-2021-45115;GHSA-53qw-q765-4fww,-0.5983989698379629,1
django/django,django,PYSEC-2022-19,unknown,,2022-02-03T02:15:00Z,2.2.27,2022-02-01 07:56:15.889914+00:00,-1.7630105334027777,1,BIT-django-2022-22818;CVE-2022-22818;GHSA-95rw-fx8r-36v6,-1.7630105334027777,1
django/django,django,PYSEC-2022-190,unknown,,2022-04-12T05:15:00Z,4.0.4,2022-04-11 07:53:01.287027+00:00,-0.8902628816319444,1,BIT-django-2022-28346;CVE-2022-28346;GHSA-2gwj-7jmv-h26r,-0.8902628816319444,1
django/django,django,PYSEC-2022-191,unknown,,2022-04-12T05:15:00Z,4.0.4,2022-04-11 07:53:01.287027+00:00,-0.8902628816319444,1,BIT-django-2022-28347;CVE-2022-28347;GHSA-w24h-v9qh-8gxj,-0.8902628816319444,1
django/django,django,PYSEC-2022-2,unknown,,2022-01-05T00:15:00Z,2.2.26,2022-01-04 09:53:18.329006+00:00,-0.5983989698379629,1,BIT-django-2021-45116;CVE-2021-45116;GHSA-8c5j-9r9f-c6w8,-0.5983989698379629,1
django/django,django,PYSEC-2022-20,unknown,,2022-02-03T02:15:00Z,2.2.27,2022-02-01 07:56:15.889914+00:00,-1.7630105334027777,1,BIT-django-2022-23833;CVE-2022-23833;GHSA-6cw3-g6wv-c2xv,-1.7630105334027777,1
django/django,django,PYSEC-2022-213,unknown,,2022-07-04T16:15:00Z,3.2.14,2022-07-04 07:57:18.239960+00:00,-0.3456222226851852,1,BIT-django-2022-34265;CVE-2022-34265;GHSA-p64x-8rxx-wf6q,-0.3456222226851852,1
django/django,django,PYSEC-2022-245,unknown,,2022-08-03T14:15:00Z,3.2.15,2022-08-03 07:38:15.296674+00:00,-0.2755173996064815,1,BIT-django-2022-36359;CVE-2022-36359;GHSA-8x94-hmjh-97hq,-0.2755173996064815,1
django/django,django,PYSEC-2022-3,unknown,,2022-01-05T00:15:00Z,2.2.26,2022-01-04 09:53:18.329006+00:00,-0.5983989698379629,1,BIT-django-2021-45452;CVE-2021-45452;GHSA-jrh2-hc4r-7jwx,-0.5983989698379629,1
django/django,django,PYSEC-2022-304,unknown,,2022-10-16T06:15:00Z,5b6b257fa7ec37ff27965358800c67e2dd11c924,,,0,BIT-django-2022-41323;CVE-2022-41323;GHSA-qrw5-5h28-6cmg,1220.38555000728,1
django/django,django,PYSEC-2023-100,unknown,,2023-07-03T13:15:00Z,4.2.3,2023-07-03 07:57:20.221899+00:00,-0.2205992835763889,1,BIT-django-2023-36053;CVE-2023-36053;GHSA-jh3w-4vvf-mjgr,-0.2205992835763889,1
django/django,django,PYSEC-2023-12,unknown,,2023-02-01T19:15:00Z,3.2.17,2023-02-01 09:55:48.915222+00:00,-0.3883227404861111,1,BIT-django-2023-23969;CVE-2023-23969;GHSA-q2jf-h9jm-m7p4,-0.3883227404861111,1
django/django,django,PYSEC-2023-13,unknown,,2023-02-15T01:15:00Z,3.2.18,2023-02-14 08:25:28.389548+00:00,-0.7010603061574074,1,BIT-django-2023-24580;CVE-2023-24580;GHSA-2hrw-hx67-34x6,-0.7010603061574074,1
django/django,django,PYSEC-2023-222,unknown,,2023-11-02T06:15:00Z,3.2.23,2023-11-01 06:59:05.105405+00:00,-0.9693853541087964,1,BIT-django-2023-46695;CVE-2023-46695;GHSA-qmf9-6jqf-j8fq,-0.9693853541087964,1
django/django,django,PYSEC-2023-225,unknown,,2023-11-03T05:15:00Z,3.2.21,2023-09-04 10:58:15.304456+00:00,-59.761628420648144,1,BIT-django-2023-41164;CVE-2023-41164;GHSA-7h4p-27mh-hmrw,-59.761628420648144,1
django/django,django,PYSEC-2023-226,unknown,,2023-11-03T05:15:00Z,3.2.22,2023-10-04 14:59:53.611484+00:00,-29.593823941157407,1,BIT-django-2023-43665;CVE-2023-43665;GHSA-h8gc-pgj2-vjm3,-29.593823941157407,1
django/django,django,PYSEC-2023-61,unknown,,2023-05-07T02:15:00Z,3.2.19,2023-05-03 12:58:19.066030+00:00,-3.553251550578704,1,BIT-django-2023-31047;CVE-2023-31047;GHSA-r3xc-prgr-mg9p,-3.553251550578704,1
django/django,django,PYSEC-2024-102,unknown,,2024-10-08T16:15:00Z,5.1.1,2024-09-03 14:01:12.448544+00:00,-35.09291147518519,1,BIT-django-2024-45230;CVE-2024-45230;GHSA-5hgc-2vfp-mqvc,-35.09291147518519,1
django/django,django,PYSEC-2024-156,unknown,,2024-12-06T12:15:17Z,5.1.4,2024-12-04 15:09:01.608520+00:00,-1.8793448087962965,1,BIT-django-2024-53907;CVE-2024-53907;GHSA-8498-2h75-472j,-1.8793448087962965,1
django/django,django,PYSEC-2024-157,unknown,,2024-12-06T12:15:18Z,5.1.4,2024-12-04 15:09:01.608520+00:00,-1.8793563828703703,1,BIT-django-2024-53908;CVE-2024-53908;GHSA-m9g8-fxxm-xg86,-1.8793563828703703,1
django/django,django,PYSEC-2024-28,unknown,,2024-02-06T22:16:00Z,3.2.24,2024-02-06 14:54:24.766883+00:00,-0.3066577907060185,1,BIT-django-2024-24680;CVE-2024-24680;GHSA-xxj9-f6rv-m3x4,-0.3066577907060185,1
django/django,django,PYSEC-2024-47,unknown,,2024-03-15T20:15:00Z,3.2.25,2024-03-04 08:56:47.529440+00:00,-11.470977668518518,1,BIT-django-2024-27351;CVE-2024-27351;GHSA-vm8q-m57g-pff3,-11.470977668518518,1
django/django,django,PYSEC-2024-56,unknown,,2024-07-10T05:15:00Z,4.2.14,2024-07-09 14:03:07.782451+00:00,-0.6332432586689815,1,BIT-django-2024-38875;CVE-2024-38875;GHSA-qg2p-9jwr-mmqf,-0.6332432586689815,1
django/django,django,PYSEC-2024-57,unknown,,2024-07-10T05:15:00Z,5.0.7,2024-07-09 14:07:00.731173+00:00,-0.6305470929050926,1,BIT-django-2024-39329;CVE-2024-39329;GHSA-x7q2-wr7g-xqmf,-0.6305470929050926,1
django/django,django,PYSEC-2024-58,unknown,,2024-07-10T05:15:00Z,5.0.7,2024-07-09 14:07:00.731173+00:00,-0.6305470929050926,1,BIT-django-2024-39330;CVE-2024-39330;GHSA-9jmf-237g-qf46,-0.6305470929050926,1
django/django,django,PYSEC-2024-59,unknown,,2024-07-10T05:15:00Z,5.0.7,2024-07-09 14:07:00.731173+00:00,-0.6305470929050926,1,BIT-django-2024-39614;CVE-2024-39614;GHSA-f6f8-9mx6-9mx2,-0.6305470929050926,1
django/django,django,PYSEC-2024-67,unknown,,2024-08-07T15:15:00Z,5.0.8,2024-08-06 13:28:41.102153+00:00,-1.0738298361921297,1,BIT-django-2024-41989;CVE-2024-41989;GHSA-jh75-99hh-qvx9,-1.0738298361921297,1
django/django,django,PYSEC-2024-68,unknown,,2024-08-07T15:15:00Z,5.0.8,2024-08-06 13:28:41.102153+00:00,-1.0738298361921297,1,BIT-django-2024-41990;CVE-2024-41990;GHSA-795c-9xpc-xw6g,-1.0738298361921297,1
django/django,django,PYSEC-2024-69,unknown,,2024-08-07T15:15:00Z,5.0.8,2024-08-06 13:28:41.102153+00:00,-1.0738298361921297,1,BIT-django-2024-41991;CVE-2024-41991;GHSA-r836-hh6v-rg5g,-1.0738298361921297,1
django/django,django,PYSEC-2024-70,unknown,,2024-08-07T15:15:00Z,5.0.8,2024-08-06 13:28:41.102153+00:00,-1.0738298361921297,1,BIT-django-2024-42005;CVE-2024-42005;GHSA-pv4p-cwwg-4rph,-1.0738298361921297,1
django/django,django,PYSEC-2025-1,unknown,,2025-01-14T19:15:32Z,5.1.5,2025-01-14 14:28:11.451536+00:00,-0.199543385,1,BIT-django-2024-56374;CVE-2024-56374;GHSA-qcgg-j2x8-h9g8,-0.199543385,1
django/django,django,PYSEC-2025-13,unknown,,2025-03-06T19:15:27Z,5.1.7,2025-03-06 12:52:12.784291+00:00,-0.2661367558912037,1,BIT-django-2025-26699;CVE-2025-26699;GHSA-p3fp-8748-vqfq,-0.2661367558912037,1
django/django,django,PYSEC-2025-14,unknown,,2025-04-02T13:15:44Z,5.1.8,2025-04-02 11:19:51.591474+00:00,-0.0804676912731481,1,BIT-django-2025-27556;CVE-2025-27556;GHSA-wqfg-m96j-85vm,-0.0804676912731481,1
django/django,django,PYSEC-2025-37,unknown,,2025-05-08T04:17:18Z,4.2.21,2025-05-07 14:07:01.318915+00:00,-0.5904708458912037,1,BIT-django-2025-32873;CVE-2025-32873;GHSA-8j24-cjrq-gr2m,-0.5904708458912037,1
django/django,django,PYSEC-2025-47,unknown,,2025-06-05T03:15:25Z,5.2.2,2025-06-04 13:52:33.140603+00:00,-0.5575446689467592,1,BIT-django-2025-48432;CVE-2025-48432;GHSA-7xr5-9hcq-chf9,-0.5575446689467592,1
fastapi/fastapi,fastapi,GHSA-8h2j-cgx8-6xv7,critical,CVSS:3.1/AV:N/AC:L/PR:N/UI:N/S:U/C:L/I:H/A:N,2021-06-10T15:43:54Z,0.65.2,2021-06-09 08:21:13.618953+00:00,-1.3074118176736111,1,CVE-2021-32677;PYSEC-2021-100,-1.3074118176736111,0
fastapi/fastapi,fastapi,PYSEC-2021-100,unknown,,2021-06-09T18:15:00Z,fa7e3c996edf2d5482fff8f9d890ac2390dede4d,,,0,CVE-2021-32677;GHSA-8h2j-cgx8-6xv7,1713.88555000728,1
fastapi/fastapi,fastapi,PYSEC-2024-38,critical,CVSS:3.1/AV:N/AC:L/PR:N/UI:N/S:U/C:N/I:N/A:H,2024-02-05T15:15:00Z,9d34ad0ee8a0dfbbcce06f76c2d5d851085024fc,,,0,CVE-2024-24762;GHSA-2jv5-9r88-3w3p;GHSA-qf9m-vfgh-m389,743.0105500072801,0
encode/httpx,httpx,GHSA-h8pj-cxx2-jfg2,critical,CVSS:3.1/AV:N/AC:L/PR:N/UI:N/S:U/C:H/I:H/A:N,2022-04-29T00:00:25Z,0.23.0,2022-05-23 15:32:35.342722+00:00,24.64734192965278,1,CVE-2021-41945;PYSEC-2022-183,24.64734192965278,0
encode/httpx,httpx,PYSEC-2022-183,unknown,,2022-04-28T14:15:00Z,0.20.0,2021-10-13 09:45:23.077319+00:00,-197.18723290140048,1,CVE-2021-41945;GHSA-h8pj-cxx2-jfg2,-197.18723290140048,1
aio-libs/aiohttp,aiohttp,GHSA-27mf-ghqm-j3j8,critical,CVSS:3.1/AV:N/AC:L/PR:N/UI:N/S:U/C:N/I:N/A:H,2024-11-18T21:02:17Z,3.10.11,2024-11-13 16:36:38.461580+00:00,-5.184473824305556,1,CVE-2024-52303,-5.184473824305556,0
aio-libs/aiohttp,aiohttp,GHSA-45c4-8wx5-qw6w,high,CVSS:3.1/AV:N/AC:L/PR:N/UI:N/S:U/C:N/I:L/A:N,2023-07-20T14:52:00Z,3.8.5,2023-07-19 17:04:14.167167+00:00,-0.9081693614930556,1,CVE-2023-37276;PYSEC-2023-120,-0.9081693614930556,0
aio-libs/aiohttp,aiohttp,GHSA-54jq-c3m8-4m76,high,CVSS:4.0/AV:N/AC:L/AT:N/PR:N/UI:N/VC:L/VI:N/VA:N/SC:N/SI:N/SA:N/E:U,2026-01-05T23:09:51Z,3.13.3,2026-01-03 17:29:13.002733+00:00,-2.2365508942939814,1,CVE-2025-69226,-2.2365508942939814,0
aio-libs/aiohttp,aiohttp,GHSA-5h86-8mv2-jq9f,high,CVSS:3.1/AV:N/AC:H/PR:N/UI:N/S:U/C:H/I:N/A:N,2024-01-29T22:31:03Z,3.9.2,2024-01-28 21:46:45.250292+00:00,-1.0307609919907408,1,CVE-2024-23334;PYSEC-2024-24,-1.0307609919907408,0
aio-libs/aiohttp,aiohttp,GHSA-5m98-qgg9-wh84,critical,CVSS:3.1/AV:N/AC:L/PR:N/UI:N/S:U/C:N/I:N/A:H,2024-05-03T17:29:54Z,3.9.4,2024-04-11 19:13:03.449670+00:00,-21.928362851041665,1,CVE-2024-30251,-21.928362851041665,0
aio-libs/aiohttp,aiohttp,GHSA-69f9-5gxw-wvc2,high,CVSS:4.0/AV:N/AC:L/AT:N/PR:N/UI:N/VC:N/VI:L/VA:N/SC:N/SI:N/SA:N/E:U,2026-01-05T22:58:57Z,3.13.3,2026-01-03 17:29:13.002733+00:00,-2.228981449849537,1,CVE-2025-69224,-2.228981449849537,0
aio-libs/aiohttp,aiohttp,GHSA-6jhg-hg63-jvvf,critical,CVSS:4.0/AV:N/AC:L/AT:N/PR:N/UI:N/VC:N/VI:N/VA:H/SC:N/SI:N/SA:N/E:U,2026-01-05T23:13:14Z,3.13.3,2026-01-03 17:29:13.002733+00:00,-2.2389004313310186,1,CVE-2025-69228,-2.2389004313310186,0
aio-libs/aiohttp,aiohttp,GHSA-6mq8-rvhq-8wgg,critical,CVSS:3.1/AV:N/AC:L/PR:N/UI:N/S:U/C:N/I:N/A:H,2026-01-05T22:58:41Z,3.13.3,2026-01-03 17:29:13.002733+00:00,-2.228796264664352,1,CVE-2025-69223,-2.228796264664352,0
aio-libs/aiohttp,aiohttp,GHSA-7gpw-8wmc-pm8g,high,CVSS:3.1/AV:N/AC:L/PR:N/UI:R/S:C/C:L/I:L/A:N,2024-04-18T13:45:21Z,3.9.4,2024-04-11 19:13:03.449670+00:00,-6.772425351041667,1,CVE-2024-27306,-6.772425351041667,0
aio-libs/aiohttp,aiohttp,GHSA-8495-4g3g-x7pr,high,CVSS:4.0/AV:N/AC:L/AT:P/PR:N/UI:N/VC:N/VI:L/VA:N/SC:N/SI:N/SA:N/E:X/CR:X/IR:X/AR:X/MAV:X/MAC:X/MAT:X/MPR:X/MUI:X/MVC:X/MVI:X/MVA:X/MSC:X/MSI:X/MSA:X/S:X/AU:X/R:X/V:X/RE:X/U:X,2024-11-18T21:02:32Z,3.10.11,2024-11-13 16:36:38.461580+00:00,-5.184647435416666,1,CVE-2024-52304,-5.184647435416666,0
aio-libs/aiohttp,aiohttp,GHSA-8qpw-xqxj-h4r2,high,CVSS:3.1/AV:N/AC:L/PR:N/UI:N/S:U/C:N/I:L/A:L,2024-01-29T22:30:07Z,3.9.2,2024-01-28 21:46:45.250292+00:00,-1.0301128438425926,1,CVE-2024-23829;PYSEC-2024-26,-1.0301128438425926,0
aio-libs/aiohttp,aiohttp,GHSA-9548-qrrj-x5pj,high,CVSS:4.0/AV:N/AC:L/AT:P/PR:N/UI:N/VC:N/VI:L/VA:N/SC:N/SI:N/SA:N/E:U,2025-07-14T19:33:31Z,3.12.14,2025-07-10 13:02:38.980272+00:00,-4.271435413518518,1,CVE-2025-53643,-4.271435413518518,0
aio-libs/aiohttp,aiohttp,GHSA-fh55-r93g-j68g,high,CVSS:4.0/AV:N/AC:L/AT:N/PR:N/UI:N/VC:N/VI:L/VA:L/SC:N/SI:N/SA:N/E:U,2026-01-05T23:13:46Z,3.13.3,2026-01-03 17:29:13.002733+00:00,-2.2392708017013887,1,CVE-2025-69230,-2.2392708017013887,0
aio-libs/aiohttp,aiohttp,GHSA-g84x-mcqj-x9qq,critical,CVSS:4.0/AV:N/AC:L/AT:N/PR:N/UI:N/VC:N/VI:N/VA:H/SC:N/SI:N/SA:N/E:U,2026-01-05T23:13:29Z,3.13.3,2026-01-03 17:29:13.002733+00:00,-2.23907404244213,1,CVE-2025-69229,-2.23907404244213,0
aio-libs/aiohttp,aiohttp,GHSA-gfw2-4jvh-wgfg,high,CVSS:3.1/AV:N/AC:L/PR:N/UI:N/S:U/C:N/I:L/A:N,2023-11-14T22:20:59Z,3.8.6,2023-10-07 14:27:15.181580+00:00,-38.32897937986111,1,CVE-2023-47627;PYSEC-2023-246,-38.32897937986111,0
aio-libs/aiohttp,aiohttp,GHSA-jj3x-wxrx-4x23,critical,CVSS:4.0/AV:N/AC:L/AT:N/PR:N/UI:N/VC:N/VI:N/VA:H/SC:N/SI:N/SA:N/E:U,2026-01-05T23:10:15Z,3.13.3,2026-01-03 17:29:13.002733+00:00,-2.236828672071759,1,CVE-2025-69227,-2.236828672071759,0
aio-libs/aiohttp,aiohttp,GHSA-jwhx-xcg6-8xhj,high,CVSS:3.1/AV:N/AC:H/PR:N/UI:N/S:U/C:L/I:L/A:N,2024-08-09T16:49:58Z,3.10.2,2024-08-08 18:28:12.532370+00:00,-0.9317762457175924,1,CVE-2024-42367,-0.9317762457175924,0
aio-libs/aiohttp,aiohttp,GHSA-mqqc-3gqh-h2x8,high,CVSS:4.0/AV:N/AC:L/AT:N/PR:N/UI:N/VC:N/VI:L/VA:N/SC:N/SI:N/SA:N/E:U,2026-01-05T23:09:30Z,3.13.3,2026-01-03 17:29:13.002733+00:00,-2.236307838738426,1,CVE-2025-69225,-2.236307838738426,0
aio-libs/aiohttp,aiohttp,GHSA-pjjw-qhg8-p2p9,unknown,,2023-11-27T23:15:38Z,3.8.6,2023-10-07 14:27:15.181580+00:00,-51.36693076875,1,,-51.36693076875,1
aio-libs/aiohttp,aiohttp,GHSA-q3qx-c6g2-7pw2,critical,CVSS:3.1/AV:N/AC:L/PR:N/UI:N/S:C/C:L/I:L/A:N,2023-11-27T23:17:42Z,3.9.0,2023-11-18 02:48:43.116026+00:00,-9.85345930525463,1,CVE-2023-49081;PYSEC-2023-250,-9.85345930525463,0
aio-libs/aiohttp,aiohttp,GHSA-qvrw-v9rv-5rjx,high,CVSS:3.1/AV:N/AC:L/PR:N/UI:N/S:U/C:N/I:L/A:N,2023-11-27T23:17:24Z,3.9.0,2023-11-18 02:48:43.116026+00:00,-9.853250971921296,1,CVE-2023-49082;PYSEC-2023-251,-9.853250971921296,0
aio-libs/aiohttp,aiohttp,GHSA-v6wp-4m6f-gcjg,high,CVSS:3.1/AV:N/AC:H/PR:N/UI:R/S:U/C:N/I:L/A:N,2021-02-26T02:11:57Z,3.7.4,2021-02-25 17:50:09.034199+00:00,-0.3484718264004629,1,CVE-2021-21330;PYSEC-2021-76,-0.3484718264004629,0
aio-libs/aiohttp,aiohttp,GHSA-xx9p-xxvh-7g8j,high,CVSS:3.1/AV:N/AC:H/PR:N/UI:R/S:C/C:L/I:N/A:N,2023-11-14T20:36:25Z,3.8.0,2021-10-31 21:41:45.966804+00:00,-743.9546184397685,1,CVE-2023-47641;PYSEC-2023-247,-743.9546184397685,0
aio-libs/aiohttp,aiohttp,PYSEC-2021-76,unknown,,2021-02-26T03:15:00Z,2545222a3853e31ace15d87ae0e2effb7da0c96b,,,0,CVE-2021-21330;GHSA-v6wp-4m6f-gcjg,1817.51055000728,1
aio-libs/aiohttp,aiohttp,PYSEC-2023-120,unknown,,2023-07-20T14:52:00Z,3.8.5,2023-07-19 17:04:14.167167+00:00,-0.9081693614930556,1,CVE-2023-37276;GHSA-45c4-8wx5-qw6w,-0.9081693614930556,1
aio-libs/aiohttp,aiohttp,PYSEC-2023-246,critical,CVSS:3.1/AV:N/AC:L/PR:N/UI:N/S:U/C:N/I:H/A:N,2023-11-14T21:15:00Z,d5c12ba890557a575c313bb3017910d7616fce3d,,,0,CVE-2023-47627;GHSA-gfw2-4jvh-wgfg,825.7605500072801,0
aio-libs/aiohttp,aiohttp,PYSEC-2023-247,high,CVSS:3.1/AV:N/AC:L/PR:N/UI:N/S:U/C:L/I:L/A:N,2023-11-14T21:15:00Z,f016f0680e4ace6742b03a70cb0382ce86abe371,,,0,CVE-2023-47641;GHSA-xx9p-xxvh-7g8j,825.7605500072801,0
aio-libs/aiohttp,aiohttp,PYSEC-2023-250,high,CVSS:3.1/AV:N/AC:L/PR:N/UI:N/S:U/C:N/I:L/A:N,2023-11-30T07:15:00Z,1e86b777e61cf4eefc7d92fa57fa19dcc676013b,,,0,CVE-2023-49081;GHSA-q3qx-c6g2-7pw2,810.3438833406135,0
aio-libs/aiohttp,aiohttp,PYSEC-2023-251,high,CVSS:3.1/AV:N/AC:L/PR:N/UI:N/S:U/C:N/I:L/A:N,2023-11-29T20:15:00Z,e4ae01c2077d2cfa116aa82e4ff6866857f7c466,,,0,CVE-2023-49082;GHSA-qvrw-v9rv-5rjx,810.8022166739468,0
aio-libs/aiohttp,aiohttp,PYSEC-2024-24,critical,CVSS:3.1/AV:N/AC:L/PR:N/UI:N/S:U/C:H/I:N/A:N,2024-01-29T23:15:00Z,1c335944d6a8b1298baf179b7c0b3069f10c514b,,,0,CVE-2024-23334;GHSA-5h86-8mv2-jq9f,749.6772166739468,0
aio-libs/aiohttp,aiohttp,PYSEC-2024-26,high,CVSS:3.1/AV:N/AC:L/PR:N/UI:N/S:U/C:N/I:L/A:L,2024-01-29T23:15:00Z,33ccdfb0a12690af5bb49bda2319ec0907fa7827,,,0,CVE-2024-23829;GHSA-8qpw-xqxj-h4r2,749.6772166739468,0
tornadoweb/tornado,tornado,GHSA-753j-mpmx-qq6g,high,CVSS:3.1/AV:N/AC:L/PR:N/UI:N/S:U/C:N/I:L/A:N,2024-06-06T21:41:20Z,6.4.1,2024-06-06 18:36:10.575984+00:00,-0.1285812964814815,1,,-0.1285812964814815,0
tornadoweb/tornado,tornado,GHSA-7cx3-6m66-7c5m,critical,CVSS:3.1/AV:N/AC:L/PR:N/UI:N/S:U/C:N/I:N/A:H,2025-05-16T14:12:40Z,6.5,2025-05-15 20:37:22.107388+00:00,-0.7328459793055556,1,CVE-2025-47287,-0.7328459793055556,0
tornadoweb/tornado,tornado,GHSA-8vpw-mgpf-mpvv,high,CVSS:3.1/AV:N/AC:L/PR:N/UI:R/S:U/C:H/I:N/A:N,2022-05-17T19:57:19Z,3.2.2,2014-06-04 03:40:48.265529+00:00,-2904.678133500822,1,CVE-2014-9720;PYSEC-2020-213,-2904.678133500822,0
tornadoweb/tornado,tornado,GHSA-8w49-h785-mj3c,critical,CVSS:3.1/AV:N/AC:L/PR:N/UI:N/S:U/C:N/I:N/A:H,2024-11-22T20:26:41Z,6.4.2,2024-11-22 03:06:20.162711+00:00,-0.7224633945486112,1,CVE-2024-52804,-0.7224633945486112,0
tornadoweb/tornado,tornado,GHSA-f7fv-v9rh-prvc,critical,CVSS:3.1/AV:N/AC:L/PR:N/UI:N/S:U/C:N/I:H/A:N,2022-05-17T05:23:55Z,2.2.1,2014-05-22 01:35:53.313241+00:00,-2917.158352856007,1,CVE-2012-2374;PYSEC-2012-5,-2917.158352856007,0
tornadoweb/tornado,tornado,GHSA-hj3f-6gcp-jg8j,high,CVSS:3.1/AV:N/AC:L/PR:N/UI:R/S:C/C:L/I:L/A:N,2023-05-25T12:30:16Z,6.3.2,2023-05-14 03:41:04.458030+00:00,-11.367494698726851,1,CVE-2023-28370;PYSEC-2023-75,-11.367494698726851,0
tornadoweb/tornado,tornado,GHSA-qppv-j76h-2rpx,unknown,,2023-08-14T21:34:17Z,6.3.3,2023-08-11 15:21:47.976039+00:00,-3.2586692588078705,1,,-3.2586692588078705,1
tornadoweb/tornado,tornado,GHSA-w235-7p84-xx57,high,CVSS:3.1/AV:N/AC:L/PR:N/UI:N/S:U/C:L/I:L/A:N,2024-06-06T21:46:31Z,6.4.1,2024-06-06 18:36:10.575984+00:00,-0.1321808335185185,1,,-0.1321808335185185,0
tornadoweb/tornado,tornado,PYSEC-2012-5,unknown,,2012-05-23T20:55:00Z,2.2.1,2014-05-22 01:35:53.313241+00:00,728.1950614958449,1,CVE-2012-2374;GHSA-f7fv-v9rh-prvc,728.1950614958449,1
tornadoweb/tornado,tornado,PYSEC-2020-213,unknown,,2020-01-24T18:15:00Z,1c36307463b1e8affae100bf9386948e6c1b2308,,,0,CVE-2014-9720;GHSA-8vpw-mgpf-mpvv,2215.88555000728,1
tornadoweb/tornado,tornado,PYSEC-2023-75,unknown,,2023-05-25T10:15:00Z,6.3.2,2023-05-14 03:41:04.458030+00:00,-11.273559513541668,1,CVE-2023-28370;GHSA-hj3f-6gcp-jg8j,-11.273559513541668,1
bottlepy/bottle,bottle,GHSA-873q-wpqr-xfgw,critical,CVSS:3.1/AV:N/AC:L/PR:N/UI:N/S:U/C:H/I:H/A:H,2022-05-17T04:19:29Z,0.10.12,2014-04-29 13:27:32.258850+00:00,-2939.6194067262736,1,CVE-2014-3137;PYSEC-2014-77,-2939.6194067262736,0
bottlepy/bottle,bottle,GHSA-j6f7-hghw-g437,high,CVSS:3.0/AV:N/AC:L/PR:N/UI:R/S:U/C:N/I:H/A:N,2022-05-17T03:05:15Z,0.12.11,2016-12-17 20:50:21.415782+00:00,-1976.2603424099304,1,CVE-2016-9964;PYSEC-2016-24,-1976.2603424099304,0
bottlepy/bottle,bottle,GHSA-qhx9-7hx7-cp4r,critical,CVSS:3.1/AV:N/AC:H/PR:N/UI:R/S:U/C:N/I:H/A:H,2021-04-07T21:05:21Z,0.12.19,2020-11-11 18:51:24.572720+00:00,-147.0930142046296,1,CVE-2020-28473;PYSEC-2021-129;SNYK-PYTHON-BOTTLE-1017108,-147.0930142046296,0
bottlepy/bottle,bottle,GHSA-xhp9-4947-rq78,critical,CVSS:3.1/AV:N/AC:L/PR:N/UI:N/S:U/C:H/I:H/A:H,2022-06-03T00:01:15Z,0.12.20,2022-05-26 13:44:44.460724+00:00,-7.42813124162037,1,CVE-2022-31799;PYSEC-2022-227,-7.42813124162037,0
bottlepy/bottle,bottle,PYSEC-2014-77,unknown,,2014-10-25T22:55:00Z,0.10.12,2014-04-29 13:27:32.258850+00:00,-179.394071078125,1,CVE-2014-3137;GHSA-873q-wpqr-xfgw,-179.394071078125,1
bottlepy/bottle,bottle,PYSEC-2016-24,unknown,,2016-12-16T09:59:00Z,6d7e13da0f998820800ecb3fe9ccee4189aefb54,,,0,CVE-2016-9964;GHSA-j6f7-hghw-g437,3350.2299944517245,1
bottlepy/bottle,bottle,PYSEC-2021-129,unknown,,2021-01-18T12:15:00Z,0.12.19,2020-11-11 18:51:24.572720+00:00,-67.72471559351852,1,CVE-2020-28473;GHSA-qhx9-7hx7-cp4r;SNYK-PYTHON-BOTTLE-1017108,-67.72471559351852,1
bottlepy/bottle,bottle,PYSEC-2022-227,unknown,,2022-06-02T14:15:00Z,e140e1b54da721a660f2eb9d58a106b7b3ff2f00,,,0,CVE-2022-31799;GHSA-xhp9-4947-rq78,1356.0522166739463,1
Kludex/starlette,starlette,GHSA-2c2j-9gv5-cj73,high,CVSS:3.1/AV:N/AC:L/PR:N/UI:N/S:U/C:N/I:N/A:L,2025-07-21T19:34:23Z,0.47.2,2025-07-20 17:31:56.738866+00:00,-1.0850261705324074,1,CVE-2025-54121,-1.0850261705324074,0
Kludex/starlette,starlette,GHSA-74m5-2c7w-9w3x,critical,CVSS:3.1/AV:N/AC:L/PR:N/UI:N/S:U/C:N/I:N/A:H,2023-02-14T21:31:28Z,0.25.0,2023-02-14 09:07:28.395178+00:00,-0.5166620928472222,1,CVE-2023-30798;PYSEC-2023-48,-0.5166620928472222,0
Kludex/starlette,starlette,GHSA-7f5h-v6xp-fcq8,critical,CVSS:3.1/AV:N/AC:L/PR:N/UI:N/S:U/C:N/I:N/A:H,2025-10-28T20:38:01Z,0.49.1,2025-10-28 17:34:09.130517+00:00,-0.1276836745717592,1,CVE-2025-62727,-0.1276836745717592,0
Kludex/starlette,starlette,GHSA-f96h-pmfr-66vw,high,CVSS:3.1/AV:N/AC:L/PR:N/UI:N/S:U/C:N/I:N/A:N,2024-10-15T18:12:57Z,0.40.0,2024-10-15 06:52:32.486095+00:00,-0.472505947974537,1,CVE-2024-47874,-0.472505947974537,0
Kludex/starlette,starlette,GHSA-v5gw-mw7f-84px,high,CVSS:3.1/AV:N/AC:H/PR:N/UI:N/S:U/C:L/I:N/A:N,2023-05-17T03:49:14Z,0.27.0,2023-05-16 10:59:53.927486+00:00,-0.7009267652083333,1,CVE-2023-29159;PYSEC-2023-83,-0.7009267652083333,0
Kludex/starlette,starlette,PYSEC-2023-48,unknown,,2023-04-21T16:15:00Z,8c74c2c8dba7030154f8af18e016136bea1938fa,,,0,CVE-2023-30798;GHSA-74m5-2c7w-9w3x,1032.9688833406133,1
Kludex/starlette,starlette,PYSEC-2023-83,unknown,,2023-06-01T02:15:00Z,0.27.0,2023-05-16 10:59:53.927486+00:00,-15.63548695039352,1,CVE-2023-29159;GHSA-v5gw-mw7f-84px,-15.63548695039352,1
Kludex/uvicorn,uvicorn,GHSA-33c7-2mpw-hg34,critical,CVSS:3.1/AV:N/AC:L/PR:N/UI:N/S:U/C:N/I:H/A:N,2020-07-29T18:07:16Z,0.11.7,2020-07-28 13:18:36.770799+00:00,-1.2004540416782408,1,CVE-2020-7694;PYSEC-2020-150;SNYK-PYTHON-UVICORN-575560,-1.2004540416782408,0
Kludex/uvicorn,uvicorn,GHSA-f97h-2pfx-f59f,critical,CVSS:3.1/AV:N/AC:L/PR:N/UI:N/S:U/C:N/I:H/A:N,2020-07-29T18:07:20Z,0.11.7,2020-07-28 13:18:36.770799+00:00,-1.200500337974537,1,CVE-2020-7695;PYSEC-2020-151;SNYK-PYTHON-UVICORN-570471,-1.200500337974537,0
Kludex/uvicorn,uvicorn,PYSEC-2020-150,unknown,,2020-07-27T12:15:00Z,0.11.7,2020-07-28 13:18:36.770799+00:00,1.044175587951389,1,CVE-2020-7694;GHSA-33c7-2mpw-hg34;SNYK-PYTHON-UVICORN-575560,1.044175587951389,1
Kludex/uvicorn,uvicorn,PYSEC-2020-151,unknown,,2020-07-27T12:15:00Z,0.11.7,2020-07-28 13:18:36.770799+00:00,1.044175587951389,1,CVE-2020-7695;GHSA-f97h-2pfx-f59f;SNYK-PYTHON-UVICORN-570471,1.044175587951389,1
benoitc/gunicorn,gunicorn,GHSA-32pc-xphx-q4f6,critical,CVSS:3.0/AV:N/AC:L/PR:N/UI:N/S:U/C:N/I:H/A:N,2018-07-12T20:30:49Z,19.5.0,2016-05-11 19:43:24.702671+00:00,-792.0329201079745,1,CVE-2018-1000164;PYSEC-2018-55,-792.0329201079745,0
benoitc/gunicorn,gunicorn,GHSA-hc5x-x2vx-497g,critical,CVSS:3.0/AV:N/AC:L/PR:N/UI:N/S:U/C:H/I:N/A:N,2025-03-20T12:32:45Z,22.0.0,2024-04-16 22:58:15.233885+00:00,-337.56562229299766,1,CVE-2024-6827,-337.56562229299766,0
benoitc/gunicorn,gunicorn,GHSA-w3h3-4rj7-4ph4,critical,CVSS:3.1/AV:N/AC:L/PR:N/UI:N/S:U/C:L/I:H/A:N,2024-04-16T00:30:32Z,22.0.0,2024-04-16 22:58:15.233885+00:00,0.9359170588541668,1,CVE-2024-1135,0.9359170588541668,0
benoitc/gunicorn,gunicorn,PYSEC-2018-55,unknown,,2018-04-18T19:29:00Z,19.5.0,2016-05-11 19:43:24.702671+00:00,-706.9899918672338,1,CVE-2018-1000164;GHSA-32pc-xphx-q4f6,-706.9899918672338,1
pallets/werkzeug,werkzeug,GHSA-2g68-c3qc-8985,critical,CVSS:3.1/AV:N/AC:H/PR:N/UI:R/S:U/C:H/I:H/A:H,2024-05-06T14:21:27Z,3.0.3,2024-05-05 23:10:29.567762+00:00,-0.6326091694212963,1,CVE-2024-34069,-0.6326091694212963,0
pallets/werkzeug,werkzeug,GHSA-3p3h-qghp-hvh2,high,CVSS:3.1/AV:N/AC:L/PR:N/UI:R/S:C/C:L/I:L/A:N,2021-04-20T16:30:26Z,0.11.6,2016-04-14 13:48:58.283430+00:00,-1832.1121263491896,1,CVE-2020-28724;PYSEC-2020-157,-1832.1121263491896,0
pallets/werkzeug,werkzeug,GHSA-87hc-h4r5-73f7,high,CVSS:3.1/AV:N/AC:L/PR:N/UI:N/S:U/C:N/I:N/A:L,2026-01-08T19:51:21Z,3.1.5,2026-01-08 17:49:21.859775+00:00,-0.0847122711226851,1,CVE-2026-21860,-0.0847122711226851,0
pallets/werkzeug,werkzeug,GHSA-f9vj-2wh5-fj8j,high,CVSS:4.0/AV:N/AC:H/AT:N/PR:N/UI:N/VC:L/VI:N/VA:N/SC:N/SI:N/SA:N,2024-10-25T19:43:41Z,3.0.6,2024-10-25 18:52:30.129603+00:00,-0.0355424814467592,1,CVE-2024-49766,-0.0355424814467592,0
pallets/werkzeug,werkzeug,GHSA-gq9m-qvpx-68hc,critical,CVSS:3.1/AV:N/AC:L/PR:N/UI:N/S:U/C:H/I:N/A:N,2019-08-21T16:15:24Z,0.15.3,2019-05-14 21:10:46.087817+00:00,-98.7948832428588,1,CVE-2019-14806;PYSEC-2019-140,-98.7948832428588,0
pallets/werkzeug,werkzeug,GHSA-h2fp-xgx6-xh6f,high,CVSS:3.0/AV:N/AC:L/PR:N/UI:R/S:C/C:L/I:L/A:N,2022-05-14T03:46:35Z,0.11.11,2016-08-31 13:13:17.848103+00:00,-2081.606448517326,1,CVE-2016-10516;PYSEC-2017-43,-2081.606448517326,0
pallets/werkzeug,werkzeug,GHSA-hgf8-39gv-g3f2,high,CVSS:4.0/AV:N/AC:L/AT:P/PR:N/UI:N/VC:N/VI:N/VA:L/SC:N/SI:N/SA:N,2025-12-02T00:27:38Z,3.1.4,2025-11-29 02:15:21.130779+00:00,-2.925195245613426,1,CVE-2025-66221,-2.925195245613426,0
pallets/werkzeug,werkzeug,GHSA-hrfv-mqp8-q5rw,high,CVSS:3.1/AV:A/AC:L/PR:L/UI:N/S:U/C:N/I:N/A:H,2023-10-25T14:22:59Z,3.0.1,2023-10-24 20:57:47.326559+00:00,-0.7258295537152778,1,CVE-2023-46136;PYSEC-2023-221,-0.7258295537152778,0
pallets/werkzeug,werkzeug,GHSA-j544-7q9p-6xp8,critical,CVSS:3.1/AV:N/AC:L/PR:N/UI:N/S:U/C:H/I:N/A:N,2022-05-24T16:51:33Z,0.15.5,2019-07-17 15:31:42.496308+00:00,-1042.0554456445834,1,CVE-2019-14322,-1042.0554456445834,0
pallets/werkzeug,werkzeug,GHSA-px8h-6qxv-m22q,medium,CVSS:3.1/AV:A/AC:H/PR:N/UI:R/S:U/C:N/I:L/A:N,2023-02-15T15:37:03Z,2.2.3,2023-02-14 17:18:42.614039+00:00,-0.929402615289352,1,CVE-2023-23934;PYSEC-2023-57,-0.929402615289352,0
pallets/werkzeug,werkzeug,GHSA-q34m-jh98-gwm2,critical,CVSS:3.1/AV:N/AC:L/PR:N/UI:N/S:U/C:N/I:N/A:H,2024-10-25T19:44:43Z,3.0.6,2024-10-25 18:52:30.129603+00:00,-0.0362600740393518,1,CVE-2024-49767,-0.0362600740393518,0
pallets/werkzeug,werkzeug,GHSA-xg9f-g7g7-2323,critical,CVSS:3.1/AV:N/AC:L/PR:N/UI:N/S:U/C:N/I:N/A:H,2023-02-15T15:36:26Z,2.2.3,2023-02-14 17:18:42.614039+00:00,-0.9289743745486112,1,CVE-2023-25577;PYSEC-2023-58,-0.9289743745486112,0
pallets/werkzeug,werkzeug,PYSEC-2017-43,unknown,,2017-10-23T16:29:00Z,0.11.11,2016-08-31 13:13:17.848103+00:00,-418.1359045358449,1,CVE-2016-10516;GHSA-h2fp-xgx6-xh6f,-418.1359045358449,1
pallets/werkzeug,werkzeug,PYSEC-2019-140,unknown,,2019-08-09T15:15:00Z,00bc43b1672e662e5e3b8cecd79e67fc968fa246,,,0,CVE-2019-14806;GHSA-gq9m-qvpx-68hc,2384.01055000728,1
pallets/werkzeug,werkzeug,PYSEC-2020-157,unknown,,2020-11-18T15:15:00Z,0.11.6,2016-04-14 13:48:58.283430+00:00,-1679.0597420899303,1,CVE-2020-28724;GHSA-3p3h-qghp-hvh2,-1679.0597420899303,1
pallets/werkzeug,werkzeug,PYSEC-2022-203,unknown,,2022-05-25T01:15:00Z,9a3a981d70d2e9ec3344b5192f86fcaf3210cd85,,,0,CVE-2022-29361,1364.5938833406133,1
pallets/werkzeug,werkzeug,PYSEC-2023-221,critical,CVSS:3.1/AV:N/AC:L/PR:N/UI:N/S:U/C:N/I:N/A:H,2023-10-25T18:17:00Z,f3c803b3ade485a45f12b6d6617595350c0f03e2,,,0,CVE-2023-46136;GHSA-hrfv-mqp8-q5rw,845.884161118391,0
pallets/werkzeug,werkzeug,PYSEC-2023-57,unknown,,2023-02-14T20:15:00Z,cf275f42acad1b5950c50ffe8ef58fe62cdce028,,,0,CVE-2023-23934;GHSA-px8h-6qxv-m22q,1098.8022166739463,1
pallets/werkzeug,werkzeug,PYSEC-2023-58,unknown,,2023-02-14T20:15:00Z,517cac5a804e8c4dc4ed038bb20dacd038e7a9f1,,,0,CVE-2023-25577;GHSA-xg9f-g7g7-2323,1098.8022166739463,1
http://github.com/sanic-org/sanic,sanic,GHSA-7p79-6x2v-5h88,unknown,,2022-02-16T22:57:57Z,20.12.6,2022-02-16 16:04:51.945285+00:00,-0.2868640592013888,1,,-0.2868640592013888,1
http://github.com/sanic-org/sanic,sanic,GHSA-8cw9-5hmv-77w6,critical,CVSS:3.1/AV:N/AC:L/PR:N/UI:N/S:C/C:L/I:L/A:L,2022-08-06T05:21:19Z,22.6.1,2022-07-31 11:33:01.131290+00:00,-5.741873480439815,1,CVE-2022-35920,-5.741873480439815,0
http://github.com/sanic-org/sanic,sanic,GHSA-mpmf-hr8p-p49g,critical,CVSS:3.0/AV:N/AC:L/PR:N/UI:N/S:U/C:H/I:N/A:N,2022-05-17T00:19:52Z,0.5.1,2017-04-14 19:04:59.029369+00:00,-1858.2186686415623,1,CVE-2017-16762;PYSEC-2017-40,-1858.2186686415623,0
http://github.com/sanic-org/sanic,sanic,PYSEC-2017-40,unknown,,2017-11-10T09:29:00Z,0.5.1,2017-04-14 19:04:59.029369+00:00,-209.6000112341551,1,CVE-2017-16762;GHSA-mpmf-hr8p-p49g,-209.6000112341551,1
pallets/quart,quart,GHSA-q34m-jh98-gwm2,critical,CVSS:3.1/AV:N/AC:L/PR:N/UI:N/S:U/C:N/I:N/A:H,2024-10-25T19:44:43Z,0.20.0,2024-12-23 13:53:02.842205+00:00,58.75578521070602,1,CVE-2024-49767,58.75578521070602,0
encode/django-rest-framework,djangorestframework,GHSA-fx83-3ph3-9j2q,high,CVSS:3.1/AV:N/AC:L/PR:N/UI:R/S:C/C:L/I:L/A:N,2021-03-19T21:32:47Z,3.11.2,2020-09-30 08:16:08.799204+00:00,-170.55321991662038,1,CVE-2020-25626;PYSEC-2020-263,-170.55321991662038,0
encode/django-rest-framework,djangorestframework,GHSA-gw84-84pc-xp82,high,CVSS:3.1/AV:N/AC:L/PR:N/UI:R/S:C/C:L/I:L/A:N,2024-06-26T06:30:29Z,3.15.2,2024-06-19 07:59:26.106526+00:00,-6.938227933726853,1,CVE-2024-21520,-6.938227933726853,0
encode/django-rest-framework,djangorestframework,PYSEC-2020-263,unknown,,2020-09-30T20:15:00Z,3.11.2,2020-09-30 08:16:08.799204+00:00,-0.4992037129166666,1,CVE-2020-25626;GHSA-fx83-3ph3-9j2q,-0.4992037129166666,1
strawberry-graphql/strawberry,strawberry-graphql,GHSA-5xh2-23cc-5jc6,high,CVSS:3.1/AV:N/AC:H/PR:N/UI:N/S:U/C:L/I:N/A:N,2025-01-09T18:51:51Z,0.257.0,2025-01-09 18:31:31.410816+00:00,-0.0141156155555555,1,CVE-2025-22151,-0.0141156155555555,0
strawberry-graphql/strawberry,strawberry-graphql,GHSA-79gp-q4wv-33fr,medium,CVSS:3.1/AV:N/AC:L/PR:L/UI:R/S:U/C:N/I:L/A:L,2024-09-25T18:21:19Z,0.243.0,2024-09-25 16:11:19.569091+00:00,-0.0902711910763888,1,CVE-2024-47082;PYSEC-2024-171,-0.0902711910763888,0
strawberry-graphql/strawberry,strawberry-graphql,PYSEC-2024-171,critical,CVSS:3.1/AV:N/AC:L/PR:L/UI:R/S:U/C:H/I:H/A:H,2024-09-25T18:15:05Z,37265b230e511480a9ceace492f9f6a484be1387,,,0,CVE-2024-47082;GHSA-79gp-q4wv-33fr,509.88549213690976,0
pandas-dev/pandas,pandas,PYSEC-2020-73,unknown,,2020-05-15T19:15:00Z,1.0.4,2020-05-29 11:49:40.716225+00:00,13.690749030381946,1,CVE-2020-13091,13.690749030381946,1
numpy/numpy,numpy,GHSA-2fc2-6r4j-p65h,medium,CVSS:3.0/AV:L/AC:L/PR:L/UI:N/S:U/C:N/I:H/A:N,2022-05-14T01:08:34Z,1.8.1,2016-04-20 04:22:59.657398+00:00,-2214.8649808171526,1,CVE-2014-1859;PYSEC-2018-34,-2214.8649808171526,0
numpy/numpy,numpy,GHSA-5545-2q6w-2gh6,critical,CVSS:3.1/AV:N/AC:L/PR:N/UI:N/S:U/C:N/I:N/A:H,2022-02-08T00:00:56Z,1.19,,,0,CVE-2021-41495;PYSEC-2021-856,1470.6453185257983,0
numpy/numpy,numpy,GHSA-6p56-wp2h-9hxr,high,CVSS:3.1/AV:N/AC:H/PR:L/UI:N/S:U/C:N/I:N/A:H,2022-01-07T00:09:39Z,1.21,,,0,CVE-2021-33430;PYSEC-2021-854,1502.6392652850575,0
numpy/numpy,numpy,GHSA-9fq2-x9r6-wfmf,critical,CVSS:3.0/AV:N/AC:L/PR:N/UI:N/S:U/C:H/I:H/A:H,2022-05-24T22:00:57Z,,,,0,CVE-2019-6446;PYSEC-2019-108,1364.7286402850575,0
numpy/numpy,numpy,GHSA-cw6w-4rcx-xphc,medium,CVSS:3.0/AV:L/AC:L/PR:L/UI:N/S:U/C:N/I:H/A:N,2022-05-14T03:48:04Z,1.8.1,2016-04-20 04:22:59.657398+00:00,-2214.975744706041,1,CVE-2014-1858;PYSEC-2018-33,-2214.975744706041,0
numpy/numpy,numpy,GHSA-f7c7-j99h-c22f,medium,CVSS:3.1/AV:L/AC:L/PR:L/UI:N/S:U/C:N/I:N/A:H,2022-02-08T00:00:56Z,1.19,,,0,CVE-2021-41496;PYSEC-2021-857,1470.6453185257983,0
numpy/numpy,numpy,GHSA-fpfv-jqm9-f5jm,high,CVSS:3.1/AV:N/AC:L/PR:N/UI:N/S:U/C:N/I:N/A:L,2021-12-18T00:00:41Z,1.22,,,0,CVE-2021-34141;PYSEC-2021-855,1522.6454921369095,0
numpy/numpy,numpy,GHSA-frgw-fgh6-9g52,critical,CVSS:3.0/AV:N/AC:L/PR:N/UI:N/S:U/C:N/I:N/A:H,2022-05-13T01:42:46Z,1.13.3,2017-09-30 20:05:20.632905+00:00,-1685.2343213784145,1,CVE-2017-12852;PYSEC-2017-1,-1685.2343213784145,0
numpy/numpy,numpy,PYSEC-2017-1,unknown,,2017-08-15T16:29:00Z,1.13.3,2017-09-30 20:05:20.632905+00:00,46.15023880677083,1,CVE-2017-12852;GHSA-frgw-fgh6-9g52,46.15023880677083,1
numpy/numpy,numpy,PYSEC-2018-33,unknown,,2018-01-08T19:29:00Z,0bb46c1448b0d3f5453d5182a17ea7ac5854ee15,,,0,CVE-2014-1858;GHSA-cw6w-4rcx-xphc,2961.834161118391,1
numpy/numpy,numpy,PYSEC-2018-34,unknown,,2018-01-08T19:29:00Z,0bb46c1448b0d3f5453d5182a17ea7ac5854ee15,,,0,CVE-2014-1859;GHSA-2fc2-6r4j-p65h,2961.834161118391,1
numpy/numpy,numpy,PYSEC-2019-108,unknown,,2019-01-16T05:29:00Z,1.16.1,2019-01-31 23:13:15.370526+00:00,15.73906678849537,1,CVE-2019-6446;GHSA-9fq2-x9r6-wfmf,15.73906678849537,1
numpy/numpy,numpy,PYSEC-2021-854,unknown,,2021-12-17T19:15:00Z,1.10.0,2016-04-20 04:13:06.946151+00:00,-2067.6263084936227,1,CVE-2021-33430;GHSA-6p56-wp2h-9hxr,-2067.6263084936227,1
numpy/numpy,numpy,PYSEC-2021-855,unknown,,2021-12-17T19:15:00Z,1.10.0,2016-04-20 04:13:06.946151+00:00,-2067.6263084936227,1,CVE-2021-34141;GHSA-fpfv-jqm9-f5jm,-2067.6263084936227,1
numpy/numpy,numpy,PYSEC-2021-856,unknown,,2021-12-17T20:15:00Z,1.19.1,2020-07-21 20:54:49.738073+00:00,-513.9723409945254,1,CVE-2021-41495;GHSA-5545-2q6w-2gh6,-513.9723409945254,1
numpy/numpy,numpy,PYSEC-2021-857,unknown,,2021-12-17T20:15:00Z,1.19.0,2020-06-20 20:14:54.337985+00:00,-545.000065532581,1,CVE-2021-41496;GHSA-f7c7-j99h-c22f,-545.000065532581,1
scipy/scipy,scipy,GHSA-xp76-357g-9wqq,high,CVSS:3.1/AV:L/AC:L/PR:L/UI:N/S:U/C:H/I:H/A:H,2022-05-05T00:28:59Z,0.12.1,2016-04-20 04:58:55.522968+00:00,-2205.812540243426,1,CVE-2013-4251;PYSEC-2019-156,-2205.812540243426,0
scipy/scipy,scipy,PYSEC-2019-156,unknown,,2019-11-04T20:15:00Z,bd296e0336420b840fcd2faabb97084fd252a973,,,0,CVE-2013-4251;GHSA-xp76-357g-9wqq,2296.8022166739465,1
scipy/scipy,scipy,PYSEC-2023-102,unknown,,2023-07-05T17:15:00Z,1.10.0,2023-01-03 22:34:14.343706+00:00,-182.77830620710648,1,CVE-2023-25399,-182.77830620710648,1
scipy/scipy,scipy,PYSEC-2023-114,unknown,,2023-07-06T21:15:00Z,1.8.0,2022-02-05 22:53:25.062710+00:00,-515.9316543667824,1,CVE-2023-29824,-515.9316543667824,1
scikit-learn/scikit-learn,scikit-learn,GHSA-jjw5-xxj6-pcv5,critical,CVSS:3.1/AV:N/AC:L/PR:N/UI:N/S:U/C:H/I:H/A:H,2022-05-24T17:17:59Z,,,,0,CVE-2020-13092;PYSEC-2020-107,1364.9251449146873,0
scikit-learn/scikit-learn,scikit-learn,GHSA-jw8x-6495-233v,high,CVSS:3.0/AV:N/AC:H/PR:L/UI:N/S:U/C:H/I:N/A:N,2024-06-06T21:30:37Z,1.5.0,2024-05-21 16:33:03.119971+00:00,-16.206642129965278,1,CVE-2024-5206;PYSEC-2024-110,-16.206642129965278,0
scikit-learn/scikit-learn,scikit-learn,GHSA-jxfp-4rvq-9h9m,critical,CVSS:3.1/AV:N/AC:L/PR:N/UI:N/S:U/C:N/I:N/A:H,2022-05-24T17:34:40Z,1.0.1,2021-10-25 11:00:07.027689+00:00,-211.27399273508104,1,CVE-2020-28975;PYSEC-2020-108,-211.27399273508104,0
scikit-learn/scikit-learn,scikit-learn,PYSEC-2020-107,unknown,,2020-05-15T19:15:00Z,0.23.1,2020-05-19 19:24:42.399106+00:00,4.006740730393519,1,CVE-2020-13092;GHSA-jjw5-xxj6-pcv5,4.006740730393519,1
scikit-learn/scikit-learn,scikit-learn,PYSEC-2020-108,unknown,,2020-11-21T21:15:00Z,0.24.dev0,,,0,CVE-2020-28975;GHSA-jxfp-4rvq-9h9m,1913.76055000728,1
scikit-learn/scikit-learn,scikit-learn,PYSEC-2024-110,medium,CVSS:3.1/AV:L/AC:H/PR:L/UI:N/S:U/C:H/I:N/A:N,2024-06-06T19:16:00Z,70ca21f106b603b611da73012c9ade7cd8e438b8,,,0,CVE-2024-5206;GHSA-jw8x-6495-233v,620.8431888961691,0
microsoft/LightGBM,lightgbm,GHSA-2586-f3p4-hq84,critical,CVSS:3.1/AV:N/AC:H/PR:N/UI:N/S:U/C:H/I:H/A:H/E:U/RL:O/RC:C,2024-11-12T18:30:58Z,4.6.0,2025-02-15 04:02:50.961595+00:00,94.3971407592014,1,CVE-2024-43598;PYSEC-2024-231,94.3971407592014,0
microsoft/LightGBM,lightgbm,PYSEC-2024-231,critical,CVSS:3.1/AV:N/AC:H/PR:N/UI:N/S:U/C:H/I:H/A:H,2024-11-12T18:15:28Z,4.6.0,2025-02-15 04:02:50.961595+00:00,94.40790464809028,1,CVE-2024-43598;GHSA-2586-f3p4-hq84,94.40790464809028,0
tensorflow/tensorflow,tensorflow,GHSA-23hm-7w47-xw72,critical,CVSS:3.1/AV:N/AC:L/PR:L/UI:N/S:U/C:H/I:N/A:H,2022-02-09T18:28:54Z,2.5.3,2022-02-02 16:55:58.910924+00:00,-7.064526493935186,1,BIT-tensorflow-2022-21726;CVE-2022-21726;PYSEC-2022-105;PYSEC-2022-50,-7.064526493935186,0
tensorflow/tensorflow,tensorflow,GHSA-2475-53vw-vp25,critical,CVSS:3.1/AV:N/AC:H/PR:N/UI:N/S:U/C:N/I:N/A:H,2022-09-16T22:16:52Z,2.7.2,2022-05-16 18:54:48.982865+00:00,-123.14031269832176,1,BIT-tensorflow-2022-35968;CVE-2022-35968,-123.14031269832176,0
tensorflow/tensorflow,tensorflow,GHSA-247x-2f9f-5wp7,critical,CVSS:3.1/AV:N/AC:L/PR:N/UI:N/S:U/C:N/I:N/A:H,2022-02-09T23:30:01Z,2.5.3,2022-02-02 16:55:58.910924+00:00,-7.273635290231482,1,BIT-tensorflow-2022-23591;CVE-2022-23591;PYSEC-2022-100;PYSEC-2022-155,-7.273635290231482,0
tensorflow/tensorflow,tensorflow,GHSA-24x4-6qmh-88qg,high,CVSS:3.1/AV:N/AC:L/PR:L/UI:N/S:U/C:L/I:L/A:H,2022-02-09T23:57:42Z,2.5.3,2022-02-02 16:55:58.910924+00:00,-7.292859827268519,1,BIT-tensorflow-2022-23584;CVE-2022-23584;PYSEC-2022-148;PYSEC-2022-93,-7.292859827268519,0
tensorflow/tensorflow,tensorflow,GHSA-24x6-8c7m-hv3f,medium,CVSS:3.1/AV:L/AC:H/PR:L/UI:N/S:U/C:N/I:N/A:L,2021-05-21T14:26:53Z,2.1.4,2021-06-15 21:01:30.053034+00:00,25.274039965671296,1,BIT-tensorflow-2021-29590;CVE-2021-29590;PYSEC-2021-227;PYSEC-2021-518;PYSEC-2021-716,25.274039965671296,0
tensorflow/tensorflow,tensorflow,GHSA-26j7-6w8w-7922,medium,CVSS:3.1/AV:L/AC:H/PR:L/UI:N/S:U/C:N/I:N/A:L,2021-05-21T14:26:43Z,2.1.4,2021-06-15 21:01:30.053034+00:00,25.27415570641204,1,BIT-tensorflow-2021-29586;CVE-2021-29586;PYSEC-2021-223;PYSEC-2021-514;PYSEC-2021-712,25.27415570641204,0
tensorflow/tensorflow,tensorflow,GHSA-278g-rq84-9hmg,medium,CVSS:3.1/AV:L/AC:L/PR:L/UI:N/S:U/C:N/I:N/A:H,2021-08-25T14:41:36Z,2.3.4,2021-08-10 21:51:35.142457+00:00,-14.701398814155093,1,BIT-tensorflow-2021-37673;CVE-2021-37673;PYSEC-2021-295;PYSEC-2021-586;PYSEC-2021-784,-14.701398814155093,0
tensorflow/tensorflow,tensorflow,GHSA-27j5-4p9v-pp67,medium,CVSS:3.1/AV:L/AC:L/PR:L/UI:N/S:U/C:N/I:N/A:H,2021-08-25T14:43:40Z,2.3.4,2021-08-10 21:51:35.142457+00:00,-14.702833999340278,1,BIT-tensorflow-2021-37644;CVE-2021-37644;PYSEC-2021-266;PYSEC-2021-557;PYSEC-2021-755,-14.702833999340278,0
tensorflow/tensorflow,tensorflow,GHSA-27qf-jwm8-g7f3,medium,CVSS:3.1/AV:L/AC:L/PR:L/UI:N/S:U/C:N/I:N/A:H,2021-08-25T14:39:17Z,2.3.4,2021-08-10 21:51:35.142457+00:00,-14.699790017858795,1,BIT-tensorflow-2021-37691;CVE-2021-37691;PYSEC-2021-313;PYSEC-2021-604;PYSEC-2021-802,-14.699790017858795,0
tensorflow/tensorflow,tensorflow,GHSA-27rc-728f-x5w2,high,CVSS:3.1/AV:N/AC:H/PR:L/UI:R/S:U/C:N/I:N/A:H,2022-11-21T21:54:26Z,2.8.4,2022-11-16 18:45:38.407286+00:00,-5.131106397152778,1,BIT-tensorflow-2022-41899;CVE-2022-41899,-5.131106397152778,0
tensorflow/tensorflow,tensorflow,GHSA-2cpx-427x-q2c6,medium,CVSS:3.1/AV:L/AC:H/PR:L/UI:N/S:U/C:N/I:N/A:L,2021-05-21T14:21:43Z,2.1.4,2021-06-15 21:01:30.053034+00:00,25.27762792863426,1,BIT-tensorflow-2021-29523;CVE-2021-29523;PYSEC-2021-160;PYSEC-2021-451;PYSEC-2021-649,25.27762792863426,0
tensorflow/tensorflow,tensorflow,GHSA-2gfx-95x2-5v3x,medium,CVSS:3.1/AV:L/AC:H/PR:L/UI:N/S:U/C:N/I:N/A:L,2021-05-21T14:22:32Z,2.1.4,2021-06-15 21:01:30.053034+00:00,25.27706079900463,1,BIT-tensorflow-2021-29536;CVE-2021-29536;PYSEC-2021-173;PYSEC-2021-464;PYSEC-2021-662,25.27706079900463,0
tensorflow/tensorflow,tensorflow,GHSA-2p25-55c9-h58q,medium,CVSS:3.1/AV:L/AC:L/PR:L/UI:N/S:U/C:N/I:N/A:H,2021-11-10T19:33:58Z,2.6.1,2021-11-01 20:30:07.568333+00:00,-8.961000366516204,1,BIT-tensorflow-2021-41198;CVE-2021-41198;PYSEC-2021-391;PYSEC-2021-608;PYSEC-2021-806,-8.961000366516204,0
tensorflow/tensorflow,tensorflow,GHSA-2p9q-h29j-3f5v,medium,CVSS:3.1/AV:L/AC:L/PR:L/UI:N/S:U/C:N/I:N/A:H,2022-05-24T16:38:47Z,2.6.4,2022-05-16 18:35:54.612163+00:00,-7.918661896261574,1,BIT-tensorflow-2022-29193;CVE-2022-29193,-7.918661896261574,0
tensorflow/tensorflow,tensorflow,GHSA-2r2f-g8mw-9gvr,high,CVSS:3.1/AV:L/AC:L/PR:L/UI:N/S:U/C:N/I:H/A:H,2022-05-24T22:14:22Z,2.6.4,2022-05-16 18:35:54.612163+00:00,-8.151705877743055,1,BIT-tensorflow-2022-29208;CVE-2022-29208,-8.151705877743055,0
tensorflow/tensorflow,tensorflow,GHSA-2r8p-fg3c-wcj4,high,CVSS:3.1/AV:L/AC:L/PR:L/UI:N/S:U/C:H/I:L/A:H,2021-08-25T14:43:01Z,2.3.4,2021-08-10 21:51:35.142457+00:00,-14.702382610451387,1,BIT-tensorflow-2021-37654;CVE-2021-37654;PYSEC-2021-276;PYSEC-2021-567;PYSEC-2021-765,-14.702382610451387,0
tensorflow/tensorflow,tensorflow,GHSA-2vv3-56qg-g2cf,medium,CVSS:3.1/AV:L/AC:L/PR:L/UI:N/S:U/C:N/I:N/A:H,2022-05-24T22:10:01Z,2.6.4,2022-05-16 18:35:54.612163+00:00,-8.148685044409723,1,BIT-tensorflow-2022-29200;CVE-2022-29200,-8.148685044409723,0
tensorflow/tensorflow,tensorflow,GHSA-2wmv-37vq-52g5,medium,CVSS:3.1/AV:L/AC:L/PR:L/UI:N/S:U/C:N/I:N/A:H,2021-08-25T14:42:06Z,2.3.4,2021-08-10 21:51:35.142457+00:00,-14.701746036377315,1,BIT-tensorflow-2021-37668;CVE-2021-37668;PYSEC-2021-290;PYSEC-2021-581;PYSEC-2021-779,-14.701746036377315,0
tensorflow/tensorflow,tensorflow,GHSA-2xgj-xhgf-ggjv,medium,CVSS:3.1/AV:L/AC:H/PR:L/UI:N/S:U/C:N/I:L/A:L,2021-05-21T14:28:37Z,2.1.4,2021-06-15 21:01:30.053034+00:00,25.272836261967598,1,BIT-tensorflow-2021-29612;CVE-2021-29612;PYSEC-2021-249;PYSEC-2021-540;PYSEC-2021-738,25.272836261967598,0
tensorflow/tensorflow,tensorflow,GHSA-34f9-hjfq-rr8j,high,CVSS:3.1/AV:N/AC:L/PR:L/UI:N/S:U/C:N/I:N/A:H,2022-02-10T00:18:53Z,2.5.3,2022-02-02 16:55:58.910924+00:00,-7.307570475416667,1,BIT-tensorflow-2022-21729;CVE-2022-21729;PYSEC-2022-108;PYSEC-2022-53,-7.307570475416667,0
tensorflow/tensorflow,tensorflow,GHSA-368v-7v32-52fx,high,CVSS:3.1/AV:N/AC:H/PR:L/UI:R/S:U/C:N/I:N/A:H,2022-11-21T22:04:27Z,2.8.4,2022-11-16 18:45:38.407286+00:00,-5.138062415671296,1,BIT-tensorflow-2022-41907;CVE-2022-41907,-5.138062415671296,0
tensorflow/tensorflow,tensorflow,GHSA-36vm-xw34-x4pj,medium,CVSS:3.1/AV:L/AC:H/PR:L/UI:N/S:U/C:N/I:N/A:L,2021-05-21T14:25:02Z,2.1.4,2021-06-15 21:01:30.053034+00:00,25.27532468789352,1,BIT-tensorflow-2021-29562;CVE-2021-29562;PYSEC-2021-199;PYSEC-2021-490;PYSEC-2021-688,25.27532468789352,0
tensorflow/tensorflow,tensorflow,GHSA-374m-jm66-3vj8,high,CVSS:3.1/AV:L/AC:L/PR:L/UI:N/S:U/C:H/I:N/A:H,2021-11-10T18:41:47Z,2.6.1,2021-11-01 20:30:07.568333+00:00,-8.924761940590278,1,BIT-tensorflow-2021-41226;CVE-2021-41226;PYSEC-2021-418;PYSEC-2021-635;PYSEC-2021-833,-8.924761940590278,0
tensorflow/tensorflow,tensorflow,GHSA-37jf-mjv6-xfqw,critical,CVSS:3.1/AV:N/AC:H/PR:N/UI:N/S:U/C:N/I:N/A:H,2022-09-16T19:24:49Z,2.7.2,2022-05-16 18:54:48.982865+00:00,-123.02083353165509,1,BIT-tensorflow-2022-35999;CVE-2022-35999,-123.02083353165509,0
tensorflow/tensorflow,tensorflow,GHSA-393f-2jr3-cp69,medium,CVSS:3.1/AV:L/AC:H/PR:L/UI:N/S:U/C:N/I:N/A:L,2021-05-21T14:22:21Z,2.1.4,2021-06-15 21:01:30.053034+00:00,25.277188113819445,1,BIT-tensorflow-2021-29533;CVE-2021-29533;PYSEC-2021-170;PYSEC-2021-461;PYSEC-2021-659,25.277188113819445,0
tensorflow/tensorflow,tensorflow,GHSA-397c-5g2j-qxpv,critical,CVSS:3.1/AV:N/AC:H/PR:N/UI:N/S:U/C:N/I:N/A:H,2022-09-16T22:27:28Z,2.7.2,2022-05-16 18:54:48.982865+00:00,-123.14767380943287,1,BIT-tensorflow-2022-35982;CVE-2022-35982,-123.14767380943287,0
tensorflow/tensorflow,tensorflow,GHSA-3ff2-r28g-w7h9,medium,CVSS:3.1/AV:L/AC:L/PR:L/UI:N/S:U/C:N/I:N/A:H,2021-11-10T18:57:19Z,2.6.1,2021-11-01 20:30:07.568333+00:00,-8.935548977627315,1,BIT-tensorflow-2021-41216;CVE-2021-41216;PYSEC-2021-408;PYSEC-2021-625;PYSEC-2021-823,-8.935548977627315,0
tensorflow/tensorflow,tensorflow,GHSA-3h8m-483j-7xxm,medium,CVSS:3.1/AV:L/AC:H/PR:L/UI:N/S:U/C:N/I:N/A:L,2021-05-21T14:25:22Z,2.1.4,2021-06-15 21:01:30.053034+00:00,25.27509320641204,1,BIT-tensorflow-2021-29569;CVE-2021-29569;PYSEC-2021-206;PYSEC-2021-497;PYSEC-2021-695,25.27509320641204,0
tensorflow/tensorflow,tensorflow,GHSA-3hxh-8cp2-g4hg,medium,CVSS:3.1/AV:L/AC:L/PR:L/UI:N/S:U/C:L/I:L/A:H,2021-08-25T14:39:22Z,2.3.4,2021-08-10 21:51:35.142457+00:00,-14.699847888229169,1,BIT-tensorflow-2021-37690;CVE-2021-37690;PYSEC-2021-312;PYSEC-2021-603;PYSEC-2021-801,-14.699847888229169,0
tensorflow/tensorflow,tensorflow,GHSA-3mw4-6rj6-74g5,high,CVSS:3.1/AV:N/AC:L/PR:L/UI:N/S:U/C:N/I:N/A:H,2022-02-09T23:46:46Z,2.5.3,2022-02-02 16:55:58.910924+00:00,-7.285267234675926,1,BIT-tensorflow-2022-21739;CVE-2022-21739;PYSEC-2022-118;PYSEC-2022-63,-7.285267234675926,0
tensorflow/tensorflow,tensorflow,GHSA-3qgw-p4fm-x7gf,medium,CVSS:3.1/AV:L/AC:H/PR:L/UI:N/S:U/C:N/I:N/A:L,2021-05-21T14:27:45Z,2.1.4,2021-06-15 21:01:30.053034+00:00,25.273438113819445,1,BIT-tensorflow-2021-29594;CVE-2021-29594;PYSEC-2021-231;PYSEC-2021-522;PYSEC-2021-720,25.273438113819445,0
tensorflow/tensorflow,tensorflow,GHSA-3qxp-qjq7-w4hf,medium,CVSS:3.1/AV:L/AC:H/PR:L/UI:N/S:U/C:N/I:N/A:L,2021-05-21T14:22:13Z,2.1.4,2021-06-15 21:01:30.053034+00:00,25.27728070641204,1,BIT-tensorflow-2021-29531;CVE-2021-29531;PYSEC-2021-168;PYSEC-2021-459;PYSEC-2021-657,25.27728070641204,0
tensorflow/tensorflow,tensorflow,GHSA-3rcw-9p9x-582v,high,CVSS:3.1/AV:L/AC:H/PR:H/UI:N/S:C/C:H/I:H/A:H,2021-11-10T16:54:02Z,2.5.2,2021-11-01 20:22:54.060837+00:00,-8.85495299957176,1,BIT-tensorflow-2021-41228;CVE-2021-41228;PYSEC-2021-420;PYSEC-2021-637;PYSEC-2021-835,-8.85495299957176,0
tensorflow/tensorflow,tensorflow,GHSA-3w67-q784-6w7c,medium,CVSS:3.1/AV:L/AC:H/PR:L/UI:N/S:U/C:N/I:N/A:L,2021-05-21T14:26:51Z,2.1.4,2021-06-15 21:01:30.053034+00:00,25.274063113819444,1,BIT-tensorflow-2021-29589;CVE-2021-29589;PYSEC-2021-226;PYSEC-2021-517;PYSEC-2021-715,25.274063113819444,0
tensorflow/tensorflow,tensorflow,GHSA-4278-2v5v-65r4,medium,CVSS:3.1/AV:L/AC:H/PR:L/UI:N/S:U/C:N/I:N/A:L,2021-05-21T14:20:40Z,2.3.3,2021-06-15 21:03:30.442786+00:00,25.279750495208337,1,BIT-tensorflow-2021-29512;CVE-2021-29512;PYSEC-2021-149;PYSEC-2021-440;PYSEC-2021-638,25.279750495208337,0
tensorflow/tensorflow,tensorflow,GHSA-428x-9xc2-m8mj,high,CVSS:3.1/AV:N/AC:L/PR:L/UI:N/S:U/C:N/I:N/A:H,2022-02-09T23:47:30Z,2.5.3,2022-02-02 16:55:58.910924+00:00,-7.2857764939351854,1,BIT-tensorflow-2022-21741;CVE-2022-21741;PYSEC-2022-120;PYSEC-2022-65,-7.2857764939351854,0
tensorflow/tensorflow,tensorflow,GHSA-43jf-985q-588j,high,CVSS:3.1/AV:N/AC:L/PR:L/UI:N/S:U/C:N/I:N/A:H,2022-02-09T23:27:08Z,2.5.3,2022-02-02 16:55:58.910924+00:00,-7.271632975416667,1,BIT-tensorflow-2022-23586;CVE-2022-23586;PYSEC-2022-150;PYSEC-2022-95,-7.271632975416667,0
tensorflow/tensorflow,tensorflow,GHSA-43q8-3fv7-pr5x,high,CVSS:3.1/AV:L/AC:H/PR:L/UI:N/S:U/C:H/I:H/A:H,2022-02-09T23:37:55Z,2.5.3,2022-02-02 16:55:58.910924+00:00,-7.279121401342593,1,,-7.279121401342593,0
tensorflow/tensorflow,tensorflow,GHSA-44qp-9wwf-734r,high,CVSS:3.1/AV:N/AC:L/PR:L/UI:N/S:U/C:L/I:L/A:H,2022-02-09T23:47:14Z,2.5.3,2022-02-02 16:55:58.910924+00:00,-7.28559130875,1,BIT-tensorflow-2022-21740;CVE-2022-21740;PYSEC-2022-119;PYSEC-2022-64,-7.28559130875,0
tensorflow/tensorflow,tensorflow,GHSA-452g-f7fp-9jf7,medium,CVSS:3.1/AV:L/AC:H/PR:L/UI:N/S:U/C:N/I:N/A:L,2021-05-21T14:20:46Z,2.1.4,2021-06-15 21:01:30.053034+00:00,25.278287650856484,1,BIT-tensorflow-2021-29513;CVE-2021-29513;PYSEC-2021-150;PYSEC-2021-441;PYSEC-2021-639,25.278287650856484,0
tensorflow/tensorflow,tensorflow,GHSA-49rq-hwc3-x77w,critical,CVSS:3.1/AV:N/AC:L/PR:N/UI:N/S:U/C:N/I:N/A:H,2023-03-24T21:55:32Z,2.11.1,2023-03-20 19:24:21.820332+00:00,-4.104978931342593,1,BIT-tensorflow-2023-25670;CVE-2023-25670,-4.104978931342593,0
tensorflow/tensorflow,tensorflow,GHSA-49rx-x2rw-pc6f,high,CVSS:3.1/AV:L/AC:L/PR:L/UI:N/S:U/C:H/I:N/A:H,2021-11-10T19:04:25Z,2.6.1,2021-11-01 20:30:07.568333+00:00,-8.94047953318287,1,BIT-tensorflow-2021-41205;CVE-2021-41205;PYSEC-2021-398;PYSEC-2021-615;PYSEC-2021-813,-8.94047953318287,0
tensorflow/tensorflow,tensorflow,GHSA-4c4g-crqm-xrxw,medium,CVSS:3.1/AV:L/AC:L/PR:L/UI:N/S:U/C:N/I:L/A:L,2021-08-25T14:40:32Z,2.3.4,2021-08-10 21:51:35.142457+00:00,-14.700658073414353,1,BIT-tensorflow-2021-37682;CVE-2021-37682;PYSEC-2021-304;PYSEC-2021-595;PYSEC-2021-793,-14.700658073414353,0
tensorflow/tensorflow,tensorflow,GHSA-4f99-p9c2-3j8x,high,CVSS:3.1/AV:L/AC:L/PR:L/UI:N/S:U/C:H/I:H/A:H,2021-11-10T18:51:51Z,2.6.1,2021-11-01 20:30:07.568333+00:00,-8.93175268133102,1,BIT-tensorflow-2021-41219;CVE-2021-41219;PYSEC-2021-411;PYSEC-2021-628;PYSEC-2021-826,-8.93175268133102,0
tensorflow/tensorflow,tensorflow,GHSA-4fg4-p75j-w5xj,medium,CVSS:3.1/AV:L/AC:H/PR:L/UI:N/S:U/C:N/I:N/A:L,2021-05-21T14:23:31Z,2.1.4,2021-06-15 21:01:30.053034+00:00,25.27637792863426,1,BIT-tensorflow-2021-29547;CVE-2021-29547;PYSEC-2021-184;PYSEC-2021-475;PYSEC-2021-673,25.27637792863426,0
tensorflow/tensorflow,tensorflow,GHSA-4g9f-63rx-5cw4,high,CVSS:3.1/AV:N/AC:L/PR:N/UI:N/S:U/C:N/I:N/A:L,2020-09-25T18:28:14Z,1.15.4,2020-09-24 18:38:59.375441+00:00,-0.9925303768402778,1,BIT-tensorflow-2020-15190;CVE-2020-15190;PYSEC-2020-113;PYSEC-2020-270;PYSEC-2020-305,-0.9925303768402778,0
tensorflow/tensorflow,tensorflow,GHSA-4hrh-9vmp-2jgg,medium,CVSS:3.1/AV:L/AC:H/PR:L/UI:N/S:U/C:N/I:N/A:L,2021-05-21T14:23:15Z,2.1.4,2021-06-15 21:01:30.053034+00:00,25.27656311381945,1,BIT-tensorflow-2021-29542;CVE-2021-29542;PYSEC-2021-179;PYSEC-2021-470;PYSEC-2021-668,25.27656311381945,0
tensorflow/tensorflow,tensorflow,GHSA-4hvf-hxvg-f67v,critical,CVSS:3.1/AV:N/AC:L/PR:L/UI:N/S:U/C:H/I:H/A:H,2022-02-09T23:53:30Z,2.5.3,2022-02-02 16:55:58.910924+00:00,-7.289943160601852,1,BIT-tensorflow-2022-23560;CVE-2022-23560;PYSEC-2022-124;PYSEC-2022-69,-7.289943160601852,0
tensorflow/tensorflow,tensorflow,GHSA-4hvv-7x94-7vq8,medium,CVSS:3.1/AV:L/AC:H/PR:L/UI:N/S:U/C:N/I:N/A:L,2021-05-21T14:28:47Z,2.1.4,2021-06-15 21:01:30.053034+00:00,25.27272052122685,1,BIT-tensorflow-2021-29616;CVE-2021-29616;PYSEC-2021-253;PYSEC-2021-544;PYSEC-2021-742,25.27272052122685,0
tensorflow/tensorflow,tensorflow,GHSA-4j82-5ccr-4r8v,high,CVSS:3.1/AV:N/AC:L/PR:L/UI:N/S:U/C:N/I:N/A:H,2022-02-10T00:34:01Z,2.5.3,2022-02-02 16:55:58.910924+00:00,-7.318079734675926,1,BIT-tensorflow-2022-23582;CVE-2022-23582;PYSEC-2022-146;PYSEC-2022-91,-7.318079734675926,0
tensorflow/tensorflow,tensorflow,GHSA-4p4p-www8-8fv9,medium,CVSS:3.1/AV:L/AC:H/PR:L/UI:N/S:U/C:N/I:N/A:L,2021-05-21T14:25:19Z,2.1.4,2021-06-15 21:01:30.053034+00:00,25.27512792863426,1,BIT-tensorflow-2021-29568;CVE-2021-29568;PYSEC-2021-205;PYSEC-2021-496;PYSEC-2021-694,25.27512792863426,0
tensorflow/tensorflow,tensorflow,GHSA-4pc4-m9mj-v2r9,critical,CVSS:3.1/AV:N/AC:H/PR:N/UI:N/S:U/C:N/I:N/A:H,2022-09-16T22:20:36Z,2.7.2,2022-05-16 18:54:48.982865+00:00,-123.14290529091436,1,BIT-tensorflow-2022-35972;CVE-2022-35972,-123.14290529091436,0
tensorflow/tensorflow,tensorflow,GHSA-4v5p-v5h9-6xjx,high,CVSS:3.1/AV:N/AC:L/PR:L/UI:N/S:U/C:N/I:N/A:H,2022-02-09T23:49:01Z,2.5.3,2022-02-02 16:55:58.910924+00:00,-7.286829734675926,1,BIT-tensorflow-2022-23565;CVE-2022-23565;PYSEC-2022-129;PYSEC-2022-74,-7.286829734675926,0
tensorflow/tensorflow,tensorflow,GHSA-4vf2-4xcg-65cx,medium,CVSS:3.1/AV:L/AC:H/PR:L/UI:N/S:U/C:N/I:N/A:L,2021-05-21T14:21:55Z,2.1.4,2021-06-15 21:01:30.053034+00:00,25.27748903974537,1,BIT-tensorflow-2021-29526;CVE-2021-29526;PYSEC-2021-163;PYSEC-2021-454;PYSEC-2021-652,25.27748903974537,0
tensorflow/tensorflow,tensorflow,GHSA-4vrf-ff7v-hpgr,medium,CVSS:3.1/AV:L/AC:H/PR:L/UI:N/S:U/C:N/I:N/A:L,2021-05-21T14:27:51Z,2.1.4,2021-06-15 21:01:30.053034+00:00,25.273368669375,1,BIT-tensorflow-2021-29596;CVE-2021-29596;PYSEC-2021-233;PYSEC-2021-524;PYSEC-2021-722,25.273368669375,0
tensorflow/tensorflow,tensorflow,GHSA-4w68-4x85-mjj9,critical,CVSS:3.1/AV:N/AC:H/PR:N/UI:N/S:U/C:N/I:N/A:H,2022-09-16T22:15:49Z,2.7.2,2022-05-16 18:54:48.982865+00:00,-123.13958353165508,1,BIT-tensorflow-2022-35966;CVE-2022-35966,-123.13958353165508,0
tensorflow/tensorflow,tensorflow,GHSA-4xfp-4pfp-89wg,high,CVSS:3.1/AV:L/AC:L/PR:L/UI:N/S:U/C:N/I:H/A:H,2021-08-25T14:42:55Z,2.3.4,2021-08-10 21:51:35.142457+00:00,-14.702313166006943,1,BIT-tensorflow-2021-37656;CVE-2021-37656;PYSEC-2021-278;PYSEC-2021-569;PYSEC-2021-767,-14.702313166006943,0
tensorflow/tensorflow,tensorflow,GHSA-545v-42p7-98fq,medium,CVSS:3.1/AV:L/AC:H/PR:L/UI:N/S:U/C:N/I:N/A:L,2021-05-21T14:25:25Z,2.1.4,2021-06-15 21:01:30.053034+00:00,25.275058484189817,1,BIT-tensorflow-2021-29570;CVE-2021-29570;PYSEC-2021-207;PYSEC-2021-498;PYSEC-2021-696,25.275058484189817,0
tensorflow/tensorflow,tensorflow,GHSA-54ch-gjq5-4976,medium,CVSS:3.1/AV:L/AC:L/PR:L/UI:N/S:U/C:N/I:N/A:H,2022-05-24T22:12:52Z,2.6.4,2022-05-16 18:35:54.612163+00:00,-8.15066421107639,1,BIT-tensorflow-2022-29205;CVE-2022-29205,-8.15066421107639,0
tensorflow/tensorflow,tensorflow,GHSA-54pp-c6pp-7fpx,high,CVSS:3.1/AV:N/AC:H/PR:L/UI:R/S:U/C:N/I:N/A:H,2022-11-21T20:40:55Z,2.8.4,2022-11-16 18:45:38.407286+00:00,-5.0800531564120375,1,BIT-tensorflow-2022-41886;CVE-2022-41886,-5.0800531564120375,0
tensorflow/tensorflow,tensorflow,GHSA-558h-mq8x-7q9g,critical,CVSS:3.1/AV:N/AC:L/PR:N/UI:N/S:U/C:N/I:N/A:H,2023-03-24T21:57:25Z,2.11.1,2023-03-20 19:24:21.820332+00:00,-4.106286801712964,1,BIT-tensorflow-2023-25665;CVE-2023-25665,-4.106286801712964,0
tensorflow/tensorflow,tensorflow,GHSA-57wx-m983-2f88,critical,CVSS:3.1/AV:L/AC:L/PR:N/UI:N/S:C/C:H/I:H/A:H,2021-11-10T19:37:56Z,2.6.1,2021-11-01 20:30:07.568333+00:00,-8.963754996145834,1,BIT-tensorflow-2021-41208;CVE-2021-41208;PYSEC-2021-400;PYSEC-2021-617;PYSEC-2021-815,-8.963754996145834,0
tensorflow/tensorflow,tensorflow,GHSA-5889-7v45-q28m,medium,CVSS:3.1/AV:L/AC:L/PR:L/UI:N/S:U/C:N/I:N/A:H,2022-05-24T22:16:29Z,2.6.4,2022-05-16 18:35:54.612163+00:00,-8.153175785150463,1,BIT-tensorflow-2022-29213;CVE-2022-29213,-8.153175785150463,0
tensorflow/tensorflow,tensorflow,GHSA-59q2-x2qc-4c97,medium,CVSS:3.1/AV:L/AC:H/PR:L/UI:N/S:U/C:N/I:N/A:L,2021-05-21T14:24:54Z,2.1.4,2021-06-15 21:01:30.053034+00:00,25.275417280486117,1,BIT-tensorflow-2021-29559;CVE-2021-29559;PYSEC-2021-196;PYSEC-2021-487;PYSEC-2021-685,25.275417280486117,0
tensorflow/tensorflow,tensorflow,GHSA-5crj-c72x-m7gq,medium,CVSS:3.1/AV:L/AC:L/PR:L/UI:N/S:U/C:N/I:N/A:H,2021-11-10T18:55:11Z,2.6.1,2021-11-01 20:30:07.568333+00:00,-8.934067496145834,1,BIT-tensorflow-2021-41217;CVE-2021-41217;PYSEC-2021-409;PYSEC-2021-626;PYSEC-2021-824,-8.934067496145834,0
tensorflow/tensorflow,tensorflow,GHSA-5f2r-qp73-37mr,high,CVSS:3.1/AV:N/AC:L/PR:L/UI:N/S:U/C:N/I:N/A:H,2022-02-10T00:33:29Z,2.5.3,2022-02-02 16:55:58.910924+00:00,-7.317709364305556,1,BIT-tensorflow-2022-23579;CVE-2022-23579;PYSEC-2022-143;PYSEC-2022-88,-7.317709364305556,0
tensorflow/tensorflow,tensorflow,GHSA-5gqf-456p-4836,medium,CVSS:3.1/AV:L/AC:H/PR:L/UI:N/S:U/C:N/I:N/A:L,2021-05-21T14:25:31Z,2.1.4,2021-06-15 21:01:30.053034+00:00,25.27498903974537,1,BIT-tensorflow-2021-29572;CVE-2021-29572;PYSEC-2021-209;PYSEC-2021-500;PYSEC-2021-698,25.27498903974537,0
tensorflow/tensorflow,tensorflow,GHSA-5hj3-vjjf-f5m7,medium,CVSS:3.1/AV:L/AC:L/PR:L/UI:N/S:U/C:H/I:N/A:N,2021-08-25T14:41:39Z,2.3.4,2021-08-10 21:51:35.142457+00:00,-14.701433536377316,1,BIT-tensorflow-2021-37672;CVE-2021-37672;PYSEC-2021-294;PYSEC-2021-585;PYSEC-2021-783,-14.701433536377316,0
tensorflow/tensorflow,tensorflow,GHSA-5hx2-qx8j-qjqm,medium,CVSS:3.1/AV:L/AC:L/PR:L/UI:N/S:U/C:N/I:N/A:H,2021-11-10T19:33:24Z,2.6.1,2021-11-01 20:30:07.568333+00:00,-8.960606847997687,1,BIT-tensorflow-2021-41199;CVE-2021-41199;PYSEC-2021-392;PYSEC-2021-609;PYSEC-2021-807,-8.960606847997687,0
tensorflow/tensorflow,tensorflow,GHSA-5qw5-89mw-wcg2,critical,CVSS:3.1/AV:N/AC:L/PR:L/UI:N/S:U/C:H/I:H/A:H,2022-02-09T23:55:43Z,2.5.3,2022-02-02 16:55:58.910924+00:00,-7.291482512453704,1,BIT-tensorflow-2022-23566;CVE-2022-23566;PYSEC-2022-130;PYSEC-2022-75,-7.291482512453704,0
tensorflow/tensorflow,tensorflow,GHSA-5v77-j66x-4c4g,medium,CVSS:3.1/AV:L/AC:L/PR:L/UI:N/S:U/C:N/I:N/A:H,2022-05-24T22:07:44Z,2.6.4,2022-05-16 18:35:54.612163+00:00,-8.147099396261574,1,BIT-tensorflow-2022-29196;CVE-2022-29196,-8.147099396261574,0
tensorflow/tensorflow,tensorflow,GHSA-5w96-866f-6rm8,critical,CVSS:3.1/AV:N/AC:L/PR:N/UI:N/S:U/C:N/I:N/A:H,2023-03-24T21:53:39Z,2.11.1,2023-03-20 19:24:21.820332+00:00,-4.103671060972222,1,BIT-tensorflow-2023-27579;CVE-2023-27579,-4.103671060972222,0
tensorflow/tensorflow,tensorflow,GHSA-5wpj-c6f7-24x8,medium,CVSS:3.1/AV:L/AC:L/PR:L/UI:N/S:U/C:N/I:N/A:H,2022-05-24T22:13:59Z,2.6.4,2022-05-16 18:35:54.612163+00:00,-8.151439674039352,1,BIT-tensorflow-2022-29207;CVE-2022-29207,-8.151439674039352,0
tensorflow/tensorflow,tensorflow,GHSA-5xwc-mrhx-5g3m,high,CVSS:3.1/AV:L/AC:L/PR:L/UI:N/S:U/C:N/I:H/A:H,2021-08-25T14:42:52Z,2.3.4,2021-08-10 21:51:35.142457+00:00,-14.702278443784722,1,BIT-tensorflow-2021-37657;CVE-2021-37657;PYSEC-2021-279;PYSEC-2021-570;PYSEC-2021-768,-14.702278443784722,0
tensorflow/tensorflow,tensorflow,GHSA-627q-g293-49q7,high,CVSS:3.1/AV:N/AC:L/PR:L/UI:N/S:U/C:N/I:N/A:H,2022-02-07T22:01:24Z,2.5.3,2022-02-02 16:55:58.910924+00:00,-5.21209593837963,1,BIT-tensorflow-2022-23580;CVE-2022-23580;PYSEC-2022-144;PYSEC-2022-89,-5.21209593837963,0
tensorflow/tensorflow,tensorflow,GHSA-62gx-355r-9fhg,medium,CVSS:3.1/AV:L/AC:H/PR:L/UI:N/S:U/C:N/I:N/A:L,2021-05-21T14:21:05Z,2.1.4,2021-06-15 21:01:30.053034+00:00,25.278067743449075,1,BIT-tensorflow-2021-29518;CVE-2021-29518;PYSEC-2021-155;PYSEC-2021-446;PYSEC-2021-644,25.278067743449075,0
tensorflow/tensorflow,tensorflow,GHSA-63xm-rx5p-xvqr,critical,CVSS:3.1/AV:N/AC:H/PR:L/UI:N/S:C/C:H/I:H/A:H,2020-09-25T18:28:29Z,1.15.4,2020-09-24 18:38:59.375441+00:00,-0.9927039879513888,1,BIT-tensorflow-2020-15195;CVE-2020-15195;PYSEC-2020-118;PYSEC-2020-275;PYSEC-2020-310,-0.9927039879513888,0
tensorflow/tensorflow,tensorflow,GHSA-6445-fm66-fvq2,high,CVSS:3.1/AV:N/AC:L/PR:L/UI:N/S:U/C:N/I:N/A:H,2022-02-09T23:39:11Z,2.5.3,2022-02-02 16:55:58.910924+00:00,-7.2800010309722225,1,BIT-tensorflow-2022-23568;CVE-2022-23568;PYSEC-2022-132;PYSEC-2022-77,-7.2800010309722225,0
tensorflow/tensorflow,tensorflow,GHSA-647v-r7qq-24fh,critical,CVSS:3.1/AV:N/AC:L/PR:N/UI:N/S:U/C:N/I:N/A:H,2023-03-24T21:54:42Z,2.11.1,2023-03-20 19:24:21.820332+00:00,-4.104400227638889,1,BIT-tensorflow-2023-25673;CVE-2023-25673,-4.104400227638889,0
tensorflow/tensorflow,tensorflow,GHSA-64jg-wjww-7c5w,critical,CVSS:3.1/AV:N/AC:L/PR:N/UI:N/S:U/C:N/I:N/A:H,2023-03-24T21:58:15Z,2.11.1,2023-03-20 19:24:21.820332+00:00,-4.106865505416667,1,BIT-tensorflow-2023-25663;CVE-2023-25663,-4.106865505416667,0
tensorflow/tensorflow,tensorflow,GHSA-66vq-54fq-6jvv,high,CVSS:3.1/AV:N/AC:H/PR:L/UI:R/S:U/C:N/I:N/A:H,2022-11-21T20:42:18Z,2.8.4,2022-11-16 18:45:38.407286+00:00,-5.081013804560185,1,BIT-tensorflow-2022-41891;CVE-2022-41891,-5.081013804560185,0
tensorflow/tensorflow,tensorflow,GHSA-67pf-62xr-q35m,high,CVSS:3.1/AV:N/AC:H/PR:L/UI:R/S:U/C:N/I:N/A:H,2022-11-21T20:42:39Z,2.8.4,2022-11-16 18:45:38.407286+00:00,-5.081256860115741,1,BIT-tensorflow-2022-41893;CVE-2022-41893,-5.081256860115741,0
tensorflow/tensorflow,tensorflow,GHSA-689c-r7h2-fv9v,critical,CVSS:3.1/AV:N/AC:H/PR:N/UI:N/S:U/C:N/I:N/A:H,2022-09-16T22:22:27Z,2.7.2,2022-05-16 18:54:48.982865+00:00,-123.14419001313657,1,BIT-tensorflow-2022-35973;CVE-2022-35973,-123.14419001313657,0
tensorflow/tensorflow,tensorflow,GHSA-68v3-g9cm-rmm6,critical,CVSS:3.1/AV:N/AC:L/PR:N/UI:N/S:U/C:N/I:N/A:H,2023-03-24T21:53:25Z,2.11.1,2023-03-20 19:24:21.820332+00:00,-4.103509023935185,1,BIT-tensorflow-2023-25658;CVE-2023-25658,-4.103509023935185,0
tensorflow/tensorflow,tensorflow,GHSA-6f84-42vf-ppwp,medium,CVSS:3.1/AV:L/AC:H/PR:L/UI:N/S:U/C:N/I:N/A:L,2021-05-21T14:22:02Z,2.1.4,2021-06-15 21:01:30.053034+00:00,25.27740802122685,1,BIT-tensorflow-2021-29528;CVE-2021-29528;PYSEC-2021-165;PYSEC-2021-456;PYSEC-2021-654,25.27740802122685,0
tensorflow/tensorflow,tensorflow,GHSA-6f89-8j54-29xf,medium,CVSS:3.1/AV:L/AC:H/PR:L/UI:N/S:U/C:N/I:N/A:L,2021-05-21T14:26:21Z,2.1.4,2021-06-15 21:01:30.053034+00:00,25.27441033604167,1,BIT-tensorflow-2021-29578;CVE-2021-29578;PYSEC-2021-215;PYSEC-2021-506;PYSEC-2021-704,25.27441033604167,0
tensorflow/tensorflow,tensorflow,GHSA-6g85-3hm8-83f9,medium,CVSS:3.1/AV:L/AC:H/PR:L/UI:N/S:U/C:N/I:N/A:L,2021-05-21T14:23:22Z,2.4.2,2021-06-15 21:03:59.541565+00:00,25.278212286631945,1,BIT-tensorflow-2021-29544;CVE-2021-29544;PYSEC-2021-181;PYSEC-2021-472;PYSEC-2021-670,25.278212286631945,0
tensorflow/tensorflow,tensorflow,GHSA-6gmv-pjp9-p8w8,critical,CVSS:3.1/AV:N/AC:L/PR:L/UI:N/S:U/C:H/I:N/A:H,2022-02-09T18:29:24Z,2.5.3,2022-02-02 16:55:58.910924+00:00,-7.064873716157408,1,BIT-tensorflow-2022-21728;CVE-2022-21728;PYSEC-2022-107;PYSEC-2022-52,-7.064873716157408,0
tensorflow/tensorflow,tensorflow,GHSA-6gv8-p3vj-pxvr,high,CVSS:3.1/AV:L/AC:L/PR:N/UI:N/S:U/C:N/I:H/A:H,2021-08-25T14:43:27Z,2.3.4,2021-08-10 21:51:35.142457+00:00,-14.702683536377316,1,BIT-tensorflow-2021-37649;CVE-2021-37649;PYSEC-2021-271;PYSEC-2021-562;PYSEC-2021-760,-14.702683536377316,0
tensorflow/tensorflow,tensorflow,GHSA-6hg6-5c2q-7rcr,critical,CVSS:3.1/AV:N/AC:L/PR:N/UI:N/S:U/C:N/I:N/A:H,2023-03-24T21:58:04Z,2.11.1,2023-03-20 19:24:21.820332+00:00,-4.1067381906018525,1,BIT-tensorflow-2023-25664;CVE-2023-25664,-4.1067381906018525,0
tensorflow/tensorflow,tensorflow,GHSA-6hpv-v2rx-c5g6,medium,CVSS:3.1/AV:L/AC:L/PR:L/UI:N/S:U/C:N/I:N/A:H,2021-11-10T19:02:17Z,2.6.1,2021-11-01 20:30:07.568333+00:00,-8.93899805170139,1,BIT-tensorflow-2021-41209;CVE-2021-41209;PYSEC-2021-401;PYSEC-2021-618;PYSEC-2021-816,-8.93899805170139,0
tensorflow/tensorflow,tensorflow,GHSA-6j9c-grc6-5m6g,medium,CVSS:3.1/AV:L/AC:H/PR:L/UI:N/S:U/C:N/I:N/A:L,2021-05-21T14:22:24Z,2.1.4,2021-06-15 21:01:30.053034+00:00,25.277153391597224,1,BIT-tensorflow-2021-29534;CVE-2021-29534;PYSEC-2021-171;PYSEC-2021-462;PYSEC-2021-660,25.277153391597224,0
tensorflow/tensorflow,tensorflow,GHSA-6p5r-g9mq-ggh2,high,CVSS:3.1/AV:L/AC:L/PR:L/UI:N/S:U/C:N/I:H/A:H,2021-08-25T14:42:49Z,2.3.4,2021-08-10 21:51:35.142457+00:00,-14.7022437215625,1,BIT-tensorflow-2021-37658;CVE-2021-37658;PYSEC-2021-280;PYSEC-2021-571;PYSEC-2021-769,-14.7022437215625,0
tensorflow/tensorflow,tensorflow,GHSA-6qgm-fv6v-rfpv,medium,CVSS:3.1/AV:L/AC:H/PR:L/UI:N/S:U/C:N/I:N/A:L,2021-05-21T14:26:13Z,2.1.4,2021-06-15 21:01:30.053034+00:00,25.27450292863426,1,BIT-tensorflow-2021-29575;CVE-2021-29575;PYSEC-2021-212;PYSEC-2021-503;PYSEC-2021-701,25.27450292863426,0
tensorflow/tensorflow,tensorflow,GHSA-6wfh-89q8-44jq,critical,CVSS:3.1/AV:N/AC:L/PR:N/UI:N/S:U/C:N/I:N/A:H,2023-03-24T21:54:04Z,2.11.1,2023-03-20 19:24:21.820332+00:00,-4.103960412824074,1,BIT-tensorflow-2023-25676;CVE-2023-25676,-4.103960412824074,0
tensorflow/tensorflow,tensorflow,GHSA-6x99-gv2v-q76v,high,CVSS:3.1/AV:N/AC:H/PR:L/UI:R/S:U/C:N/I:N/A:H,2022-11-21T20:41:45Z,2.8.4,2022-11-16 18:45:38.407286+00:00,-5.080631860115741,1,BIT-tensorflow-2022-41888;CVE-2022-41888,-5.080631860115741,0
tensorflow/tensorflow,tensorflow,GHSA-75c9-jrh4-79mc,high,CVSS:3.1/AV:L/AC:L/PR:L/UI:N/S:U/C:H/I:H/A:H,2022-05-24T22:16:48Z,2.6.4,2022-05-16 18:35:54.612163+00:00,-8.15339569255787,1,BIT-tensorflow-2022-29216;CVE-2022-29216,-8.15339569255787,0
tensorflow/tensorflow,tensorflow,GHSA-75f6-78jr-4656,medium,CVSS:3.1/AV:L/AC:H/PR:L/UI:N/S:U/C:N/I:N/A:L,2021-05-21T14:25:08Z,2.1.4,2021-06-15 21:01:30.053034+00:00,25.275255243449077,1,BIT-tensorflow-2021-29564;CVE-2021-29564;PYSEC-2021-201;PYSEC-2021-492;PYSEC-2021-690,25.275255243449077,0
tensorflow/tensorflow,tensorflow,GHSA-762h-vpvw-3rcx,high,CVSS:3.1/AV:N/AC:H/PR:L/UI:R/S:U/C:N/I:N/A:H,2022-11-21T20:40:42Z,2.7.4,2022-09-02 19:06:20.764179+00:00,-80.06552356274305,1,BIT-tensorflow-2022-41885;CVE-2022-41885,-80.06552356274305,0
tensorflow/tensorflow,tensorflow,GHSA-772j-h9xw-ffp5,medium,CVSS:3.1/AV:L/AC:H/PR:L/UI:N/S:U/C:N/I:N/A:L,2021-05-21T14:21:08Z,2.1.4,2021-06-15 21:01:30.053034+00:00,25.27803302122685,1,BIT-tensorflow-2021-29519;CVE-2021-29519;PYSEC-2021-156;PYSEC-2021-447;PYSEC-2021-645,25.27803302122685,0
tensorflow/tensorflow,tensorflow,GHSA-772p-x54p-hjrv,medium,CVSS:3.1/AV:L/AC:H/PR:L/UI:N/S:U/C:N/I:N/A:L,2021-05-21T14:21:01Z,2.1.4,2021-06-15 21:01:30.053034+00:00,25.27811403974537,1,BIT-tensorflow-2021-29517;CVE-2021-29517;PYSEC-2021-154;PYSEC-2021-445;PYSEC-2021-643,25.27811403974537,0
tensorflow/tensorflow,tensorflow,GHSA-77gp-3h4r-6428,critical,CVSS:3.1/AV:N/AC:L/PR:L/UI:N/S:U/C:H/I:H/A:H,2022-02-09T23:25:40Z,2.5.3,2022-02-02 16:55:58.910924+00:00,-7.270614456898149,1,BIT-tensorflow-2022-23574;CVE-2022-23574;PYSEC-2022-138;PYSEC-2022-83,-7.270614456898149,0
tensorflow/tensorflow,tensorflow,GHSA-786j-5qwq-r36x,medium,CVSS:3.1/AV:L/AC:L/PR:L/UI:N/S:U/C:N/I:N/A:H,2021-11-10T19:12:14Z,2.6.1,2021-11-01 20:30:07.568333+00:00,-8.945907773923611,1,BIT-tensorflow-2021-41204;CVE-2021-41204;PYSEC-2021-397;PYSEC-2021-614;PYSEC-2021-812,-8.945907773923611,0
tensorflow/tensorflow,tensorflow,GHSA-79fv-9865-4qcv,medium,CVSS:3.1/AV:L/AC:H/PR:L/UI:N/S:U/C:N/I:N/A:L,2021-05-21T14:26:23Z,2.1.4,2021-06-15 21:01:30.053034+00:00,25.27438718789352,1,BIT-tensorflow-2021-29579;CVE-2021-29579;PYSEC-2021-216;PYSEC-2021-507;PYSEC-2021-705,25.27438718789352,0
tensorflow/tensorflow,tensorflow,GHSA-79h2-q768-fpxr,critical,CVSS:3.1/AV:N/AC:H/PR:N/UI:N/S:U/C:N/I:N/A:H,2022-09-16T21:06:31Z,2.7.2,2022-05-16 18:54:48.982865+00:00,-123.09145853165508,1,BIT-tensorflow-2022-36027;CVE-2022-36027,-123.09145853165508,0
tensorflow/tensorflow,tensorflow,GHSA-7cqx-92hp-x6wh,medium,CVSS:3.1/AV:L/AC:H/PR:L/UI:N/S:U/C:N/I:N/A:L,2021-05-21T14:26:16Z,2.1.4,2021-06-15 21:01:30.053034+00:00,25.27446820641204,1,BIT-tensorflow-2021-29576;CVE-2021-29576;PYSEC-2021-213;PYSEC-2021-504;PYSEC-2021-702,25.27446820641204,0
tensorflow/tensorflow,tensorflow,GHSA-7fvx-3jfc-2cpc,high,CVSS:3.1/AV:L/AC:L/PR:L/UI:N/S:U/C:H/I:L/A:H,2021-08-25T14:42:58Z,2.3.4,2021-08-10 21:51:35.142457+00:00,-14.702347888229166,1,BIT-tensorflow-2021-37655;CVE-2021-37655;PYSEC-2021-277;PYSEC-2021-568;PYSEC-2021-766,-14.702347888229166,0
tensorflow/tensorflow,tensorflow,GHSA-7ghq-fvr3-pj2x,medium,CVSS:3.1/AV:L/AC:L/PR:L/UI:N/S:U/C:N/I:N/A:H,2021-08-25T14:41:33Z,2.3.4,2021-08-10 21:51:35.142457+00:00,-14.70136409193287,1,BIT-tensorflow-2021-37674;CVE-2021-37674;PYSEC-2021-296;PYSEC-2021-587;PYSEC-2021-785,-14.70136409193287,0
tensorflow/tensorflow,tensorflow,GHSA-7j3m-8g3c-9qqq,critical,CVSS:3.1/AV:N/AC:H/PR:N/UI:N/S:U/C:N/I:N/A:H,2022-09-16T21:20:58Z,2.7.2,2022-05-16 18:54:48.982865+00:00,-123.10149325387732,1,BIT-tensorflow-2022-36014;CVE-2022-36014,-123.10149325387732,0
tensorflow/tensorflow,tensorflow,GHSA-7jvm-xxmr-v5cw,critical,CVSS:3.1/AV:N/AC:L/PR:N/UI:N/S:U/C:N/I:N/A:H,2023-03-24T21:58:31Z,2.11.1,2023-03-20 19:24:21.820332+00:00,-4.107050690601852,1,BIT-tensorflow-2023-25662;CVE-2023-25662,-4.107050690601852,0
tensorflow/tensorflow,tensorflow,GHSA-7pxj-m4jf-r6h2,high,CVSS:3.1/AV:L/AC:L/PR:L/UI:N/S:U/C:H/I:H/A:H,2021-11-10T19:12:46Z,2.6.1,2021-11-01 20:30:07.568333+00:00,-8.946278144293982,1,BIT-tensorflow-2021-41203;CVE-2021-41203;PYSEC-2021-396;PYSEC-2021-613;PYSEC-2021-811,-8.946278144293982,0
tensorflow/tensorflow,tensorflow,GHSA-7r94-xv9v-63jw,medium,CVSS:3.1/AV:L/AC:L/PR:L/UI:N/S:U/C:N/I:N/A:H,2021-11-10T18:44:11Z,2.6.1,2021-11-01 20:30:07.568333+00:00,-8.926428607256945,1,BIT-tensorflow-2021-41225;CVE-2021-41225;PYSEC-2021-417;PYSEC-2021-634;PYSEC-2021-832,-8.926428607256945,0
tensorflow/tensorflow,tensorflow,GHSA-7v94-64hj-m82h,medium,CVSS:3.1/AV:L/AC:L/PR:L/UI:N/S:U/C:N/I:N/A:H,2021-11-10T19:02:57Z,2.6.1,2021-11-01 20:30:07.568333+00:00,-8.939461014664353,1,BIT-tensorflow-2021-41207;CVE-2021-41207;PYSEC-2021-399;PYSEC-2021-616;PYSEC-2021-814,-8.939461014664353,0
tensorflow/tensorflow,tensorflow,GHSA-7x4v-9gxg-9hwj,critical,CVSS:3.1/AV:N/AC:L/PR:N/UI:N/S:U/C:N/I:N/A:H,2023-03-24T21:54:18Z,2.11.1,2023-03-20 19:24:21.820332+00:00,-4.104122449861111,1,BIT-tensorflow-2023-25675;CVE-2023-25675,-4.104122449861111,0
tensorflow/tensorflow,tensorflow,GHSA-7xwj-5r4v-429p,high,CVSS:3.1/AV:L/AC:L/PR:L/UI:N/S:U/C:H/I:H/A:H,2021-08-25T14:40:35Z,2.3.4,2021-08-10 21:51:35.142457+00:00,-14.700692795636574,1,BIT-tensorflow-2021-37681;CVE-2021-37681;PYSEC-2021-303;PYSEC-2021-594;PYSEC-2021-792,-14.700692795636574,0
tensorflow/tensorflow,tensorflow,GHSA-828c-5j5q-vrjq,critical,CVSS:3.1/AV:N/AC:H/PR:N/UI:N/S:U/C:N/I:N/A:H,2022-09-16T22:01:12Z,2.7.2,2022-05-16 18:54:48.982865+00:00,-123.12943306869212,1,BIT-tensorflow-2022-36013;CVE-2022-36013,-123.12943306869212,0
tensorflow/tensorflow,tensorflow,GHSA-828x-qc2p-wprq,medium,CVSS:3.1/AV:L/AC:H/PR:L/UI:N/S:U/C:N/I:N/A:L,2021-05-21T14:26:10Z,2.1.4,2021-06-15 21:01:30.053034+00:00,25.274537650856484,1,BIT-tensorflow-2021-29574;CVE-2021-29574;PYSEC-2021-211;PYSEC-2021-502;PYSEC-2021-700,25.274537650856484,0
tensorflow/tensorflow,tensorflow,GHSA-844w-j86r-4x2j,medium,CVSS:3.1/AV:N/AC:H/PR:L/UI:R/S:U/C:N/I:N/A:L,2019-12-16T20:17:10Z,1.15.0,2019-10-16 17:28:36.285360+00:00,-61.11705688240741,1,CVE-2019-16778;PYSEC-2019-209;PYSEC-2019-227;PYSEC-2019-234,-61.11705688240741,0
tensorflow/tensorflow,tensorflow,GHSA-84jm-4cf3-9jfm,critical,CVSS:3.1/AV:N/AC:H/PR:N/UI:N/S:U/C:N/I:N/A:H,2022-09-16T22:13:23Z,2.7.2,2022-05-16 18:54:48.982865+00:00,-123.13789371684028,1,BIT-tensorflow-2022-35963;CVE-2022-35963,-123.13789371684028,0
tensorflow/tensorflow,tensorflow,GHSA-84mw-34w6-2q43,medium,CVSS:3.1/AV:L/AC:H/PR:L/UI:N/S:U/C:N/I:N/A:L,2021-05-21T14:20:58Z,2.1.4,2021-06-15 21:01:30.053034+00:00,25.278148761967596,1,BIT-tensorflow-2021-29516;CVE-2021-29516;PYSEC-2021-153;PYSEC-2021-444;PYSEC-2021-642,25.278148761967596,0
tensorflow/tensorflow,tensorflow,GHSA-87v6-crgm-2gfj,high,CVSS:3.1/AV:N/AC:L/PR:L/UI:N/S:U/C:N/I:N/A:H,2022-02-10T00:21:32Z,2.5.3,2022-02-02 16:55:58.910924+00:00,-7.309410753194445,1,BIT-tensorflow-2022-21735;CVE-2022-21735;PYSEC-2022-114;PYSEC-2022-59,-7.309410753194445,0
tensorflow/tensorflow,tensorflow,GHSA-8c89-2vwr-chcq,medium,CVSS:3.1/AV:L/AC:H/PR:L/UI:N/S:U/C:N/I:N/A:L,2021-05-21T14:22:35Z,2.1.4,2021-06-15 21:01:30.053034+00:00,25.27702607678241,1,BIT-tensorflow-2021-29537;CVE-2021-29537;PYSEC-2021-174;PYSEC-2021-465;PYSEC-2021-663,25.27702607678241,0
tensorflow/tensorflow,tensorflow,GHSA-8cxv-76p7-jxwr,high,CVSS:3.1/AV:N/AC:L/PR:L/UI:N/S:U/C:N/I:N/A:H,2022-02-10T00:32:29Z,2.5.3,2022-02-02 16:55:58.910924+00:00,-7.317014919861111,1,BIT-tensorflow-2022-23577;CVE-2022-23577;PYSEC-2022-141;PYSEC-2022-86,-7.317014919861111,0
tensorflow/tensorflow,tensorflow,GHSA-8fvv-46hw-vpg3,high,CVSS:3.1/AV:N/AC:H/PR:L/UI:R/S:U/C:N/I:N/A:H,2022-11-21T20:41:35Z,2.9.3,2022-11-16 19:25:34.297781+00:00,-5.052785905312501,1,BIT-tensorflow-2022-41887;CVE-2022-41887,-5.052785905312501,0
tensorflow/tensorflow,tensorflow,GHSA-8fxw-76px-3rxv,high,CVSS:3.1/AV:N/AC:L/PR:L/UI:N/S:U/C:N/I:N/A:L,2020-09-25T18:28:17Z,2.2.1,2020-09-24 19:03:23.545007+00:00,-0.9756186920486112,1,BIT-tensorflow-2020-15192;CVE-2020-15192;PYSEC-2020-115;PYSEC-2020-272;PYSEC-2020-307,-0.9756186920486112,0
tensorflow/tensorflow,tensorflow,GHSA-8gv3-57p6-g35r,medium,CVSS:3.1/AV:L/AC:H/PR:L/UI:N/S:U/C:N/I:N/A:L,2021-05-21T14:24:57Z,2.1.4,2021-06-15 21:01:30.053034+00:00,25.27538255826389,1,BIT-tensorflow-2021-29560;CVE-2021-29560;PYSEC-2021-197;PYSEC-2021-488;PYSEC-2021-686,25.27538255826389,0
tensorflow/tensorflow,tensorflow,GHSA-8h46-5m9h-7553,medium,CVSS:3.1/AV:L/AC:H/PR:L/UI:N/S:U/C:N/I:N/A:L,2021-05-21T14:20:51Z,2.3.3,2021-06-15 21:03:30.442786+00:00,25.27962318039352,1,BIT-tensorflow-2021-29514;CVE-2021-29514;PYSEC-2021-151;PYSEC-2021-442;PYSEC-2021-640,25.27962318039352,0
tensorflow/tensorflow,tensorflow,GHSA-8jj7-5vxc-pg2q,critical,CVSS:3.1/AV:N/AC:L/PR:L/UI:N/S:U/C:H/I:H/A:H,2022-02-09T23:27:49Z,2.5.3,2022-02-02 16:55:58.910924+00:00,-7.272107512453704,1,BIT-tensorflow-2022-23587;CVE-2022-23587;PYSEC-2022-151;PYSEC-2022-96,-7.272107512453704,0
tensorflow/tensorflow,tensorflow,GHSA-8pmx-p244-g88h,high,CVSS:3.1/AV:L/AC:L/PR:L/UI:N/S:U/C:N/I:H/A:H,2021-05-21T14:28:42Z,2.1.4,2021-06-15 21:01:30.053034+00:00,25.272778391597225,1,BIT-tensorflow-2021-29614;CVE-2021-29614;PYSEC-2021-251;PYSEC-2021-542;PYSEC-2021-740,25.272778391597225,0
tensorflow/tensorflow,tensorflow,GHSA-8r7c-3cm2-3h8f,high,CVSS:3.1/AV:N/AC:L/PR:L/UI:N/S:U/C:N/I:N/A:L,2022-02-10T00:33:13Z,2.5.3,2022-02-02 16:55:58.910924+00:00,-7.317524179120371,1,BIT-tensorflow-2022-23578;CVE-2022-23578;PYSEC-2022-142;PYSEC-2022-87,-7.317524179120371,0
tensorflow/tensorflow,tensorflow,GHSA-8rcj-c8pj-v3m3,high,CVSS:3.1/AV:N/AC:L/PR:L/UI:N/S:U/C:N/I:N/A:H,2022-02-09T23:55:28Z,2.5.3,2022-02-02 16:55:58.910924+00:00,-7.291308901342593,1,BIT-tensorflow-2022-23564;CVE-2022-23564;PYSEC-2022-128;PYSEC-2022-73,-7.291308901342593,0
tensorflow/tensorflow,tensorflow,GHSA-8rm6-75mf-7r7r,medium,CVSS:3.1/AV:L/AC:H/PR:L/UI:N/S:U/C:N/I:N/A:L,2021-05-21T14:28:19Z,2.1.4,2021-06-15 21:01:30.053034+00:00,25.273044595300927,1,BIT-tensorflow-2021-29604;CVE-2021-29604;PYSEC-2021-241;PYSEC-2021-532;PYSEC-2021-730,25.273044595300927,0
tensorflow/tensorflow,tensorflow,GHSA-8w5g-3wcv-9g2j,high,CVSS:3.1/AV:N/AC:L/PR:L/UI:R/S:U/C:L/I:L/A:H,2022-11-22T00:10:10Z,2.10.1,2022-11-16 20:05:06.684815+00:00,-5.170177259085649,1,BIT-tensorflow-2022-41880;CVE-2022-41880,-5.170177259085649,0
tensorflow/tensorflow,tensorflow,GHSA-8wwm-6264-x792,medium,CVSS:3.1/AV:L/AC:L/PR:L/UI:N/S:U/C:N/I:N/A:H,2022-05-24T22:16:08Z,2.6.4,2022-05-16 18:35:54.612163+00:00,-8.152932729594907,1,BIT-tensorflow-2022-29212;CVE-2022-29212,-8.152932729594907,0
tensorflow/tensorflow,tensorflow,GHSA-93vr-9q9m-pj8p,critical,CVSS:3.1/AV:N/AC:L/PR:N/UI:N/S:U/C:N/I:N/A:H,2023-03-24T21:58:53Z,2.11.1,2023-03-20 19:24:21.820332+00:00,-4.1073053202314815,1,BIT-tensorflow-2023-25659;CVE-2023-25659,-4.1073053202314815,0
tensorflow/tensorflow,tensorflow,GHSA-94mm-g2mv-8p7r,critical,CVSS:3.1/AV:N/AC:L/PR:N/UI:N/S:U/C:N/I:N/A:H,2023-03-24T21:54:55Z,2.11.1,2023-03-20 19:24:21.820332+00:00,-4.104550690601852,1,BIT-tensorflow-2023-25672;CVE-2023-25672,-4.104550690601852,0
tensorflow/tensorflow,tensorflow,GHSA-95xm-g58g-3p88,medium,CVSS:3.1/AV:L/AC:L/PR:L/UI:N/S:U/C:N/I:N/A:H,2021-08-25T14:44:02Z,2.3.4,2021-08-10 21:51:35.142457+00:00,-14.703088628969908,1,BIT-tensorflow-2021-37640;CVE-2021-37640;PYSEC-2021-262;PYSEC-2021-553;PYSEC-2021-751,-14.703088628969908,0
tensorflow/tensorflow,tensorflow,GHSA-9697-98pf-4rw7,medium,CVSS:3.1/AV:L/AC:L/PR:L/UI:N/S:U/C:H/I:N/A:N,2021-08-25T14:41:44Z,2.3.4,2021-08-10 21:51:35.142457+00:00,-14.701491406747683,1,BIT-tensorflow-2021-37670;CVE-2021-37670;PYSEC-2021-292;PYSEC-2021-583;PYSEC-2021-781,-14.701491406747683,0
tensorflow/tensorflow,tensorflow,GHSA-977j-xj7q-2jr9,medium,CVSS:3.1/AV:L/AC:H/PR:L/UI:R/S:C/C:L/I:L/A:L,2020-01-28T21:32:29Z,1.15.2,2020-01-26 16:08:24.552455+00:00,-2.225051476215278,1,BIT-tensorflow-2020-5215;CVE-2020-5215;PYSEC-2020-258;PYSEC-2020-303;PYSEC-2020-338,-2.225051476215278,0
tensorflow/tensorflow,tensorflow,GHSA-97p7-w86h-vcf9,critical,CVSS:3.1/AV:N/AC:H/PR:N/UI:N/S:U/C:N/I:N/A:H,2022-09-16T20:51:55Z,2.7.2,2022-05-16 18:54:48.982865+00:00,-123.0813196427662,1,BIT-tensorflow-2022-35935;CVE-2022-35935,-123.0813196427662,0
tensorflow/tensorflow,tensorflow,GHSA-97wf-p777-86jq,medium,CVSS:3.1/AV:L/AC:H/PR:L/UI:N/S:U/C:N/I:N/A:L,2021-05-21T14:28:01Z,2.1.4,2021-06-15 21:01:30.053034+00:00,25.27325292863426,1,BIT-tensorflow-2021-29599;CVE-2021-29599;PYSEC-2021-236;PYSEC-2021-527;PYSEC-2021-725,25.27325292863426,0
tensorflow/tensorflow,tensorflow,GHSA-98j8-c9q4-r38g,high,CVSS:3.1/AV:N/AC:L/PR:L/UI:N/S:U/C:N/I:N/A:L,2022-02-10T00:20:51Z,2.5.3,2022-02-02 16:55:58.910924+00:00,-7.308936216157408,1,BIT-tensorflow-2022-21733;CVE-2022-21733;PYSEC-2022-112;PYSEC-2022-57,-7.308936216157408,0
tensorflow/tensorflow,tensorflow,GHSA-98p5-x8x4-c9m5,critical,CVSS:3.1/AV:N/AC:L/PR:L/UI:N/S:U/C:H/I:H/A:H,2022-02-09T23:52:51Z,2.5.3,2022-02-02 16:55:58.910924+00:00,-7.289491771712964,1,BIT-tensorflow-2022-23559;CVE-2022-23559;PYSEC-2022-123;PYSEC-2022-68,-7.289491771712964,0
tensorflow/tensorflow,tensorflow,GHSA-9942-r22v-78cp,critical,CVSS:3.1/AV:N/AC:H/PR:N/UI:N/S:U/C:N/I:N/A:H,2022-09-16T22:29:52Z,2.7.2,2022-05-16 18:54:48.982865+00:00,-123.14934047609954,1,BIT-tensorflow-2022-35985;CVE-2022-35985,-123.14934047609954,0
tensorflow/tensorflow,tensorflow,GHSA-9c78-vcq7-7vxq,critical,CVSS:3.1/AV:N/AC:L/PR:L/UI:N/S:U/C:H/I:H/A:H,2022-02-09T23:53:47Z,2.5.3,2022-02-02 16:55:58.910924+00:00,-7.290139919861112,1,BIT-tensorflow-2022-23561;CVE-2022-23561;PYSEC-2022-125;PYSEC-2022-70,-7.290139919861112,0
tensorflow/tensorflow,tensorflow,GHSA-9c84-4hx6-xmm4,high,CVSS:3.1/AV:L/AC:H/PR:L/UI:N/S:U/C:N/I:H/A:H,2021-05-21T14:28:08Z,2.1.4,2021-06-15 21:01:30.053034+00:00,25.273171910115742,1,BIT-tensorflow-2021-29601;CVE-2021-29601;PYSEC-2021-238;PYSEC-2021-529;PYSEC-2021-727,25.273171910115742,0
tensorflow/tensorflow,tensorflow,GHSA-9c8h-2mv3-49ww,medium,CVSS:3.1/AV:L/AC:L/PR:L/UI:N/S:U/C:N/I:N/A:H,2021-08-25T14:41:29Z,2.3.4,2021-08-10 21:51:35.142457+00:00,-14.701317795636577,1,BIT-tensorflow-2021-37675;CVE-2021-37675;PYSEC-2021-297;PYSEC-2021-588;PYSEC-2021-786,-14.701317795636577,0
tensorflow/tensorflow,tensorflow,GHSA-9c8h-vvrj-w2p8,high,CVSS:3.1/AV:L/AC:L/PR:L/UI:N/S:U/C:H/I:N/A:H,2021-08-25T14:43:59Z,2.3.4,2021-08-10 21:51:35.142457+00:00,-14.703053906747686,1,BIT-tensorflow-2021-37641;CVE-2021-37641;PYSEC-2021-263;PYSEC-2021-554;PYSEC-2021-752,-14.703053906747686,0
tensorflow/tensorflow,tensorflow,GHSA-9cr2-8pwr-fhfq,critical,CVSS:3.1/AV:N/AC:H/PR:N/UI:N/S:U/C:N/I:N/A:H,2022-09-16T21:15:36Z,2.7.2,2022-05-16 18:54:48.982865+00:00,-123.09776640202546,1,BIT-tensorflow-2022-36026;CVE-2022-36026,-123.09776640202546,0
tensorflow/tensorflow,tensorflow,GHSA-9crf-c6qr-r273,medium,CVSS:3.1/AV:L/AC:L/PR:L/UI:N/S:U/C:N/I:N/A:H,2021-11-10T18:52:24Z,2.6.1,2021-11-01 20:30:07.568333+00:00,-8.932134625775463,1,BIT-tensorflow-2021-41218;CVE-2021-41218;PYSEC-2021-410;PYSEC-2021-627;PYSEC-2021-825,-8.932134625775463,0
tensorflow/tensorflow,tensorflow,GHSA-9fpg-838v-wpv7,critical,CVSS:3.1/AV:N/AC:H/PR:N/UI:N/S:U/C:N/I:N/A:H,2022-09-16T22:20:09Z,2.7.2,2022-05-16 18:54:48.982865+00:00,-123.14259279091436,1,BIT-tensorflow-2022-35971;CVE-2022-35971,-123.14259279091436,0
tensorflow/tensorflow,tensorflow,GHSA-9gwq-6cwj-47h3,high,CVSS:3.1/AV:N/AC:L/PR:L/UI:N/S:U/C:L/I:L/A:H,2022-02-09T23:52:24Z,2.5.3,2022-02-02 16:55:58.910924+00:00,-7.289179271712963,1,BIT-tensorflow-2022-23558;CVE-2022-23558;PYSEC-2022-122;PYSEC-2022-67,-7.289179271712963,0
tensorflow/tensorflow,tensorflow,GHSA-9j4v-pp28-mxv7,critical,CVSS:3.1/AV:N/AC:H/PR:N/UI:N/S:U/C:N/I:N/A:H,2022-09-16T21:13:43Z,2.7.2,2022-05-16 18:54:48.982865+00:00,-123.09645853165507,1,BIT-tensorflow-2022-36019;CVE-2022-36019,-123.09645853165507,0
tensorflow/tensorflow,tensorflow,GHSA-9jjw-hf72-3mxw,critical,CVSS:3.1/AV:N/AC:L/PR:N/UI:N/S:U/C:H/I:N/A:H,2022-10-07T07:22:33Z,2.4.0,2020-12-14 17:58:05.761538+00:00,-661.5586485933102,1,BIT-tensorflow-2020-26269;CVE-2020-26269;PYSEC-2020-141;PYSEC-2020-300;PYSEC-2020-335,-661.5586485933102,0
tensorflow/tensorflow,tensorflow,GHSA-9mqp-7v2h-2382,high,CVSS:3.1/AV:N/AC:L/PR:N/UI:N/S:U/C:N/I:N/A:L,2020-09-25T18:28:19Z,1.15.4,2020-09-24 18:38:59.375441+00:00,-0.9925882472106482,1,BIT-tensorflow-2020-15194;CVE-2020-15194;PYSEC-2020-117;PYSEC-2020-274;PYSEC-2020-309,-0.9925882472106482,0
tensorflow/tensorflow,tensorflow,GHSA-9p77-mmrw-69c7,high,CVSS:3.1/AV:N/AC:L/PR:L/UI:N/S:U/C:N/I:N/A:H,2022-02-09T23:33:35Z,2.5.3,2022-02-02 16:55:58.910924+00:00,-7.276112142083334,1,BIT-tensorflow-2022-23570;CVE-2022-23570;PYSEC-2022-134;PYSEC-2022-79,-7.276112142083334,0
tensorflow/tensorflow,tensorflow,GHSA-9px9-73fg-3fqp,high,CVSS:3.1/AV:N/AC:L/PR:L/UI:N/S:U/C:N/I:N/A:H,2022-02-09T23:29:14Z,2.5.3,2022-02-02 16:55:58.910924+00:00,-7.273091308750001,1,BIT-tensorflow-2022-23589;CVE-2022-23589;PYSEC-2022-153;PYSEC-2022-98,-7.273091308750001,0
tensorflow/tensorflow,tensorflow,GHSA-9rpc-5v9q-5r7f,medium,CVSS:3.1/AV:L/AC:H/PR:L/UI:N/S:U/C:N/I:L/A:L,2021-05-21T14:28:35Z,2.3.3,2021-06-15 21:03:30.442786+00:00,25.27425281002315,1,BIT-tensorflow-2021-29611;CVE-2021-29611;PYSEC-2021-248;PYSEC-2021-539;PYSEC-2021-737,25.27425281002315,0
tensorflow/tensorflow,tensorflow,GHSA-9v8w-xmr4-wgxp,critical,CVSS:3.1/AV:N/AC:H/PR:N/UI:N/S:U/C:N/I:N/A:H,2022-09-16T22:14:20Z,2.7.2,2022-05-16 18:54:48.982865+00:00,-123.1385534390625,1,BIT-tensorflow-2022-35992;CVE-2022-35992,-123.1385534390625,0
tensorflow/tensorflow,tensorflow,GHSA-9vpm-rcf4-9wqw,medium,CVSS:3.1/AV:L/AC:H/PR:L/UI:N/S:U/C:N/I:N/A:L,2021-05-21T14:26:07Z,2.1.4,2021-06-15 21:01:30.053034+00:00,25.274572373078705,1,BIT-tensorflow-2021-29573;CVE-2021-29573;PYSEC-2021-210;PYSEC-2021-501;PYSEC-2021-699,25.274572373078705,0
tensorflow/tensorflow,tensorflow,GHSA-9vqj-64pv-w55c,critical,CVSS:3.1/AV:N/AC:H/PR:N/UI:N/S:U/C:N/I:N/A:H,2022-09-16T22:28:41Z,2.7.2,2022-05-16 18:54:48.982865+00:00,-123.14851871684029,1,BIT-tensorflow-2022-35988;CVE-2022-35988,-123.14851871684029,0
tensorflow/tensorflow,tensorflow,GHSA-9w2p-5mgw-p94c,medium,CVSS:3.1/AV:L/AC:L/PR:L/UI:N/S:U/C:N/I:N/A:H,2021-08-25T14:43:37Z,2.4.3,2021-08-10 21:52:30.867879+00:00,-14.702154306956018,1,BIT-tensorflow-2021-37645;CVE-2021-37645;PYSEC-2021-267;PYSEC-2021-558;PYSEC-2021-756,-14.702154306956018,0
tensorflow/tensorflow,tensorflow,GHSA-9x52-887g-fhc2,critical,CVSS:3.1/AV:L/AC:L/PR:L/UI:N/S:C/C:H/I:H/A:H,2022-02-09T23:32:41Z,2.7.1,2022-02-02 16:58:42.928255+00:00,-7.273588793344907,1,BIT-tensorflow-2022-23594;CVE-2022-23594,-7.273588793344907,0
tensorflow/tensorflow,tensorflow,GHSA-9xh4-23q4-v6wr,medium,CVSS:3.1/AV:L/AC:H/PR:L/UI:N/S:U/C:N/I:N/A:L,2021-05-21T14:26:35Z,2.1.4,2021-06-15 21:01:30.053034+00:00,25.27424829900463,1,BIT-tensorflow-2021-29583;CVE-2021-29583;PYSEC-2021-220;PYSEC-2021-511;PYSEC-2021-709,25.27424829900463,0
tensorflow/tensorflow,tensorflow,GHSA-c45w-2wxr-pp53,medium,CVSS:3.1/AV:L/AC:H/PR:L/UI:N/S:U/C:N/I:N/A:L,2021-05-21T14:26:32Z,2.1.4,2021-06-15 21:01:30.053034+00:00,25.274283021226854,1,BIT-tensorflow-2021-29582;CVE-2021-29582;PYSEC-2021-219;PYSEC-2021-510;PYSEC-2021-708,25.274283021226854,0
tensorflow/tensorflow,tensorflow,GHSA-c545-c4f9-rf6v,medium,CVSS:3.1/AV:L/AC:L/PR:L/UI:N/S:U/C:H/I:N/A:N,2021-08-25T14:40:09Z,2.3.4,2021-08-10 21:51:35.142457+00:00,-14.700391869710648,1,BIT-tensorflow-2021-37685;CVE-2021-37685;PYSEC-2021-307;PYSEC-2021-598;PYSEC-2021-796,-14.700391869710648,0
tensorflow/tensorflow,tensorflow,GHSA-c582-c96p-r5cq,high,CVSS:3.1/AV:N/AC:L/PR:L/UI:N/S:U/C:N/I:N/A:L,2022-02-10T00:20:29Z,2.5.3,2022-02-02 16:55:58.910924+00:00,-7.308681586527778,1,BIT-tensorflow-2022-21732;CVE-2022-21732;PYSEC-2022-111;PYSEC-2022-56,-7.308681586527778,0
tensorflow/tensorflow,tensorflow,GHSA-c5x2-p679-95wc,high,CVSS:3.1/AV:L/AC:L/PR:N/UI:N/S:U/C:N/I:H/A:H,2021-08-25T14:43:32Z,2.3.4,2021-08-10 21:51:35.142457+00:00,-14.702741406747686,1,BIT-tensorflow-2021-37647;CVE-2021-37647;PYSEC-2021-269;PYSEC-2021-560;PYSEC-2021-758,-14.702741406747686,0
tensorflow/tensorflow,tensorflow,GHSA-c6fh-56w7-fvjw,high,CVSS:3.1/AV:N/AC:L/PR:L/UI:N/S:U/C:L/I:L/A:H,2022-02-09T18:29:13Z,2.5.3,2022-02-02 16:55:58.910924+00:00,-7.064746401342593,1,BIT-tensorflow-2022-21727;CVE-2022-21727;PYSEC-2022-106;PYSEC-2022-51,-7.064746401342593,0
tensorflow/tensorflow,tensorflow,GHSA-c94w-c95p-phf8,high,CVSS:3.1/AV:N/AC:L/PR:L/UI:N/S:U/C:N/I:N/A:H,2022-02-10T00:32:59Z,2.5.3,2022-02-02 16:55:58.910924+00:00,-7.317362142083334,1,BIT-tensorflow-2022-23575;CVE-2022-23575;PYSEC-2022-139;PYSEC-2022-84,-7.317362142083334,0
tensorflow/tensorflow,tensorflow,GHSA-c968-pq7h-7fxv,medium,CVSS:3.1/AV:L/AC:H/PR:L/UI:N/S:U/C:N/I:N/A:L,2021-05-21T14:21:39Z,2.1.4,2021-06-15 21:01:30.053034+00:00,25.27767422493056,1,BIT-tensorflow-2021-29522;CVE-2021-29522;PYSEC-2021-159;PYSEC-2021-450;PYSEC-2021-648,25.27767422493056,0
tensorflow/tensorflow,tensorflow,GHSA-c9f3-9wfr-wgh7,medium,CVSS:3.1/AV:L/AC:L/PR:L/UI:N/S:U/C:N/I:L/A:L,2020-12-10T19:07:26Z,1.15.5,2021-01-06 17:16:34.769709+00:00,26.92301816792824,1,BIT-tensorflow-2020-26267;CVE-2020-26267;PYSEC-2020-140;PYSEC-2020-298;PYSEC-2020-333,26.92301816792824,0
tensorflow/tensorflow,tensorflow,GHSA-c9qf-r67m-p7cg,high,CVSS:3.1/AV:L/AC:L/PR:N/UI:N/S:U/C:N/I:H/A:H,2021-08-25T14:44:12Z,2.3.4,2021-08-10 21:51:35.142457+00:00,-14.70320436971065,1,BIT-tensorflow-2021-37637;CVE-2021-37637;PYSEC-2021-259;PYSEC-2021-550;PYSEC-2021-748,-14.70320436971065,0
tensorflow/tensorflow,tensorflow,GHSA-cfpj-3q4c-jhvr,medium,CVSS:3.1/AV:L/AC:L/PR:L/UI:N/S:U/C:N/I:N/A:H,2021-08-25T14:40:38Z,2.3.4,2021-08-10 21:51:35.142457+00:00,-14.700727517858796,1,BIT-tensorflow-2021-37680;CVE-2021-37680;PYSEC-2021-302;PYSEC-2021-593;PYSEC-2021-791,-14.700727517858796,0
tensorflow/tensorflow,tensorflow,GHSA-cfx7-2xpc-8w4h,medium,CVSS:3.1/AV:L/AC:H/PR:L/UI:N/S:U/C:N/I:N/A:L,2021-05-21T14:27:01Z,2.1.4,2021-06-15 21:01:30.053034+00:00,25.273947373078705,1,BIT-tensorflow-2021-29593;CVE-2021-29593;PYSEC-2021-230;PYSEC-2021-521;PYSEC-2021-719,25.273947373078705,0
tensorflow/tensorflow,tensorflow,GHSA-cg88-rpvp-cjv5,high,CVSS:3.1/AV:N/AC:H/PR:L/UI:R/S:U/C:H/I:H/A:H,2022-11-21T22:04:06Z,2.8.4,2022-11-16 18:45:38.407286+00:00,-5.137819360115741,1,BIT-tensorflow-2022-41902;CVE-2022-41902,-5.137819360115741,0
tensorflow/tensorflow,tensorflow,GHSA-cgfm-62j4-v4rf,high,CVSS:3.1/AV:L/AC:L/PR:L/UI:N/S:U/C:H/I:L/A:H,2021-08-25T14:44:17Z,2.3.4,2021-08-10 21:51:35.142457+00:00,-14.70326224008102,1,BIT-tensorflow-2021-37635;CVE-2021-37635;PYSEC-2021-257;PYSEC-2021-548;PYSEC-2021-746,-14.70326224008102,0
tensorflow/tensorflow,tensorflow,GHSA-ch4f-829c-v5pw,medium,CVSS:3.1/AV:L/AC:L/PR:L/UI:N/S:U/C:N/I:N/A:H,2021-08-25T14:43:56Z,2.3.4,2021-08-10 21:51:35.142457+00:00,-14.703019184525465,1,BIT-tensorflow-2021-37642;CVE-2021-37642;PYSEC-2021-264;PYSEC-2021-555;PYSEC-2021-753,-14.703019184525465,0
tensorflow/tensorflow,tensorflow,GHSA-cjc7-49v2-jp64,medium,CVSS:3.1/AV:L/AC:H/PR:L/UI:N/S:U/C:N/I:L/A:H,2021-05-21T14:28:29Z,2.1.4,2021-06-15 21:01:30.053034+00:00,25.272928854560185,1,BIT-tensorflow-2021-29609;CVE-2021-29609;PYSEC-2021-246;PYSEC-2021-537;PYSEC-2021-735,25.272928854560185,0
tensorflow/tensorflow,tensorflow,GHSA-cm5x-837x-jf3c,medium,CVSS:3.1/AV:L/AC:L/PR:L/UI:N/S:U/C:N/I:N/A:H,2021-08-25T14:42:44Z,2.3.4,2021-08-10 21:51:35.142457+00:00,-14.70218585119213,1,BIT-tensorflow-2021-37660;CVE-2021-37660;PYSEC-2021-282;PYSEC-2021-573;PYSEC-2021-771,-14.70218585119213,0
tensorflow/tensorflow,tensorflow,GHSA-cmgw-8vpc-rc59,medium,CVSS:3.1/AV:L/AC:L/PR:L/UI:N/S:U/C:N/I:N/A:H,2021-08-25T14:38:57Z,2.5.1,2021-08-10 21:51:57.218052+00:00,-14.699303031805556,1,BIT-tensorflow-2021-37692;CVE-2021-37692;PYSEC-2021-314;PYSEC-2021-605;PYSEC-2021-803,-14.699303031805556,0
tensorflow/tensorflow,tensorflow,GHSA-cpf4-wx82-gxp6,medium,CVSS:3.1/AV:L/AC:L/PR:L/UI:N/S:U/C:N/I:N/A:H,2021-11-10T18:48:15Z,2.6.1,2021-11-01 20:30:07.568333+00:00,-8.92925268133102,1,BIT-tensorflow-2021-41222;CVE-2021-41222;PYSEC-2021-414;PYSEC-2021-631;PYSEC-2021-829,-8.92925268133102,0
tensorflow/tensorflow,tensorflow,GHSA-cq76-mxrc-vchh,medium,CVSS:3.1/AV:L/AC:L/PR:L/UI:N/S:U/C:N/I:N/A:H,2021-11-10T19:36:50Z,2.6.1,2021-11-01 20:30:07.568333+00:00,-8.962991107256945,1,BIT-tensorflow-2021-41195;CVE-2021-41195;PYSEC-2021-842;PYSEC-2021-844;PYSEC-2021-846,-8.962991107256945,0
tensorflow/tensorflow,tensorflow,GHSA-cqv6-3phm-hcwx,high,CVSS:3.1/AV:L/AC:L/PR:L/UI:N/S:U/C:H/I:H/A:H,2021-11-10T18:50:17Z,2.6.1,2021-11-01 20:30:07.568333+00:00,-8.930664718368057,1,BIT-tensorflow-2021-41221;CVE-2021-41221;PYSEC-2021-413;PYSEC-2021-630;PYSEC-2021-828,-8.930664718368057,0
tensorflow/tensorflow,tensorflow,GHSA-cqvq-fvhr-v6hc,unknown,,2022-11-21T23:51:53Z,2.8.4,2022-11-16 18:45:38.407286+00:00,-5.212668897152778,1,,-5.212668897152778,1
tensorflow/tensorflow,tensorflow,GHSA-crch-j389-5f84,medium,CVSS:3.1/AV:L/AC:H/PR:L/UI:N/S:U/C:N/I:N/A:L,2021-05-21T14:28:15Z,2.1.4,2021-06-15 21:01:30.053034+00:00,25.273090891597224,1,BIT-tensorflow-2021-29603;CVE-2021-29603;PYSEC-2021-240;PYSEC-2021-531;PYSEC-2021-729,25.273090891597224,0
tensorflow/tensorflow,tensorflow,GHSA-cv2p-32v3-vhwq,critical,CVSS:3.1/AV:N/AC:H/PR:N/UI:N/S:U/C:N/I:N/A:H,2022-09-16T21:39:10Z,2.7.2,2022-05-16 18:54:48.982865+00:00,-123.1141321427662,1,BIT-tensorflow-2022-36003;CVE-2022-36003,-123.1141321427662,0
tensorflow/tensorflow,tensorflow,GHSA-cvgx-3v3q-m36c,high,CVSS:3.1/AV:L/AC:L/PR:L/UI:N/S:U/C:H/I:N/A:H,2021-11-10T19:01:03Z,2.6.1,2021-11-01 20:30:07.568333+00:00,-8.938141570219909,1,BIT-tensorflow-2021-41211;CVE-2021-41211;PYSEC-2021-403;PYSEC-2021-620;PYSEC-2021-818,-8.938141570219909,0
tensorflow/tensorflow,tensorflow,GHSA-cvpc-8phh-8f45,high,CVSS:3.1/AV:N/AC:H/PR:N/UI:N/S:U/C:L/I:L/A:N,2020-09-25T18:28:49Z,1.15.4,2020-09-24 18:38:59.375441+00:00,-0.9929354694328704,1,BIT-tensorflow-2020-15211;CVE-2020-15211;PYSEC-2020-134;PYSEC-2020-291;PYSEC-2020-326,-0.9929354694328704,0
tensorflow/tensorflow,tensorflow,GHSA-cwpm-f78v-7m5c,medium,CVSS:3.1/AV:L/AC:L/PR:L/UI:N/S:U/C:N/I:N/A:H,2022-05-24T22:10:51Z,2.6.4,2022-05-16 18:35:54.612163+00:00,-8.149263748113425,1,BIT-tensorflow-2022-29202;CVE-2022-29202,-8.149263748113425,0
tensorflow/tensorflow,tensorflow,GHSA-cwv3-863g-39vx,high,CVSS:3.1/AV:L/AC:L/PR:L/UI:N/S:U/C:H/I:L/A:H,2021-05-21T14:26:56Z,2.1.4,2021-06-15 21:01:30.053034+00:00,25.274005243449075,1,BIT-tensorflow-2021-29591;CVE-2021-29591;PYSEC-2021-228;PYSEC-2021-519;PYSEC-2021-717,25.274005243449075,0
tensorflow/tensorflow,tensorflow,GHSA-f2vv-v9cg-qhh7,high,CVSS:3.1/AV:N/AC:L/PR:L/UI:N/S:U/C:N/I:N/A:H,2022-02-09T23:43:48Z,2.5.3,2022-02-02 16:55:58.910924+00:00,-7.283207049490741,1,BIT-tensorflow-2022-21737;CVE-2022-21737;PYSEC-2022-116;PYSEC-2022-61,-7.283207049490741,0
tensorflow/tensorflow,tensorflow,GHSA-f2w8-jw48-fr7j,high,CVSS:3.1/AV:N/AC:H/PR:L/UI:R/S:U/C:N/I:N/A:H,2022-11-21T21:54:04Z,2.8.4,2022-11-16 18:45:38.407286+00:00,-5.130851767523149,1,BIT-tensorflow-2022-41897;CVE-2022-41897,-5.130851767523149,0
tensorflow/tensorflow,tensorflow,GHSA-f49c-87jh-g47q,high,CVSS:3.1/AV:L/AC:L/PR:N/UI:N/S:U/C:L/I:H/A:H,2023-03-24T21:53:49Z,2.11.1,2023-03-20 19:24:21.820332+00:00,-4.103786801712963,1,BIT-tensorflow-2023-25801;CVE-2023-25801,-4.103786801712963,0
tensorflow/tensorflow,tensorflow,GHSA-f4rr-5m7v-wxcw,medium,CVSS:3.1/AV:L/AC:L/PR:L/UI:N/S:U/C:N/I:N/A:H,2022-05-24T22:14:44Z,2.6.4,2022-05-16 18:35:54.612163+00:00,-8.151960507372685,1,BIT-tensorflow-2022-29209;CVE-2022-29209,-8.151960507372685,0
tensorflow/tensorflow,tensorflow,GHSA-f4w6-h4f5-wx45,critical,CVSS:3.1/AV:N/AC:H/PR:N/UI:N/S:U/C:N/I:N/A:H,2022-09-16T20:56:02Z,2.7.2,2022-05-16 18:54:48.982865+00:00,-123.0841784390625,1,BIT-tensorflow-2022-35934;CVE-2022-35934,-123.0841784390625,0
tensorflow/tensorflow,tensorflow,GHSA-f54p-f6jp-4rhr,high,CVSS:3.1/AV:L/AC:L/PR:L/UI:N/S:U/C:H/I:N/A:H,2021-11-10T18:46:52Z,2.6.1,2021-11-01 20:30:07.568333+00:00,-8.92829203318287,1,BIT-tensorflow-2021-41223;CVE-2021-41223;PYSEC-2021-415;PYSEC-2021-632;PYSEC-2021-830,-8.92829203318287,0
tensorflow/tensorflow,tensorflow,GHSA-f5cx-5wr3-5qrc,high,CVSS:3.1/AV:L/AC:L/PR:L/UI:N/S:U/C:N/I:H/A:H,2021-08-25T14:42:26Z,2.3.4,2021-08-10 21:51:35.142457+00:00,-14.701977517858795,1,BIT-tensorflow-2021-37662;CVE-2021-37662;PYSEC-2021-284;PYSEC-2021-575;PYSEC-2021-773,-14.701977517858795,0
tensorflow/tensorflow,tensorflow,GHSA-f637-vh3r-vfh2,critical,CVSS:3.1/AV:N/AC:L/PR:N/UI:N/S:U/C:N/I:N/A:H,2023-03-24T21:57:18Z,2.11.1,2023-03-20 19:24:21.820332+00:00,-4.1062057831944445,1,BIT-tensorflow-2023-25666;CVE-2023-25666,-4.1062057831944445,0
tensorflow/tensorflow,tensorflow,GHSA-f78g-q7r4-9wcv,medium,CVSS:3.1/AV:L/AC:H/PR:L/UI:N/S:U/C:N/I:N/A:L,2021-05-21T14:23:41Z,2.1.4,2021-06-15 21:01:30.053034+00:00,25.27626218789352,1,BIT-tensorflow-2021-29550;CVE-2021-29550;PYSEC-2021-187;PYSEC-2021-478;PYSEC-2021-676,25.27626218789352,0
tensorflow/tensorflow,tensorflow,GHSA-f7r5-q7cx-h668,critical,CVSS:3.1/AV:N/AC:H/PR:N/UI:N/S:U/C:N/I:N/A:H,2022-09-16T22:14:00Z,2.7.2,2022-05-16 18:54:48.982865+00:00,-123.138321957581,1,BIT-tensorflow-2022-35964;CVE-2022-35964,-123.138321957581,0
tensorflow/tensorflow,tensorflow,GHSA-f8h4-7rgh-q2gm,high,CVSS:3.1/AV:L/AC:L/PR:L/UI:N/S:U/C:H/I:H/A:H,2021-08-25T14:43:24Z,2.3.4,2021-08-10 21:51:35.142457+00:00,-14.702648814155094,1,BIT-tensorflow-2021-37650;CVE-2021-37650;PYSEC-2021-272;PYSEC-2021-563;PYSEC-2021-761,-14.702648814155094,0
tensorflow/tensorflow,tensorflow,GHSA-fcwc-p4fc-c5cc,high,CVSS:3.1/AV:L/AC:L/PR:N/UI:N/S:U/C:N/I:H/A:H,2021-08-25T14:43:42Z,2.3.4,2021-08-10 21:51:35.142457+00:00,-14.702857147488428,1,BIT-tensorflow-2021-37643;CVE-2021-37643;PYSEC-2021-265;PYSEC-2021-556;PYSEC-2021-754,-14.702857147488428,0
tensorflow/tensorflow,tensorflow,GHSA-ffjm-4qwc-7cmf,critical,CVSS:3.1/AV:N/AC:H/PR:N/UI:N/S:U/C:L/I:L/A:H,2022-09-16T21:04:23Z,2.7.2,2022-05-16 18:54:48.982865+00:00,-123.08997705017362,1,BIT-tensorflow-2022-35939;CVE-2022-35939,-123.08997705017362,0
tensorflow/tensorflow,tensorflow,GHSA-fhfc-2q7x-929f,critical,CVSS:3.1/AV:N/AC:H/PR:N/UI:N/S:U/C:N/I:N/A:H,2022-09-16T22:11:58Z,2.7.2,2022-05-16 18:54:48.982865+00:00,-123.136909920544,1,BIT-tensorflow-2022-35994;CVE-2022-35994,-123.136909920544,0
tensorflow/tensorflow,tensorflow,GHSA-fpcp-9h7m-ffpx,high,CVSS:3.1/AV:N/AC:H/PR:L/UI:N/S:U/C:N/I:N/A:H,2022-02-09T23:33:17Z,2.5.3,2022-02-02 16:55:58.910924+00:00,-7.275903808750001,1,BIT-tensorflow-2022-23595;CVE-2022-23595;PYSEC-2022-103;PYSEC-2022-158,-7.275903808750001,0
tensorflow/tensorflow,tensorflow,GHSA-fphq-gw9m-ghrv,medium,CVSS:3.1/AV:L/AC:H/PR:L/UI:N/S:U/C:N/I:N/A:L,2021-05-21T14:23:18Z,2.1.4,2021-06-15 21:01:30.053034+00:00,25.276528391597225,1,BIT-tensorflow-2021-29543;CVE-2021-29543;PYSEC-2021-180;PYSEC-2021-471;PYSEC-2021-669,25.276528391597225,0
tensorflow/tensorflow,tensorflow,GHSA-fq6p-6334-8gr4,high,CVSS:3.1/AV:N/AC:L/PR:L/UI:N/S:U/C:N/I:N/A:L,2022-02-09T23:26:08Z,2.5.3,2022-02-02 16:55:58.910924+00:00,-7.270938530972223,1,BIT-tensorflow-2022-23585;CVE-2022-23585;PYSEC-2022-149;PYSEC-2022-94,-7.270938530972223,0
tensorflow/tensorflow,tensorflow,GHSA-fq86-3f29-px2c,high,CVSS:3.1/AV:N/AC:L/PR:L/UI:N/S:U/C:N/I:N/A:H,2022-02-07T22:01:14Z,2.5.3,2022-02-02 16:55:58.910924+00:00,-5.211980197638889,1,BIT-tensorflow-2022-23581;CVE-2022-23581;PYSEC-2022-145;PYSEC-2022-90,-5.211980197638889,0
tensorflow/tensorflow,tensorflow,GHSA-fqm2-gh8w-gr68,high,CVSS:3.1/AV:N/AC:L/PR:N/UI:R/S:U/C:N/I:N/A:H,2023-03-24T21:57:09Z,2.11.1,2023-03-20 19:24:21.820332+00:00,-4.106101616527778,1,BIT-tensorflow-2023-25667;CVE-2023-25667,-4.106101616527778,0
tensorflow/tensorflow,tensorflow,GHSA-fqxc-pvf8-2w9v,critical,CVSS:3.1/AV:N/AC:H/PR:N/UI:N/S:U/C:N/I:N/A:H,2022-09-16T22:09:36Z,2.7.2,2022-05-16 18:54:48.982865+00:00,-123.13526640202548,1,BIT-tensorflow-2022-36000;CVE-2022-36000,-123.13526640202548,0
tensorflow/tensorflow,tensorflow,GHSA-fr77-rrx3-cp7g,high,CVSS:3.1/AV:L/AC:L/PR:L/UI:N/S:U/C:H/I:N/A:H,2021-11-10T19:00:31Z,2.6.1,2021-11-01 20:30:07.568333+00:00,-8.937771199849537,1,BIT-tensorflow-2021-41212;CVE-2021-41212;PYSEC-2021-404;PYSEC-2021-621;PYSEC-2021-819,-8.937771199849537,0
tensorflow/tensorflow,tensorflow,GHSA-frqp-wp83-qggv,high,CVSS:3.1/AV:N/AC:H/PR:L/UI:R/S:U/C:N/I:N/A:H,2022-11-21T22:17:52Z,2.8.4,2022-11-16 18:45:38.407286+00:00,-5.147379545300926,1,BIT-tensorflow-2022-41910;CVE-2022-41910,-5.147379545300926,0
tensorflow/tensorflow,tensorflow,GHSA-frxx-2m33-6wcr,critical,CVSS:3.0/AV:N/AC:L/PR:N/UI:R/S:U/C:H/I:H/A:H,2019-04-24T16:11:30Z,1.7.1,2018-05-08 18:30:45.671346+00:00,-350.90329084090274,1,CVE-2018-8825;PYSEC-2019-208;PYSEC-2019-226;PYSEC-2019-233,-350.90329084090274,0
tensorflow/tensorflow,tensorflow,GHSA-fv25-wrff-wf86,medium,CVSS:3.1/AV:L/AC:L/PR:L/UI:N/S:U/C:N/I:N/A:H,2022-05-24T22:05:59Z,2.6.4,2022-05-16 18:35:54.612163+00:00,-8.145884118483796,1,BIT-tensorflow-2022-29191;CVE-2022-29191,-8.145884118483796,0
tensorflow/tensorflow,tensorflow,GHSA-fv43-93gv-vm8f,critical,CVSS:3.1/AV:N/AC:H/PR:N/UI:N/S:U/C:N/I:N/A:H,2022-09-16T21:59:08Z,2.7.2,2022-05-16 18:54:48.982865+00:00,-123.12799788350694,1,BIT-tensorflow-2022-36011;CVE-2022-36011,-123.12799788350694,0
tensorflow/tensorflow,tensorflow,GHSA-fx5c-h9f6-rv7c,high,CVSS:3.1/AV:N/AC:L/PR:L/UI:N/S:U/C:N/I:N/A:H,2022-02-09T23:28:07Z,2.5.3,2022-02-02 16:55:58.910924+00:00,-7.272315845787038,1,BIT-tensorflow-2022-23588;CVE-2022-23588;PYSEC-2022-152;PYSEC-2022-97,-7.272315845787038,0
tensorflow/tensorflow,tensorflow,GHSA-fxgc-95xx-grvq,high,CVSS:3.1/AV:N/AC:L/PR:L/UI:N/S:U/C:N/I:N/A:H,2023-03-27T21:05:10Z,2.11.1,2023-03-20 19:24:21.820332+00:00,-7.070002079490741,1,BIT-tensorflow-2023-25661;CVE-2023-25661,-7.070002079490741,0
tensorflow/tensorflow,tensorflow,GHSA-fxqh-cfjm-fp93,medium,CVSS:3.1/AV:L/AC:H/PR:L/UI:N/S:U/C:N/I:N/A:L,2021-05-21T14:24:39Z,2.1.4,2021-06-15 21:01:30.053034+00:00,25.275590891597226,1,BIT-tensorflow-2021-29556;CVE-2021-29556;PYSEC-2021-193;PYSEC-2021-484;PYSEC-2021-682,25.275590891597226,0
tensorflow/tensorflow,tensorflow,GHSA-g25h-jr74-qp5j,high,CVSS:3.1/AV:L/AC:L/PR:L/UI:N/S:U/C:H/I:H/A:H,2021-08-25T14:42:23Z,2.3.4,2021-08-10 21:51:35.142457+00:00,-14.701942795636574,1,BIT-tensorflow-2021-37663;CVE-2021-37663;PYSEC-2021-285;PYSEC-2021-576;PYSEC-2021-774,-14.701942795636574,0
tensorflow/tensorflow,tensorflow,GHSA-g35r-369w-3fqp,critical,CVSS:3.1/AV:N/AC:H/PR:N/UI:N/S:U/C:N/I:N/A:H,2022-09-16T22:17:57Z,2.7.2,2022-05-16 18:54:48.982865+00:00,-123.14106501313655,1,BIT-tensorflow-2022-35970;CVE-2022-35970,-123.14106501313655,0
tensorflow/tensorflow,tensorflow,GHSA-g468-qj8g-vcjc,unknown,,2022-09-16T21:22:51Z,2.7.2,2022-05-16 18:54:48.982865+00:00,-123.10280112424768,1,BIT-tensorflow-2022-36016;CVE-2022-36016,-123.10280112424768,1
tensorflow/tensorflow,tensorflow,GHSA-g4h2-gqm3-c9wq,medium,CVSS:3.1/AV:L/AC:H/PR:L/UI:N/S:U/C:N/I:N/A:L,2021-05-21T14:23:05Z,2.1.4,2021-06-15 21:01:30.053034+00:00,25.276678854560185,1,BIT-tensorflow-2021-29539;CVE-2021-29539;PYSEC-2021-176;PYSEC-2021-467;PYSEC-2021-665,25.276678854560185,0
tensorflow/tensorflow,tensorflow,GHSA-g7p5-5759-qv46,critical,CVSS:3.1/AV:N/AC:H/PR:N/UI:N/S:C/C:H/I:H/A:H,2020-09-25T18:28:38Z,1.15.4,2020-09-24 18:38:59.375441+00:00,-0.9928081546180556,1,BIT-tensorflow-2020-15205;CVE-2020-15205;PYSEC-2020-128;PYSEC-2020-285;PYSEC-2020-320,-0.9928081546180556,0
tensorflow/tensorflow,tensorflow,GHSA-g8wg-cjwc-xhhp,high,CVSS:3.1/AV:L/AC:L/PR:L/UI:N/S:U/C:H/I:H/A:N,2021-08-25T14:41:00Z,2.3.4,2021-08-10 21:51:35.142457+00:00,-14.700982147488428,1,BIT-tensorflow-2021-37679;CVE-2021-37679;PYSEC-2021-301;PYSEC-2021-592;PYSEC-2021-790,-14.700982147488428,0
tensorflow/tensorflow,tensorflow,GHSA-g9fm-r5mm-rf9f,high,CVSS:3.1/AV:N/AC:H/PR:L/UI:R/S:U/C:N/I:N/A:H,2022-11-21T22:03:54Z,2.8.4,2022-11-16 18:45:38.407286+00:00,-5.137680471226852,1,BIT-tensorflow-2022-41901;CVE-2022-41901,-5.137680471226852,0
tensorflow/tensorflow,tensorflow,GHSA-g9h5-vr8m-x2h4,critical,CVSS:3.1/AV:N/AC:H/PR:N/UI:N/S:U/C:N/I:N/A:H,2022-09-16T21:25:53Z,2.7.2,2022-05-16 18:54:48.982865+00:00,-123.10490760572915,1,BIT-tensorflow-2022-35995;CVE-2022-35995,-123.10490760572915,0
tensorflow/tensorflow,tensorflow,GHSA-gcvh-66ff-4mwm,high,CVSS:3.1/AV:N/AC:L/PR:L/UI:N/S:U/C:N/I:N/A:H,2022-02-10T00:21:12Z,2.5.3,2022-02-02 16:55:58.910924+00:00,-7.3091792717129636,1,BIT-tensorflow-2022-21734;CVE-2022-21734;PYSEC-2022-113;PYSEC-2022-58,-7.3091792717129636,0
tensorflow/tensorflow,tensorflow,GHSA-gf2j-f278-xh4v,high,CVSS:3.1/AV:N/AC:L/PR:L/UI:N/S:U/C:N/I:N/A:H,2022-02-09T23:47:57Z,2.5.3,2022-02-02 16:55:58.910924+00:00,-7.286088993935185,1,BIT-tensorflow-2022-23557;CVE-2022-23557;PYSEC-2022-121;PYSEC-2022-66,-7.286088993935185,0
tensorflow/tensorflow,tensorflow,GHSA-gf88-j2mg-cc82,medium,CVSS:3.1/AV:L/AC:L/PR:L/UI:N/S:U/C:N/I:N/A:H,2021-08-25T14:42:28Z,2.3.4,2021-08-10 21:51:35.142457+00:00,-14.702000666006946,1,BIT-tensorflow-2021-37661;CVE-2021-37661;PYSEC-2021-283;PYSEC-2021-574;PYSEC-2021-772,-14.702000666006946,0
tensorflow/tensorflow,tensorflow,GHSA-gf97-q72m-7579,critical,CVSS:3.1/AV:N/AC:L/PR:N/UI:N/S:U/C:N/I:N/A:H,2023-03-24T21:54:31Z,2.11.1,2023-03-20 19:24:21.820332+00:00,-4.104272912824074,1,BIT-tensorflow-2023-25674;CVE-2023-25674,-4.104272912824074,0
tensorflow/tensorflow,tensorflow,GHSA-gh6x-4whr-2qv4,critical,CVSS:3.1/AV:L/AC:L/PR:N/UI:N/S:U/C:H/I:H/A:H,2021-08-25T14:44:05Z,2.3.4,2021-08-10 21:51:35.142457+00:00,-14.70312335119213,1,BIT-tensorflow-2021-37639;CVE-2021-37639;PYSEC-2021-261;PYSEC-2021-552;PYSEC-2021-750,-14.70312335119213,0
tensorflow/tensorflow,tensorflow,GHSA-gh8h-7j2j-qv4f,medium,CVSS:3.1/AV:L/AC:L/PR:L/UI:N/S:U/C:N/I:N/A:H,2021-11-10T19:31:16Z,2.6.1,2021-11-01 20:30:07.568333+00:00,-8.959125366516204,1,BIT-tensorflow-2021-41200;CVE-2021-41200;PYSEC-2021-393;PYSEC-2021-610;PYSEC-2021-808,-8.959125366516204,0
tensorflow/tensorflow,tensorflow,GHSA-gjh7-xx4r-x345,critical,CVSS:3.1/AV:N/AC:L/PR:N/UI:N/S:U/C:N/I:N/A:H,2024-07-30T20:47:04Z,2.12.1,2023-07-05 16:48:36.081273+00:00,-391.16560091119214,1,BIT-tensorflow-2023-33976;CVE-2023-33976,-391.16560091119214,0
tensorflow/tensorflow,tensorflow,GHSA-gjqc-q9g6-q2j3,high,CVSS:3.1/AV:N/AC:L/PR:L/UI:N/S:U/C:N/I:N/A:H,2022-02-10T00:34:13Z,2.5.3,2022-02-02 16:55:58.910924+00:00,-7.318218623564815,1,BIT-tensorflow-2022-23583;CVE-2022-23583;PYSEC-2022-147;PYSEC-2022-92,-7.318218623564815,0
tensorflow/tensorflow,tensorflow,GHSA-gpfh-jvf9-7wg5,high,CVSS:3.1/AV:L/AC:L/PR:L/UI:N/S:U/C:H/I:H/A:H,2021-11-10T18:51:21Z,2.6.1,2021-11-01 20:30:07.568333+00:00,-8.931405459108797,1,BIT-tensorflow-2021-41220;CVE-2021-41220;PYSEC-2021-412;PYSEC-2021-629;PYSEC-2021-827,-8.931405459108797,0
tensorflow/tensorflow,tensorflow,GHSA-gq2j-cr96-gvqx,high,CVSS:3.1/AV:N/AC:H/PR:L/UI:R/S:U/C:N/I:N/A:H,2022-11-21T20:44:36Z,2.8.4,2022-11-16 18:45:38.407286+00:00,-5.082611026782407,1,BIT-tensorflow-2022-41895;CVE-2022-41895,-5.082611026782407,0
tensorflow/tensorflow,tensorflow,GHSA-gv26-jpj9-c8gq,medium,CVSS:3.1/AV:L/AC:H/PR:L/UI:N/S:U/C:N/I:L/A:H,2022-03-18T17:52:25Z,2.1.4,2021-06-15 21:01:30.053034+00:00,-275.8686915158102,1,BIT-tensorflow-2021-29607;CVE-2021-29607;PYSEC-2021-244;PYSEC-2021-535;PYSEC-2021-733,-275.8686915158102,0
tensorflow/tensorflow,tensorflow,GHSA-gvm4-h8j3-rjrq,medium,CVSS:3.1/AV:L/AC:H/PR:L/UI:N/S:U/C:N/I:N/A:L,2021-05-21T14:24:59Z,2.1.4,2021-06-15 21:01:30.053034+00:00,25.27535941011574,1,BIT-tensorflow-2021-29561;CVE-2021-29561;PYSEC-2021-198;PYSEC-2021-489;PYSEC-2021-687,25.27535941011574,0
tensorflow/tensorflow,tensorflow,GHSA-gw97-ff7c-9v96,critical,CVSS:3.1/AV:N/AC:L/PR:N/UI:N/S:U/C:H/I:H/A:H,2023-03-24T21:57:01Z,2.11.1,2023-03-20 19:24:21.820332+00:00,-4.106009023935186,1,BIT-tensorflow-2023-25668;CVE-2023-25668,-4.106009023935186,0
tensorflow/tensorflow,tensorflow,GHSA-gwcx-jrx4-92w2,critical,CVSS:3.1/AV:N/AC:H/PR:N/UI:N/S:U/C:N/I:N/A:H,2022-02-09T23:32:08Z,2.8.0,2022-02-02 15:34:06.588243+00:00,-7.331960784224537,1,BIT-tensorflow-2022-23593;CVE-2022-23593;PYSEC-2022-102;PYSEC-2022-157,-7.331960784224537,0
tensorflow/tensorflow,tensorflow,GHSA-h246-cgh4-7475,high,CVSS:3.1/AV:N/AC:H/PR:L/UI:R/S:U/C:N/I:N/A:H,2022-11-21T20:42:10Z,2.8.4,2022-11-16 18:45:38.407286+00:00,-5.080921211967593,1,BIT-tensorflow-2022-41890;CVE-2022-41890,-5.080921211967593,0
tensorflow/tensorflow,tensorflow,GHSA-h2wq-prv9-2f56,medium,CVSS:3.1/AV:L/AC:L/PR:L/UI:N/S:U/C:N/I:N/A:H,2022-05-24T22:06:26Z,2.6.4,2022-05-16 18:35:54.612163+00:00,-8.146196618483796,1,BIT-tensorflow-2022-29192;CVE-2022-29192,-8.146196618483796,0
tensorflow/tensorflow,tensorflow,GHSA-h48f-q7rw-hvr7,medium,CVSS:3.1/AV:L/AC:L/PR:L/UI:N/S:U/C:N/I:N/A:H,2022-05-24T22:07:24Z,2.6.4,2022-05-16 18:35:54.612163+00:00,-8.146867914780092,1,BIT-tensorflow-2022-29195;CVE-2022-29195,-8.146867914780092,0
tensorflow/tensorflow,tensorflow,GHSA-h4pc-gx2w-f2xv,high,CVSS:3.1/AV:L/AC:L/PR:L/UI:N/S:U/C:N/I:H/A:H,2021-05-21T14:28:24Z,2.1.4,2021-06-15 21:01:30.053034+00:00,25.27298672493056,1,BIT-tensorflow-2021-29606;CVE-2021-29606;PYSEC-2021-243;PYSEC-2021-534;PYSEC-2021-732,25.27298672493056,0
tensorflow/tensorflow,tensorflow,GHSA-h5g4-ppwx-48q2,medium,CVSS:3.1/AV:L/AC:L/PR:L/UI:N/S:U/C:N/I:N/A:H,2022-05-24T22:06:50Z,2.6.4,2022-05-16 18:35:54.612163+00:00,-8.146474396261574,1,BIT-tensorflow-2022-29194;CVE-2022-29194,-8.146474396261574,0
tensorflow/tensorflow,tensorflow,GHSA-h5vq-gw2c-pq47,critical,CVSS:3.1/AV:N/AC:H/PR:N/UI:N/S:U/C:N/I:N/A:H,2022-09-16T22:12:59Z,2.7.2,2022-05-16 18:54:48.982865+00:00,-123.1376159390625,1,BIT-tensorflow-2022-35952;CVE-2022-35952,-123.1376159390625,0
tensorflow/tensorflow,tensorflow,GHSA-h67m-xg8f-fxcf,medium,CVSS:3.1/AV:L/AC:L/PR:L/UI:N/S:U/C:N/I:N/A:H,2021-11-10T18:59:32Z,2.6.1,2021-11-01 20:30:07.568333+00:00,-8.937088329479167,1,BIT-tensorflow-2021-41213;CVE-2021-41213;PYSEC-2021-405;PYSEC-2021-622;PYSEC-2021-820,-8.937088329479167,0
tensorflow/tensorflow,tensorflow,GHSA-h6fg-mjxg-hqq4,critical,CVSS:3.1/AV:N/AC:H/PR:N/UI:N/S:C/C:H/I:H/A:H,2020-09-25T18:28:35Z,1.15.4,2020-09-24 18:38:59.375441+00:00,-0.9927734323958334,1,BIT-tensorflow-2020-15202;CVE-2020-15202;PYSEC-2020-125;PYSEC-2020-282;PYSEC-2020-317,-0.9927734323958334,0
tensorflow/tensorflow,tensorflow,GHSA-h6gw-r52c-724r,critical,CVSS:3.1/AV:L/AC:L/PR:N/UI:N/S:C/C:H/I:H/A:H,2022-02-09T23:38:36Z,2.5.3,2022-02-02 16:55:58.910924+00:00,-7.27959593837963,1,,-7.27959593837963,0
tensorflow/tensorflow,tensorflow,GHSA-h6jh-7gv5-28vg,medium,CVSS:3.1/AV:L/AC:L/PR:L/UI:N/S:U/C:N/I:N/A:H,2021-08-25T14:43:34Z,2.3.4,2021-08-10 21:51:35.142457+00:00,-14.702764554895834,1,BIT-tensorflow-2021-37646;CVE-2021-37646;PYSEC-2021-268;PYSEC-2021-559;PYSEC-2021-757,-14.702764554895834,0
tensorflow/tensorflow,tensorflow,GHSA-h6q3-vv32-2cq5,high,CVSS:3.1/AV:N/AC:H/PR:L/UI:R/S:U/C:H/I:H/A:H,2022-11-21T20:44:24Z,2.8.4,2022-11-16 18:45:38.407286+00:00,-5.082472137893519,1,BIT-tensorflow-2022-41894;CVE-2022-41894,-5.082472137893519,0
tensorflow/tensorflow,tensorflow,GHSA-h7ff-cfc9-wmmh,critical,CVSS:3.1/AV:N/AC:H/PR:N/UI:N/S:U/C:N/I:N/A:H,2022-09-16T22:15:21Z,2.7.2,2022-05-16 18:54:48.982865+00:00,-123.13925945758102,1,BIT-tensorflow-2022-35990;CVE-2022-35990,-123.13925945758102,0
tensorflow/tensorflow,tensorflow,GHSA-h98h-8mxr-m8gx,high,CVSS:3.1/AV:N/AC:L/PR:N/UI:R/S:U/C:H/I:N/A:N,2020-05-13T16:01:35Z,1.7.0,2018-03-29 18:36:20.546885+00:00,-775.8925283925347,1,CVE-2018-21233;PYSEC-2020-253;PYSEC-2020-269;PYSEC-2020-304,-775.8925283925347,0
tensorflow/tensorflow,tensorflow,GHSA-h9px-9vqg-222h,medium,CVSS:3.1/AV:L/AC:H/PR:L/UI:N/S:U/C:N/I:N/A:L,2021-05-21T14:23:51Z,2.1.4,2021-06-15 21:01:30.053034+00:00,25.27614644715278,1,BIT-tensorflow-2021-29553;CVE-2021-29553;PYSEC-2021-190;PYSEC-2021-481;PYSEC-2021-679,25.27614644715278,0
tensorflow/tensorflow,tensorflow,GHSA-hc2f-7r5r-r2hg,medium,CVSS:3.1/AV:L/AC:L/PR:L/UI:N/S:U/C:N/I:N/A:H,2022-05-24T22:15:20Z,2.8.1,2022-05-16 19:22:55.394194+00:00,-8.11972923386574,1,BIT-tensorflow-2022-29210;CVE-2022-29210,-8.11972923386574,0
tensorflow/tensorflow,tensorflow,GHSA-hc6c-75p4-hmq4,medium,CVSS:3.1/AV:L/AC:H/PR:L/UI:N/S:U/C:N/I:N/A:L,2021-05-21T14:20:54Z,2.1.4,2021-06-15 21:01:30.053034+00:00,25.27819505826389,1,BIT-tensorflow-2021-29515;CVE-2021-29515;PYSEC-2021-152;PYSEC-2021-443;PYSEC-2021-641,25.27819505826389,0
tensorflow/tensorflow,tensorflow,GHSA-hhvc-g5hv-48c6,medium,CVSS:3.1/AV:L/AC:L/PR:L/UI:N/S:U/C:N/I:L/A:L,2020-12-10T19:07:28Z,1.15.5,2021-01-06 17:16:34.769709+00:00,26.92299501978009,1,BIT-tensorflow-2020-26268;CVE-2020-26268;PYSEC-2020-255;PYSEC-2020-299;PYSEC-2020-334,26.92299501978009,0
tensorflow/tensorflow,tensorflow,GHSA-hjmq-236j-8m87,critical,CVSS:3.1/AV:N/AC:H/PR:N/UI:N/S:C/C:N/I:N/A:L,2020-09-25T18:28:53Z,2.2.1,2020-09-24 19:03:23.545007+00:00,-0.9760353587152778,1,BIT-tensorflow-2020-15213;CVE-2020-15213;PYSEC-2020-136;PYSEC-2020-293;PYSEC-2020-328,-0.9760353587152778,0
tensorflow/tensorflow,tensorflow,GHSA-hmg3-c7xj-6qwm,medium,CVSS:3.1/AV:L/AC:H/PR:L/UI:N/S:U/C:N/I:N/A:L,2021-05-21T14:23:25Z,2.1.4,2021-06-15 21:01:30.053034+00:00,25.276447373078703,1,BIT-tensorflow-2021-29545;CVE-2021-29545;PYSEC-2021-182;PYSEC-2021-473;PYSEC-2021-671,25.276447373078703,0
tensorflow/tensorflow,tensorflow,GHSA-hp4c-x6r7-6555,medium,CVSS:3.1/AV:L/AC:L/PR:L/UI:N/S:U/C:N/I:N/A:H,2021-08-25T14:44:14Z,2.3.4,2021-08-10 21:51:35.142457+00:00,-14.703227517858796,1,BIT-tensorflow-2021-37636;CVE-2021-37636;PYSEC-2021-258;PYSEC-2021-549;PYSEC-2021-747,-14.703227517858796,0
tensorflow/tensorflow,tensorflow,GHSA-hpv4-7p9c-mvfr,high,CVSS:3.1/AV:L/AC:L/PR:L/UI:N/S:U/C:H/I:H/A:N,2021-08-25T14:43:21Z,2.3.4,2021-08-10 21:51:35.142457+00:00,-14.70261409193287,1,BIT-tensorflow-2021-37651;CVE-2021-37651;PYSEC-2021-273;PYSEC-2021-564;PYSEC-2021-762,-14.70261409193287,0
tensorflow/tensorflow,tensorflow,GHSA-hq7g-wwwp-q46h,high,CVSS:3.1/AV:N/AC:H/PR:L/UI:R/S:U/C:N/I:N/A:H,2022-11-21T21:54:18Z,2.8.4,2022-11-16 18:45:38.407286+00:00,-5.131013804560186,1,BIT-tensorflow-2022-41898;CVE-2022-41898,-5.131013804560186,0
tensorflow/tensorflow,tensorflow,GHSA-hr84-fqvp-48mm,medium,CVSS:3.1/AV:L/AC:H/PR:L/UI:N/S:U/C:N/I:N/A:L,2021-05-21T14:21:16Z,2.3.3,2021-06-15 21:03:30.442786+00:00,25.27933382854167,1,BIT-tensorflow-2021-29521;CVE-2021-29521;PYSEC-2021-158;PYSEC-2021-449;PYSEC-2021-647,25.27933382854167,0
tensorflow/tensorflow,tensorflow,GHSA-hrg5-737c-2p56,medium,CVSS:3.1/AV:L/AC:L/PR:L/UI:N/S:U/C:N/I:N/A:H,2022-05-24T22:08:20Z,2.6.4,2022-05-16 18:35:54.612163+00:00,-8.14751606292824,1,BIT-tensorflow-2022-29197;CVE-2022-29197,-8.14751606292824,0
tensorflow/tensorflow,tensorflow,GHSA-hwr7-8gxx-fj5p,high,CVSS:3.1/AV:L/AC:L/PR:N/UI:N/S:U/C:N/I:H/A:H,2021-08-25T14:44:09Z,2.3.4,2021-08-10 21:51:35.142457+00:00,-14.703169647488426,1,BIT-tensorflow-2021-37638;CVE-2021-37638;PYSEC-2021-260;PYSEC-2021-551;PYSEC-2021-749,-14.703169647488426,0
tensorflow/tensorflow,tensorflow,GHSA-hx2x-85gr-wrpq,critical,CVSS:3.1/AV:N/AC:H/PR:N/UI:N/S:C/C:L/I:L/A:H,2020-09-25T18:29:00Z,2.2.1,2020-09-24 19:03:23.545007+00:00,-0.9761163772337964,1,BIT-tensorflow-2020-15212;CVE-2020-15212;PYSEC-2020-135;PYSEC-2020-292;PYSEC-2020-327,-0.9761163772337964,0
tensorflow/tensorflow,tensorflow,GHSA-hx9q-2mx4-m4pg,medium,CVSS:3.1/AV:L/AC:L/PR:L/UI:N/S:U/C:N/I:N/A:H,2022-05-24T22:12:26Z,2.6.4,2022-05-16 18:35:54.612163+00:00,-8.150363285150462,1,BIT-tensorflow-2022-29204;CVE-2022-29204,-8.150363285150462,0
tensorflow/tensorflow,tensorflow,GHSA-j3mj-fhpq-qqjj,high,CVSS:3.1/AV:N/AC:L/PR:L/UI:N/S:U/C:N/I:N/A:H,2022-02-09T23:28:57Z,2.5.3,2022-02-02 16:55:58.910924+00:00,-7.272894549490741,1,BIT-tensorflow-2022-23571;CVE-2022-23571;PYSEC-2022-135;PYSEC-2022-80,-7.272894549490741,0
tensorflow/tensorflow,tensorflow,GHSA-j43h-pgmg-5hjq,critical,CVSS:3.1/AV:N/AC:H/PR:N/UI:N/S:U/C:N/I:N/A:H,2022-09-16T22:28:06Z,2.7.2,2022-05-16 18:54:48.982865+00:00,-123.14811362424769,1,BIT-tensorflow-2022-35989;CVE-2022-35989,-123.14811362424769,0
tensorflow/tensorflow,tensorflow,GHSA-j47f-4232-hvv8,medium,CVSS:3.1/AV:L/AC:H/PR:L/UI:N/S:U/C:N/I:N/A:L,2021-05-21T14:22:17Z,2.1.4,2021-06-15 21:01:30.053034+00:00,25.277234410115742,1,BIT-tensorflow-2021-29532;CVE-2021-29532;PYSEC-2021-169;PYSEC-2021-460;PYSEC-2021-658,25.277234410115742,0
tensorflow/tensorflow,tensorflow,GHSA-j5w9-hmfh-4cr6,critical,CVSS:3.1/AV:N/AC:L/PR:N/UI:N/S:U/C:N/I:N/A:H,2023-03-24T21:55:07Z,2.11.1,2023-03-20 19:24:21.820332+00:00,-4.104689579490741,1,BIT-tensorflow-2023-25671;CVE-2023-25671,-4.104689579490741,0
tensorflow/tensorflow,tensorflow,GHSA-j7rm-8ww4-xx2g,medium,CVSS:3.1/AV:L/AC:H/PR:L/UI:N/S:U/C:N/I:N/A:L,2021-05-21T14:26:45Z,2.1.4,2021-06-15 21:01:30.053034+00:00,25.27413255826389,1,BIT-tensorflow-2021-29587;CVE-2021-29587;PYSEC-2021-224;PYSEC-2021-515;PYSEC-2021-713,25.27413255826389,0
tensorflow/tensorflow,tensorflow,GHSA-j86v-p27c-73fm,high,CVSS:3.1/AV:L/AC:L/PR:L/UI:N/S:U/C:H/I:H/A:H,2021-11-10T19:17:43Z,2.6.1,2021-11-01 20:30:07.568333+00:00,-8.949715644293983,1,BIT-tensorflow-2021-41201;CVE-2021-41201;PYSEC-2021-394;PYSEC-2021-611;PYSEC-2021-809,-8.949715644293983,0
tensorflow/tensorflow,tensorflow,GHSA-j8c8-67vp-6mx7,medium,CVSS:3.1/AV:L/AC:L/PR:L/UI:N/S:U/C:H/I:L/A:L,2021-11-10T18:34:49Z,2.6.1,2021-11-01 20:30:07.568333+00:00,-8.919923977627315,1,BIT-tensorflow-2021-41227;CVE-2021-41227;PYSEC-2021-419;PYSEC-2021-636;PYSEC-2021-834,-8.919923977627315,0
tensorflow/tensorflow,tensorflow,GHSA-j8qc-5fqr-52fp,medium,CVSS:3.1/AV:L/AC:H/PR:L/UI:N/S:U/C:N/I:N/A:L,2021-05-21T14:22:38Z,2.1.4,2021-06-15 21:01:30.053034+00:00,25.276991354560188,1,BIT-tensorflow-2021-29538;CVE-2021-29538;PYSEC-2021-175;PYSEC-2021-466;PYSEC-2021-664,25.276991354560188,0
tensorflow/tensorflow,tensorflow,GHSA-j8qh-3xrq-c825,medium,CVSS:3.1/AV:L/AC:H/PR:L/UI:N/S:U/C:N/I:N/A:L,2021-05-21T14:28:04Z,2.1.4,2021-06-15 21:01:30.053034+00:00,25.27321820641204,1,BIT-tensorflow-2021-29600;CVE-2021-29600;PYSEC-2021-237;PYSEC-2021-528;PYSEC-2021-726,25.27321820641204,0
tensorflow/tensorflow,tensorflow,GHSA-jc87-6vpp-7ff3,critical,CVSS:3.1/AV:N/AC:H/PR:N/UI:N/S:C/C:L/I:L/A:N,2020-09-25T18:28:22Z,2.3.1,2020-09-24 19:23:11.978629+00:00,-0.9619215436458332,1,BIT-tensorflow-2020-15198;CVE-2020-15198;PYSEC-2020-121;PYSEC-2020-278;PYSEC-2020-313,-0.9619215436458332,0
tensorflow/tensorflow,tensorflow,GHSA-jf7h-7m85-w2v2,high,CVSS:3.1/AV:L/AC:L/PR:L/UI:N/S:U/C:N/I:H/A:H,2021-05-21T14:28:22Z,2.1.4,2021-06-15 21:01:30.053034+00:00,25.273009873078703,1,BIT-tensorflow-2021-29605;CVE-2021-29605;PYSEC-2021-242;PYSEC-2021-533;PYSEC-2021-731,25.273009873078703,0
tensorflow/tensorflow,tensorflow,GHSA-jfp7-4j67-8r3q,medium,CVSS:3.1/AV:L/AC:H/PR:L/UI:N/S:U/C:N/I:N/A:L,2021-05-21T14:22:05Z,2.1.4,2021-06-15 21:01:30.053034+00:00,25.27737329900463,1,BIT-tensorflow-2021-29529;CVE-2021-29529;PYSEC-2021-166;PYSEC-2021-457;PYSEC-2021-655,25.27737329900463,0
tensorflow/tensorflow,tensorflow,GHSA-jfq2-rj7f-9gvf,high,CVSS:3.0/AV:N/AC:L/PR:N/UI:R/S:U/C:N/I:N/A:H,2019-04-24T16:11:27Z,1.6.0,2018-03-01 22:56:46.435300+00:00,-418.7185250543981,1,CVE-2018-7576;PYSEC-2019-206;PYSEC-2019-224;PYSEC-2019-231,-418.7185250543981,0
tensorflow/tensorflow,tensorflow,GHSA-jhq9-wm9m-cf89,medium,CVSS:3.1/AV:L/AC:H/PR:L/UI:N/S:U/C:N/I:N/A:L,2021-05-21T14:23:48Z,2.1.4,2021-06-15 21:01:30.053034+00:00,25.276181169375,1,BIT-tensorflow-2021-29552;CVE-2021-29552;PYSEC-2021-189;PYSEC-2021-480;PYSEC-2021-678,25.276181169375,0
tensorflow/tensorflow,tensorflow,GHSA-jjm6-4vf7-cjh4,medium,CVSS:3.1/AV:L/AC:L/PR:L/UI:N/S:U/C:N/I:N/A:H,2022-05-24T22:11:56Z,2.6.4,2022-05-16 18:35:54.612163+00:00,-8.15001606292824,1,BIT-tensorflow-2022-29203;CVE-2022-29203,-8.15001606292824,0
tensorflow/tensorflow,tensorflow,GHSA-jjr8-m8g8-p6wv,medium,CVSS:3.1/AV:L/AC:L/PR:L/UI:N/S:U/C:N/I:L/A:L,2021-05-21T14:26:58Z,2.1.4,2021-06-15 21:01:30.053034+00:00,25.273982095300926,1,BIT-tensorflow-2021-29592;CVE-2021-29592;PYSEC-2021-229;PYSEC-2021-520;PYSEC-2021-718,25.273982095300926,0
tensorflow/tensorflow,tensorflow,GHSA-jq6x-99hj-q636,high,CVSS:3.1/AV:N/AC:H/PR:L/UI:R/S:U/C:N/I:N/A:H,2022-11-21T20:39:49Z,2.8.4,2022-11-16 18:45:38.407286+00:00,-5.079289267523149,1,BIT-tensorflow-2022-41884;CVE-2022-41884,-5.079289267523149,0
tensorflow/tensorflow,tensorflow,GHSA-jqm7-m5q7-3hm5,critical,CVSS:3.1/AV:N/AC:H/PR:N/UI:N/S:U/C:N/I:N/A:H,2022-09-16T22:08:58Z,2.7.2,2022-05-16 18:54:48.982865+00:00,-123.13482658721064,1,BIT-tensorflow-2022-36001;CVE-2022-36001,-123.13482658721064,0
tensorflow/tensorflow,tensorflow,GHSA-jvhc-5hhr-w3v5,critical,CVSS:3.1/AV:N/AC:H/PR:N/UI:N/S:U/C:N/I:N/A:H,2022-09-16T21:19:48Z,2.7.2,2022-05-16 18:54:48.982865+00:00,-123.10068306869212,1,BIT-tensorflow-2022-36012;CVE-2022-36012,-123.10068306869212,0
tensorflow/tensorflow,tensorflow,GHSA-jwf9-w5xm-f437,medium,CVSS:3.1/AV:L/AC:L/PR:L/UI:N/S:U/C:H/I:N/A:N,2021-08-25T14:40:02Z,2.3.4,2021-08-10 21:51:35.142457+00:00,-14.70031085119213,1,BIT-tensorflow-2021-37687;CVE-2021-37687;PYSEC-2021-309;PYSEC-2021-600;PYSEC-2021-798,-14.70031085119213,0
tensorflow/tensorflow,tensorflow,GHSA-m342-ff57-4jcc,high,CVSS:3.1/AV:L/AC:L/PR:L/UI:N/S:U/C:H/I:N/A:H,2021-11-10T19:01:44Z,2.6.1,2021-11-01 20:30:07.568333+00:00,-8.938616107256944,1,BIT-tensorflow-2021-41210;CVE-2021-41210;PYSEC-2021-402;PYSEC-2021-619;PYSEC-2021-817,-8.938616107256944,0
tensorflow/tensorflow,tensorflow,GHSA-m34j-p8rj-wjxq,medium,CVSS:3.1/AV:L/AC:H/PR:L/UI:N/S:U/C:N/I:N/A:L,2021-05-21T14:23:28Z,2.1.4,2021-06-15 21:01:30.053034+00:00,25.27641265085648,1,BIT-tensorflow-2021-29546;CVE-2021-29546;PYSEC-2021-183;PYSEC-2021-474;PYSEC-2021-672,25.27641265085648,0
tensorflow/tensorflow,tensorflow,GHSA-m3f9-w3p3-p669,medium,CVSS:3.1/AV:L/AC:H/PR:L/UI:N/S:U/C:N/I:N/A:L,2021-05-21T14:22:28Z,2.1.4,2021-06-15 21:01:30.053034+00:00,25.277107095300927,1,BIT-tensorflow-2021-29535;CVE-2021-29535;PYSEC-2021-172;PYSEC-2021-463;PYSEC-2021-661,25.277107095300927,0
tensorflow/tensorflow,tensorflow,GHSA-m4hf-j54p-p353,high,CVSS:3.1/AV:N/AC:L/PR:L/UI:N/S:U/C:N/I:N/A:H,2022-02-10T00:19:50Z,2.5.3,2022-02-02 16:55:58.910924+00:00,-7.308230197638889,1,BIT-tensorflow-2022-21731;CVE-2022-21731;PYSEC-2022-110;PYSEC-2022-55,-7.308230197638889,0
tensorflow/tensorflow,tensorflow,GHSA-m539-j985-hcr8,medium,CVSS:3.1/AV:L/AC:L/PR:L/UI:N/S:U/C:N/I:N/A:H,2021-11-10T19:36:21Z,2.6.1,2021-11-01 20:30:07.568333+00:00,-8.962655459108797,1,BIT-tensorflow-2021-41196;CVE-2021-41196;PYSEC-2021-389;PYSEC-2021-606;PYSEC-2021-804,-8.962655459108797,0
tensorflow/tensorflow,tensorflow,GHSA-m648-33qf-v3gp,medium,CVSS:3.1/AV:L/AC:L/PR:L/UI:N/S:U/C:N/I:L/A:L,2020-12-10T19:07:31Z,1.15.5,2021-01-06 17:16:34.769709+00:00,26.922960297557868,1,BIT-tensorflow-2020-26270;CVE-2020-26270;PYSEC-2020-256;PYSEC-2020-301;PYSEC-2020-336,26.922960297557868,0
tensorflow/tensorflow,tensorflow,GHSA-m6cv-4fmf-66xf,critical,CVSS:3.1/AV:N/AC:H/PR:N/UI:N/S:U/C:N/I:N/A:H,2022-09-16T21:14:10Z,2.7.2,2022-05-16 18:54:48.982865+00:00,-123.0967710316551,1,BIT-tensorflow-2022-36018;CVE-2022-36018,-123.0967710316551,0
tensorflow/tensorflow,tensorflow,GHSA-m6vp-8q9j-whx4,critical,CVSS:3.1/AV:N/AC:H/PR:N/UI:N/S:U/C:N/I:N/A:H,2022-09-16T22:31:14Z,2.7.2,2022-05-16 18:54:48.982865+00:00,-123.1502895501736,1,BIT-tensorflow-2022-35983;CVE-2022-35983,-123.1502895501736,0
tensorflow/tensorflow,tensorflow,GHSA-m7fm-4jfh-jrg6,high,CVSS:3.1/AV:L/AC:L/PR:L/UI:N/S:U/C:H/I:H/A:H,2021-08-25T14:43:07Z,2.3.4,2021-08-10 21:51:35.142457+00:00,-14.702452054895833,1,BIT-tensorflow-2021-37652;CVE-2021-37652;PYSEC-2021-274;PYSEC-2021-565;PYSEC-2021-763,-14.702452054895833,0
tensorflow/tensorflow,tensorflow,GHSA-mfg7-x5m7-6p8w,high,CVSS:3.0/AV:N/AC:L/PR:N/UI:R/S:U/C:N/I:N/A:H,2019-04-30T15:37:17Z,1.12.1,,,0,CVE-2019-9635;PYSEC-2019-210;PYSEC-2019-228;PYSEC-2019-235,2484.995075470243,0
tensorflow/tensorflow,tensorflow,GHSA-mg66-qvc5-rm93,medium,CVSS:3.1/AV:L/AC:L/PR:L/UI:N/S:U/C:N/I:N/A:H,2022-05-24T22:08:45Z,2.6.4,2022-05-16 18:35:54.612163+00:00,-8.147805414780093,1,BIT-tensorflow-2022-29198;CVE-2022-29198,-8.147805414780093,0
tensorflow/tensorflow,tensorflow,GHSA-mgmh-g2v6-mqw5,critical,CVSS:3.1/AV:N/AC:H/PR:N/UI:N/S:U/C:N/I:N/A:H,2022-09-16T21:18:42Z,2.7.2,2022-05-16 18:54:48.982865+00:00,-123.09991917980324,1,BIT-tensorflow-2022-35941;CVE-2022-35941,-123.09991917980324,0
tensorflow/tensorflow,tensorflow,GHSA-mh3m-62v7-68xg,critical,CVSS:3.1/AV:N/AC:H/PR:N/UI:N/S:U/C:N/I:N/A:H,2022-09-16T22:06:35Z,2.7.2,2022-05-16 18:54:48.982865+00:00,-123.13317149461804,1,BIT-tensorflow-2022-36002;CVE-2022-36002,-123.13317149461804,0
tensorflow/tensorflow,tensorflow,GHSA-mhhc-q96p-mfm9,medium,CVSS:3.1/AV:L/AC:L/PR:L/UI:N/S:U/C:N/I:N/A:H,2021-08-25T14:39:58Z,2.6.0rc2,2021-08-04 15:22:07.594189+00:00,-20.970722289479166,1,BIT-tensorflow-2021-37686;CVE-2021-37686;PYSEC-2021-308;PYSEC-2021-599;PYSEC-2021-797,-20.970722289479166,0
tensorflow/tensorflow,tensorflow,GHSA-mmq6-q8r3-48fm,medium,CVSS:3.1/AV:L/AC:H/PR:L/UI:N/S:U/C:N/I:N/A:L,2021-05-21T14:28:50Z,2.1.4,2021-06-15 21:01:30.053034+00:00,25.27268579900463,1,BIT-tensorflow-2021-29617;CVE-2021-29617;PYSEC-2021-254;PYSEC-2021-545;PYSEC-2021-743,25.27268579900463,0
tensorflow/tensorflow,tensorflow,GHSA-mq5c-prh3-3f3h,medium,CVSS:3.1/AV:L/AC:H/PR:L/UI:N/S:U/C:N/I:L/A:L,2021-05-21T14:28:32Z,2.1.4,2021-06-15 21:01:30.053034+00:00,25.272894132337964,1,BIT-tensorflow-2021-29610;CVE-2021-29610;PYSEC-2021-247;PYSEC-2021-538;PYSEC-2021-736,25.272894132337964,0
tensorflow/tensorflow,tensorflow,GHSA-mqh2-9wrp-vx84,medium,CVSS:3.1/AV:L/AC:H/PR:L/UI:N/S:U/C:N/I:N/A:L,2021-05-21T14:24:51Z,2.1.4,2021-06-15 21:01:30.053034+00:00,25.27545200270833,1,BIT-tensorflow-2021-29558;CVE-2021-29558;PYSEC-2021-195;PYSEC-2021-486;PYSEC-2021-684,25.27545200270833,0
tensorflow/tensorflow,tensorflow,GHSA-mv77-9g28-cwg3,high,CVSS:3.1/AV:N/AC:H/PR:L/UI:R/S:U/C:N/I:N/A:H,2022-11-21T22:09:30Z,2.8.4,2022-11-16 18:45:38.407286+00:00,-5.141569360115741,1,BIT-tensorflow-2022-41908;CVE-2022-41908,-5.141569360115741,0
tensorflow/tensorflow,tensorflow,GHSA-mv78-g7wq-mhp4,medium,CVSS:3.1/AV:L/AC:H/PR:L/UI:N/S:U/C:N/I:N/A:L,2021-05-21T14:26:41Z,2.1.4,2021-06-15 21:01:30.053034+00:00,25.274178854560187,1,BIT-tensorflow-2021-29585;CVE-2021-29585;PYSEC-2021-222;PYSEC-2021-513;PYSEC-2021-711,25.274178854560187,0
tensorflow/tensorflow,tensorflow,GHSA-mv8m-8x97-937q,critical,CVSS:3.1/AV:N/AC:H/PR:N/UI:N/S:U/C:N/I:N/A:H,2022-09-16T21:23:11Z,2.7.2,2022-05-16 18:54:48.982865+00:00,-123.10303260572915,1,BIT-tensorflow-2022-36004;CVE-2022-36004,-123.10303260572915,0
tensorflow/tensorflow,tensorflow,GHSA-mw6j-hh29-h379,unknown,,2022-05-25T19:33:50Z,2.6.4,2022-05-16 18:35:54.612163+00:00,-9.040224396261571,1,,-9.040224396261571,1
tensorflow/tensorflow,tensorflow,GHSA-mw6v-crh8-8533,critical,CVSS:3.0/AV:N/AC:L/PR:N/UI:N/S:U/C:H/I:H/A:H,2019-04-30T15:36:41Z,1.7.1,2018-05-08 18:30:45.671346+00:00,-356.87911260016205,1,CVE-2018-7575;PYSEC-2019-205;PYSEC-2019-223;PYSEC-2019-230,-356.87911260016205,0
tensorflow/tensorflow,tensorflow,GHSA-mxjj-953w-2c2v,critical,CVSS:3.1/AV:N/AC:H/PR:N/UI:N/S:U/C:H/I:H/A:N,2020-09-25T18:28:44Z,1.15.4,2020-09-24 18:38:59.375441+00:00,-0.9928775990625,1,BIT-tensorflow-2020-15208;CVE-2020-15208;PYSEC-2020-131;PYSEC-2020-288;PYSEC-2020-323,-0.9928775990625,0
tensorflow/tensorflow,tensorflow,GHSA-p2cq-cprg-frvm,critical,CVSS:3.1/AV:N/AC:H/PR:N/UI:N/S:C/C:L/I:L/A:H,2020-09-25T18:28:56Z,2.2.1,2020-09-24 19:03:23.545007+00:00,-0.9760700809375,1,BIT-tensorflow-2020-15214;CVE-2020-15214;PYSEC-2020-137;PYSEC-2020-294;PYSEC-2020-329,-0.9760700809375,0
tensorflow/tensorflow,tensorflow,GHSA-p2xf-8hgm-hpw5,critical,CVSS:3.1/AV:N/AC:H/PR:N/UI:N/S:U/C:N/I:N/A:H,2022-09-16T22:30:29Z,2.7.2,2022-05-16 18:54:48.982865+00:00,-123.14976871684028,1,BIT-tensorflow-2022-35984;CVE-2022-35984,-123.14976871684028,0
tensorflow/tensorflow,tensorflow,GHSA-p45v-v4pw-77jr,medium,CVSS:3.1/AV:L/AC:H/PR:L/UI:N/S:U/C:N/I:N/A:L,2021-05-21T14:23:34Z,2.1.4,2021-06-15 21:01:30.053034+00:00,25.27634320641204,1,BIT-tensorflow-2021-29548;CVE-2021-29548;PYSEC-2021-185;PYSEC-2021-476;PYSEC-2021-674,25.27634320641204,0
tensorflow/tensorflow,tensorflow,GHSA-p5f8-gfw5-33w4,high,CVSS:3.1/AV:N/AC:H/PR:N/UI:N/S:U/C:L/I:L/A:N,2020-09-25T18:28:34Z,2.3.1,2020-09-24 19:23:11.978629+00:00,-0.9620604325347222,1,BIT-tensorflow-2020-15201;CVE-2020-15201;PYSEC-2020-124;PYSEC-2020-281;PYSEC-2020-316,-0.9620604325347222,0
tensorflow/tensorflow,tensorflow,GHSA-p7hr-f446-x6qf,critical,CVSS:3.1/AV:N/AC:H/PR:N/UI:N/S:U/C:N/I:N/A:H,2022-09-16T19:25:36Z,2.7.2,2022-05-16 18:54:48.982865+00:00,-123.02137751313656,1,BIT-tensorflow-2022-35997;CVE-2022-35997,-123.02137751313656,0
tensorflow/tensorflow,tensorflow,GHSA-p9rc-rmr5-529j,medium,CVSS:3.1/AV:L/AC:L/PR:L/UI:N/S:U/C:N/I:N/A:H,2022-05-24T22:09:03Z,2.6.4,2022-05-16 18:35:54.612163+00:00,-8.148013748113426,1,BIT-tensorflow-2022-29199;CVE-2022-29199,-8.148013748113426,0
tensorflow/tensorflow,tensorflow,GHSA-pf36-r9c6-h97j,high,CVSS:3.1/AV:N/AC:H/PR:L/UI:R/S:U/C:N/I:N/A:H,2022-11-21T22:18:11Z,2.8.4,2022-11-16 18:45:38.407286+00:00,-5.1475994527083335,1,BIT-tensorflow-2022-41911;CVE-2022-41911,-5.1475994527083335,0
tensorflow/tensorflow,tensorflow,GHSA-pfjj-m3jj-9jc9,high,CVSS:3.1/AV:N/AC:L/PR:L/UI:N/S:U/C:L/I:L/A:H,2022-02-09T23:43:27Z,2.5.3,2022-02-02 16:55:58.910924+00:00,-7.282963993935185,1,BIT-tensorflow-2022-21736;CVE-2022-21736;PYSEC-2022-115;PYSEC-2022-60,-7.282963993935185,0
tensorflow/tensorflow,tensorflow,GHSA-pg59-2f92-5cph,critical,CVSS:3.1/AV:N/AC:H/PR:L/UI:N/S:C/C:H/I:H/A:H,2020-09-25T18:28:21Z,2.3.1,2020-09-24 19:23:11.978629+00:00,-0.9619099695717592,1,BIT-tensorflow-2020-15196;CVE-2020-15196;PYSEC-2020-119;PYSEC-2020-276;PYSEC-2020-311,-0.9619099695717592,0
tensorflow/tensorflow,tensorflow,GHSA-pgcq-h79j-2f69,high,CVSS:3.1/AV:L/AC:H/PR:L/UI:N/S:U/C:H/I:H/A:H,2021-11-10T19:03:38Z,2.6.1,2021-11-01 20:30:07.568333+00:00,-8.939935551701389,1,BIT-tensorflow-2021-41206;CVE-2021-41206;PYSEC-2021-843;PYSEC-2021-845;PYSEC-2021-847,-8.939935551701389,0
tensorflow/tensorflow,tensorflow,GHSA-ph87-fvjr-v33w,medium,CVSS:3.1/AV:L/AC:H/PR:L/UI:N/S:U/C:N/I:N/A:L,2021-05-21T14:25:05Z,2.1.4,2021-06-15 21:01:30.053034+00:00,25.2752899656713,1,BIT-tensorflow-2021-29563;CVE-2021-29563;PYSEC-2021-200;PYSEC-2021-491;PYSEC-2021-689,25.2752899656713,0
tensorflow/tensorflow,tensorflow,GHSA-pmpr-55fj-r229,medium,CVSS:3.1/AV:L/AC:H/PR:L/UI:N/S:U/C:N/I:N/A:L,2021-05-21T14:27:58Z,2.1.4,2021-06-15 21:01:30.053034+00:00,25.27328765085648,1,BIT-tensorflow-2021-29598;CVE-2021-29598;PYSEC-2021-235;PYSEC-2021-526;PYSEC-2021-724,25.27328765085648,0
tensorflow/tensorflow,tensorflow,GHSA-pqhm-4wvf-2jg8,medium,CVSS:3.1/AV:L/AC:L/PR:L/UI:N/S:U/C:N/I:N/A:H,2022-05-24T22:10:20Z,2.6.4,2022-05-16 18:35:54.612163+00:00,-8.14890495181713,1,BIT-tensorflow-2022-29201;CVE-2022-29201,-8.14890495181713,0
tensorflow/tensorflow,tensorflow,GHSA-pqrv-8r2f-7278,critical,CVSS:3.1/AV:N/AC:H/PR:N/UI:N/S:U/C:N/I:N/A:H,2022-02-09T23:29:38Z,2.7.1,2022-02-02 16:58:42.928255+00:00,-7.271470737789351,1,BIT-tensorflow-2022-23590;CVE-2022-23590;PYSEC-2022-154;PYSEC-2022-99,-7.271470737789351,0
tensorflow/tensorflow,tensorflow,GHSA-prcg-wp5q-rv7p,medium,CVSS:3.1/AV:L/AC:L/PR:L/UI:N/S:U/C:N/I:N/A:H,2021-11-10T19:35:35Z,2.6.1,2021-11-01 20:30:07.568333+00:00,-8.96212305170139,1,BIT-tensorflow-2021-41197;CVE-2021-41197;PYSEC-2021-390;PYSEC-2021-607;PYSEC-2021-805,-8.96212305170139,0
tensorflow/tensorflow,tensorflow,GHSA-pvrc-hg3f-58r6,medium,CVSS:3.1/AV:L/AC:H/PR:L/UI:N/S:U/C:N/I:N/A:L,2021-05-21T14:25:13Z,2.1.4,2021-06-15 21:01:30.053034+00:00,25.275197373078704,1,BIT-tensorflow-2021-29566;CVE-2021-29566;PYSEC-2021-203;PYSEC-2021-494;PYSEC-2021-692,25.275197373078704,0
tensorflow/tensorflow,tensorflow,GHSA-pxrw-j2fv-hx3h,critical,CVSS:3.1/AV:N/AC:H/PR:N/UI:N/S:U/C:L/I:L/A:H,2022-09-16T21:04:10Z,2.7.2,2022-05-16 18:54:48.982865+00:00,-123.08982658721064,1,BIT-tensorflow-2022-35937;CVE-2022-35937,-123.08982658721064,0
tensorflow/tensorflow,tensorflow,GHSA-q263-fvxm-m5mw,medium,CVSS:3.1/AV:L/AC:L/PR:L/UI:N/S:U/C:N/I:L/A:L,2020-12-10T19:07:34Z,1.15.5,2021-01-06 17:16:34.769709+00:00,26.922925575335647,1,BIT-tensorflow-2020-26271;CVE-2020-26271;PYSEC-2020-257;PYSEC-2020-302;PYSEC-2020-337,26.922925575335647,0
tensorflow/tensorflow,tensorflow,GHSA-q2c3-jpmc-gfjx,critical,CVSS:3.1/AV:N/AC:H/PR:N/UI:N/S:U/C:N/I:N/A:H,2022-09-16T22:17:17Z,2.7.2,2022-05-16 18:54:48.982865+00:00,-123.1406020501736,1,BIT-tensorflow-2022-35969;CVE-2022-35969,-123.1406020501736,0
tensorflow/tensorflow,tensorflow,GHSA-q3g3-h9r4-prrc,high,CVSS:3.1/AV:L/AC:L/PR:L/UI:N/S:U/C:H/I:L/A:H,2021-08-25T14:42:47Z,2.3.4,2021-08-10 21:51:35.142457+00:00,-14.702220573414351,1,BIT-tensorflow-2021-37659;CVE-2021-37659;PYSEC-2021-281;PYSEC-2021-572;PYSEC-2021-770,-14.702220573414351,0
tensorflow/tensorflow,tensorflow,GHSA-q492-f7gr-27rp,critical,CVSS:3.0/AV:N/AC:L/PR:N/UI:R/S:U/C:H/I:N/A:H,2019-04-30T15:37:31Z,1.7.1,2018-05-08 18:30:45.671346+00:00,-356.87969130386574,1,CVE-2018-10055;PYSEC-2019-204;PYSEC-2019-222;PYSEC-2019-229,-356.87969130386574,0
tensorflow/tensorflow,tensorflow,GHSA-q4qf-3fc6-8x34,critical,CVSS:3.1/AV:N/AC:H/PR:N/UI:N/S:C/C:N/I:H/A:H,2020-09-25T18:28:43Z,1.15.4,2020-09-24 18:38:59.375441+00:00,-0.992866024988426,1,BIT-tensorflow-2020-15207;CVE-2020-15207;PYSEC-2020-130;PYSEC-2020-287;PYSEC-2020-322,-0.992866024988426,0
tensorflow/tensorflow,tensorflow,GHSA-q5jv-m6qw-5g37,critical,CVSS:3.1/AV:N/AC:H/PR:N/UI:N/S:U/C:N/I:N/A:H,2022-09-16T22:11:10Z,2.7.2,2022-05-16 18:54:48.982865+00:00,-123.13635436498842,1,BIT-tensorflow-2022-35996;CVE-2022-35996,-123.13635436498842,0
tensorflow/tensorflow,tensorflow,GHSA-q7f7-544h-67h9,medium,CVSS:3.1/AV:L/AC:L/PR:L/UI:N/S:U/C:N/I:N/A:H,2021-08-25T14:40:13Z,2.3.4,2021-08-10 21:51:35.142457+00:00,-14.700438166006943,1,BIT-tensorflow-2021-37684;CVE-2021-37684;PYSEC-2021-306;PYSEC-2021-597;PYSEC-2021-795,-14.700438166006943,0
tensorflow/tensorflow,tensorflow,GHSA-q85f-69q7-55h2,high,CVSS:3.1/AV:N/AC:L/PR:L/UI:N/S:U/C:L/I:L/A:H,2022-02-09T23:26:50Z,2.5.3,2022-02-02 16:55:58.910924+00:00,-7.271424642083334,1,BIT-tensorflow-2022-23573;CVE-2022-23573;PYSEC-2022-137;PYSEC-2022-82,-7.271424642083334,0
tensorflow/tensorflow,tensorflow,GHSA-q8gv-q7wr-9jf8,high,CVSS:3.1/AV:N/AC:L/PR:N/UI:N/S:U/C:N/I:N/A:L,2020-09-25T18:28:41Z,1.15.4,2020-09-24 18:38:59.375441+00:00,-0.9928428768402778,1,BIT-tensorflow-2020-15204;CVE-2020-15204;PYSEC-2020-127;PYSEC-2020-284;PYSEC-2020-319,-0.9928428768402778,0
tensorflow/tensorflow,tensorflow,GHSA-q8qj-fc9q-cphr,high,CVSS:3.1/AV:N/AC:L/PR:N/UI:N/S:U/C:N/I:N/A:L,2020-09-25T18:28:25Z,2.2.1,2020-09-24 19:03:23.545007+00:00,-0.9757112846412038,1,BIT-tensorflow-2020-15191;CVE-2020-15191;PYSEC-2020-114;PYSEC-2020-271;PYSEC-2020-306,-0.9757112846412038,0
tensorflow/tensorflow,tensorflow,GHSA-qc53-44cj-vfvx,critical,CVSS:3.1/AV:N/AC:H/PR:L/UI:N/S:C/C:N/I:N/A:H,2020-09-25T18:28:30Z,2.3.1,2020-09-24 19:23:11.978629+00:00,-0.962014136238426,1,BIT-tensorflow-2020-15197;CVE-2020-15197;PYSEC-2020-120;PYSEC-2020-277;PYSEC-2020-312,-0.962014136238426,0
tensorflow/tensorflow,tensorflow,GHSA-qfpc-5pjr-mh26,medium,CVSS:3.1/AV:L/AC:L/PR:L/UI:N/S:U/C:N/I:N/A:H,2021-08-25T14:41:23Z,2.3.4,2021-08-10 21:51:35.142457+00:00,-14.70124835119213,1,BIT-tensorflow-2021-37677;CVE-2021-37677;PYSEC-2021-299;PYSEC-2021-590;PYSEC-2021-788,-14.70124835119213,0
tensorflow/tensorflow,tensorflow,GHSA-qg48-85hg-mqc5,medium,CVSS:3.1/AV:L/AC:H/PR:L/UI:N/S:U/C:N/I:N/A:L,2021-05-21T14:23:55Z,2.3.3,2021-06-15 21:03:30.442786+00:00,25.277493550763893,1,BIT-tensorflow-2021-29554;CVE-2021-29554;PYSEC-2021-191;PYSEC-2021-482;PYSEC-2021-680,25.277493550763893,0
tensorflow/tensorflow,tensorflow,GHSA-qh32-6jjc-qprm,critical,CVSS:3.1/AV:N/AC:H/PR:N/UI:N/S:U/C:N/I:N/A:H,2020-09-25T18:28:46Z,1.15.4,2020-09-24 18:38:59.375441+00:00,-0.992900747210648,1,BIT-tensorflow-2020-15209;CVE-2020-15209;PYSEC-2020-132;PYSEC-2020-289;PYSEC-2020-324,-0.992900747210648,0
tensorflow/tensorflow,tensorflow,GHSA-qhw4-wwr7-gjc5,critical,CVSS:3.1/AV:N/AC:H/PR:N/UI:N/S:U/C:N/I:N/A:H,2022-09-16T22:09:57Z,2.7.2,2022-05-16 18:54:48.982865+00:00,-123.13550945758102,1,BIT-tensorflow-2022-35998;CVE-2022-35998,-123.13550945758102,0
tensorflow/tensorflow,tensorflow,GHSA-qhxx-j73r-qpm2,medium,CVSS:3.1/AV:L/AC:L/PR:L/UI:N/S:U/C:N/I:L/A:L,2020-12-10T19:07:24Z,1.15.5,2021-01-06 17:16:34.769709+00:00,26.923041316076382,1,BIT-tensorflow-2020-26266;CVE-2020-26266;PYSEC-2020-254;PYSEC-2020-297;PYSEC-2020-332,26.923041316076382,0
tensorflow/tensorflow,tensorflow,GHSA-qj5r-f9mv-rffh,high,CVSS:3.1/AV:N/AC:L/PR:L/UI:N/S:U/C:N/I:N/A:H,2022-02-09T23:38:56Z,2.5.3,2022-02-02 16:55:58.910924+00:00,-7.279827419861111,1,BIT-tensorflow-2022-23569;CVE-2022-23569;PYSEC-2022-133;PYSEC-2022-78,-7.279827419861111,0
tensorflow/tensorflow,tensorflow,GHSA-qjj8-32p7-h289,medium,CVSS:3.1/AV:L/AC:L/PR:L/UI:N/S:U/C:N/I:N/A:H,2021-08-25T14:43:04Z,2.3.4,2021-08-10 21:51:35.142457+00:00,-14.702417332673612,1,BIT-tensorflow-2021-37653;CVE-2021-37653;PYSEC-2021-275;PYSEC-2021-566;PYSEC-2021-764,-14.702417332673612,0
tensorflow/tensorflow,tensorflow,GHSA-qjqc-vqcf-5qvj,critical,CVSS:3.1/AV:N/AC:L/PR:N/UI:N/S:U/C:N/I:N/A:H,2023-03-24T21:58:44Z,2.11.1,2023-03-20 19:24:21.820332+00:00,-4.107201153564815,1,BIT-tensorflow-2023-25660;CVE-2023-25660,-4.107201153564815,0
tensorflow/tensorflow,tensorflow,GHSA-qr82-2c78-4m8h,high,CVSS:3.1/AV:L/AC:L/PR:L/UI:N/S:U/C:H/I:H/A:H,2021-08-25T14:41:42Z,2.3.4,2021-08-10 21:51:35.142457+00:00,-14.701468258599537,1,BIT-tensorflow-2021-37671;CVE-2021-37671;PYSEC-2021-293;PYSEC-2021-584;PYSEC-2021-782,-14.701468258599537,0
tensorflow/tensorflow,tensorflow,GHSA-qw5h-7f53-xrp6,medium,CVSS:3.1/AV:L/AC:H/PR:L/UI:N/S:U/C:N/I:N/A:L,2021-05-21T14:28:45Z,2.1.4,2021-06-15 21:01:30.053034+00:00,25.272743669375,1,BIT-tensorflow-2021-29615;CVE-2021-29615;PYSEC-2021-252;PYSEC-2021-543;PYSEC-2021-741,25.272743669375,0
tensorflow/tensorflow,tensorflow,GHSA-qx2v-j445-g354,critical,CVSS:3.0/AV:N/AC:L/PR:N/UI:R/S:U/C:H/I:N/A:H,2019-04-30T15:37:34Z,1.7.1,2018-05-08 18:30:45.671346+00:00,-356.87972602608795,1,CVE-2018-7577;PYSEC-2019-207;PYSEC-2019-225;PYSEC-2019-232,-356.87972602608795,0
tensorflow/tensorflow,tensorflow,GHSA-qx3f-p745-w4hr,high,CVSS:3.1/AV:N/AC:L/PR:L/UI:N/S:U/C:L/I:L/A:H,2022-02-09T23:54:07Z,2.5.3,2022-02-02 16:55:58.910924+00:00,-7.290371401342593,1,BIT-tensorflow-2022-23562;CVE-2022-23562;PYSEC-2022-126;PYSEC-2022-71,-7.290371401342593,0
tensorflow/tensorflow,tensorflow,GHSA-qxpx-j395-pw36,critical,CVSS:3.1/AV:N/AC:H/PR:N/UI:N/S:U/C:N/I:N/A:H,2022-09-16T22:14:39Z,2.7.2,2022-05-16 18:54:48.982865+00:00,-123.1387733464699,1,BIT-tensorflow-2022-35965;CVE-2022-35965,-123.1387733464699,0
tensorflow/tensorflow,tensorflow,GHSA-r26c-679w-mrjm,critical,CVSS:3.1/AV:N/AC:H/PR:N/UI:N/S:U/C:N/I:N/A:H,2022-09-16T21:28:06Z,2.7.2,2022-05-16 18:54:48.982865+00:00,-123.106446957581,1,BIT-tensorflow-2022-36005;CVE-2022-36005,-123.106446957581,0
tensorflow/tensorflow,tensorflow,GHSA-r35g-4525-29fq,medium,CVSS:3.1/AV:L/AC:H/PR:L/UI:N/S:U/C:N/I:N/A:L,2021-05-21T14:23:58Z,2.1.4,2021-06-15 21:01:30.053034+00:00,25.27606542863426,1,BIT-tensorflow-2021-29555;CVE-2021-29555;PYSEC-2021-192;PYSEC-2021-483;PYSEC-2021-681,25.27606542863426,0
tensorflow/tensorflow,tensorflow,GHSA-r4c4-5fpq-56wg,high,CVSS:3.1/AV:L/AC:L/PR:L/UI:N/S:U/C:H/I:L/A:H,2021-08-25T14:42:20Z,2.3.4,2021-08-10 21:51:35.142457+00:00,-14.701908073414351,1,BIT-tensorflow-2021-37664;CVE-2021-37664;PYSEC-2021-286;PYSEC-2021-577;PYSEC-2021-775,-14.701908073414351,0
tensorflow/tensorflow,tensorflow,GHSA-r4pj-74mg-8868,medium,CVSS:3.1/AV:L/AC:H/PR:L/UI:N/S:U/C:N/I:N/A:L,2021-05-21T14:21:47Z,2.1.4,2021-06-15 21:01:30.053034+00:00,25.277581632337963,1,BIT-tensorflow-2021-29524;CVE-2021-29524;PYSEC-2021-161;PYSEC-2021-452;PYSEC-2021-650,25.277581632337963,0
tensorflow/tensorflow,tensorflow,GHSA-r6jx-9g48-2r5r,critical,CVSS:3.1/AV:L/AC:L/PR:N/UI:N/S:C/C:H/I:H/A:H,2021-08-25T14:41:12Z,2.3.4,2021-08-10 21:51:35.142457+00:00,-14.701121036377316,1,BIT-tensorflow-2021-37678;CVE-2021-37678;PYSEC-2021-300;PYSEC-2021-591;PYSEC-2021-789,-14.701121036377316,0
tensorflow/tensorflow,tensorflow,GHSA-r6pg-pjwc-j585,medium,CVSS:3.1/AV:L/AC:H/PR:L/UI:N/S:U/C:N/I:N/A:L,2021-05-21T14:25:11Z,2.1.4,2021-06-15 21:01:30.053034+00:00,25.275220521226853,1,BIT-tensorflow-2021-29565;CVE-2021-29565;PYSEC-2021-202;PYSEC-2021-493;PYSEC-2021-691,25.275220521226853,0
tensorflow/tensorflow,tensorflow,GHSA-rc9w-5c64-9vqq,medium,CVSS:3.1/AV:L/AC:L/PR:L/UI:N/S:U/C:N/I:N/A:H,2022-05-24T22:13:23Z,2.6.4,2022-05-16 18:35:54.612163+00:00,-8.151023007372684,1,BIT-tensorflow-2022-29206;CVE-2022-29206,-8.151023007372684,0
tensorflow/tensorflow,tensorflow,GHSA-rcf8-g8jv-vg6p,critical,CVSS:3.1/AV:N/AC:L/PR:N/UI:N/S:U/C:N/I:N/A:H,2023-03-24T21:56:53Z,2.11.1,2023-03-20 19:24:21.820332+00:00,-4.105916431342593,1,BIT-tensorflow-2023-25669;CVE-2023-25669,-4.105916431342593,0
tensorflow/tensorflow,tensorflow,GHSA-rf3h-xgv5-2q39,medium,CVSS:3.1/AV:L/AC:H/PR:L/UI:N/S:U/C:N/I:N/A:L,2021-05-21T14:28:12Z,2.1.4,2021-06-15 21:01:30.053034+00:00,25.273125613819445,1,BIT-tensorflow-2021-29602;CVE-2021-29602;PYSEC-2021-239;PYSEC-2021-530;PYSEC-2021-728,25.273125613819445,0
tensorflow/tensorflow,tensorflow,GHSA-rg3m-hqc5-344v,high,CVSS:3.1/AV:L/AC:L/PR:L/UI:N/S:U/C:H/I:N/A:H,2021-11-10T18:45:55Z,2.6.1,2021-11-01 20:30:07.568333+00:00,-8.927632310960648,1,BIT-tensorflow-2021-41224;CVE-2021-41224;PYSEC-2021-416;PYSEC-2021-633;PYSEC-2021-831,-8.927632310960648,0
tensorflow/tensorflow,tensorflow,GHSA-rgvq-pcvf-hx75,medium,CVSS:3.1/AV:L/AC:H/PR:L/UI:N/S:U/C:N/I:L/A:H,2021-05-21T14:28:27Z,2.1.4,2021-06-15 21:01:30.053034+00:00,25.272952002708333,1,BIT-tensorflow-2021-29608;CVE-2021-29608;PYSEC-2021-245;PYSEC-2021-536;PYSEC-2021-734,25.272952002708333,0
tensorflow/tensorflow,tensorflow,GHSA-rh87-q4vg-m45j,unknown,,2022-09-16T21:20:28Z,2.7.2,2022-05-16 18:54:48.982865+00:00,-123.10114603165508,1,BIT-tensorflow-2022-36015;CVE-2022-36015,-123.10114603165508,1
tensorflow/tensorflow,tensorflow,GHSA-rhrq-64mq-hf9h,medium,CVSS:3.1/AV:L/AC:L/PR:L/UI:N/S:U/C:N/I:N/A:H,2021-08-25T14:40:16Z,2.3.4,2021-08-10 21:51:35.142457+00:00,-14.700472888229166,1,BIT-tensorflow-2021-37683;CVE-2021-37683;PYSEC-2021-305;PYSEC-2021-596;PYSEC-2021-794,-14.700472888229166,0
tensorflow/tensorflow,tensorflow,GHSA-rjjg-hgv6-h69v,high,CVSS:3.1/AV:N/AC:L/PR:L/UI:N/S:U/C:N/I:H/A:L,2020-09-25T18:28:27Z,2.2.1,2020-09-24 19:03:23.545007+00:00,-0.975734432789352,1,BIT-tensorflow-2020-15193;CVE-2020-15193;PYSEC-2020-116;PYSEC-2020-273;PYSEC-2020-308,-0.975734432789352,0
tensorflow/tensorflow,tensorflow,GHSA-rjx6-v474-2ch9,high,CVSS:3.1/AV:N/AC:H/PR:L/UI:R/S:U/C:N/I:N/A:H,2022-11-21T22:17:43Z,2.8.4,2022-11-16 18:45:38.407286+00:00,-5.14727537863426,1,BIT-tensorflow-2022-41909;CVE-2022-41909,-5.14727537863426,0
tensorflow/tensorflow,tensorflow,GHSA-rmg2-f698-wq35,high,CVSS:3.1/AV:N/AC:H/PR:L/UI:R/S:U/C:N/I:N/A:H,2022-11-21T21:53:52Z,2.8.4,2022-11-16 18:45:38.407286+00:00,-5.13071287863426,1,BIT-tensorflow-2022-41896;CVE-2022-41896,-5.13071287863426,0
tensorflow/tensorflow,tensorflow,GHSA-rrfp-j2mp-hq9c,critical,CVSS:3.1/AV:N/AC:H/PR:N/UI:N/S:U/C:N/I:N/A:H,2020-11-13T17:13:04Z,2.4.0,2020-12-14 17:58:05.761538+00:00,31.031270388171293,1,BIT-tensorflow-2020-15265;CVE-2020-15265;PYSEC-2020-138;PYSEC-2020-295;PYSEC-2020-330,31.031270388171293,0
tensorflow/tensorflow,tensorflow,GHSA-rrx2-r989-2c43,high,CVSS:3.1/AV:N/AC:L/PR:L/UI:N/S:U/C:N/I:N/A:H,2022-02-09T23:39:33Z,2.5.3,2022-02-02 16:55:58.910924+00:00,-7.280255660601852,1,BIT-tensorflow-2022-23567;CVE-2022-23567;PYSEC-2022-131;PYSEC-2022-76,-7.280255660601852,0
tensorflow/tensorflow,tensorflow,GHSA-rww7-2gpw-fv6j,high,CVSS:3.1/AV:N/AC:L/PR:L/UI:N/S:U/C:N/I:N/A:H,2022-02-09T23:28:29Z,2.5.3,2022-02-02 16:55:58.910924+00:00,-7.272570475416667,1,BIT-tensorflow-2022-23572;CVE-2022-23572;PYSEC-2022-136;PYSEC-2022-81,-7.272570475416667,0
tensorflow/tensorflow,tensorflow,GHSA-v3f7-j968-4h5f,high,CVSS:3.1/AV:N/AC:L/PR:L/UI:N/S:U/C:N/I:N/A:H,2022-02-10T00:15:07Z,2.5.3,2022-02-02 16:55:58.910924+00:00,-7.304954734675927,1,BIT-tensorflow-2022-21725;CVE-2022-21725;PYSEC-2022-104;PYSEC-2022-49,-7.304954734675927,0
tensorflow/tensorflow,tensorflow,GHSA-v52p-hfjf-wg88,medium,CVSS:3.1/AV:L/AC:H/PR:L/UI:N/S:U/C:N/I:N/A:L,2021-05-21T14:27:54Z,2.1.4,2021-06-15 21:01:30.053034+00:00,25.27333394715278,1,BIT-tensorflow-2021-29597;CVE-2021-29597;PYSEC-2021-234;PYSEC-2021-525;PYSEC-2021-723,25.27333394715278,0
tensorflow/tensorflow,tensorflow,GHSA-v5xg-3q2c-c2r4,critical,CVSS:3.1/AV:N/AC:H/PR:N/UI:N/S:U/C:N/I:N/A:H,2022-09-16T22:11:18Z,2.7.2,2022-05-16 18:54:48.982865+00:00,-123.136446957581,1,BIT-tensorflow-2022-35960;CVE-2022-35960,-123.136446957581,0
tensorflow/tensorflow,tensorflow,GHSA-v6h3-348g-6h5x,critical,CVSS:3.1/AV:N/AC:H/PR:N/UI:N/S:U/C:N/I:N/A:H,2022-09-16T22:16:30Z,2.7.2,2022-05-16 18:54:48.982865+00:00,-123.14005806869211,1,BIT-tensorflow-2022-35967;CVE-2022-35967,-123.14005806869211,0
tensorflow/tensorflow,tensorflow,GHSA-v6r6-84gr-92rm,medium,CVSS:3.1/AV:L/AC:H/PR:L/UI:N/S:U/C:N/I:N/A:L,2021-05-21T14:26:18Z,2.1.4,2021-06-15 21:01:30.053034+00:00,25.27444505826389,1,BIT-tensorflow-2021-29577;CVE-2021-29577;PYSEC-2021-214;PYSEC-2021-505;PYSEC-2021-703,25.27444505826389,0
tensorflow/tensorflow,tensorflow,GHSA-v768-w7m9-2vmm,high,CVSS:3.1/AV:L/AC:L/PR:L/UI:N/S:U/C:H/I:H/A:H,2021-08-25T14:41:26Z,2.3.4,2021-08-10 21:51:35.142457+00:00,-14.701283073414352,1,BIT-tensorflow-2021-37676;CVE-2021-37676;PYSEC-2021-298;PYSEC-2021-589;PYSEC-2021-787,-14.701283073414352,0
tensorflow/tensorflow,tensorflow,GHSA-v7vw-577f-vp8x,critical,CVSS:3.1/AV:N/AC:H/PR:N/UI:N/S:U/C:N/I:N/A:H,2022-09-16T22:26:12Z,2.7.2,2022-05-16 18:54:48.982865+00:00,-123.14679417980324,1,BIT-tensorflow-2022-35979;CVE-2022-35979,-123.14679417980324,0
tensorflow/tensorflow,tensorflow,GHSA-v82p-hv3v-p6qp,high,CVSS:3.1/AV:L/AC:L/PR:L/UI:N/S:U/C:H/I:H/A:H,2021-08-25T14:42:16Z,2.3.4,2021-08-10 21:51:35.142457+00:00,-14.701861777118056,1,BIT-tensorflow-2021-37665;CVE-2021-37665;PYSEC-2021-287;PYSEC-2021-578;PYSEC-2021-776,-14.701861777118056,0
tensorflow/tensorflow,tensorflow,GHSA-vcjj-9vg7-vf68,high,CVSS:3.1/AV:L/AC:L/PR:L/UI:N/S:U/C:H/I:H/A:H,2021-08-25T14:39:54Z,2.3.4,2021-08-10 21:51:35.142457+00:00,-14.700218258599538,1,BIT-tensorflow-2021-37688;CVE-2021-37688;PYSEC-2021-310;PYSEC-2021-601;PYSEC-2021-799,-14.700218258599538,0
tensorflow/tensorflow,tensorflow,GHSA-vf94-36g5-69v8,medium,CVSS:3.1/AV:L/AC:H/PR:L/UI:N/S:U/C:N/I:N/A:L,2021-05-21T14:27:49Z,2.1.4,2021-06-15 21:01:30.053034+00:00,25.273391817523148,1,BIT-tensorflow-2021-29595;CVE-2021-29595;PYSEC-2021-232;PYSEC-2021-523;PYSEC-2021-721,25.273391817523148,0
tensorflow/tensorflow,tensorflow,GHSA-vfr4-x8j2-3rf9,medium,CVSS:3.1/AV:L/AC:H/PR:L/UI:N/S:U/C:N/I:N/A:L,2021-05-21T14:26:48Z,2.1.4,2021-06-15 21:01:30.053034+00:00,25.27409783604167,1,BIT-tensorflow-2021-29588;CVE-2021-29588;PYSEC-2021-225;PYSEC-2021-516;PYSEC-2021-714,25.27409783604167,0
tensorflow/tensorflow,tensorflow,GHSA-vgvh-2pf4-jr2x,critical,CVSS:3.1/AV:N/AC:H/PR:N/UI:N/S:U/C:N/I:N/A:H,2022-09-16T22:23:45Z,2.7.2,2022-05-16 18:54:48.982865+00:00,-123.14509279091436,1,BIT-tensorflow-2022-35974;CVE-2022-35974,-123.14509279091436,0
tensorflow/tensorflow,tensorflow,GHSA-vjg4-v33c-ggc4,critical,CVSS:3.1/AV:N/AC:L/PR:L/UI:N/S:U/C:H/I:N/A:H,2022-02-09T18:29:45Z,2.5.3,2022-02-02 16:55:58.910924+00:00,-7.065116771712964,1,BIT-tensorflow-2022-21730;CVE-2022-21730;PYSEC-2022-109;PYSEC-2022-54,-7.065116771712964,0
tensorflow/tensorflow,tensorflow,GHSA-vm7x-4qhj-rrcq,critical,CVSS:3.1/AV:N/AC:H/PR:N/UI:N/S:U/C:N/I:N/A:H,2022-09-16T22:15:05Z,2.7.2,2022-05-16 18:54:48.982865+00:00,-123.13907427239585,1,BIT-tensorflow-2022-35991;CVE-2022-35991,-123.13907427239585,0
tensorflow/tensorflow,tensorflow,GHSA-vmjw-c2vp-p33c,medium,CVSS:3.1/AV:L/AC:L/PR:L/UI:N/S:U/C:N/I:N/A:H,2021-08-25T14:42:03Z,2.3.4,2021-08-10 21:51:35.142457+00:00,-14.701711314155093,1,BIT-tensorflow-2021-37669;CVE-2021-37669;PYSEC-2021-291;PYSEC-2021-582;PYSEC-2021-780,-14.701711314155093,0
tensorflow/tensorflow,tensorflow,GHSA-vq2r-5xvm-3hc3,medium,CVSS:3.1/AV:L/AC:H/PR:L/UI:N/S:U/C:N/I:N/A:L,2021-05-21T14:26:30Z,2.1.4,2021-06-15 21:01:30.053034+00:00,25.274306169375,1,BIT-tensorflow-2021-29581;CVE-2021-29581;PYSEC-2021-218;PYSEC-2021-509;PYSEC-2021-707,25.274306169375,0
tensorflow/tensorflow,tensorflow,GHSA-vq36-27g6-p492,critical,CVSS:3.1/AV:N/AC:L/PR:L/UI:N/S:U/C:H/I:N/A:H,2022-02-09T23:31:48Z,2.8.0,2022-02-02 15:34:06.588243+00:00,-7.331729302743056,1,BIT-tensorflow-2022-23592;CVE-2022-23592;PYSEC-2022-101;PYSEC-2022-156,-7.331729302743056,0
tensorflow/tensorflow,tensorflow,GHSA-vqw6-72r7-fgw7,medium,CVSS:3.1/AV:L/AC:H/PR:L/UI:N/S:U/C:N/I:N/A:L,2021-05-21T14:23:44Z,2.1.4,2021-06-15 21:01:30.053034+00:00,25.276227465671298,1,BIT-tensorflow-2021-29551;CVE-2021-29551;PYSEC-2021-188;PYSEC-2021-479;PYSEC-2021-677,25.276227465671298,0
tensorflow/tensorflow,tensorflow,GHSA-vvg4-vgrv-xfr7,high,CVSS:3.1/AV:L/AC:H/PR:L/UI:N/S:U/C:N/I:H/A:H,2021-05-21T14:28:39Z,2.1.4,2021-06-15 21:01:30.053034+00:00,25.27281311381945,1,BIT-tensorflow-2021-29613;CVE-2021-29613;PYSEC-2021-250;PYSEC-2021-541;PYSEC-2021-739,25.27281311381945,0
tensorflow/tensorflow,tensorflow,GHSA-vwhq-49r4-gj9v,high,CVSS:3.1/AV:L/AC:L/PR:L/UI:N/S:U/C:H/I:H/A:H,2021-11-10T18:58:16Z,2.6.1,2021-11-01 20:30:07.568333+00:00,-8.936208699849537,1,BIT-tensorflow-2021-41214;CVE-2021-41214;PYSEC-2021-406;PYSEC-2021-623;PYSEC-2021-821,-8.936208699849537,0
tensorflow/tensorflow,tensorflow,GHSA-vxv8-r8q2-63xw,critical,CVSS:3.1/AV:N/AC:H/PR:N/UI:N/S:U/C:N/I:N/A:H,2022-09-16T22:26:57Z,2.7.2,2022-05-16 18:54:48.982865+00:00,-123.14731501313658,1,BIT-tensorflow-2022-35981;CVE-2022-35981,-123.14731501313658,0
tensorflow/tensorflow,tensorflow,GHSA-w4xf-2pqw-5mq7,high,CVSS:3.1/AV:L/AC:L/PR:L/UI:N/S:U/C:H/I:H/A:H,2021-08-25T14:42:13Z,2.3.4,2021-08-10 21:51:35.142457+00:00,-14.701827054895832,1,BIT-tensorflow-2021-37666;CVE-2021-37666;PYSEC-2021-288;PYSEC-2021-579;PYSEC-2021-777,-14.701827054895832,0
tensorflow/tensorflow,tensorflow,GHSA-w58w-79xv-6vcj,high,CVSS:3.1/AV:N/AC:L/PR:L/UI:R/S:U/C:L/I:L/A:H,2022-11-21T20:39:20Z,2.10.1,2022-11-16 20:05:06.684815+00:00,-5.023765222048612,1,BIT-tensorflow-2022-41883;CVE-2022-41883,-5.023765222048612,0
tensorflow/tensorflow,tensorflow,GHSA-w5gh-2wr2-pm6g,critical,CVSS:3.1/AV:N/AC:H/PR:N/UI:N/S:C/C:H/I:H/A:H,2020-09-25T18:28:40Z,1.15.4,2020-09-24 18:38:59.375441+00:00,-0.9928313027662038,1,BIT-tensorflow-2020-15206;CVE-2020-15206;PYSEC-2020-129;PYSEC-2020-286;PYSEC-2020-321,-0.9928313027662038,0
tensorflow/tensorflow,tensorflow,GHSA-w62h-8xjm-fv49,critical,CVSS:3.1/AV:N/AC:H/PR:N/UI:N/S:U/C:N/I:N/A:H,2022-09-16T21:19:15Z,2.7.2,2022-05-16 18:54:48.982865+00:00,-123.10030112424768,1,BIT-tensorflow-2022-35987;CVE-2022-35987,-123.10030112424768,0
tensorflow/tensorflow,tensorflow,GHSA-w74j-v8xh-3w5h,high,CVSS:3.1/AV:L/AC:L/PR:L/UI:N/S:U/C:H/I:H/A:H,2021-08-25T14:42:09Z,2.3.4,2021-08-10 21:51:35.142457+00:00,-14.701780758599538,1,BIT-tensorflow-2021-37667;CVE-2021-37667;PYSEC-2021-289;PYSEC-2021-580;PYSEC-2021-778,-14.701780758599538,0
tensorflow/tensorflow,tensorflow,GHSA-wc4g-r73w-x8mm,high,CVSS:3.1/AV:L/AC:L/PR:L/UI:N/S:U/C:H/I:H/A:N,2022-02-09T23:54:51Z,2.5.3,2022-02-02 16:55:58.910924+00:00,-7.290880660601852,1,BIT-tensorflow-2022-23563;CVE-2022-23563;PYSEC-2022-127;PYSEC-2022-72,-7.290880660601852,0
tensorflow/tensorflow,tensorflow,GHSA-wcv5-qrj6-9pfm,medium,CVSS:3.1/AV:L/AC:H/PR:L/UI:N/S:U/C:N/I:N/A:L,2021-05-21T14:21:12Z,2.1.4,2021-06-15 21:01:30.053034+00:00,25.27798672493056,1,BIT-tensorflow-2021-29520;CVE-2021-29520;PYSEC-2021-157;PYSEC-2021-448;PYSEC-2021-646,25.27798672493056,0
tensorflow/tensorflow,tensorflow,GHSA-wcv5-vrvr-3rx2,medium,CVSS:3.1/AV:L/AC:L/PR:L/UI:N/S:U/C:N/I:N/A:H,2022-02-09T23:34:06Z,2.5.3,2022-02-02 16:55:58.910924+00:00,-7.27647093837963,1,,-7.27647093837963,0
tensorflow/tensorflow,tensorflow,GHSA-wf5p-c75w-w3wh,high,CVSS:3.1/AV:L/AC:L/PR:L/UI:N/S:U/C:H/I:H/A:H,2021-08-25T14:39:36Z,2.3.4,2021-08-10 21:51:35.142457+00:00,-14.700009925266205,1,BIT-tensorflow-2021-37689;CVE-2021-37689;PYSEC-2021-311;PYSEC-2021-602;PYSEC-2021-800,-14.700009925266205,0
tensorflow/tensorflow,tensorflow,GHSA-whr9-vfh2-7hm6,medium,CVSS:3.1/AV:L/AC:H/PR:L/UI:N/S:U/C:L/I:L/A:L,2021-05-21T14:25:28Z,2.1.4,2021-06-15 21:01:30.053034+00:00,25.275023761967592,1,BIT-tensorflow-2021-29571;CVE-2021-29571;PYSEC-2021-208;PYSEC-2021-499;PYSEC-2021-697,25.275023761967592,0
tensorflow/tensorflow,tensorflow,GHSA-wm93-f238-7v37,high,CVSS:3.1/AV:N/AC:L/PR:L/UI:N/S:U/C:N/I:N/A:H,2022-02-10T00:32:44Z,2.5.3,2022-02-02 16:55:58.910924+00:00,-7.317188530972222,1,BIT-tensorflow-2022-23576;CVE-2022-23576;PYSEC-2022-140;PYSEC-2022-85,-7.317188530972222,0
tensorflow/tensorflow,tensorflow,GHSA-wp3c-xw9g-gpcg,medium,CVSS:3.1/AV:L/AC:H/PR:L/UI:N/S:U/C:N/I:N/A:L,2021-05-21T14:25:16Z,2.1.4,2021-06-15 21:01:30.053034+00:00,25.275162650856483,1,BIT-tensorflow-2021-29567;CVE-2021-29567;PYSEC-2021-204;PYSEC-2021-495;PYSEC-2021-693,25.275162650856483,0
tensorflow/tensorflow,tensorflow,GHSA-wp77-4gmm-7cq8,high,CVSS:3.1/AV:L/AC:L/PR:L/UI:N/S:U/C:H/I:H/A:H,2021-08-25T14:43:29Z,2.3.4,2021-08-10 21:51:35.142457+00:00,-14.702706684525465,1,BIT-tensorflow-2021-37648;CVE-2021-37648;PYSEC-2021-270;PYSEC-2021-561;PYSEC-2021-759,-14.702706684525465,0
tensorflow/tensorflow,tensorflow,GHSA-wq6q-6m32-9rv9,critical,CVSS:3.1/AV:N/AC:H/PR:N/UI:N/S:U/C:N/I:N/A:H,2022-09-16T22:14:09Z,2.7.2,2022-05-16 18:54:48.982865+00:00,-123.13842612424769,1,BIT-tensorflow-2022-35993;CVE-2022-35993,-123.13842612424769,0
tensorflow/tensorflow,tensorflow,GHSA-wqmc-pm8c-2jhc,critical,CVSS:3.1/AV:N/AC:H/PR:N/UI:N/S:U/C:N/I:N/A:H,2022-09-16T21:57:05Z,2.7.2,2022-05-16 18:54:48.982865+00:00,-123.12657427239584,1,BIT-tensorflow-2022-36017;CVE-2022-36017,-123.12657427239584,0
tensorflow/tensorflow,tensorflow,GHSA-wr9v-g9vf-c74v,critical,CVSS:3.1/AV:N/AC:H/PR:N/UI:N/S:U/C:N/I:N/A:H,2022-09-16T22:29:01Z,2.7.2,2022-05-16 18:54:48.982865+00:00,-123.14875019832176,1,BIT-tensorflow-2022-35986;CVE-2022-35986,-123.14875019832176,0
tensorflow/tensorflow,tensorflow,GHSA-wvjw-p9f5-vq28,medium,CVSS:3.1/AV:L/AC:H/PR:L/UI:N/S:U/C:N/I:N/A:L,2021-05-21T14:29:02Z,2.1.4,2021-06-15 21:01:30.053034+00:00,25.272546910115743,1,BIT-tensorflow-2021-29619;CVE-2021-29619;PYSEC-2021-256;PYSEC-2021-547;PYSEC-2021-745,25.272546910115743,0
tensorflow/tensorflow,tensorflow,GHSA-wxjj-cgcx-r3vq,critical,CVSS:3.1/AV:N/AC:H/PR:N/UI:N/S:U/C:N/I:N/A:H,2022-09-16T22:11:00Z,2.7.2,2022-05-16 18:54:48.982865+00:00,-123.13623862424768,1,BIT-tensorflow-2022-35959;CVE-2022-35959,-123.13623862424768,0
tensorflow/tensorflow,tensorflow,GHSA-x3v8-c8qx-3j3r,medium,CVSS:3.1/AV:L/AC:L/PR:L/UI:N/S:U/C:N/I:N/A:H,2021-11-10T18:57:45Z,2.6.1,2021-11-01 20:30:07.568333+00:00,-8.935849903553242,1,BIT-tensorflow-2021-41215;CVE-2021-41215;PYSEC-2021-407;PYSEC-2021-624;PYSEC-2021-822,-8.935849903553242,0
tensorflow/tensorflow,tensorflow,GHSA-x4g7-fvjj-prg8,medium,CVSS:3.1/AV:L/AC:H/PR:L/UI:N/S:U/C:N/I:N/A:L,2021-05-21T14:21:59Z,2.1.4,2021-06-15 21:01:30.053034+00:00,25.277442743449075,1,BIT-tensorflow-2021-29527;CVE-2021-29527;PYSEC-2021-164;PYSEC-2021-455;PYSEC-2021-653,25.277442743449075,0
tensorflow/tensorflow,tensorflow,GHSA-x4qx-4fjv-hmw6,high,CVSS:3.1/AV:N/AC:L/PR:L/UI:N/S:U/C:N/I:N/A:H,2022-02-09T23:45:09Z,2.5.3,2022-02-02 16:55:58.910924+00:00,-7.284144549490741,1,BIT-tensorflow-2022-21738;CVE-2022-21738;PYSEC-2022-117;PYSEC-2022-62,-7.284144549490741,0
tensorflow/tensorflow,tensorflow,GHSA-x5cp-9pcf-pp3h,critical,CVSS:3.1/AV:N/AC:H/PR:N/UI:N/S:U/C:N/I:N/A:H,2020-09-25T18:28:24Z,2.3.1,2020-09-24 19:23:11.978629+00:00,-0.9619446917939816,1,BIT-tensorflow-2020-15199;CVE-2020-15199;PYSEC-2020-122;PYSEC-2020-279;PYSEC-2020-314,-0.9619446917939816,0
tensorflow/tensorflow,tensorflow,GHSA-x7rp-74x2-mjf3,critical,CVSS:3.1/AV:N/AC:H/PR:N/UI:N/S:U/C:N/I:N/A:H,2020-09-25T18:28:32Z,2.3.1,2020-09-24 19:23:11.978629+00:00,-0.962037284386574,1,BIT-tensorflow-2020-15200;CVE-2020-15200;PYSEC-2020-123;PYSEC-2020-280;PYSEC-2020-315,-0.962037284386574,0
tensorflow/tensorflow,tensorflow,GHSA-x83m-p7pv-ch8v,medium,CVSS:3.1/AV:L/AC:H/PR:L/UI:N/S:U/C:N/I:N/A:L,2021-05-21T14:23:38Z,2.1.4,2021-06-15 21:01:30.053034+00:00,25.276296910115743,1,BIT-tensorflow-2021-29549;CVE-2021-29549;PYSEC-2021-186;PYSEC-2021-477;PYSEC-2021-675,25.276296910115743,0
tensorflow/tensorflow,tensorflow,GHSA-x8h6-xgqx-jqgp,medium,CVSS:3.1/AV:L/AC:H/PR:L/UI:N/S:U/C:N/I:N/A:L,2021-05-21T14:26:26Z,2.1.4,2021-06-15 21:01:30.053034+00:00,25.274352465671296,1,BIT-tensorflow-2021-29580;CVE-2021-29580;PYSEC-2021-217;PYSEC-2021-508;PYSEC-2021-706,25.274352465671296,0
tensorflow/tensorflow,tensorflow,GHSA-x989-q2pq-4q5x,critical,CVSS:3.1/AV:N/AC:H/PR:N/UI:N/S:U/C:N/I:N/A:H,2022-09-16T22:12:41Z,2.7.2,2022-05-16 18:54:48.982865+00:00,-123.13740760572917,1,BIT-tensorflow-2022-35940;CVE-2022-35940,-123.13740760572917,0
tensorflow/tensorflow,tensorflow,GHSA-x9j7-x98r-r4w2,critical,CVSS:3.1/AV:N/AC:H/PR:N/UI:N/S:U/C:N/I:L/A:H,2020-09-25T18:28:51Z,1.15.4,2020-09-24 18:38:59.375441+00:00,-0.9929586175810186,1,BIT-tensorflow-2020-15210;CVE-2020-15210;PYSEC-2020-133;PYSEC-2020-290;PYSEC-2020-325,-0.9929586175810186,0
tensorflow/tensorflow,tensorflow,GHSA-xcwj-wfcm-m23c,medium,CVSS:3.1/AV:L/AC:H/PR:L/UI:N/S:U/C:N/I:N/A:L,2021-05-21T14:22:09Z,2.1.4,2021-06-15 21:01:30.053034+00:00,25.277327002708333,1,BIT-tensorflow-2021-29530;CVE-2021-29530;PYSEC-2021-167;PYSEC-2021-458;PYSEC-2021-656,25.277327002708333,0
tensorflow/tensorflow,tensorflow,GHSA-xf83-q765-xm6m,unknown,,2022-11-21T23:51:30Z,2.8.4,2022-11-16 18:45:38.407286+00:00,-5.212402693449074,1,,-5.212402693449074,1
tensorflow/tensorflow,tensorflow,GHSA-xgc3-m89p-vr3x,medium,CVSS:3.1/AV:L/AC:H/PR:L/UI:N/S:U/C:N/I:N/A:L,2021-05-21T14:23:09Z,2.1.4,2021-06-15 21:01:30.053034+00:00,25.27663255826389,1,BIT-tensorflow-2021-29540;CVE-2021-29540;PYSEC-2021-177;PYSEC-2021-468;PYSEC-2021-666,25.27663255826389,0
tensorflow/tensorflow,tensorflow,GHSA-xm2v-8rrw-w9pm,medium,CVSS:3.1/AV:L/AC:H/PR:L/UI:N/S:U/C:N/I:N/A:L,2021-05-21T14:21:51Z,2.1.4,2021-06-15 21:01:30.053034+00:00,25.27753533604167,1,BIT-tensorflow-2021-29525;CVE-2021-29525;PYSEC-2021-162;PYSEC-2021-453;PYSEC-2021-651,25.27753533604167,0
tensorflow/tensorflow,tensorflow,GHSA-xmq7-7fxm-rr79,critical,CVSS:3.1/AV:N/AC:L/PR:N/UI:N/S:U/C:N/I:N/A:H,2020-09-25T18:28:37Z,1.15.4,2020-09-24 18:38:59.375441+00:00,-0.9927965805439816,1,BIT-tensorflow-2020-15203;CVE-2020-15203;PYSEC-2020-126;PYSEC-2020-283;PYSEC-2020-318,-0.9927965805439816,0
tensorflow/tensorflow,tensorflow,GHSA-xqfj-35wv-m3cr,medium,CVSS:3.1/AV:L/AC:H/PR:L/UI:N/S:U/C:N/I:N/A:L,2021-05-21T14:23:12Z,2.1.4,2021-06-15 21:01:30.053034+00:00,25.276597836041667,1,BIT-tensorflow-2021-29541;CVE-2021-29541;PYSEC-2021-178;PYSEC-2021-469;PYSEC-2021-667,25.276597836041667,0
tensorflow/tensorflow,tensorflow,GHSA-xqfj-cr6q-pc8w,medium,CVSS:3.1/AV:L/AC:H/PR:L/UI:N/S:U/C:N/I:N/A:L,2021-05-21T14:28:58Z,2.1.4,2021-06-15 21:01:30.053034+00:00,25.27259320641204,1,BIT-tensorflow-2021-29618;CVE-2021-29618;PYSEC-2021-255;PYSEC-2021-546;PYSEC-2021-744,25.27259320641204,0
tensorflow/tensorflow,tensorflow,GHSA-xrp2-fhq4-4q3w,medium,CVSS:3.1/AV:L/AC:L/PR:L/UI:N/S:U/C:N/I:N/A:H,2022-05-24T22:15:45Z,2.6.4,2022-05-16 18:35:54.612163+00:00,-8.152666525891203,1,BIT-tensorflow-2022-29211;CVE-2022-29211,-8.152666525891203,0
tensorflow/tensorflow,tensorflow,GHSA-xrqm-fpgr-6hhx,medium,CVSS:3.1/AV:L/AC:L/PR:L/UI:N/S:U/C:N/I:N/A:H,2021-11-10T19:13:16Z,2.6.1,2021-11-01 20:30:07.568333+00:00,-8.946625366516205,1,BIT-tensorflow-2021-41202;CVE-2021-41202;PYSEC-2021-395;PYSEC-2021-612;PYSEC-2021-810,-8.946625366516205,0
tensorflow/tensorflow,tensorflow,GHSA-xvjm-fvxx-q3hv,medium,CVSS:3.1/AV:L/AC:H/PR:L/UI:N/S:U/C:N/I:N/A:L,2021-05-21T14:26:38Z,2.1.4,2021-06-15 21:01:30.053034+00:00,25.274213576782408,1,BIT-tensorflow-2021-29584;CVE-2021-29584;PYSEC-2021-221;PYSEC-2021-512;PYSEC-2021-710,25.274213576782408,0
tensorflow/tensorflow,tensorflow,GHSA-xvwp-h6jv-7472,high,CVSS:3.1/AV:N/AC:H/PR:L/UI:R/S:U/C:H/I:H/A:H,2022-11-21T22:03:45Z,2.8.4,2022-11-16 18:45:38.407286+00:00,-5.137576304560185,1,BIT-tensorflow-2022-41900;CVE-2022-41900,-5.137576304560185,0
tensorflow/tensorflow,tensorflow,GHSA-xw93-v57j-fcgh,medium,CVSS:3.1/AV:L/AC:H/PR:L/UI:N/S:U/C:N/I:N/A:L,2021-05-21T14:24:48Z,2.1.4,2021-06-15 21:01:30.053034+00:00,25.275486724930555,1,BIT-tensorflow-2021-29557;CVE-2021-29557;PYSEC-2021-194;PYSEC-2021-485;PYSEC-2021-683,25.275486724930555,0
tensorflow/tensorflow,tensorflow,GHSA-xwhf-g6j5-j5gc,high,CVSS:3.1/AV:N/AC:H/PR:N/UI:N/S:U/C:N/I:N/A:L,2020-11-13T17:18:29Z,2.4.0,2020-12-14 17:58:05.761538+00:00,31.02750881409722,1,BIT-tensorflow-2020-15266;CVE-2020-15266;PYSEC-2020-139;PYSEC-2020-296;PYSEC-2020-331,31.02750881409722,0
tensorflow/tensorflow,tensorflow,GHSA-xxcj-rhqg-m46g,medium,CVSS:3.1/AV:L/AC:L/PR:L/UI:N/S:U/C:N/I:N/A:H,2022-11-21T20:42:00Z,2.8.4,2022-11-16 18:45:38.407286+00:00,-5.080805471226852,1,BIT-tensorflow-2022-41889;CVE-2022-41889,-5.080805471226852,0
tensorflow/tensorflow,tensorflow,OSV-2021-449,unknown,,2021-02-27T00:00:29.109256Z,7677422a56f18c10e3827e29dc8da8a7b23fbede,,,0,,,1
tensorflow/tensorflow,tensorflow,PYSEC-2019-204,unknown,,2019-04-24T17:29:00Z,1.7.1,2018-05-08 18:30:45.671346+00:00,-350.9571102853472,1,CVE-2018-10055;GHSA-q492-f7gr-27rp;PYSEC-2019-222;PYSEC-2019-229,-350.9571102853472,1
tensorflow/tensorflow,tensorflow,PYSEC-2019-205,unknown,,2019-04-24T21:29:00Z,1.7.1,2018-05-08 18:30:45.671346+00:00,-351.1237769520139,1,CVE-2018-7575;GHSA-mw6v-crh8-8533;PYSEC-2019-223;PYSEC-2019-230,-351.1237769520139,1
tensorflow/tensorflow,tensorflow,PYSEC-2019-206,unknown,,2019-04-23T21:29:00Z,1.7.0rc0,,,0,CVE-2018-7576;GHSA-jfq2-rj7f-9gvf;PYSEC-2019-224;PYSEC-2019-231,2491.750827785058,1
tensorflow/tensorflow,tensorflow,PYSEC-2019-207,unknown,,2019-04-24T17:29:00Z,1.7.1,2018-05-08 18:30:45.671346+00:00,-350.9571102853472,1,CVE-2018-7577;GHSA-qx2v-j445-g354;PYSEC-2019-225;PYSEC-2019-232,-350.9571102853472,1
tensorflow/tensorflow,tensorflow,PYSEC-2019-208,unknown,,2019-04-23T21:29:00Z,1.7.1,2018-05-08 18:30:45.671346+00:00,-350.1237769520139,1,CVE-2018-8825;GHSA-frxx-2m33-6wcr;PYSEC-2019-226;PYSEC-2019-233,-350.1237769520139,1
tensorflow/tensorflow,tensorflow,PYSEC-2019-209,unknown,,2019-12-16T21:15:00Z,db4f9717c41bccc3ce10099ab61996b246099892,,,0,CVE-2019-16778;GHSA-844w-j86r-4x2j;PYSEC-2019-227;PYSEC-2019-234,2254.76055000728,1
tensorflow/tensorflow,tensorflow,PYSEC-2019-210,unknown,,2019-04-24T17:29:00Z,1.12.2,2019-04-18 20:27:08.175683+00:00,-5.876294262928241,1,CVE-2019-9635;GHSA-mfg7-x5m7-6p8w;PYSEC-2019-228;PYSEC-2019-235,-5.876294262928241,1
tensorflow/tensorflow,tensorflow,PYSEC-2020-113,unknown,,2020-09-25T19:15:00Z,da8558533d925694483d2c136a9220d6d49d843c,,,0,BIT-tensorflow-2020-15190;CVE-2020-15190;GHSA-4g9f-63rx-5cw4;PYSEC-2020-270;PYSEC-2020-305,1970.8438833406133,1
tensorflow/tensorflow,tensorflow,PYSEC-2020-114,unknown,,2020-09-25T19:15:00Z,22e07fb204386768e5bcbea563641ea11f96ceb8,,,0,BIT-tensorflow-2020-15191;CVE-2020-15191;GHSA-q8qj-fc9q-cphr;PYSEC-2020-271;PYSEC-2020-306,1970.8438833406133,1
tensorflow/tensorflow,tensorflow,PYSEC-2020-115,unknown,,2020-09-25T19:15:00Z,22e07fb204386768e5bcbea563641ea11f96ceb8,,,0,BIT-tensorflow-2020-15192;CVE-2020-15192;GHSA-8fxw-76px-3rxv;PYSEC-2020-272;PYSEC-2020-307,1970.8438833406133,1
tensorflow/tensorflow,tensorflow,PYSEC-2020-116,unknown,,2020-09-25T19:15:00Z,22e07fb204386768e5bcbea563641ea11f96ceb8,,,0,BIT-tensorflow-2020-15193;CVE-2020-15193;GHSA-rjjg-hgv6-h69v;PYSEC-2020-273;PYSEC-2020-308,1970.8438833406133,1
tensorflow/tensorflow,tensorflow,PYSEC-2020-117,unknown,,2020-09-25T19:15:00Z,390611e0d45c5793c7066110af37c8514e6a6c54,,,0,BIT-tensorflow-2020-15194;CVE-2020-15194;GHSA-9mqp-7v2h-2382;PYSEC-2020-274;PYSEC-2020-309,1970.8438833406133,1
tensorflow/tensorflow,tensorflow,PYSEC-2020-118,unknown,,2020-09-25T19:15:00Z,390611e0d45c5793c7066110af37c8514e6a6c54,,,0,BIT-tensorflow-2020-15195;CVE-2020-15195;GHSA-63xm-rx5p-xvqr;PYSEC-2020-275;PYSEC-2020-310,1970.8438833406133,1
tensorflow/tensorflow,tensorflow,PYSEC-2020-119,unknown,,2020-09-25T19:15:00Z,3cbb917b4714766030b28eba9fb41bb97ce9ee02,,,0,BIT-tensorflow-2020-15196;CVE-2020-15196;GHSA-pg59-2f92-5cph;PYSEC-2020-276;PYSEC-2020-311,1970.8438833406133,1
tensorflow/tensorflow,tensorflow,PYSEC-2020-120,unknown,,2020-09-25T19:15:00Z,3cbb917b4714766030b28eba9fb41bb97ce9ee02,,,0,BIT-tensorflow-2020-15197;CVE-2020-15197;GHSA-qc53-44cj-vfvx;PYSEC-2020-277;PYSEC-2020-312,1970.8438833406133,1
tensorflow/tensorflow,tensorflow,PYSEC-2020-121,unknown,,2020-09-25T19:15:00Z,3cbb917b4714766030b28eba9fb41bb97ce9ee02,,,0,BIT-tensorflow-2020-15198;CVE-2020-15198;GHSA-jc87-6vpp-7ff3;PYSEC-2020-278;PYSEC-2020-313,1970.8438833406133,1
tensorflow/tensorflow,tensorflow,PYSEC-2020-122,unknown,,2020-09-25T19:15:00Z,3cbb917b4714766030b28eba9fb41bb97ce9ee02,,,0,BIT-tensorflow-2020-15199;CVE-2020-15199;GHSA-x5cp-9pcf-pp3h;PYSEC-2020-279;PYSEC-2020-314,1970.8438833406133,1
tensorflow/tensorflow,tensorflow,PYSEC-2020-123,unknown,,2020-09-25T19:15:00Z,3cbb917b4714766030b28eba9fb41bb97ce9ee02,,,0,BIT-tensorflow-2020-15200;CVE-2020-15200;GHSA-x7rp-74x2-mjf3;PYSEC-2020-280;PYSEC-2020-315,1970.8438833406133,1
tensorflow/tensorflow,tensorflow,PYSEC-2020-124,unknown,,2020-09-25T19:15:00Z,3cbb917b4714766030b28eba9fb41bb97ce9ee02,,,0,BIT-tensorflow-2020-15201;CVE-2020-15201;GHSA-p5f8-gfw5-33w4;PYSEC-2020-281;PYSEC-2020-316,1970.8438833406133,1
tensorflow/tensorflow,tensorflow,PYSEC-2020-125,unknown,,2020-09-25T19:15:00Z,27b417360cbd671ef55915e4bb6bb06af8b8a832,,,0,BIT-tensorflow-2020-15202;CVE-2020-15202;GHSA-h6fg-mjxg-hqq4;PYSEC-2020-282;PYSEC-2020-317,1970.8438833406133,1
tensorflow/tensorflow,tensorflow,PYSEC-2020-126,unknown,,2020-09-25T19:15:00Z,33be22c65d86256e6826666662e40dbdfe70ee83,,,0,BIT-tensorflow-2020-15203;CVE-2020-15203;GHSA-xmq7-7fxm-rr79;PYSEC-2020-283;PYSEC-2020-318,1970.8438833406133,1
tensorflow/tensorflow,tensorflow,PYSEC-2020-127,unknown,,2020-09-25T19:15:00Z,9a133d73ae4b4664d22bd1aa6d654fec13c52ee1,,,0,BIT-tensorflow-2020-15204;CVE-2020-15204;GHSA-q8gv-q7wr-9jf8;PYSEC-2020-284;PYSEC-2020-319,1970.8438833406133,1
tensorflow/tensorflow,tensorflow,PYSEC-2020-128,unknown,,2020-09-25T19:15:00Z,0462de5b544ed4731aa2fb23946ac22c01856b80,,,0,BIT-tensorflow-2020-15205;CVE-2020-15205;GHSA-g7p5-5759-qv46;PYSEC-2020-285;PYSEC-2020-320,1970.8438833406133,1
tensorflow/tensorflow,tensorflow,PYSEC-2020-129,unknown,,2020-09-25T19:15:00Z,adf095206f25471e864a8e63a0f1caef53a0e3a6,,,0,BIT-tensorflow-2020-15206;CVE-2020-15206;GHSA-w5gh-2wr2-pm6g;PYSEC-2020-286;PYSEC-2020-321,1970.8438833406133,1
tensorflow/tensorflow,tensorflow,PYSEC-2020-130,unknown,,2020-09-25T19:15:00Z,2d88f470dea2671b430884260f3626b1fe99830a,,,0,BIT-tensorflow-2020-15207;CVE-2020-15207;GHSA-q4qf-3fc6-8x34;PYSEC-2020-287;PYSEC-2020-322,1970.8438833406133,1
tensorflow/tensorflow,tensorflow,PYSEC-2020-131,unknown,,2020-09-25T19:15:00Z,8ee24e7949a203d234489f9da2c5bf45a7d5157d,,,0,BIT-tensorflow-2020-15208;CVE-2020-15208;GHSA-mxjj-953w-2c2v;PYSEC-2020-288;PYSEC-2020-323,1970.8438833406133,1
tensorflow/tensorflow,tensorflow,PYSEC-2020-132,unknown,,2020-09-25T19:15:00Z,0b5662bc2be13a8c8f044d925d87fb6e56247cd8,,,0,BIT-tensorflow-2020-15209;CVE-2020-15209;GHSA-qh32-6jjc-qprm;PYSEC-2020-289;PYSEC-2020-324,1970.8438833406133,1
tensorflow/tensorflow,tensorflow,PYSEC-2020-133,unknown,,2020-09-25T19:15:00Z,d58c96946b2880991d63d1dacacb32f0a4dfa453,,,0,BIT-tensorflow-2020-15210;CVE-2020-15210;GHSA-x9j7-x98r-r4w2;PYSEC-2020-290;PYSEC-2020-325,1970.8438833406133,1
tensorflow/tensorflow,tensorflow,PYSEC-2020-134,unknown,,2020-09-25T19:15:00Z,e11f55585f614645b360563072ffeb5c3eeff162,,,0,BIT-tensorflow-2020-15211;CVE-2020-15211;GHSA-cvpc-8phh-8f45;PYSEC-2020-291;PYSEC-2020-326,1970.8438833406133,1
tensorflow/tensorflow,tensorflow,PYSEC-2020-135,unknown,,2020-09-25T19:15:00Z,204945b19e44b57906c9344c0d00120eeeae178a,,,0,BIT-tensorflow-2020-15212;CVE-2020-15212;GHSA-hx2x-85gr-wrpq;PYSEC-2020-292;PYSEC-2020-327,1970.8438833406133,1
tensorflow/tensorflow,tensorflow,PYSEC-2020-136,unknown,,2020-09-25T19:15:00Z,204945b19e44b57906c9344c0d00120eeeae178a,,,0,BIT-tensorflow-2020-15213;CVE-2020-15213;GHSA-hjmq-236j-8m87;PYSEC-2020-293;PYSEC-2020-328,1970.8438833406133,1
tensorflow/tensorflow,tensorflow,PYSEC-2020-137,unknown,,2020-09-25T19:15:00Z,204945b19e44b57906c9344c0d00120eeeae178a,,,0,BIT-tensorflow-2020-15214;CVE-2020-15214;GHSA-p2cq-cprg-frvm;PYSEC-2020-294;PYSEC-2020-329,1970.8438833406133,1
tensorflow/tensorflow,tensorflow,PYSEC-2020-138,unknown,,2020-10-21T21:15:00Z,eccb7ec454e6617738554a255d77f08e60ee0808,,,0,BIT-tensorflow-2020-15265;CVE-2020-15265;GHSA-rrfp-j2mp-hq9c;PYSEC-2020-295;PYSEC-2020-330,1944.76055000728,1
tensorflow/tensorflow,tensorflow,PYSEC-2020-139,unknown,,2020-10-21T21:15:00Z,2.4.0,2020-12-14 17:58:05.761538+00:00,53.86326112891204,1,BIT-tensorflow-2020-15266;CVE-2020-15266;GHSA-xwhf-g6j5-j5gc;PYSEC-2020-296;PYSEC-2020-331,53.86326112891204,1
tensorflow/tensorflow,tensorflow,PYSEC-2020-140,unknown,,2020-12-10T23:15:00Z,ebc70b7a592420d3d2f359e4b1694c236b82c7ae,,,0,BIT-tensorflow-2020-26267;CVE-2020-26267;GHSA-c9f3-9wfr-wgh7;PYSEC-2020-298;PYSEC-2020-333,1894.6772166739463,1
tensorflow/tensorflow,tensorflow,PYSEC-2020-141,unknown,,2020-12-10T23:15:00Z,8b5b9dc96666a3a5d27fad7179ff215e3b74b67c,,,0,BIT-tensorflow-2020-26269;CVE-2020-26269;GHSA-9jjw-hf72-3mxw;PYSEC-2020-300;PYSEC-2020-335,1894.6772166739463,1
tensorflow/tensorflow,tensorflow,PYSEC-2020-253,unknown,,2020-05-04T15:15:00Z,49f73c55d56edffebde4bca4a407ad69c1cae433,,,0,CVE-2018-21233;GHSA-h98h-8mxr-m8gx;PYSEC-2020-269;PYSEC-2020-304,2115.01055000728,1
tensorflow/tensorflow,tensorflow,PYSEC-2020-254,unknown,,2020-12-10T23:15:00Z,ace0c15a22f7f054abcc1f53eabbcb0a1239a9e2,,,0,BIT-tensorflow-2020-26266;CVE-2020-26266;GHSA-qhxx-j73r-qpm2;PYSEC-2020-297;PYSEC-2020-332,1894.6772166739463,1
tensorflow/tensorflow,tensorflow,PYSEC-2020-255,unknown,,2020-12-10T23:15:00Z,c1e1fc899ad5f8c725dcbb6470069890b5060bc7,,,0,BIT-tensorflow-2020-26268;CVE-2020-26268;GHSA-hhvc-g5hv-48c6;PYSEC-2020-299;PYSEC-2020-334,1894.6772166739463,1
tensorflow/tensorflow,tensorflow,PYSEC-2020-256,unknown,,2020-12-10T23:15:00Z,14755416e364f17fb1870882fa778c7fec7f16e3,,,0,BIT-tensorflow-2020-26270;CVE-2020-26270;GHSA-m648-33qf-v3gp;PYSEC-2020-301;PYSEC-2020-336,1894.6772166739463,1
tensorflow/tensorflow,tensorflow,PYSEC-2020-257,unknown,,2020-12-10T22:15:00Z,0cc38aaa4064fd9e79101994ce9872c6d91f816b,,,0,BIT-tensorflow-2020-26271;CVE-2020-26271;GHSA-q263-fvxm-m5mw;PYSEC-2020-302;PYSEC-2020-337,1894.7188833406133,1
tensorflow/tensorflow,tensorflow,PYSEC-2020-258,unknown,,2020-01-28T22:15:00Z,5ac1b9e24ff6afc465756edf845d2e9660bd34bf,,,0,BIT-tensorflow-2020-5215;CVE-2020-5215;GHSA-977j-xj7q-2jr9;PYSEC-2020-303;PYSEC-2020-338,2211.718883340613,1
tensorflow/tensorflow,tensorflow,PYSEC-2021-149,unknown,,2021-05-14T19:15:00Z,eebb96c2830d48597d055d247c0e9aebaea94cd5,,,0,BIT-tensorflow-2021-29512;CVE-2021-29512;GHSA-4278-2v5v-65r4;PYSEC-2021-440;PYSEC-2021-638,1739.8438833406133,1
tensorflow/tensorflow,tensorflow,PYSEC-2021-150,unknown,,2021-05-14T20:15:00Z,030af767d357d1b4088c4a25c72cb3906abac489,,,0,BIT-tensorflow-2021-29513;CVE-2021-29513;GHSA-452g-f7fp-9jf7;PYSEC-2021-441;PYSEC-2021-639,1739.8022166739463,1
tensorflow/tensorflow,tensorflow,PYSEC-2021-151,unknown,,2021-05-14T20:15:00Z,eebb96c2830d48597d055d247c0e9aebaea94cd5,,,0,BIT-tensorflow-2021-29514;CVE-2021-29514;GHSA-8h46-5m9h-7553;PYSEC-2021-442;PYSEC-2021-640,1739.8022166739463,1
tensorflow/tensorflow,tensorflow,PYSEC-2021-152,unknown,,2021-05-14T20:15:00Z,a7116dd3913c4a4afd2a3a938573aa7c785fdfc6,,,0,BIT-tensorflow-2021-29515;CVE-2021-29515;GHSA-hc6c-75p4-hmq4;PYSEC-2021-443;PYSEC-2021-641,1739.8022166739463,1
tensorflow/tensorflow,tensorflow,PYSEC-2021-153,unknown,,2021-05-14T20:15:00Z,b055b9c474cd376259dde8779908f9eeaf097d93,,,0,BIT-tensorflow-2021-29516;CVE-2021-29516;GHSA-84mw-34w6-2q43;PYSEC-2021-444;PYSEC-2021-642,1739.8022166739463,1
tensorflow/tensorflow,tensorflow,PYSEC-2021-154,unknown,,2021-05-14T20:15:00Z,799f835a3dfa00a4d852defa29b15841eea9d64f,,,0,BIT-tensorflow-2021-29517;CVE-2021-29517;GHSA-772p-x54p-hjrv;PYSEC-2021-445;PYSEC-2021-643,1739.8022166739463,1
tensorflow/tensorflow,tensorflow,PYSEC-2021-155,unknown,,2021-05-14T20:15:00Z,ff70c47a396ef1e3cb73c90513da4f5cb71bebba,,,0,BIT-tensorflow-2021-29518;CVE-2021-29518;GHSA-62gx-355r-9fhg;PYSEC-2021-446;PYSEC-2021-644,1739.8022166739463,1
tensorflow/tensorflow,tensorflow,PYSEC-2021-156,unknown,,2021-05-14T20:15:00Z,b1cc5e5a50e7cee09f2c6eb48eb40ee9c4125025,,,0,BIT-tensorflow-2021-29519;CVE-2021-29519;GHSA-772j-h9xw-ffp5;PYSEC-2021-447;PYSEC-2021-645,1739.8022166739463,1
tensorflow/tensorflow,tensorflow,PYSEC-2021-157,unknown,,2021-05-14T20:15:00Z,8f37b52e1320d8d72a9529b2468277791a261197,,,0,BIT-tensorflow-2021-29520;CVE-2021-29520;GHSA-wcv5-qrj6-9pfm;PYSEC-2021-448;PYSEC-2021-646,1739.8022166739463,1
tensorflow/tensorflow,tensorflow,PYSEC-2021-158,unknown,,2021-05-14T20:15:00Z,c57c0b9f3a4f8684f3489dd9a9ec627ad8b599f5,,,0,BIT-tensorflow-2021-29521;CVE-2021-29521;GHSA-hr84-fqvp-48mm;PYSEC-2021-449;PYSEC-2021-647,1739.8022166739463,1
tensorflow/tensorflow,tensorflow,PYSEC-2021-159,unknown,,2021-05-14T20:15:00Z,311403edbc9816df80274bd1ea8b3c0c0f22c3fa,,,0,BIT-tensorflow-2021-29522;CVE-2021-29522;GHSA-c968-pq7h-7fxv;PYSEC-2021-450;PYSEC-2021-648,1739.8022166739463,1
tensorflow/tensorflow,tensorflow,PYSEC-2021-160,unknown,,2021-05-14T20:15:00Z,69c68ecbb24dff3fa0e46da0d16c821a2dd22d7c,,,0,BIT-tensorflow-2021-29523;CVE-2021-29523;GHSA-2cpx-427x-q2c6;PYSEC-2021-451;PYSEC-2021-649,1739.8022166739463,1
tensorflow/tensorflow,tensorflow,PYSEC-2021-161,unknown,,2021-05-14T20:15:00Z,fca9874a9b42a2134f907d2fb46ab774a831404a,,,0,BIT-tensorflow-2021-29524;CVE-2021-29524;GHSA-r4pj-74mg-8868;PYSEC-2021-452;PYSEC-2021-650,1739.8022166739463,1
tensorflow/tensorflow,tensorflow,PYSEC-2021-162,unknown,,2021-05-14T20:15:00Z,2be2cdf3a123e231b16f766aa0e27d56b4606535,,,0,BIT-tensorflow-2021-29525;CVE-2021-29525;GHSA-xm2v-8rrw-w9pm;PYSEC-2021-453;PYSEC-2021-651,1739.8022166739463,1
tensorflow/tensorflow,tensorflow,PYSEC-2021-163,unknown,,2021-05-14T20:15:00Z,b12aa1d44352de21d1a6faaf04172d8c2508b42b,,,0,BIT-tensorflow-2021-29526;CVE-2021-29526;GHSA-4vf2-4xcg-65cx;PYSEC-2021-454;PYSEC-2021-652,1739.8022166739463,1
tensorflow/tensorflow,tensorflow,PYSEC-2021-164,unknown,,2021-05-14T20:15:00Z,cfa91be9863a91d5105a3b4941096044ab32036b,,,0,BIT-tensorflow-2021-29527;CVE-2021-29527;GHSA-x4g7-fvjj-prg8;PYSEC-2021-455;PYSEC-2021-653,1739.8022166739463,1
tensorflow/tensorflow,tensorflow,PYSEC-2021-165,unknown,,2021-05-14T20:15:00Z,a1b11d2fdd1e51bfe18bb1ede804f60abfa92da6,,,0,BIT-tensorflow-2021-29528;CVE-2021-29528;GHSA-6f84-42vf-ppwp;PYSEC-2021-456;PYSEC-2021-654,1739.8022166739463,1
tensorflow/tensorflow,tensorflow,PYSEC-2021-166,unknown,,2021-05-14T20:15:00Z,f851613f8f0fb0c838d160ced13c134f778e3ce7,,,0,BIT-tensorflow-2021-29529;CVE-2021-29529;GHSA-jfp7-4j67-8r3q;PYSEC-2021-457;PYSEC-2021-655,1739.8022166739463,1
tensorflow/tensorflow,tensorflow,PYSEC-2021-167,unknown,,2021-05-14T20:15:00Z,e6a7c7cc18c3aaad1ae0872cb0a959f5c923d2bd,,,0,BIT-tensorflow-2021-29530;CVE-2021-29530;GHSA-xcwj-wfcm-m23c;PYSEC-2021-458;PYSEC-2021-656,1739.8022166739463,1
tensorflow/tensorflow,tensorflow,PYSEC-2021-168,unknown,,2021-05-14T20:15:00Z,26eb323554ffccd173e8a79a8c05c15b685ae4d1,,,0,BIT-tensorflow-2021-29531;CVE-2021-29531;GHSA-3qxp-qjq7-w4hf;PYSEC-2021-459;PYSEC-2021-657,1739.8022166739463,1
tensorflow/tensorflow,tensorflow,PYSEC-2021-169,unknown,,2021-05-14T20:15:00Z,44b7f486c0143f68b56c34e2d01e146ee445134a,,,0,BIT-tensorflow-2021-29532;CVE-2021-29532;GHSA-j47f-4232-hvv8;PYSEC-2021-460;PYSEC-2021-658,1739.8022166739463,1
tensorflow/tensorflow,tensorflow,PYSEC-2021-170,unknown,,2021-05-14T20:15:00Z,b432a38fe0e1b4b904a6c222cbce794c39703e87,,,0,BIT-tensorflow-2021-29533;CVE-2021-29533;GHSA-393f-2jr3-cp69;PYSEC-2021-461;PYSEC-2021-659,1739.8022166739463,1
tensorflow/tensorflow,tensorflow,PYSEC-2021-171,unknown,,2021-05-14T20:15:00Z,69c68ecbb24dff3fa0e46da0d16c821a2dd22d7c,,,0,BIT-tensorflow-2021-29534;CVE-2021-29534;GHSA-6j9c-grc6-5m6g;PYSEC-2021-462;PYSEC-2021-660,1739.8022166739463,1
tensorflow/tensorflow,tensorflow,PYSEC-2021-172,unknown,,2021-05-14T20:15:00Z,efea03b38fb8d3b81762237dc85e579cc5fc6e87,,,0,BIT-tensorflow-2021-29535;CVE-2021-29535;GHSA-m3f9-w3p3-p669;PYSEC-2021-463;PYSEC-2021-661,1739.8022166739463,1
tensorflow/tensorflow,tensorflow,PYSEC-2021-173,unknown,,2021-05-14T20:15:00Z,a324ac84e573fba362a5e53d4e74d5de6729933e,,,0,BIT-tensorflow-2021-29536;CVE-2021-29536;GHSA-2gfx-95x2-5v3x;PYSEC-2021-464;PYSEC-2021-662,1739.8022166739463,1
tensorflow/tensorflow,tensorflow,PYSEC-2021-174,unknown,,2021-05-14T20:15:00Z,f6c40f0c6cbf00d46c7717a26419f2062f2f8694,,,0,BIT-tensorflow-2021-29537;CVE-2021-29537;GHSA-8c89-2vwr-chcq;PYSEC-2021-465;PYSEC-2021-663,1739.8022166739463,1
tensorflow/tensorflow,tensorflow,PYSEC-2021-175,unknown,,2021-05-14T20:15:00Z,c570e2ecfc822941335ad48f6e10df4e21f11c96,,,0,BIT-tensorflow-2021-29538;CVE-2021-29538;GHSA-j8qc-5fqr-52fp;PYSEC-2021-466;PYSEC-2021-664,1739.8022166739463,1
tensorflow/tensorflow,tensorflow,PYSEC-2021-176,unknown,,2021-05-14T20:15:00Z,4f663d4b8f0bec1b48da6fa091a7d29609980fa4,,,0,BIT-tensorflow-2021-29539;CVE-2021-29539;GHSA-g4h2-gqm3-c9wq;PYSEC-2021-467;PYSEC-2021-665,1739.8022166739463,1
tensorflow/tensorflow,tensorflow,PYSEC-2021-177,unknown,,2021-05-14T20:15:00Z,c570e2ecfc822941335ad48f6e10df4e21f11c96,,,0,BIT-tensorflow-2021-29540;CVE-2021-29540;GHSA-xgc3-m89p-vr3x;PYSEC-2021-468;PYSEC-2021-666,1739.8022166739463,1
tensorflow/tensorflow,tensorflow,PYSEC-2021-178,unknown,,2021-05-14T20:15:00Z,ba424dd8f16f7110eea526a8086f1a155f14f22b,,,0,BIT-tensorflow-2021-29541;CVE-2021-29541;GHSA-xqfj-35wv-m3cr;PYSEC-2021-469;PYSEC-2021-667,1739.8022166739463,1
tensorflow/tensorflow,tensorflow,PYSEC-2021-179,unknown,,2021-05-14T20:15:00Z,ba424dd8f16f7110eea526a8086f1a155f14f22b,,,0,BIT-tensorflow-2021-29542;CVE-2021-29542;GHSA-4hrh-9vmp-2jgg;PYSEC-2021-470;PYSEC-2021-668,1739.8022166739463,1
tensorflow/tensorflow,tensorflow,PYSEC-2021-180,unknown,,2021-05-14T20:15:00Z,ea3b43e98c32c97b35d52b4c66f9107452ca8fb2,,,0,BIT-tensorflow-2021-29543;CVE-2021-29543;GHSA-fphq-gw9m-ghrv;PYSEC-2021-471;PYSEC-2021-669,1739.8022166739463,1
tensorflow/tensorflow,tensorflow,PYSEC-2021-181,unknown,,2021-05-14T20:15:00Z,20431e9044cf2ad3c0323c34888b192f3289af6b,,,0,BIT-tensorflow-2021-29544;CVE-2021-29544;GHSA-6g85-3hm8-83f9;PYSEC-2021-472;PYSEC-2021-670,1739.8022166739463,1
tensorflow/tensorflow,tensorflow,PYSEC-2021-182,unknown,,2021-05-14T20:15:00Z,1e922ccdf6bf46a3a52641f99fd47d54c1decd13,,,0,BIT-tensorflow-2021-29545;CVE-2021-29545;GHSA-hmg3-c7xj-6qwm;PYSEC-2021-473;PYSEC-2021-671,1739.8022166739463,1
tensorflow/tensorflow,tensorflow,PYSEC-2021-183,unknown,,2021-05-14T20:15:00Z,67784700869470d65d5f2ef20aeb5e97c31673cb,,,0,BIT-tensorflow-2021-29546;CVE-2021-29546;GHSA-m34j-p8rj-wjxq;PYSEC-2021-474;PYSEC-2021-672,1739.8022166739463,1
tensorflow/tensorflow,tensorflow,PYSEC-2021-184,unknown,,2021-05-14T20:15:00Z,d6ed5bcfe1dcab9e85a4d39931bd18d99018e75b,,,0,BIT-tensorflow-2021-29547;CVE-2021-29547;GHSA-4fg4-p75j-w5xj;PYSEC-2021-475;PYSEC-2021-673,1739.8022166739463,1
tensorflow/tensorflow,tensorflow,PYSEC-2021-185,unknown,,2021-05-14T20:15:00Z,d6ed5bcfe1dcab9e85a4d39931bd18d99018e75b,,,0,BIT-tensorflow-2021-29548;CVE-2021-29548;GHSA-p45v-v4pw-77jr;PYSEC-2021-476;PYSEC-2021-674,1739.8022166739463,1
tensorflow/tensorflow,tensorflow,PYSEC-2021-186,unknown,,2021-05-14T20:15:00Z,744009c9e5cc5d0447f0dc39d055f917e1fd9e16,,,0,BIT-tensorflow-2021-29549;CVE-2021-29549;GHSA-x83m-p7pv-ch8v;PYSEC-2021-477;PYSEC-2021-675,1739.8022166739463,1
tensorflow/tensorflow,tensorflow,PYSEC-2021-187,unknown,,2021-05-14T20:15:00Z,548b5eaf23685d86f722233d8fbc21d0a4aecb96,,,0,BIT-tensorflow-2021-29550;CVE-2021-29550;GHSA-f78g-q7r4-9wcv;PYSEC-2021-478;PYSEC-2021-676,1739.8022166739463,1
tensorflow/tensorflow,tensorflow,PYSEC-2021-188,unknown,,2021-05-14T20:15:00Z,480641e3599775a8895254ffbc0fc45621334f68,,,0,BIT-tensorflow-2021-29551;CVE-2021-29551;GHSA-vqw6-72r7-fgw7;PYSEC-2021-479;PYSEC-2021-677,1739.8022166739463,1
tensorflow/tensorflow,tensorflow,PYSEC-2021-189,unknown,,2021-05-14T20:15:00Z,704866eabe03a9aeda044ec91a8d0c83fc1ebdbe,,,0,BIT-tensorflow-2021-29552;CVE-2021-29552;GHSA-jhq9-wm9m-cf89;PYSEC-2021-480;PYSEC-2021-678,1739.8022166739463,1
tensorflow/tensorflow,tensorflow,PYSEC-2021-190,unknown,,2021-05-14T20:15:00Z,99085e8ff02c3763a0ec2263e44daec416f6a387,,,0,BIT-tensorflow-2021-29553;CVE-2021-29553;GHSA-h9px-9vqg-222h;PYSEC-2021-481;PYSEC-2021-679,1739.8022166739463,1
tensorflow/tensorflow,tensorflow,PYSEC-2021-191,unknown,,2021-05-14T19:15:00Z,da5ff2daf618591f64b2b62d9d9803951b945e9f,,,0,BIT-tensorflow-2021-29554;CVE-2021-29554;GHSA-qg48-85hg-mqc5;PYSEC-2021-482;PYSEC-2021-680,1739.8438833406133,1
tensorflow/tensorflow,tensorflow,PYSEC-2021-192,unknown,,2021-05-14T20:15:00Z,1a2a87229d1d61e23a39373777c056161eb4084d,,,0,BIT-tensorflow-2021-29555;CVE-2021-29555;GHSA-r35g-4525-29fq;PYSEC-2021-483;PYSEC-2021-681,1739.8022166739463,1
tensorflow/tensorflow,tensorflow,PYSEC-2021-193,unknown,,2021-05-14T20:15:00Z,4071d8e2f6c45c1955a811fee757ca2adbe462c1,,,0,BIT-tensorflow-2021-29556;CVE-2021-29556;GHSA-fxqh-cfjm-fp93;PYSEC-2021-484;PYSEC-2021-682,1739.8022166739463,1
tensorflow/tensorflow,tensorflow,PYSEC-2021-194,unknown,,2021-05-14T20:15:00Z,7f283ff806b2031f407db64c4d3edcda8fb9f9f5,,,0,BIT-tensorflow-2021-29557;CVE-2021-29557;GHSA-xw93-v57j-fcgh;PYSEC-2021-485;PYSEC-2021-683,1739.8022166739463,1
tensorflow/tensorflow,tensorflow,PYSEC-2021-195,unknown,,2021-05-14T20:15:00Z,8ba6fa29cd8bf9cef9b718dc31c78c73081f5b31,,,0,BIT-tensorflow-2021-29558;CVE-2021-29558;GHSA-mqh2-9wrp-vx84;PYSEC-2021-486;PYSEC-2021-684,1739.8022166739463,1
tensorflow/tensorflow,tensorflow,PYSEC-2021-196,unknown,,2021-05-14T20:15:00Z,51300ba1cc2f487aefec6e6631fef03b0e08b298,,,0,BIT-tensorflow-2021-29559;CVE-2021-29559;GHSA-59q2-x2qc-4c97;PYSEC-2021-487;PYSEC-2021-685,1739.8022166739463,1
tensorflow/tensorflow,tensorflow,PYSEC-2021-197,unknown,,2021-05-14T20:15:00Z,a84358aa12f0b1518e606095ab9cfddbf597c121,,,0,BIT-tensorflow-2021-29560;CVE-2021-29560;GHSA-8gv3-57p6-g35r;PYSEC-2021-488;PYSEC-2021-686,1739.8022166739463,1
tensorflow/tensorflow,tensorflow,PYSEC-2021-198,unknown,,2021-05-14T20:15:00Z,77dd114513d7796e1e2b8aece214a380af26fbf4,,,0,BIT-tensorflow-2021-29561;CVE-2021-29561;GHSA-gvm4-h8j3-rjrq;PYSEC-2021-489;PYSEC-2021-687,1739.8022166739463,1
tensorflow/tensorflow,tensorflow,PYSEC-2021-199,unknown,,2021-05-14T20:15:00Z,1c56f53be0b722ca657cbc7df461ed676c8642a2,,,0,BIT-tensorflow-2021-29562;CVE-2021-29562;GHSA-36vm-xw34-x4pj;PYSEC-2021-490;PYSEC-2021-688,1739.8022166739463,1
tensorflow/tensorflow,tensorflow,PYSEC-2021-200,unknown,,2021-05-14T20:15:00Z,31bd5026304677faa8a0b77602c6154171b9aec1,,,0,BIT-tensorflow-2021-29563;CVE-2021-29563;GHSA-ph87-fvjr-v33w;PYSEC-2021-491;PYSEC-2021-689,1739.8022166739463,1
tensorflow/tensorflow,tensorflow,PYSEC-2021-201,unknown,,2021-05-14T20:15:00Z,f4c364a5d6880557f6f5b6eb5cee2c407f0186b3,,,0,BIT-tensorflow-2021-29564;CVE-2021-29564;GHSA-75f6-78jr-4656;PYSEC-2021-492;PYSEC-2021-690,1739.8022166739463,1
tensorflow/tensorflow,tensorflow,PYSEC-2021-202,unknown,,2021-05-14T20:15:00Z,faa76f39014ed3b5e2c158593b1335522e573c7f,,,0,BIT-tensorflow-2021-29565;CVE-2021-29565;GHSA-r6pg-pjwc-j585;PYSEC-2021-493;PYSEC-2021-691,1739.8022166739463,1
tensorflow/tensorflow,tensorflow,PYSEC-2021-203,unknown,,2021-05-14T20:15:00Z,3f6fe4dfef6f57e768260b48166c27d148f3015f,,,0,BIT-tensorflow-2021-29566;CVE-2021-29566;GHSA-pvrc-hg3f-58r6;PYSEC-2021-494;PYSEC-2021-692,1739.8022166739463,1
tensorflow/tensorflow,tensorflow,PYSEC-2021-204,unknown,,2021-05-14T20:15:00Z,7ae2af34087fb4b5c8915279efd03da3b81028bc,,,0,BIT-tensorflow-2021-29567;CVE-2021-29567;GHSA-wp3c-xw9g-gpcg;PYSEC-2021-495;PYSEC-2021-693,1739.8022166739463,1
tensorflow/tensorflow,tensorflow,PYSEC-2021-205,unknown,,2021-05-14T20:15:00Z,5e52ef5a461570cfb68f3bdbbebfe972cb4e0fd8,,,0,BIT-tensorflow-2021-29568;CVE-2021-29568;GHSA-4p4p-www8-8fv9;PYSEC-2021-496;PYSEC-2021-694,1739.8022166739463,1
tensorflow/tensorflow,tensorflow,PYSEC-2021-206,unknown,,2021-05-14T20:15:00Z,ef0c008ee84bad91ec6725ddc42091e19a30cf0e,,,0,BIT-tensorflow-2021-29569;CVE-2021-29569;GHSA-3h8m-483j-7xxm;PYSEC-2021-497;PYSEC-2021-695,1739.8022166739463,1
tensorflow/tensorflow,tensorflow,PYSEC-2021-207,unknown,,2021-05-14T20:15:00Z,dcd7867de0fea4b72a2b34bd41eb74548dc23886,,,0,BIT-tensorflow-2021-29570;CVE-2021-29570;GHSA-545v-42p7-98fq;PYSEC-2021-498;PYSEC-2021-696,1739.8022166739463,1
tensorflow/tensorflow,tensorflow,PYSEC-2021-208,unknown,,2021-05-14T20:15:00Z,79865b542f9ffdc9caeb255631f7c56f1d4b6517,,,0,BIT-tensorflow-2021-29571;CVE-2021-29571;GHSA-whr9-vfh2-7hm6;PYSEC-2021-499;PYSEC-2021-697,1739.8022166739463,1
tensorflow/tensorflow,tensorflow,PYSEC-2021-209,unknown,,2021-05-14T20:15:00Z,f7cc8755ac6683131fdfa7a8a121f9d7a9dec6fb,,,0,BIT-tensorflow-2021-29572;CVE-2021-29572;GHSA-5gqf-456p-4836;PYSEC-2021-500;PYSEC-2021-698,1739.8022166739463,1
tensorflow/tensorflow,tensorflow,PYSEC-2021-210,unknown,,2021-05-14T20:15:00Z,376c352a37ce5a68b721406dc7e77ac4b6cf483d,,,0,BIT-tensorflow-2021-29573;CVE-2021-29573;GHSA-9vpm-rcf4-9wqw;PYSEC-2021-501;PYSEC-2021-699,1739.8022166739463,1
tensorflow/tensorflow,tensorflow,PYSEC-2021-211,unknown,,2021-05-14T20:15:00Z,a3d9f9be9ac2296615644061b40cefcee341dcc4,,,0,BIT-tensorflow-2021-29574;CVE-2021-29574;GHSA-828x-qc2p-wprq;PYSEC-2021-502;PYSEC-2021-700,1739.8022166739463,1
tensorflow/tensorflow,tensorflow,PYSEC-2021-212,unknown,,2021-05-14T20:15:00Z,ecf768cbe50cedc0a45ce1ee223146a3d3d26d23,,,0,BIT-tensorflow-2021-29575;CVE-2021-29575;GHSA-6qgm-fv6v-rfpv;PYSEC-2021-503;PYSEC-2021-701,1739.8022166739463,1
tensorflow/tensorflow,tensorflow,PYSEC-2021-213,unknown,,2021-05-14T20:15:00Z,63c6a29d0f2d692b247f7bf81f8732d6442fad09,,,0,BIT-tensorflow-2021-29576;CVE-2021-29576;GHSA-7cqx-92hp-x6wh;PYSEC-2021-504;PYSEC-2021-702,1739.8022166739463,1
tensorflow/tensorflow,tensorflow,PYSEC-2021-214,unknown,,2021-05-14T20:15:00Z,6fc9141f42f6a72180ecd24021c3e6b36165fe0d,,,0,BIT-tensorflow-2021-29577;CVE-2021-29577;GHSA-v6r6-84gr-92rm;PYSEC-2021-505;PYSEC-2021-703,1739.8022166739463,1
tensorflow/tensorflow,tensorflow,PYSEC-2021-215,unknown,,2021-05-14T20:15:00Z,12c727cee857fa19be717f336943d95fca4ffe4f,,,0,BIT-tensorflow-2021-29578;CVE-2021-29578;GHSA-6f89-8j54-29xf;PYSEC-2021-506;PYSEC-2021-704,1739.8022166739463,1
tensorflow/tensorflow,tensorflow,PYSEC-2021-216,unknown,,2021-05-14T20:15:00Z,a74768f8e4efbda4def9f16ee7e13cf3922ac5f7,,,0,BIT-tensorflow-2021-29579;CVE-2021-29579;GHSA-79fv-9865-4qcv;PYSEC-2021-507;PYSEC-2021-705,1739.8022166739463,1
tensorflow/tensorflow,tensorflow,PYSEC-2021-217,unknown,,2021-05-14T20:15:00Z,32fdcbff9d06d010d908fcc4bd4b36eb3ce15925,,,0,BIT-tensorflow-2021-29580;CVE-2021-29580;GHSA-x8h6-xgqx-jqgp;PYSEC-2021-508;PYSEC-2021-706,1739.8022166739463,1
tensorflow/tensorflow,tensorflow,PYSEC-2021-218,unknown,,2021-05-14T20:15:00Z,b1b323042264740c398140da32e93fb9c2c9f33e,,,0,BIT-tensorflow-2021-29581;CVE-2021-29581;GHSA-vq2r-5xvm-3hc3;PYSEC-2021-509;PYSEC-2021-707,1739.8022166739463,1
tensorflow/tensorflow,tensorflow,PYSEC-2021-219,unknown,,2021-05-14T20:15:00Z,5899741d0421391ca878da47907b1452f06aaf1b,,,0,BIT-tensorflow-2021-29582;CVE-2021-29582;GHSA-c45w-2wxr-pp53;PYSEC-2021-510;PYSEC-2021-708,1739.8022166739463,1
tensorflow/tensorflow,tensorflow,PYSEC-2021-220,unknown,,2021-05-14T20:15:00Z,6972f9dfe325636b3db4e0bc517ee22a159365c0,,,0,BIT-tensorflow-2021-29583;CVE-2021-29583;GHSA-9xh4-23q4-v6wr;PYSEC-2021-511;PYSEC-2021-709,1739.8022166739463,1
tensorflow/tensorflow,tensorflow,PYSEC-2021-221,unknown,,2021-05-14T20:15:00Z,4c0ee937c0f61c4fc5f5d32d9bb4c67428012a60,,,0,BIT-tensorflow-2021-29584;CVE-2021-29584;GHSA-xvjm-fvxx-q3hv;PYSEC-2021-512;PYSEC-2021-710,1739.8022166739463,1
tensorflow/tensorflow,tensorflow,PYSEC-2021-222,unknown,,2021-05-14T20:15:00Z,49847ae69a4e1a97ae7f2db5e217c77721e37948,,,0,BIT-tensorflow-2021-29585;CVE-2021-29585;GHSA-mv78-g7wq-mhp4;PYSEC-2021-513;PYSEC-2021-711,1739.8022166739463,1
tensorflow/tensorflow,tensorflow,PYSEC-2021-223,unknown,,2021-05-14T20:15:00Z,5f7975d09eac0f10ed8a17dbb6f5964977725adc,,,0,BIT-tensorflow-2021-29586;CVE-2021-29586;GHSA-26j7-6w8w-7922;PYSEC-2021-514;PYSEC-2021-712,1739.8022166739463,1
tensorflow/tensorflow,tensorflow,PYSEC-2021-224,unknown,,2021-05-14T20:15:00Z,0d45ea1ca641b21b73bcf9c00e0179cda284e7e7,,,0,BIT-tensorflow-2021-29587;CVE-2021-29587;GHSA-j7rm-8ww4-xx2g;PYSEC-2021-515;PYSEC-2021-713,1739.8022166739463,1
tensorflow/tensorflow,tensorflow,PYSEC-2021-225,unknown,,2021-05-14T20:15:00Z,801c1c6be5324219689c98e1bd3e0ca365ee834d,,,0,BIT-tensorflow-2021-29588;CVE-2021-29588;GHSA-vfr4-x8j2-3rf9;PYSEC-2021-516;PYSEC-2021-714,1739.8022166739463,1
tensorflow/tensorflow,tensorflow,PYSEC-2021-226,unknown,,2021-05-14T20:15:00Z,8e45822aa0b9f5df4b4c64f221e64dc930a70a9d,,,0,BIT-tensorflow-2021-29589;CVE-2021-29589;GHSA-3w67-q784-6w7c;PYSEC-2021-517;PYSEC-2021-715,1739.8022166739463,1
tensorflow/tensorflow,tensorflow,PYSEC-2021-227,unknown,,2021-05-14T20:15:00Z,953f28dca13c92839ba389c055587cfe6c723578,,,0,BIT-tensorflow-2021-29590;CVE-2021-29590;GHSA-24x6-8c7m-hv3f;PYSEC-2021-518;PYSEC-2021-716,1739.8022166739463,1
tensorflow/tensorflow,tensorflow,PYSEC-2021-228,unknown,,2021-05-14T20:15:00Z,9c1dc920d8ffb4893d6c9d27d1f039607b326743,,,0,BIT-tensorflow-2021-29591;CVE-2021-29591;GHSA-cwv3-863g-39vx;PYSEC-2021-519;PYSEC-2021-717,1739.8022166739463,1
tensorflow/tensorflow,tensorflow,PYSEC-2021-229,unknown,,2021-05-14T20:15:00Z,f8378920345f4f4604202d4ab15ef64b2aceaa16,,,0,BIT-tensorflow-2021-29592;CVE-2021-29592;GHSA-jjr8-m8g8-p6wv;PYSEC-2021-520;PYSEC-2021-718,1739.8022166739463,1
tensorflow/tensorflow,tensorflow,PYSEC-2021-230,unknown,,2021-05-14T20:15:00Z,2c74674348a4708ced58ad6eb1b23354df8ee044,,,0,BIT-tensorflow-2021-29593;CVE-2021-29593;GHSA-cfx7-2xpc-8w4h;PYSEC-2021-521;PYSEC-2021-719,1739.8022166739463,1
tensorflow/tensorflow,tensorflow,PYSEC-2021-231,unknown,,2021-05-14T20:15:00Z,ff489d95a9006be080ad14feb378f2b4dac35552,,,0,BIT-tensorflow-2021-29594;CVE-2021-29594;GHSA-3qgw-p4fm-x7gf;PYSEC-2021-522;PYSEC-2021-720,1739.8022166739463,1
tensorflow/tensorflow,tensorflow,PYSEC-2021-232,unknown,,2021-05-14T20:15:00Z,106d8f4fb89335a2c52d7c895b7a7485465ca8d9,,,0,BIT-tensorflow-2021-29595;CVE-2021-29595;GHSA-vf94-36g5-69v8;PYSEC-2021-523;PYSEC-2021-721,1739.8022166739463,1
tensorflow/tensorflow,tensorflow,PYSEC-2021-233,unknown,,2021-05-14T20:15:00Z,f61c57bd425878be108ec787f4d96390579fb83e,,,0,BIT-tensorflow-2021-29596;CVE-2021-29596;GHSA-4vrf-ff7v-hpgr;PYSEC-2021-524;PYSEC-2021-722,1739.8022166739463,1
tensorflow/tensorflow,tensorflow,PYSEC-2021-234,unknown,,2021-05-14T20:15:00Z,6d36ba65577006affb272335b7c1abd829010708,,,0,BIT-tensorflow-2021-29597;CVE-2021-29597;GHSA-v52p-hfjf-wg88;PYSEC-2021-525;PYSEC-2021-723,1739.8022166739463,1
tensorflow/tensorflow,tensorflow,PYSEC-2021-235,unknown,,2021-05-14T20:15:00Z,6841e522a3e7d48706a02e8819836e809f738682,,,0,BIT-tensorflow-2021-29598;CVE-2021-29598;GHSA-pmpr-55fj-r229;PYSEC-2021-526;PYSEC-2021-724,1739.8022166739463,1
tensorflow/tensorflow,tensorflow,PYSEC-2021-236,unknown,,2021-05-14T20:15:00Z,b22786e7e9b7bdb6a56936ff29cc7e9968d7bc1d,,,0,BIT-tensorflow-2021-29599;CVE-2021-29599;GHSA-97wf-p777-86jq;PYSEC-2021-527;PYSEC-2021-725,1739.8022166739463,1
tensorflow/tensorflow,tensorflow,PYSEC-2021-237,unknown,,2021-05-14T20:15:00Z,3ebedd7e345453d68e279cfc3e4072648e5e12e5,,,0,BIT-tensorflow-2021-29600;CVE-2021-29600;GHSA-j8qh-3xrq-c825;PYSEC-2021-528;PYSEC-2021-726,1739.8022166739463,1
tensorflow/tensorflow,tensorflow,PYSEC-2021-238,unknown,,2021-05-14T20:15:00Z,4253f96a58486ffe84b61c0415bb234a4632ee73,,,0,BIT-tensorflow-2021-29601;CVE-2021-29601;GHSA-9c84-4hx6-xmm4;PYSEC-2021-529;PYSEC-2021-727,1739.8022166739463,1
tensorflow/tensorflow,tensorflow,PYSEC-2021-239,unknown,,2021-05-14T20:15:00Z,cbda3c6b2dbbd3fbdc482ff8c0170a78ec2e97d0,,,0,BIT-tensorflow-2021-29602;CVE-2021-29602;GHSA-rf3h-xgv5-2q39;PYSEC-2021-530;PYSEC-2021-728,1739.8022166739463,1
tensorflow/tensorflow,tensorflow,PYSEC-2021-240,unknown,,2021-05-14T20:15:00Z,c59c37e7b2d563967da813fa50fe20b21f4da683,,,0,BIT-tensorflow-2021-29603;CVE-2021-29603;GHSA-crch-j389-5f84;PYSEC-2021-531;PYSEC-2021-729,1739.8022166739463,1
tensorflow/tensorflow,tensorflow,PYSEC-2021-241,unknown,,2021-05-14T20:15:00Z,5117e0851348065ed59c991562c0ec80d9193db2,,,0,BIT-tensorflow-2021-29604;CVE-2021-29604;GHSA-8rm6-75mf-7r7r;PYSEC-2021-532;PYSEC-2021-730,1739.8022166739463,1
tensorflow/tensorflow,tensorflow,PYSEC-2021-242,unknown,,2021-05-14T20:15:00Z,7c8cc4ec69cd348e44ad6a2699057ca88faad3e5,,,0,BIT-tensorflow-2021-29605;CVE-2021-29605;GHSA-jf7h-7m85-w2v2;PYSEC-2021-533;PYSEC-2021-731,1739.8022166739463,1
tensorflow/tensorflow,tensorflow,PYSEC-2021-243,unknown,,2021-05-14T20:15:00Z,ae2daeb45abfe2c6dda539cf8d0d6f653d3ef412,,,0,BIT-tensorflow-2021-29606;CVE-2021-29606;GHSA-h4pc-gx2w-f2xv;PYSEC-2021-534;PYSEC-2021-732,1739.8022166739463,1
tensorflow/tensorflow,tensorflow,PYSEC-2021-244,unknown,,2021-05-14T20:15:00Z,ba6822bd7b7324ba201a28b2f278c29a98edbef2,,,0,BIT-tensorflow-2021-29607;CVE-2021-29607;GHSA-gv26-jpj9-c8gq;PYSEC-2021-535;PYSEC-2021-733,1739.8022166739463,1
tensorflow/tensorflow,tensorflow,PYSEC-2021-245,unknown,,2021-05-14T20:15:00Z,c4d7afb6a5986b04505aca4466ae1951686c80f6,,,0,BIT-tensorflow-2021-29608;CVE-2021-29608;GHSA-rgvq-pcvf-hx75;PYSEC-2021-536;PYSEC-2021-734,1739.8022166739463,1
tensorflow/tensorflow,tensorflow,PYSEC-2021-246,unknown,,2021-05-14T20:15:00Z,41727ff06111117bdf86b37db198217fd7a143cc,,,0,BIT-tensorflow-2021-29609;CVE-2021-29609;GHSA-cjc7-49v2-jp64;PYSEC-2021-537;PYSEC-2021-735,1739.8022166739463,1
tensorflow/tensorflow,tensorflow,PYSEC-2021-247,unknown,,2021-05-14T20:15:00Z,c5b0d5f8ac19888e46ca14b0e27562e7fbbee9a9,,,0,BIT-tensorflow-2021-29610;CVE-2021-29610;GHSA-mq5c-prh3-3f3h;PYSEC-2021-538;PYSEC-2021-736,1739.8022166739463,1
tensorflow/tensorflow,tensorflow,PYSEC-2021-248,unknown,,2021-05-14T20:15:00Z,1d04d7d93f4ed3854abf75d6b712d72c3f70d6b6,,,0,BIT-tensorflow-2021-29611;CVE-2021-29611;GHSA-9rpc-5v9q-5r7f;PYSEC-2021-539;PYSEC-2021-737,1739.8022166739463,1
tensorflow/tensorflow,tensorflow,PYSEC-2021-249,unknown,,2021-05-14T20:15:00Z,ba6822bd7b7324ba201a28b2f278c29a98edbef2,,,0,BIT-tensorflow-2021-29612;CVE-2021-29612;GHSA-2xgj-xhgf-ggjv;PYSEC-2021-540;PYSEC-2021-738,1739.8022166739463,1
tensorflow/tensorflow,tensorflow,PYSEC-2021-250,unknown,,2021-05-14T20:15:00Z,14607c0707040d775e06b6817325640cb4b5864c,,,0,BIT-tensorflow-2021-29613;CVE-2021-29613;GHSA-vvg4-vgrv-xfr7;PYSEC-2021-541;PYSEC-2021-739,1739.8022166739463,1
tensorflow/tensorflow,tensorflow,PYSEC-2021-251,unknown,,2021-05-14T20:15:00Z,698e01511f62a3c185754db78ebce0eee1f0184d,,,0,BIT-tensorflow-2021-29614;CVE-2021-29614;GHSA-8pmx-p244-g88h;PYSEC-2021-542;PYSEC-2021-740,1739.8022166739463,1
tensorflow/tensorflow,tensorflow,PYSEC-2021-252,unknown,,2021-05-14T20:15:00Z,e07e1c3d26492c06f078c7e5bf2d138043e199c1,,,0,BIT-tensorflow-2021-29615;CVE-2021-29615;GHSA-qw5h-7f53-xrp6;PYSEC-2021-543;PYSEC-2021-741,1739.8022166739463,1
tensorflow/tensorflow,tensorflow,PYSEC-2021-253,unknown,,2021-05-14T20:15:00Z,e6340f0665d53716ef3197ada88936c2a5f7a2d3,,,0,BIT-tensorflow-2021-29616;CVE-2021-29616;GHSA-4hvv-7x94-7vq8;PYSEC-2021-544;PYSEC-2021-742,1739.8022166739463,1
tensorflow/tensorflow,tensorflow,PYSEC-2021-254,unknown,,2021-05-14T20:15:00Z,890f7164b70354c57d40eda52dcdd7658677c09f,,,0,BIT-tensorflow-2021-29617;CVE-2021-29617;GHSA-mmq6-q8r3-48fm;PYSEC-2021-545;PYSEC-2021-743,1739.8022166739463,1
tensorflow/tensorflow,tensorflow,PYSEC-2021-255,unknown,,2021-05-14T20:15:00Z,1dc6a7ce6e0b3e27a7ae650bfc05b195ca793f88,,,0,BIT-tensorflow-2021-29618;CVE-2021-29618;GHSA-xqfj-cr6q-pc8w;PYSEC-2021-546;PYSEC-2021-744,1739.8022166739463,1
tensorflow/tensorflow,tensorflow,PYSEC-2021-256,unknown,,2021-05-14T20:15:00Z,82e6203221865de4008445b13c69b6826d2b28d9,,,0,BIT-tensorflow-2021-29619;CVE-2021-29619;GHSA-wvjw-p9f5-vq28;PYSEC-2021-547;PYSEC-2021-745,1739.8022166739463,1
tensorflow/tensorflow,tensorflow,PYSEC-2021-257,unknown,,2021-08-12T21:15:00Z,87158f43f05f2720a374f3e6d22a7aaa3a33f750,,,0,BIT-tensorflow-2021-37635;CVE-2021-37635;GHSA-cgfm-62j4-v4rf;PYSEC-2021-548;PYSEC-2021-746,1649.76055000728,1
tensorflow/tensorflow,tensorflow,PYSEC-2021-258,unknown,,2021-08-12T18:15:00Z,d9204be9f49520cdaaeb2541d1dc5187b23f31d9,,,0,BIT-tensorflow-2021-37636;CVE-2021-37636;GHSA-hp4c-x6r7-6555;PYSEC-2021-549;PYSEC-2021-747,1649.88555000728,1
tensorflow/tensorflow,tensorflow,PYSEC-2021-259,unknown,,2021-08-12T19:15:00Z,5dc7f6981fdaf74c8c5be41f393df705841fb7c5,,,0,BIT-tensorflow-2021-37637;CVE-2021-37637;GHSA-c9qf-r67m-p7cg;PYSEC-2021-550;PYSEC-2021-748,1649.8438833406133,1
tensorflow/tensorflow,tensorflow,PYSEC-2021-260,unknown,,2021-08-12T19:15:00Z,301ae88b331d37a2a16159b65b255f4f9eb39314,,,0,BIT-tensorflow-2021-37638;CVE-2021-37638;GHSA-hwr7-8gxx-fj5p;PYSEC-2021-551;PYSEC-2021-749,1649.8438833406133,1
tensorflow/tensorflow,tensorflow,PYSEC-2021-261,unknown,,2021-08-12T19:15:00Z,9e82dce6e6bd1f36a57e08fa85af213e2b2f2622,,,0,BIT-tensorflow-2021-37639;CVE-2021-37639;GHSA-gh6x-4whr-2qv4;PYSEC-2021-552;PYSEC-2021-750,1649.8438833406133,1
tensorflow/tensorflow,tensorflow,PYSEC-2021-262,unknown,,2021-08-12T18:15:00Z,4923de56ec94fff7770df259ab7f2288a74feb41,,,0,BIT-tensorflow-2021-37640;CVE-2021-37640;GHSA-95xm-g58g-3p88;PYSEC-2021-553;PYSEC-2021-751,1649.88555000728,1
tensorflow/tensorflow,tensorflow,PYSEC-2021-263,unknown,,2021-08-12T21:15:00Z,a2b743f6017d7b97af1fe49087ae15f0ac634373,,,0,BIT-tensorflow-2021-37641;CVE-2021-37641;GHSA-9c8h-vvrj-w2p8;PYSEC-2021-554;PYSEC-2021-752,1649.76055000728,1
tensorflow/tensorflow,tensorflow,PYSEC-2021-264,unknown,,2021-08-12T18:15:00Z,4aacb30888638da75023e6601149415b39763d76,,,0,BIT-tensorflow-2021-37642;CVE-2021-37642;GHSA-ch4f-829c-v5pw;PYSEC-2021-555;PYSEC-2021-753,1649.88555000728,1
tensorflow/tensorflow,tensorflow,PYSEC-2021-265,unknown,,2021-08-12T19:15:00Z,482da92095c4d48f8784b1f00dda4f81c28d2988,,,0,BIT-tensorflow-2021-37643;CVE-2021-37643;GHSA-fcwc-p4fc-c5cc;PYSEC-2021-556;PYSEC-2021-754,1649.8438833406133,1
tensorflow/tensorflow,tensorflow,PYSEC-2021-266,unknown,,2021-08-12T21:15:00Z,8a6e874437670045e6c7dc6154c7412b4a2135e2,,,0,BIT-tensorflow-2021-37644;CVE-2021-37644;GHSA-27j5-4p9v-pp67;PYSEC-2021-557;PYSEC-2021-755,1649.76055000728,1
tensorflow/tensorflow,tensorflow,PYSEC-2021-267,unknown,,2021-08-12T21:15:00Z,96f364a1ca3009f98980021c4b32be5fdcca33a1,,,0,BIT-tensorflow-2021-37645;CVE-2021-37645;GHSA-9w2p-5mgw-p94c;PYSEC-2021-558;PYSEC-2021-756,1649.76055000728,1
tensorflow/tensorflow,tensorflow,PYSEC-2021-268,unknown,,2021-08-12T21:15:00Z,c283e542a3f422420cfdb332414543b62fc4e4a5,,,0,BIT-tensorflow-2021-37646;CVE-2021-37646;GHSA-h6jh-7gv5-28vg;PYSEC-2021-559;PYSEC-2021-757,1649.76055000728,1
tensorflow/tensorflow,tensorflow,PYSEC-2021-269,unknown,,2021-08-12T19:15:00Z,02cc160e29d20631de3859c6653184e3f876b9d7,,,0,BIT-tensorflow-2021-37647;CVE-2021-37647;GHSA-c5x2-p679-95wc;PYSEC-2021-560;PYSEC-2021-758,1649.8438833406133,1
tensorflow/tensorflow,tensorflow,PYSEC-2021-270,unknown,,2021-08-12T22:15:00Z,9728c60e136912a12d99ca56e106b7cce7af5986,,,0,BIT-tensorflow-2021-37648;CVE-2021-37648;GHSA-wp77-4gmm-7cq8;PYSEC-2021-561;PYSEC-2021-759,1649.7188833406133,1
tensorflow/tensorflow,tensorflow,PYSEC-2021-271,unknown,,2021-08-12T19:15:00Z,7bdf50bb4f5c54a4997c379092888546c97c3ebd,,,0,BIT-tensorflow-2021-37649;CVE-2021-37649;GHSA-6gv8-p3vj-pxvr;PYSEC-2021-562;PYSEC-2021-760,1649.8438833406133,1
tensorflow/tensorflow,tensorflow,PYSEC-2021-272,unknown,,2021-08-12T21:15:00Z,e0b6e58c328059829c3eb968136f17aa72b6c876,,,0,BIT-tensorflow-2021-37650;CVE-2021-37650;GHSA-f8h4-7rgh-q2gm;PYSEC-2021-563;PYSEC-2021-761,1649.76055000728,1
tensorflow/tensorflow,tensorflow,PYSEC-2021-273,unknown,,2021-08-12T21:15:00Z,0f931751fb20f565c4e94aa6df58d54a003cdb30,,,0,BIT-tensorflow-2021-37651;CVE-2021-37651;GHSA-hpv4-7p9c-mvfr;PYSEC-2021-564;PYSEC-2021-762,1649.76055000728,1
tensorflow/tensorflow,tensorflow,PYSEC-2021-274,unknown,,2021-08-12T22:15:00Z,5ecec9c6fbdbc6be03295685190a45e7eee726ab,,,0,BIT-tensorflow-2021-37652;CVE-2021-37652;GHSA-m7fm-4jfh-jrg6;PYSEC-2021-565;PYSEC-2021-763,1649.7188833406133,1
tensorflow/tensorflow,tensorflow,PYSEC-2021-275,unknown,,2021-08-12T18:15:00Z,ac117ee8a8ea57b73d34665cdf00ef3303bc0b11,,,0,BIT-tensorflow-2021-37653;CVE-2021-37653;GHSA-qjj8-32p7-h289;PYSEC-2021-566;PYSEC-2021-764,1649.88555000728,1
tensorflow/tensorflow,tensorflow,PYSEC-2021-276,unknown,,2021-08-12T21:15:00Z,bc9c546ce7015c57c2f15c168b3d9201de679a1d,,,0,BIT-tensorflow-2021-37654;CVE-2021-37654;GHSA-2r8p-fg3c-wcj4;PYSEC-2021-567;PYSEC-2021-765,1649.76055000728,1
tensorflow/tensorflow,tensorflow,PYSEC-2021-277,unknown,,2021-08-12T21:15:00Z,01cff3f986259d661103412a20745928c727326f,,,0,BIT-tensorflow-2021-37655;CVE-2021-37655;GHSA-7fvx-3jfc-2cpc;PYSEC-2021-568;PYSEC-2021-766,1649.76055000728,1
tensorflow/tensorflow,tensorflow,PYSEC-2021-278,unknown,,2021-08-12T21:15:00Z,1071f554dbd09f7e101324d366eec5f4fe5a3ece,,,0,BIT-tensorflow-2021-37656;CVE-2021-37656;GHSA-4xfp-4pfp-89wg;PYSEC-2021-569;PYSEC-2021-767,1649.76055000728,1
tensorflow/tensorflow,tensorflow,PYSEC-2021-279,unknown,,2021-08-12T21:15:00Z,f2a673bd34f0d64b8e40a551ac78989d16daad09,,,0,BIT-tensorflow-2021-37657;CVE-2021-37657;GHSA-5xwc-mrhx-5g3m;PYSEC-2021-570;PYSEC-2021-768,1649.76055000728,1
tensorflow/tensorflow,tensorflow,PYSEC-2021-280,unknown,,2021-08-12T21:15:00Z,ff8894044dfae5568ecbf2ed514c1a37dc394f1b,,,0,BIT-tensorflow-2021-37658;CVE-2021-37658;GHSA-6p5r-g9mq-ggh2;PYSEC-2021-571;PYSEC-2021-769,1649.76055000728,1
tensorflow/tensorflow,tensorflow,PYSEC-2021-281,unknown,,2021-08-12T21:15:00Z,93f428fd1768df147171ed674fee1fc5ab8309ec,,,0,BIT-tensorflow-2021-37659;CVE-2021-37659;GHSA-q3g3-h9r4-prrc;PYSEC-2021-572;PYSEC-2021-770,1649.76055000728,1
tensorflow/tensorflow,tensorflow,PYSEC-2021-282,unknown,,2021-08-12T18:15:00Z,e86605c0a336c088b638da02135ea6f9f6753618,,,0,BIT-tensorflow-2021-37660;CVE-2021-37660;GHSA-cm5x-837x-jf3c;PYSEC-2021-573;PYSEC-2021-771,1649.88555000728,1
tensorflow/tensorflow,tensorflow,PYSEC-2021-283,unknown,,2021-08-12T21:15:00Z,8a84f7a2b5a2b27ecf88d25bad9ac777cd2f7992,,,0,BIT-tensorflow-2021-37661;CVE-2021-37661;GHSA-gf88-j2mg-cc82;PYSEC-2021-574;PYSEC-2021-772,1649.76055000728,1
tensorflow/tensorflow,tensorflow,PYSEC-2021-284,unknown,,2021-08-12T21:15:00Z,9c87c32c710d0b5b53dc6fd3bfde4046e1f7a5ad,,,0,BIT-tensorflow-2021-37662;CVE-2021-37662;GHSA-f5cx-5wr3-5qrc;PYSEC-2021-575;PYSEC-2021-773,1649.76055000728,1
tensorflow/tensorflow,tensorflow,PYSEC-2021-285,unknown,,2021-08-12T23:15:00Z,6da6620efad397c85493b8f8667b821403516708,,,0,BIT-tensorflow-2021-37663;CVE-2021-37663;GHSA-g25h-jr74-qp5j;PYSEC-2021-576;PYSEC-2021-774,1649.6772166739463,1
tensorflow/tensorflow,tensorflow,PYSEC-2021-286,unknown,,2021-08-12T21:15:00Z,e84c975313e8e8e38bb2ea118196369c45c51378,,,0,BIT-tensorflow-2021-37664;CVE-2021-37664;GHSA-r4c4-5fpq-56wg;PYSEC-2021-577;PYSEC-2021-775,1649.76055000728,1
tensorflow/tensorflow,tensorflow,PYSEC-2021-287,unknown,,2021-08-12T23:15:00Z,9e62869465573cb2d9b5053f1fa02a81fce21d69,,,0,BIT-tensorflow-2021-37665;CVE-2021-37665;GHSA-v82p-hv3v-p6qp;PYSEC-2021-578;PYSEC-2021-776,1649.6772166739463,1
tensorflow/tensorflow,tensorflow,PYSEC-2021-288,unknown,,2021-08-12T22:15:00Z,be7a4de6adfbd303ce08be4332554dff70362612,,,0,BIT-tensorflow-2021-37666;CVE-2021-37666;GHSA-w4xf-2pqw-5mq7;PYSEC-2021-579;PYSEC-2021-777,1649.7188833406133,1
tensorflow/tensorflow,tensorflow,PYSEC-2021-289,unknown,,2021-08-12T22:15:00Z,2e0ee46f1a47675152d3d865797a18358881d7a6,,,0,BIT-tensorflow-2021-37667;CVE-2021-37667;GHSA-w74j-v8xh-3w5h;PYSEC-2021-580;PYSEC-2021-778,1649.7188833406133,1
tensorflow/tensorflow,tensorflow,PYSEC-2021-290,unknown,,2021-08-12T23:15:00Z,a776040a5e7ebf76eeb7eb923bf1ae417dd4d233,,,0,BIT-tensorflow-2021-37668;CVE-2021-37668;GHSA-2wmv-37vq-52g5;PYSEC-2021-581;PYSEC-2021-779,1649.6772166739463,1
tensorflow/tensorflow,tensorflow,PYSEC-2021-291,unknown,,2021-08-12T23:15:00Z,3a7362750d5c372420aa8f0caf7bf5b5c3d0f52d,,,0,BIT-tensorflow-2021-37669;CVE-2021-37669;GHSA-vmjw-c2vp-p33c;PYSEC-2021-582;PYSEC-2021-780,1649.6772166739463,1
tensorflow/tensorflow,tensorflow,PYSEC-2021-292,unknown,,2021-08-12T23:15:00Z,42459e4273c2e47a3232cc16c4f4fff3b3a35c38,,,0,BIT-tensorflow-2021-37670;CVE-2021-37670;GHSA-9697-98pf-4rw7;PYSEC-2021-583;PYSEC-2021-781,1649.6772166739463,1
tensorflow/tensorflow,tensorflow,PYSEC-2021-293,unknown,,2021-08-12T22:15:00Z,532f5c5a547126c634fefd43bbad1dc6417678ac,,,0,BIT-tensorflow-2021-37671;CVE-2021-37671;GHSA-qr82-2c78-4m8h;PYSEC-2021-584;PYSEC-2021-782,1649.7188833406133,1
tensorflow/tensorflow,tensorflow,PYSEC-2021-294,unknown,,2021-08-12T23:15:00Z,a4e138660270e7599793fa438cd7b2fc2ce215a6,,,0,BIT-tensorflow-2021-37672;CVE-2021-37672;GHSA-5hj3-vjjf-f5m7;PYSEC-2021-585;PYSEC-2021-783,1649.6772166739463,1
tensorflow/tensorflow,tensorflow,PYSEC-2021-295,unknown,,2021-08-12T23:15:00Z,d7de67733925de196ec8863a33445b73f9562d1d,,,0,BIT-tensorflow-2021-37673;CVE-2021-37673;GHSA-278g-rq84-9hmg;PYSEC-2021-586;PYSEC-2021-784,1649.6772166739463,1
tensorflow/tensorflow,tensorflow,PYSEC-2021-296,unknown,,2021-08-12T23:15:00Z,136b51f10903e044308cf77117c0ed9871350475,,,0,BIT-tensorflow-2021-37674;CVE-2021-37674;GHSA-7ghq-fvr3-pj2x;PYSEC-2021-587;PYSEC-2021-785,1649.6772166739463,1
tensorflow/tensorflow,tensorflow,PYSEC-2021-297,unknown,,2021-08-12T22:15:00Z,8a793b5d7f59e37ac7f3cd0954a750a2fe76bad4,,,0,BIT-tensorflow-2021-37675;CVE-2021-37675;GHSA-9c8h-2mv3-49ww;PYSEC-2021-588;PYSEC-2021-786,1649.7188833406133,1
tensorflow/tensorflow,tensorflow,PYSEC-2021-298,unknown,,2021-08-12T22:15:00Z,578e634b4f1c1c684d4b4294f9e5281b2133b3ed,,,0,BIT-tensorflow-2021-37676;CVE-2021-37676;GHSA-v768-w7m9-2vmm;PYSEC-2021-589;PYSEC-2021-787,1649.7188833406133,1
tensorflow/tensorflow,tensorflow,PYSEC-2021-299,unknown,,2021-08-12T23:15:00Z,da857cfa0fde8f79ad0afdbc94e88b5d4bbec764,,,0,BIT-tensorflow-2021-37677;CVE-2021-37677;GHSA-qfpc-5pjr-mh26;PYSEC-2021-590;PYSEC-2021-788,1649.6772166739463,1
tensorflow/tensorflow,tensorflow,PYSEC-2021-300,unknown,,2021-08-12T23:15:00Z,23d6383eb6c14084a8fc3bdf164043b974818012,,,0,BIT-tensorflow-2021-37678;CVE-2021-37678;GHSA-r6jx-9g48-2r5r;PYSEC-2021-591;PYSEC-2021-789,1649.6772166739463,1
tensorflow/tensorflow,tensorflow,PYSEC-2021-301,unknown,,2021-08-12T23:15:00Z,4e2565483d0ffcadc719bd44893fb7f609bb5f12,,,0,BIT-tensorflow-2021-37679;CVE-2021-37679;GHSA-g8wg-cjwc-xhhp;PYSEC-2021-592;PYSEC-2021-790,1649.6772166739463,1
tensorflow/tensorflow,tensorflow,PYSEC-2021-302,unknown,,2021-08-12T22:15:00Z,718721986aa137691ee23f03638867151f74935f,,,0,BIT-tensorflow-2021-37680;CVE-2021-37680;GHSA-cfpj-3q4c-jhvr;PYSEC-2021-593;PYSEC-2021-791,1649.7188833406133,1
tensorflow/tensorflow,tensorflow,PYSEC-2021-303,unknown,,2021-08-12T22:15:00Z,5b048e87e4e55990dae6b547add4dae59f4e1c76,,,0,BIT-tensorflow-2021-37681;CVE-2021-37681;GHSA-7xwj-5r4v-429p;PYSEC-2021-594;PYSEC-2021-792,1649.7188833406133,1
tensorflow/tensorflow,tensorflow,PYSEC-2021-304,unknown,,2021-08-12T23:15:00Z,537bc7c723439b9194a358f64d871dd326c18887,,,0,BIT-tensorflow-2021-37682;CVE-2021-37682;GHSA-4c4g-crqm-xrxw;PYSEC-2021-595;PYSEC-2021-793,1649.6772166739463,1
tensorflow/tensorflow,tensorflow,PYSEC-2021-305,unknown,,2021-08-12T23:15:00Z,1e206baedf8bef0334cca3eb92bab134ef525a28,,,0,BIT-tensorflow-2021-37683;CVE-2021-37683;GHSA-rhrq-64mq-hf9h;PYSEC-2021-596;PYSEC-2021-794,1649.6772166739463,1
tensorflow/tensorflow,tensorflow,PYSEC-2021-306,unknown,,2021-08-12T23:15:00Z,2.3.4,2021-08-10 21:51:35.142457+00:00,-2.0579265919328704,1,BIT-tensorflow-2021-37684;CVE-2021-37684;GHSA-q7f7-544h-67h9;PYSEC-2021-597;PYSEC-2021-795,-2.0579265919328704,1
tensorflow/tensorflow,tensorflow,PYSEC-2021-307,unknown,,2021-08-12T23:15:00Z,d94ffe08a65400f898241c0374e9edc6fa8ed257,,,0,BIT-tensorflow-2021-37685;CVE-2021-37685;GHSA-c545-c4f9-rf6v;PYSEC-2021-598;PYSEC-2021-796,1649.6772166739463,1
tensorflow/tensorflow,tensorflow,PYSEC-2021-308,unknown,,2021-08-12T22:15:00Z,dfa22b348b70bb89d6d6ec0ff53973bacb4f4695,,,0,BIT-tensorflow-2021-37686;CVE-2021-37686;GHSA-mhhc-q96p-mfm9;PYSEC-2021-599;PYSEC-2021-797,1649.7188833406133,1
tensorflow/tensorflow,tensorflow,PYSEC-2021-309,unknown,,2021-08-12T23:15:00Z,eb921122119a6b6e470ee98b89e65d721663179d,,,0,BIT-tensorflow-2021-37687;CVE-2021-37687;GHSA-jwf9-w5xm-f437;PYSEC-2021-600;PYSEC-2021-798,1649.6772166739463,1
tensorflow/tensorflow,tensorflow,PYSEC-2021-310,unknown,,2021-08-12T22:15:00Z,15691e456c7dc9bd6be203b09765b063bf4a380c,,,0,BIT-tensorflow-2021-37688;CVE-2021-37688;GHSA-vcjj-9vg7-vf68;PYSEC-2021-601;PYSEC-2021-799,1649.7188833406133,1
tensorflow/tensorflow,tensorflow,PYSEC-2021-311,unknown,,2021-08-12T22:15:00Z,d6b57f461b39fd1aa8c1b870f1b974aac3554955,,,0,BIT-tensorflow-2021-37689;CVE-2021-37689;GHSA-wf5p-c75w-w3wh;PYSEC-2021-602;PYSEC-2021-800,1649.7188833406133,1
tensorflow/tensorflow,tensorflow,PYSEC-2021-312,unknown,,2021-08-13T00:15:00Z,ee119d4a498979525046fba1c3dd3f13a039fbb1,,,0,BIT-tensorflow-2021-37690;CVE-2021-37690;GHSA-3hxh-8cp2-g4hg;PYSEC-2021-603;PYSEC-2021-801,1649.63555000728,1
tensorflow/tensorflow,tensorflow,PYSEC-2021-313,unknown,,2021-08-12T23:15:00Z,0575b640091680cfb70f4dd93e70658de43b94f9,,,0,BIT-tensorflow-2021-37691;CVE-2021-37691;GHSA-27qf-jwm8-g7f3;PYSEC-2021-604;PYSEC-2021-802,1649.6772166739463,1
tensorflow/tensorflow,tensorflow,PYSEC-2021-314,unknown,,2021-08-12T23:15:00Z,8721ba96e5760c229217b594f6d2ba332beedf22,,,0,BIT-tensorflow-2021-37692;CVE-2021-37692;GHSA-cmgw-8vpc-rc59;PYSEC-2021-605;PYSEC-2021-803,1649.6772166739463,1
tensorflow/tensorflow,tensorflow,PYSEC-2021-389,unknown,,2021-11-05T20:15:00Z,12b1ff82b3f26ff8de17e58703231d5a02ef1b8b,,,0,BIT-tensorflow-2021-41196;CVE-2021-41196;GHSA-m539-j985-hcr8;PYSEC-2021-606;PYSEC-2021-804,1564.8022166739463,1
tensorflow/tensorflow,tensorflow,PYSEC-2021-390,unknown,,2021-11-05T20:15:00Z,a871989d7b6c18cdebf2fb4f0e5c5b62fbc19edf,,,0,BIT-tensorflow-2021-41197;CVE-2021-41197;GHSA-prcg-wp5q-rv7p;PYSEC-2021-607;PYSEC-2021-805,1564.8022166739463,1
tensorflow/tensorflow,tensorflow,PYSEC-2021-391,unknown,,2021-11-05T20:15:00Z,9294094df6fea79271778eb7e7ae1bad8b5ef98f,,,0,BIT-tensorflow-2021-41198;CVE-2021-41198;GHSA-2p25-55c9-h58q;PYSEC-2021-608;PYSEC-2021-806,1564.8022166739463,1
tensorflow/tensorflow,tensorflow,PYSEC-2021-392,unknown,,2021-11-05T20:15:00Z,e5272d4204ff5b46136a1ef1204fc00597e21837,,,0,BIT-tensorflow-2021-41199;CVE-2021-41199;GHSA-5hx2-qx8j-qjqm;PYSEC-2021-609;PYSEC-2021-807,1564.8022166739463,1
tensorflow/tensorflow,tensorflow,PYSEC-2021-393,unknown,,2021-11-05T20:15:00Z,874bda09e6702cd50bac90b453b50bcc65b2769e,,,0,BIT-tensorflow-2021-41200;CVE-2021-41200;GHSA-gh8h-7j2j-qv4f;PYSEC-2021-610;PYSEC-2021-808,1564.8022166739463,1
tensorflow/tensorflow,tensorflow,PYSEC-2021-394,unknown,,2021-11-05T20:15:00Z,f09caa532b6e1ac8d2aa61b7832c78c5b79300c6,,,0,BIT-tensorflow-2021-41201;CVE-2021-41201;GHSA-j86v-p27c-73fm;PYSEC-2021-611;PYSEC-2021-809,1564.8022166739463,1
tensorflow/tensorflow,tensorflow,PYSEC-2021-395,unknown,,2021-11-05T22:15:00Z,1b0e0ec27e7895b9985076eab32445026ae5ca94,,,0,BIT-tensorflow-2021-41202;CVE-2021-41202;GHSA-xrqm-fpgr-6hhx;PYSEC-2021-612;PYSEC-2021-810,1564.7188833406133,1
tensorflow/tensorflow,tensorflow,PYSEC-2021-396,unknown,,2021-11-05T21:15:00Z,368af875869a204b4ac552b9ddda59f6a46a56ec,,,0,BIT-tensorflow-2021-41203;CVE-2021-41203;GHSA-7pxj-m4jf-r6h2;PYSEC-2021-613;PYSEC-2021-811,1564.76055000728,1
tensorflow/tensorflow,tensorflow,PYSEC-2021-397,unknown,,2021-11-05T21:15:00Z,7731e8dfbe4a56773be5dc94d631611211156659,,,0,BIT-tensorflow-2021-41204;CVE-2021-41204;GHSA-786j-5qwq-r36x;PYSEC-2021-614;PYSEC-2021-812,1564.76055000728,1
tensorflow/tensorflow,tensorflow,PYSEC-2021-398,unknown,,2021-11-05T21:15:00Z,7cf73a2274732c9d82af51c2bc2cf90d13cd7e6d,,,0,BIT-tensorflow-2021-41205;CVE-2021-41205;GHSA-49rx-x2rw-pc6f;PYSEC-2021-615;PYSEC-2021-813,1564.76055000728,1
tensorflow/tensorflow,tensorflow,PYSEC-2021-399,unknown,,2021-11-05T22:15:00Z,f2c3931113eaafe9ef558faaddd48e00a6606235,,,0,BIT-tensorflow-2021-41207;CVE-2021-41207;GHSA-7v94-64hj-m82h;PYSEC-2021-616;PYSEC-2021-814,1564.7188833406133,1
tensorflow/tensorflow,tensorflow,PYSEC-2021-400,unknown,,2021-11-05T22:15:00Z,5c8c9a8bfe750f9743d0c859bae112060b216f5c,,,0,BIT-tensorflow-2021-41208;CVE-2021-41208;GHSA-57wx-m983-2f88;PYSEC-2021-617;PYSEC-2021-815,1564.7188833406133,1
tensorflow/tensorflow,tensorflow,PYSEC-2021-401,unknown,,2021-11-05T22:15:00Z,f2c3931113eaafe9ef558faaddd48e00a6606235,,,0,BIT-tensorflow-2021-41209;CVE-2021-41209;GHSA-6hpv-v2rx-c5g6;PYSEC-2021-618;PYSEC-2021-816,1564.7188833406133,1
tensorflow/tensorflow,tensorflow,PYSEC-2021-402,unknown,,2021-11-05T20:15:00Z,701cfaca222a82afbeeb17496bd718baa65a67d2,,,0,BIT-tensorflow-2021-41210;CVE-2021-41210;GHSA-m342-ff57-4jcc;PYSEC-2021-619;PYSEC-2021-817,1564.8022166739463,1
tensorflow/tensorflow,tensorflow,PYSEC-2021-403,unknown,,2021-11-05T21:15:00Z,a0d64445116c43cf46a5666bd4eee28e7a82f244,,,0,BIT-tensorflow-2021-41211;CVE-2021-41211;GHSA-cvgx-3v3q-m36c;PYSEC-2021-620;PYSEC-2021-818,1564.76055000728,1
tensorflow/tensorflow,tensorflow,PYSEC-2021-404,unknown,,2021-11-05T21:15:00Z,fa6b7782fbb14aa08d767bc799c531f5e1fb3bb8,,,0,BIT-tensorflow-2021-41212;CVE-2021-41212;GHSA-fr77-rrx3-cp7g;PYSEC-2021-621;PYSEC-2021-819,1564.76055000728,1
tensorflow/tensorflow,tensorflow,PYSEC-2021-405,unknown,,2021-11-05T23:15:00Z,afac8158d43691661ad083f6dd9e56f327c1dcb7,,,0,BIT-tensorflow-2021-41213;CVE-2021-41213;GHSA-h67m-xg8f-fxcf;PYSEC-2021-622;PYSEC-2021-820,1564.6772166739463,1
tensorflow/tensorflow,tensorflow,PYSEC-2021-406,unknown,,2021-11-05T21:15:00Z,fa6b7782fbb14aa08d767bc799c531f5e1fb3bb8,,,0,BIT-tensorflow-2021-41214;CVE-2021-41214;GHSA-vwhq-49r4-gj9v;PYSEC-2021-623;PYSEC-2021-821,1564.76055000728,1
tensorflow/tensorflow,tensorflow,PYSEC-2021-407,unknown,,2021-11-05T21:15:00Z,d3738dd70f1c9ceb547258cbb82d853da8771850,,,0,BIT-tensorflow-2021-41215;CVE-2021-41215;GHSA-x3v8-c8qx-3j3r;PYSEC-2021-624;PYSEC-2021-822,1564.76055000728,1
tensorflow/tensorflow,tensorflow,PYSEC-2021-408,unknown,,2021-11-05T23:15:00Z,c79ba87153ee343401dbe9d1954d7f79e521eb14,,,0,BIT-tensorflow-2021-41216;CVE-2021-41216;GHSA-3ff2-r28g-w7h9;PYSEC-2021-625;PYSEC-2021-823,1564.6772166739463,1
tensorflow/tensorflow,tensorflow,PYSEC-2021-409,unknown,,2021-11-05T21:15:00Z,05cbebd3c6bb8f517a158b0155debb8df79017ff,,,0,BIT-tensorflow-2021-41217;CVE-2021-41217;GHSA-5crj-c72x-m7gq;PYSEC-2021-626;PYSEC-2021-824,1564.76055000728,1
tensorflow/tensorflow,tensorflow,PYSEC-2021-410,unknown,,2021-11-05T22:15:00Z,a8ad3e5e79c75f36edb81e0ba3f3c0c5442aeddc,,,0,BIT-tensorflow-2021-41218;CVE-2021-41218;GHSA-9crf-c6qr-r273;PYSEC-2021-627;PYSEC-2021-825,1564.7188833406133,1
tensorflow/tensorflow,tensorflow,PYSEC-2021-411,unknown,,2021-11-05T21:15:00Z,e6cf28c72ba2eb949ca950d834dd6d66bb01cfae,,,0,BIT-tensorflow-2021-41219;CVE-2021-41219;GHSA-4f99-p9c2-3j8x;PYSEC-2021-628;PYSEC-2021-826,1564.76055000728,1
tensorflow/tensorflow,tensorflow,PYSEC-2021-412,unknown,,2021-11-05T23:15:00Z,ca38dab9d3ee66c5de06f11af9a4b1200da5ef75,,,0,BIT-tensorflow-2021-41220;CVE-2021-41220;GHSA-gpfh-jvf9-7wg5;PYSEC-2021-629;PYSEC-2021-827,1564.6772166739463,1
tensorflow/tensorflow,tensorflow,PYSEC-2021-413,unknown,,2021-11-05T23:15:00Z,af5fcebb37c8b5d71c237f4e59c6477015c78ce6,,,0,BIT-tensorflow-2021-41221;CVE-2021-41221;GHSA-cqv6-3phm-hcwx;PYSEC-2021-630;PYSEC-2021-828,1564.6772166739463,1
tensorflow/tensorflow,tensorflow,PYSEC-2021-414,unknown,,2021-11-05T23:15:00Z,25d622ffc432acc736b14ca3904177579e733cc6,,,0,BIT-tensorflow-2021-41222;CVE-2021-41222;GHSA-cpf4-wx82-gxp6;PYSEC-2021-631;PYSEC-2021-829,1564.6772166739463,1
tensorflow/tensorflow,tensorflow,PYSEC-2021-415,unknown,,2021-11-05T21:15:00Z,aab9998916c2ffbd8f0592059fad352622f89cda,,,0,BIT-tensorflow-2021-41223;CVE-2021-41223;GHSA-f54p-f6jp-4rhr;PYSEC-2021-632;PYSEC-2021-830,1564.76055000728,1
tensorflow/tensorflow,tensorflow,PYSEC-2021-416,unknown,,2021-11-05T21:15:00Z,67bfd9feeecfb3c61d80f0e46d89c170fbee682b,,,0,BIT-tensorflow-2021-41224;CVE-2021-41224;GHSA-rg3m-hqc5-344v;PYSEC-2021-633;PYSEC-2021-831,1564.76055000728,1
tensorflow/tensorflow,tensorflow,PYSEC-2021-417,unknown,,2021-11-05T23:15:00Z,68867bf01239d9e1048f98cbad185bf4761bedd3,,,0,BIT-tensorflow-2021-41225;CVE-2021-41225;GHSA-7r94-xv9v-63jw;PYSEC-2021-634;PYSEC-2021-832,1564.6772166739463,1
tensorflow/tensorflow,tensorflow,PYSEC-2021-418,unknown,,2021-11-05T21:15:00Z,f410212e373eb2aec4c9e60bf3702eba99a38aba,,,0,BIT-tensorflow-2021-41226;CVE-2021-41226;GHSA-374m-jm66-3vj8;PYSEC-2021-635;PYSEC-2021-833,1564.76055000728,1
tensorflow/tensorflow,tensorflow,PYSEC-2021-419,unknown,,2021-11-05T23:15:00Z,3712a2d3455e6ccb924daa5724a3652a86f6b585,,,0,BIT-tensorflow-2021-41227;CVE-2021-41227;GHSA-j8c8-67vp-6mx7;PYSEC-2021-636;PYSEC-2021-834,1564.6772166739463,1
tensorflow/tensorflow,tensorflow,PYSEC-2021-420,unknown,,2021-11-05T23:15:00Z,8b202f08d52e8206af2bdb2112a62fafbc546ec7,,,0,BIT-tensorflow-2021-41228;CVE-2021-41228;GHSA-3rcw-9p9x-582v;PYSEC-2021-637;PYSEC-2021-835,1564.6772166739463,1
tensorflow/tensorflow,tensorflow,PYSEC-2021-842,unknown,,2021-11-05T20:15:00Z,e9c81c1e1a9cd8dd31f4e83676cab61b60658429,,,0,BIT-tensorflow-2021-41195;CVE-2021-41195;GHSA-cq76-mxrc-vchh;PYSEC-2021-844;PYSEC-2021-846,1564.8022166739463,1
tensorflow/tensorflow,tensorflow,PYSEC-2021-843,unknown,,2021-11-05T22:15:00Z,68422b215e618df5ad375bcdc6d2052e9fd3080a,,,0,BIT-tensorflow-2021-41206;CVE-2021-41206;GHSA-pgcq-h79j-2f69;PYSEC-2021-845;PYSEC-2021-847,1564.7188833406133,1
Lightning-AI/pytorch-lightning,pytorch-lightning,GHSA-2vj5-px25-gjrp,high,CVSS:3.1/AV:L/AC:L/PR:N/UI:R/S:U/C:H/I:H/A:H,2022-01-06T23:58:59Z,1.6.0,2022-03-29 19:46:24.191539+00:00,81.82459712429397,1,CVE-2021-4118;PYSEC-2021-874,81.82459712429397,0
Lightning-AI/pytorch-lightning,pytorch-lightning,GHSA-4cv3-v7pv-rfhf,critical,CVSS:3.0/AV:N/AC:L/PR:N/UI:N/S:U/C:N/I:H/A:H,2025-03-20T12:32:46Z,2.4.0,2024-08-07 09:46:38.943315+00:00,-225.1153594523727,1,CVE-2024-8019,-225.1153594523727,0
Lightning-AI/pytorch-lightning,pytorch-lightning,GHSA-98fp-7v67-4v3q,critical,CVSS:3.0/AV:N/AC:L/PR:N/UI:N/S:U/C:N/I:N/A:H,2025-03-20T12:32:47Z,,,,0,CVE-2024-8020,334.12320047024303,0
Lightning-AI/pytorch-lightning,pytorch-lightning,GHSA-r5qj-cvf9-p85h,critical,CVSS:3.1/AV:N/AC:L/PR:N/UI:N/S:U/C:H/I:H/A:H,2022-03-06T00:00:16Z,1.6.0,2022-03-29 19:46:24.191539+00:00,23.82370592059028,1,CVE-2022-0845;PYSEC-2022-181,23.82370592059028,0
Lightning-AI/pytorch-lightning,pytorch-lightning,PYSEC-2021-874,unknown,,2021-12-23T18:15:00Z,62f1e82e032eb16565e676d39e0db0cac7e34ace,,,0,CVE-2021-4118;GHSA-2vj5-px25-gjrp,1516.88555000728,1
Lightning-AI/pytorch-lightning,pytorch-lightning,PYSEC-2022-181,unknown,,2022-03-05T22:15:00Z,8b7a12c52e52a06408e9231647839ddb4665e8ae,,,0,CVE-2022-0845;GHSA-r5qj-cvf9-p85h,1444.7188833406133,1
huggingface/transformers,transformers,GHSA-282v-666c-3fvg,medium,CVSS:3.1/AV:L/AC:H/PR:L/UI:N/S:U/C:N/I:N/A:H,2023-05-18T18:30:35Z,4.30.0,2023-06-08 15:20:11.138815+00:00,20.86777938443287,1,CVE-2023-2800;PYSEC-2023-299,20.86777938443287,0
huggingface/transformers,transformers,GHSA-37mw-44qp-f5jm,high,CVSS:3.1/AV:N/AC:L/PR:N/UI:N/S:U/C:N/I:N/A:L,2025-07-11T12:30:32Z,4.52.1,2025-05-20 20:48:57.796155+00:00,-51.65386810005787,1,CVE-2025-3933,-51.65386810005787,0
huggingface/transformers,transformers,GHSA-37q5-v5qm-c9v8,high,CVSS:3.0/AV:N/AC:H/PR:N/UI:R/S:C/C:N/I:N/A:L,2024-04-10T18:30:48Z,4.38.0,2024-02-21 13:39:58.756661+00:00,-49.20195883494213,1,CVE-2024-3568,-49.20195883494213,0
huggingface/transformers,transformers,GHSA-3863-2447-669p,critical,CVSS:3.0/AV:N/AC:L/PR:L/UI:R/S:C/C:H/I:H/A:H,2023-12-19T15:30:30Z,4.36.0,2023-12-11 12:11:08.318264+00:00,-8.138445390462962,1,CVE-2023-6730;PYSEC-2023-300,-8.138445390462962,0
huggingface/transformers,transformers,GHSA-489j-g2vx-39wf,high,CVSS:3.1/AV:N/AC:L/PR:N/UI:N/S:U/C:N/I:N/A:L,2025-07-07T12:30:22Z,4.51.0,2025-04-05 20:08:47.475628+00:00,-92.68164958763889,1,CVE-2025-3262,-92.68164958763889,0
huggingface/transformers,transformers,GHSA-4w7r-h757-3r74,high,CVSS:3.0/AV:N/AC:L/PR:N/UI:N/S:U/C:N/I:N/A:L,2025-09-23T15:31:09Z,4.53.0,2025-06-26 16:10:51.505253+00:00,-88.97242470771991,1,CVE-2025-6921,-88.97242470771991,0
huggingface/transformers,transformers,GHSA-59p9-h35m-wg4g,high,CVSS:3.0/AV:N/AC:L/PR:N/UI:N/S:U/C:N/I:N/A:L,2025-09-12T12:30:23Z,4.53.0,2025-06-26 16:10:51.505253+00:00,-77.8468923003125,1,CVE-2025-6638,-77.8468923003125,0
huggingface/transformers,transformers,GHSA-6rvg-6v2m-4j46,high,CVSS:3.0/AV:N/AC:L/PR:N/UI:N/S:U/C:N/I:N/A:L,2025-03-20T12:32:43Z,4.48.0,2025-01-10 12:14:03.939802+00:00,-69.012952085625,1,CVE-2024-12720,-69.012952085625,0
huggingface/transformers,transformers,GHSA-9356-575x-2w9m,high,CVSS:3.0/AV:N/AC:L/PR:N/UI:N/S:U/C:N/I:N/A:L,2025-08-06T12:31:20Z,4.53.0,2025-06-26 16:10:51.505253+00:00,-40.84755202253472,1,CVE-2025-5197,-40.84755202253472,0
huggingface/transformers,transformers,GHSA-fpwr-67px-3qhx,high,CVSS:3.1/AV:N/AC:L/PR:N/UI:R/S:U/C:N/I:N/A:L,2025-04-29T12:30:21Z,4.50.0,2025-03-21 13:40:18.450896+00:00,-38.951418392407405,1,CVE-2025-1194,-38.951418392407405,0
huggingface/transformers,transformers,GHSA-hxxf-235m-72v3,critical,CVSS:3.0/AV:N/AC:L/PR:N/UI:R/S:U/C:H/I:H/A:H,2024-11-23T03:31:58Z,4.48.0,2025-01-10 12:14:03.939802+00:00,48.36256874770833,1,CVE-2024-11394;PYSEC-2024-229,48.36256874770833,0
huggingface/transformers,transformers,GHSA-jjph-296x-mrcr,high,CVSS:3.0/AV:N/AC:L/PR:N/UI:N/S:U/C:N/I:N/A:L,2025-07-07T12:30:22Z,4.51.0,2025-04-05 20:08:47.475628+00:00,-92.68164958763889,1,CVE-2025-3264,-92.68164958763889,0
huggingface/transformers,transformers,GHSA-phhr-52qp-3mj4,medium,CVSS:3.0/AV:N/AC:L/PR:L/UI:R/S:U/C:L/I:N/A:N,2025-07-07T12:30:22Z,4.52.1,2025-05-20 20:48:57.796155+00:00,-47.65375235931713,1,CVE-2025-3777,-47.65375235931713,0
huggingface/transformers,transformers,GHSA-q2wp-rjmx-x6x9,high,CVSS:3.0/AV:N/AC:L/PR:N/UI:N/S:U/C:N/I:N/A:L,2025-07-07T12:30:22Z,4.51.0,2025-04-05 20:08:47.475628+00:00,-92.68164958763889,1,CVE-2025-3263,-92.68164958763889,0
huggingface/transformers,transformers,GHSA-qq3j-4f4f-9583,high,CVSS:3.0/AV:N/AC:L/PR:N/UI:N/S:U/C:N/I:N/A:L,2025-05-19T12:30:33Z,4.50.0,2025-03-21 13:40:18.450896+00:00,-58.9515572812963,1,CVE-2025-2099;PYSEC-2025-40,-58.9515572812963,0
huggingface/transformers,transformers,GHSA-qxrp-vhvm-j765,critical,CVSS:3.0/AV:N/AC:H/PR:N/UI:R/S:U/C:H/I:H/A:H,2024-11-23T03:31:58Z,4.48.0,2025-01-10 12:14:03.939802+00:00,48.36256874770833,1,CVE-2024-11392;PYSEC-2024-227,48.36256874770833,0
huggingface/transformers,transformers,GHSA-rcv9-qm8p-9p6j,high,CVSS:3.0/AV:N/AC:L/PR:N/UI:N/S:U/C:N/I:N/A:L,2025-09-14T18:30:26Z,4.53.0,2025-06-26 16:10:51.505253+00:00,-80.09692702253471,1,CVE-2025-6051,-80.09692702253471,0
huggingface/transformers,transformers,GHSA-v68g-wm8c-6x7j,high,CVSS:3.1/AV:L/AC:L/PR:N/UI:R/S:U/C:H/I:H/A:H,2023-12-20T18:30:32Z,4.36.0,2023-12-11 12:11:08.318264+00:00,-9.26346853861111,1,CVE-2023-7018;PYSEC-2023-301,-9.26346853861111,0
huggingface/transformers,transformers,GHSA-wrfc-pvp9-mr9g,critical,CVSS:3.0/AV:N/AC:L/PR:N/UI:R/S:U/C:H/I:H/A:H,2024-11-23T03:31:58Z,4.48.0,2025-01-10 12:14:03.939802+00:00,48.36256874770833,1,CVE-2024-11393;PYSEC-2024-228,48.36256874770833,0
huggingface/transformers,transformers,PYSEC-2023-299,medium,CVSS:3.1/AV:L/AC:H/PR:L/UI:N/S:U/C:N/I:N/A:H,2023-05-18T17:15:00Z,80ca92470938bbcc348e2d9cf4734c7c25cb1c43,,,0,CVE-2023-2800;GHSA-282v-666c-3fvg,1005.9272166739466,0
huggingface/transformers,transformers,PYSEC-2023-300,critical,CVSS:3.1/AV:N/AC:L/PR:L/UI:N/S:U/C:H/I:H/A:H,2023-12-19T13:15:00Z,1d63b0ec361e7a38f1339385e8a5a855085532ce,,,0,CVE-2023-6730;GHSA-3863-2447-669p,791.0938833406135,0
huggingface/transformers,transformers,PYSEC-2023-301,high,CVSS:3.1/AV:L/AC:L/PR:N/UI:R/S:U/C:H/I:H/A:H,2023-12-20T17:15:00Z,1d63b0ec361e7a38f1339385e8a5a855085532ce,,,0,CVE-2023-7018;GHSA-v68g-wm8c-6x7j,789.9272166739468,0
huggingface/transformers,transformers,PYSEC-2024-227,critical,CVSS:3.1/AV:N/AC:L/PR:N/UI:R/S:U/C:H/I:H/A:H,2024-11-22T22:15:06Z,4.48.0,2025-01-10 12:14:03.939802+00:00,48.58261504400463,1,CVE-2024-11392;GHSA-qxrp-vhvm-j765,48.58261504400463,0
huggingface/transformers,transformers,PYSEC-2024-228,critical,CVSS:3.1/AV:N/AC:L/PR:N/UI:R/S:U/C:H/I:H/A:H,2024-11-22T22:15:07Z,4.48.0,2025-01-10 12:14:03.939802+00:00,48.58260346993056,1,CVE-2024-11393;GHSA-wrfc-pvp9-mr9g,48.58260346993056,0
huggingface/transformers,transformers,PYSEC-2024-229,critical,CVSS:3.1/AV:N/AC:L/PR:N/UI:R/S:U/C:H/I:H/A:H,2024-11-22T22:15:07Z,4.48.0,2025-01-10 12:14:03.939802+00:00,48.58260346993056,1,CVE-2024-11394;GHSA-hxxf-235m-72v3,48.58260346993056,0
huggingface/transformers,transformers,PYSEC-2025-40,critical,CVSS:3.1/AV:N/AC:L/PR:N/UI:N/S:U/C:N/I:N/A:H,2025-05-19T12:15:19Z,8cb522b4190bd556ce51be04942720650b1a3e57,,,0,CVE-2025-2099;GHSA-qq3j-4f4f-9583,274.1353300998727,0
keras-team/keras,keras,GHSA-36fq-jgmw-4r9c,high,CVSS:3.1/AV:L/AC:L/PR:L/UI:R/S:U/C:H/I:H/A:H,2025-09-19T09:31:14Z,3.11.0,2025-07-30 00:00:01.105933+00:00,-51.39667701466435,1,CVE-2025-9906,-51.39667701466435,0
keras-team/keras,keras,GHSA-36rr-ww3j-vrjv,critical,CVSS:4.0/AV:L/AC:L/AT:P/PR:N/UI:A/VC:H/VI:H/VA:H/SC:H/SI:H/SA:H,2025-09-19T20:12:05Z,3.11.3,2025-08-21 22:08:55.858996+00:00,-28.918855798657408,1,CVE-2025-9905,-28.918855798657408,0
keras-team/keras,keras,GHSA-48g7-3x6r-xfhp,critical,CVSS:4.0/AV:L/AC:L/AT:P/PR:L/UI:A/VC:H/VI:H/VA:H/SC:H/SI:H/SA:H,2025-03-11T20:07:32Z,3.9.0,2025-03-04 23:22:11.172872+00:00,-6.864824388055555,1,CVE-2025-1550,-6.864824388055555,0
keras-team/keras,keras,GHSA-c9rc-mg46-23w3,critical,CVSS:3.1/AV:N/AC:L/PR:N/UI:R/S:U/C:H/I:H/A:H,2025-08-12T19:33:07Z,3.11.0,2025-07-30 00:00:01.105933+00:00,-13.814651551701388,1,CVE-2025-8747,-13.814651551701388,0
keras-team/keras,keras,GHSA-cjgq-5qmw-rcj6,critical,CVSS:4.0/AV:N/AC:L/AT:N/PR:N/UI:A/VC:N/VI:H/VA:N/SC:N/SI:N/SA:N/E:P,2025-01-08T18:30:48Z,,,,0,CVE-2024-55459,404.8745777850579,0
keras-team/keras,keras,GHSA-cvhh-q5g5-qprp,critical,CVSS:3.1/AV:N/AC:L/PR:N/UI:N/S:U/C:H/I:H/A:H,2025-10-17T18:31:07Z,3.11.3,2025-08-21 22:08:55.858996+00:00,-56.848740057916665,1,CVE-2025-49655,-56.848740057916665,0
keras-team/keras,keras,GHSA-gfmx-qqqh-f38q,critical,CVSS:4.0/AV:N/AC:L/AT:N/PR:N/UI:P/VC:H/VI:L/VA:N/SC:N/SI:N/SA:N,2026-02-12T00:31:03Z,,,,0,CVE-2026-1669,5.624404173946759,0
keras-team/keras,keras,GHSA-hjqc-jx6g-rwp9,critical,CVSS:3.1/AV:N/AC:L/PR:N/UI:N/S:U/C:H/I:H/A:H,2025-12-02T00:58:33Z,3.12.0,2025-10-27 20:23:09.571514+00:00,-35.19124338525463,1,CVE-2025-12060,-35.19124338525463,0
keras-team/keras,keras,GHSA-mq84-hjqx-cwf2,high,CVSS:4.0/AV:A/AC:H/AT:P/PR:L/UI:P/VC:H/VI:L/VA:L/SC:H/SI:L/SA:L/E:X/CR:X/IR:X/AR:X/MAV:X/MAC:X/MAT:X/MPR:X/MUI:X/MVC:X/MVI:X/MVA:X/MSC:X/MSI:X/MSA:X/S:X/AU:X/R:X/V:X/RE:X/U:X,2025-10-29T09:30:22Z,3.12.0,2025-10-27 20:23:09.571514+00:00,-1.5466716259953703,1,CVE-2025-12058,-1.5466716259953703,0
keras-team/keras,keras,GHSA-x4wf-678h-2pmq,critical,CVSS:3.1/AV:N/AC:L/PR:N/UI:N/S:U/C:H/I:H/A:H,2024-04-16T21:31:28Z,2.13.1rc0,2023-05-02 18:17:19.182503+00:00,-350.1348242765857,1,CVE-2024-3660,-350.1348242765857,0
keras-team/keras,keras,GHSA-xfhx-r7ww-5995,critical,CVSS:4.0/AV:N/AC:L/AT:N/PR:N/UI:P/VC:N/VI:N/VA:H/SC:N/SI:N/SA:N,2026-01-15T15:31:19Z,3.13.1,2026-01-14 18:58:24.769633+00:00,-0.8561832218402777,1,CVE-2026-0897,-0.8561832218402777,0
dask/dask,dask,PYSEC-2021-387,unknown,,2021-10-26T11:15:00Z,2021.10.0,2021-10-22 20:31:57.688683+00:00,-3.6132211957986113,1,CVE-2021-42343;GHSA-hwqr-f3v9-hwxr;GHSA-j8fq-86c5-5v2r;PYSEC-2021-871;PYSEC-2021-872,-3.6132211957986113,1
jupyter/notebook,notebook,GHSA-3p4q-x8f3-p7vq,high,CVSS:3.0/AV:N/AC:L/PR:N/UI:R/S:C/C:L/I:L/A:N,2018-11-21T22:19:22Z,5.7.2,2018-11-18 13:45:58.906252+00:00,-3.35651728875,1,CVE-2018-19352;PYSEC-2018-18,-3.35651728875,0
jupyter/notebook,notebook,GHSA-44cc-43rp-5947,high,CVSS:3.1/AV:N/AC:L/PR:N/UI:R/S:U/C:H/I:L/A:L,2024-01-19T20:28:10Z,7.0.7,2024-01-19 16:49:56.660886+00:00,-0.1515432767824074,1,BIT-jupyter-base-notebook-2024-22421;BIT-jupyter-notebook-2024-22421;BIT-jupyterlab-2024-22421;CVE-2024-22421,-0.1515432767824074,0
jupyter/notebook,notebook,GHSA-4952-p58q-6crx,critical,CVSS:3.1/AV:N/AC:L/PR:N/UI:R/S:C/C:H/I:N/A:N,2021-08-23T19:40:22Z,5.7.11,2021-08-06 01:26:09.933545+00:00,-17.759861880266204,1,BIT-jupyterlab-2021-32797;CVE-2021-32797;PYSEC-2021-130,-17.759861880266204,0
jupyter/notebook,notebook,GHSA-49qr-xh3w-h436,high,CVSS:3.0/AV:N/AC:L/PR:N/UI:R/S:C/C:L/I:L/A:N,2018-11-21T22:15:47Z,5.7.1,2018-11-16 18:44:26.648974+00:00,-5.146763322060185,1,CVE-2018-19351;PYSEC-2018-17,-5.146763322060185,0
jupyter/notebook,notebook,GHSA-4m77-cmpx-vjc4,high,CVSS:3.1/AV:N/AC:L/PR:N/UI:R/S:U/C:H/I:N/A:N,2024-01-19T20:24:09Z,7.0.7,2024-01-19 16:49:56.660886+00:00,-0.1487539249305555,1,BIT-jupyter-base-notebook-2024-22420;BIT-jupyter-notebook-2024-22420;BIT-jupyterlab-2024-22420;CVE-2024-22420,-0.1487539249305555,0
jupyter/notebook,notebook,GHSA-4vwq-x64q-j4cj,high,CVSS:3.1/AV:N/AC:L/PR:N/UI:R/S:C/C:L/I:L/A:N,2022-05-14T02:04:49Z,4.0.5,2015-09-22 07:59:45.686884+00:00,-2425.7535105684724,1,CVE-2015-6938;PYSEC-2015-24;PYSEC-2015-26,-2425.7535105684724,0
jupyter/notebook,notebook,GHSA-6cwv-x26c-w2q4,high,CVSS:3.0/AV:L/AC:L/PR:N/UI:R/S:U/C:H/I:H/A:H,2018-07-12T12:00:00Z,5.4.1,2018-03-18 08:30:07.114864+00:00,-116.14575098537038,1,CVE-2018-8768;PYSEC-2018-57,-116.14575098537038,0
jupyter/notebook,notebook,GHSA-92mr-v722-f48m,critical,CVSS:3.1/AV:N/AC:L/PR:N/UI:N/S:U/C:H/I:H/A:H,2022-05-17T03:25:49Z,4.0.5,2015-09-22 07:59:45.686884+00:00,-2428.8097605684725,1,CVE-2015-7337;PYSEC-2015-25;PYSEC-2015-27,-2428.8097605684725,0
jupyter/notebook,notebook,GHSA-9q39-rmj3-p4r2,high,CVSS:3.1/AV:N/AC:L/PR:N/UI:R/S:U/C:H/I:L/A:L,2024-08-29T17:55:53Z,7.2.2,2024-08-27 15:44:28.972102+00:00,-2.091250322893518,1,BIT-jupyter-base-notebook-2024-43805;BIT-jupyter-notebook-2024-43805;BIT-jupyterlab-2024-43805;CVE-2024-43805,-2.091250322893518,0
jupyter/notebook,notebook,GHSA-c7vm-f5p4-8fqh,high,CVSS:3.1/AV:N/AC:H/PR:L/UI:R/S:C/C:N/I:L/A:L,2020-11-18T21:06:36Z,6.1.5,2020-11-06 12:57:29.251319+00:00,-12.33966144306713,1,BIT-jupyter-base-notebook-2020-26215;BIT-jupyter-notebook-2020-26215;CVE-2020-26215;PYSEC-2020-215,-12.33966144306713,0
jupyter/notebook,notebook,GHSA-hhx8-cr55-qcxx,high,CVSS:3.0/AV:N/AC:L/PR:N/UI:R/S:U/C:L/I:L/A:N,2022-05-14T01:10:43Z,5.7.6,2019-03-09 20:45:37.410795+00:00,-1161.1840924676503,1,CVE-2019-9644;PYSEC-2019-159,-1161.1840924676503,0
jupyter/notebook,notebook,GHSA-hwvq-6gjx-j797,critical,CVSS:3.1/AV:N/AC:L/PR:N/UI:N/S:C/C:H/I:H/A:N,2021-08-23T19:40:38Z,5.7.11,2021-08-06 01:26:09.933545+00:00,-17.76004706545139,1,BIT-jupyter-base-notebook-2021-32798;BIT-jupyter-notebook-2021-32798;CVE-2021-32798;PYSEC-2021-118,-17.76004706545139,0
jupyter/notebook,notebook,GHSA-jqwc-jm56-wcwj,high,CVSS:3.1/AV:N/AC:L/PR:N/UI:N/S:U/C:N/I:L/A:N,2019-11-08T17:07:42Z,5.5.0rc1,2018-05-01 19:49:11.745849+00:00,-555.8878501637847,1,CVE-2018-21030;PYSEC-2019-157,-555.8878501637847,0
jupyter/notebook,notebook,GHSA-m87f-39q9-6f55,critical,CVSS:3.1/AV:N/AC:L/PR:N/UI:N/S:U/C:H/I:N/A:N,2022-04-05T17:47:26Z,6.4.10,2022-03-15 15:56:07.695436+00:00,-21.077295191712963,1,BIT-jupyter-base-notebook-2022-24758;BIT-jupyter-notebook-2022-24758;CVE-2022-24758;PYSEC-2022-180,-21.077295191712963,0
jupyter/notebook,notebook,GHSA-rcx2-m7jp-p9wj,high,CVSS:3.0/AV:N/AC:L/PR:N/UI:R/S:C/C:L/I:L/A:N,2019-04-09T19:47:27Z,5.7.8,2019-04-01 10:26:26.837190+00:00,-8.389585217708333,1,CVE-2019-10856;PYSEC-2019-158,-8.389585217708333,0
jupyter/notebook,notebook,GHSA-rv62-4pmj-xw6h,high,CVSS:3.0/AV:N/AC:L/PR:N/UI:R/S:C/C:L/I:L/A:N,2019-04-02T15:46:54Z,5.7.8,2019-04-01 10:26:26.837190+00:00,-1.222536606597222,1,CVE-2019-10255,-1.222536606597222,0
jupyter/notebook,notebook,GHSA-v7vq-3x77-87vg,high,CVSS:3.1/AV:N/AC:L/PR:L/UI:N/S:U/C:L/I:N/A:N,2022-06-16T23:10:10Z,6.4.12,2022-06-07 16:42:05.258867+00:00,-9.26949931866898,1,BIT-jupyter-base-notebook-2022-29238;BIT-jupyter-notebook-2022-29238;CVE-2022-29238;PYSEC-2022-212,-9.26949931866898,0
jupyter/notebook,notebook,PYSEC-2015-26,unknown,,2015-09-21T19:59:00Z,35f32dd2da804d108a3a3585b69ec3295b2677ed,,,0,CVE-2015-6938;GHSA-4vwq-x64q-j4cj;PYSEC-2015-24,3801.813327785058,1
jupyter/notebook,notebook,PYSEC-2015-27,unknown,,2015-09-29T19:59:00Z,9e63dd89b603dfbe3a7e774d8a962ee0fa30c0b5,,,0,CVE-2015-7337;GHSA-92mr-v722-f48m;PYSEC-2015-25,3793.813327785058,1
jupyter/notebook,notebook,PYSEC-2018-17,unknown,,2018-11-18T17:29:00Z,107a89fce5f413fb5728c1c5d2c7788e1fb17491,,,0,CVE-2018-19351;GHSA-49qr-xh3w-h436,2647.9174944517245,1
jupyter/notebook,notebook,PYSEC-2018-18,unknown,,2018-11-18T17:29:00Z,288b73e1edbf527740e273fcc69b889460871648,,,0,CVE-2018-19352;GHSA-3p4q-x8f3-p7vq,2647.9174944517245,1
jupyter/notebook,notebook,PYSEC-2018-57,unknown,,2018-03-18T06:29:00Z,5.4.1,2018-03-18 08:30:07.114864+00:00,0.0841101257407407,1,CVE-2018-8768;GHSA-6cwv-x26c-w2q4,0.0841101257407407,1
jupyter/notebook,notebook,PYSEC-2019-157,unknown,,2019-10-31T15:15:00Z,5.5.0,2018-05-09 13:38:27.499230+00:00,-540.0670428329861,1,CVE-2018-21030;GHSA-jqwc-jm56-wcwj,-540.0670428329861,1
jupyter/notebook,notebook,PYSEC-2019-158,unknown,,2019-04-04T16:29:00Z,5.7.8,2019-04-01 10:26:26.837190+00:00,-3.251772717708333,1,CVE-2019-10856;GHSA-rcx2-m7jp-p9wj,-3.251772717708333,1
jupyter/notebook,notebook,PYSEC-2019-159,unknown,,2019-03-12T09:29:00Z,5.7.6,2019-03-09 20:45:37.410795+00:00,-2.5301225602430555,1,CVE-2019-9644;GHSA-hhx8-cr55-qcxx,-2.5301225602430555,1
jupyter/notebook,notebook,PYSEC-2020-215,unknown,,2020-11-18T22:15:00Z,3cec4bbe21756de9f0c4bccf18cf61d840314d74,,,0,BIT-jupyter-base-notebook-2020-26215;BIT-jupyter-notebook-2020-26215;CVE-2020-26215;GHSA-c7vm-f5p4-8fqh,1916.7188833406133,1
jupyter/notebook,notebook,PYSEC-2021-118,unknown,,2021-08-09T21:15:00Z,79fc76e890a8ec42f73a3d009e44ef84c14ef0d5,,,0,BIT-jupyter-base-notebook-2021-32798;BIT-jupyter-notebook-2021-32798;CVE-2021-32798;GHSA-hwvq-6gjx-j797,1652.76055000728,1
jupyter/notebook,notebook,PYSEC-2022-180,unknown,,2022-03-31T23:15:00Z,6.4.10,2022-03-15 15:56:07.695436+00:00,-16.304772043564817,1,BIT-jupyter-base-notebook-2022-24758;BIT-jupyter-notebook-2022-24758;CVE-2022-24758;GHSA-m87f-39q9-6f55,-16.304772043564817,1
jupyter/notebook,notebook,PYSEC-2022-212,unknown,,2022-06-14T18:15:00Z,6.4.12,2022-06-07 16:42:05.258867+00:00,-7.06452246681713,1,BIT-jupyter-base-notebook-2022-29238;BIT-jupyter-notebook-2022-29238;CVE-2022-29238;GHSA-v7vq-3x77-87vg,-7.06452246681713,1
jupyterlab/jupyterlab,jupyterlab,GHSA-44cc-43rp-5947,high,CVSS:3.1/AV:N/AC:L/PR:N/UI:R/S:U/C:H/I:L/A:L,2024-01-19T20:28:10Z,4.0.11,2024-01-19 14:07:28.041785+00:00,-0.2643745163773148,1,BIT-jupyter-base-notebook-2024-22421;BIT-jupyter-notebook-2024-22421;BIT-jupyterlab-2024-22421;CVE-2024-22421,-0.2643745163773148,0
jupyterlab/jupyterlab,jupyterlab,GHSA-4952-p58q-6crx,critical,CVSS:3.1/AV:N/AC:L/PR:N/UI:R/S:C/C:H/I:N/A:N,2021-08-23T19:40:22Z,1.2.21,2021-08-05 21:06:45.146787+00:00,-17.940009875150466,1,BIT-jupyterlab-2021-32797;CVE-2021-32797;PYSEC-2021-130,-17.940009875150466,0
jupyterlab/jupyterlab,jupyterlab,GHSA-4m77-cmpx-vjc4,high,CVSS:3.1/AV:N/AC:L/PR:N/UI:R/S:U/C:H/I:N/A:N,2024-01-19T20:24:09Z,4.0.11,2024-01-19 14:07:28.041785+00:00,-0.2615851645254629,1,BIT-jupyter-base-notebook-2024-22420;BIT-jupyter-notebook-2024-22420;BIT-jupyterlab-2024-22420;CVE-2024-22420,-0.2615851645254629,0
jupyterlab/jupyterlab,jupyterlab,GHSA-9q39-rmj3-p4r2,high,CVSS:3.1/AV:N/AC:L/PR:N/UI:R/S:U/C:H/I:L/A:L,2024-08-29T17:55:53Z,3.6.8,2024-08-26 20:20:35.645702+00:00,-2.899506415486111,1,BIT-jupyter-base-notebook-2024-43805;BIT-jupyter-notebook-2024-43805;BIT-jupyterlab-2024-43805;CVE-2024-43805,-2.899506415486111,0
jupyterlab/jupyterlab,jupyterlab,GHSA-vvfj-2jqx-52jm,high,CVSS:4.0/AV:N/AC:H/AT:P/PR:N/UI:A/VC:L/VI:N/VA:N/SC:N/SI:N/SA:N,2025-09-26T14:26:40Z,4.4.8,2025-09-25 17:26:34.289649+00:00,-0.8750660920254629,1,BIT-jupyterlab-2025-59842;CVE-2025-59842,-0.8750660920254629,0
jupyterlab/jupyterlab,jupyterlab,PYSEC-2021-130,unknown,,2021-08-09T21:15:00Z,504825938c0abfa2fb8ff8d529308830a5ae42ed,,,0,BIT-jupyterlab-2021-32797;CVE-2021-32797;GHSA-4952-p58q-6crx,1652.76055000728,1
ipython/ipython,ipython,GHSA-29gw-9793-fvw7,medium,CVSS:3.1/AV:L/AC:H/PR:N/UI:R/S:U/C:L/I:L/A:L,2023-02-10T19:55:53Z,8.10.0,2023-02-10 09:51:29.252795+00:00,-0.4197192963541666,1,CVE-2023-24816,-0.4197192963541666,0
ipython/ipython,ipython,GHSA-4vwq-x64q-j4cj,high,CVSS:3.1/AV:N/AC:L/PR:N/UI:R/S:C/C:L/I:L/A:N,2022-05-14T02:04:49Z,3.2.2,2015-09-22 08:34:21.904631+00:00,-2425.729480270474,1,CVE-2015-6938;PYSEC-2015-24;PYSEC-2015-26,-2425.729480270474,0
ipython/ipython,ipython,GHSA-66gw-5xpf-gfp5,high,CVSS:3.1/AV:N/AC:L/PR:N/UI:R/S:C/C:L/I:L/A:N,2022-05-13T01:31:05Z,3.2.0,2015-06-22 01:17:16.000342+00:00,-2517.009594903449,1,CVE-2015-4707;PYSEC-2017-46,-2517.009594903449,0
ipython/ipython,ipython,GHSA-75cw-5cgv-g853,critical,CVSS:3.1/AV:N/AC:L/PR:N/UI:N/S:U/C:H/I:H/A:H,2022-05-14T02:05:20Z,1.2.0,2014-02-10 21:53:22.775890+00:00,-3014.174967871644,1,CVE-2014-3429;PYSEC-2014-21,-3014.174967871644,0
ipython/ipython,ipython,GHSA-7fc2-rm35-2pp7,critical,CVSS:3.0/AV:N/AC:L/PR:N/UI:R/S:U/C:H/I:H/A:H,2022-05-17T00:35:13Z,2.4.1,2015-02-09 23:00:54.396890+00:00,-2653.065493091551,1,CVE-2015-5607;PYSEC-2017-47,-2653.065493091551,0
ipython/ipython,ipython,GHSA-92mr-v722-f48m,critical,CVSS:3.1/AV:N/AC:L/PR:N/UI:N/S:U/C:H/I:H/A:H,2022-05-17T03:25:49Z,3.2.2,2015-09-22 08:34:21.904631+00:00,-2428.7857302704742,1,CVE-2015-7337;PYSEC-2015-25;PYSEC-2015-27,-2428.7857302704742,0
ipython/ipython,ipython,GHSA-pq7m-3gw7-gq5x,high,CVSS:3.1/AV:L/AC:L/PR:L/UI:R/S:C/C:H/I:H/A:H,2022-01-21T18:55:30Z,5.11,,,0,CVE-2022-21699;PYSEC-2022-12,1487.85742500728,0
ipython/ipython,ipython,GHSA-q326-jhw3-699g,high,CVSS:3.0/AV:N/AC:L/PR:N/UI:R/S:C/C:L/I:L/A:N,2022-05-17T00:36:05Z,3.2.0,2015-06-22 01:17:16.000342+00:00,-2520.9714004590046,1,CVE-2015-4706;PYSEC-2017-45,-2520.9714004590046,0
ipython/ipython,ipython,PYSEC-2014-21,unknown,,2014-08-07T11:13:00Z,1.2.0,2014-02-10 21:53:22.775890+00:00,-177.55529194571758,1,CVE-2014-3429;GHSA-75cw-5cgv-g853,-177.55529194571758,1
ipython/ipython,ipython,PYSEC-2015-24,unknown,,2015-09-21T19:59:00Z,3ab41641cf6fce3860c73d5cf4645aa12e1e5892,,,0,CVE-2015-6938;GHSA-4vwq-x64q-j4cj;PYSEC-2015-26,3801.813327785058,1
ipython/ipython,ipython,PYSEC-2015-25,unknown,,2015-09-29T19:59:00Z,0a8096adf165e2465550bd5893d7e352544e5967,,,0,CVE-2015-7337;GHSA-92mr-v722-f48m;PYSEC-2015-27,3793.813327785058,1
ipython/ipython,ipython,PYSEC-2017-45,unknown,,2017-09-21T14:29:00Z,c2078a53543ed502efd968649fee1125e0eb549c,,,0,CVE-2015-4706;GHSA-q326-jhw3-699g,3071.0424944517245,1
ipython/ipython,ipython,PYSEC-2017-46,unknown,,2017-09-20T18:29:00Z,c2078a53543ed502efd968649fee1125e0eb549c,,,0,CVE-2015-4707;GHSA-66gw-5xpf-gfp5,3071.875827785058,1
ipython/ipython,ipython,PYSEC-2017-47,unknown,,2017-09-20T16:29:00Z,a05fe052a18810e92d9be8c1185952c13fe4e5b0,,,0,CVE-2015-5607;GHSA-7fc2-rm35-2pp7,3071.959161118391,1
ipython/ipython,ipython,PYSEC-2022-12,unknown,,2022-01-19T22:15:00Z,46a51ed69cdf41b4333943d9ceeb945c4ede5668,,,0,CVE-2022-21699;GHSA-pq7m-3gw7-gq5x,1489.7188833406133,1
python-pillow/Pillow,pillow,GHSA-3c5c-7235-994j,high,CVSS:3.0/AV:N/AC:L/PR:N/UI:R/S:U/C:N/I:N/A:H,2018-07-24T20:15:13Z,3.1.1,2016-02-04 17:34:47.162231+00:00,-901.1114101593632,1,CVE-2016-2533,-901.1114101593632,0
python-pillow/Pillow,pillow,GHSA-3f63-hfp8-52jq,critical,CVSS:3.1/AV:N/AC:H/PR:N/UI:N/S:U/C:H/I:H/A:H,2024-01-19T21:30:35Z,10.2.0,2024-01-02 09:15:01.151558+00:00,-17.510808431041667,1,BIT-pillow-2023-50447;CVE-2023-50447,-17.510808431041667,0
python-pillow/Pillow,pillow,GHSA-3wvg-mj6g-m9cv,critical,CVSS:3.1/AV:N/AC:L/PR:N/UI:N/S:U/C:N/I:N/A:H,2021-03-18T19:55:21Z,8.1.2,2021-03-06 05:22:31.567677+00:00,-12.60612768892361,1,BIT-pillow-2021-27922;CVE-2021-27922;PYSEC-2021-41,-12.60612768892361,0
python-pillow/Pillow,pillow,GHSA-3xv8-3j54-hgrp,medium,CVSS:3.1/AV:L/AC:L/PR:N/UI:R/S:U/C:H/I:N/A:N,2021-11-03T18:04:53Z,7.1.0,2020-04-01 15:49:42.482303+00:00,-581.0938717326042,1,BIT-pillow-2020-10378;CVE-2020-10378;PYSEC-2020-77,-581.0938717326042,0
python-pillow/Pillow,pillow,GHSA-43fq-w8qq-v88h,critical,CVSS:3.1/AV:N/AC:H/PR:N/UI:N/S:U/C:H/I:H/A:H,2020-07-27T21:52:36Z,7.1.0,2020-04-01 15:49:42.482303+00:00,-117.25200830667823,1,BIT-pillow-2020-11538;CVE-2020-11538;PYSEC-2020-80,-117.25200830667823,0
python-pillow/Pillow,pillow,GHSA-44wm-f244-xhp3,medium,CVSS:3.1/AV:L/AC:H/PR:L/UI:R/S:U/C:H/I:H/A:H,2024-04-03T03:30:30Z,10.3.0,2024-04-01 12:17:01.553945+00:00,-1.6343570145254631,1,BIT-pillow-2024-28219;CVE-2024-28219,-1.6343570145254631,0
python-pillow/Pillow,pillow,GHSA-4fx9-vc88-q2xc,unknown,,2022-03-11T23:39:27Z,9.0.0,2022-01-02 22:13:51.146060+00:00,-68.05944275393519,1,,-68.05944275393519,1
python-pillow/Pillow,pillow,GHSA-57h3-9rgr-c24m,critical,CVSS:3.1/AV:N/AC:L/PR:N/UI:N/S:U/C:H/I:H/A:H,2021-03-29T16:35:16Z,8.1.1,2021-03-02 00:42:40.168872+00:00,-27.661525823240737,1,BIT-pillow-2021-25289;CVE-2021-25289;PYSEC-2021-35,-27.661525823240737,0
python-pillow/Pillow,pillow,GHSA-5gm3-px64-rw72,critical,CVSS:3.1/AV:N/AC:L/PR:N/UI:N/S:U/C:N/I:N/A:H,2020-04-01T16:36:44Z,6.2.2,2020-01-02 09:36:39.844289+00:00,-90.2917147651736,1,CVE-2019-19911;PYSEC-2020-172,-90.2917147651736,0
python-pillow/Pillow,pillow,GHSA-7534-mm45-c74v,critical,CVSS:3.1/AV:N/AC:L/PR:N/UI:N/S:U/C:H/I:H/A:H,2021-10-05T20:24:41Z,8.3.0,2021-07-01 06:49:15.521928+00:00,-96.5662671073148,1,BIT-pillow-2021-34552;CVE-2021-34552;PYSEC-2021-331,-96.5662671073148,0
python-pillow/Pillow,pillow,GHSA-77gc-v2xv-rvvh,critical,CVSS:3.1/AV:N/AC:L/PR:N/UI:N/S:U/C:H/I:N/A:H,2021-06-08T18:49:02Z,8.2.0,2021-04-01 20:53:21.924105+00:00,-67.91365828582177,1,BIT-pillow-2021-25287;CVE-2021-25287;PYSEC-2021-137,-67.91365828582177,0
python-pillow/Pillow,pillow,GHSA-7r7m-5h27-29hp,critical,CVSS:3.1/AV:N/AC:L/PR:N/UI:N/S:U/C:N/I:N/A:H,2021-06-08T18:48:53Z,8.2.0,2021-04-01 20:53:21.924105+00:00,-67.9135541191551,1,BIT-pillow-2021-28676;CVE-2021-28676;PYSEC-2021-92,-67.9135541191551,0
python-pillow/Pillow,pillow,GHSA-8843-m7mw-mxqm,high,CVSS:3.1/AV:L/AC:L/PR:N/UI:R/S:U/C:H/I:H/A:H,2020-07-27T21:52:41Z,7.1.0,2020-04-01 15:49:42.482303+00:00,-117.25206617704862,1,BIT-pillow-2020-10379;CVE-2020-10379;PYSEC-2020-78,-117.25206617704862,0
python-pillow/Pillow,pillow,GHSA-8ghj-p4vj-mr35,critical,CVSS:3.1/AV:N/AC:L/PR:N/UI:N/S:U/C:N/I:N/A:H,2023-11-03T06:36:30Z,10.0.0,2023-07-01 14:56:18.752509+00:00,-124.65290795707176,1,BIT-pillow-2023-44271;CVE-2023-44271;PYSEC-2023-227,-124.65290795707176,0
python-pillow/Pillow,pillow,GHSA-8m9x-pxwq-j236,critical,CVSS:3.1/AV:N/AC:L/PR:N/UI:N/S:U/C:H/I:H/A:H,2022-05-17T04:45:39Z,2.5.0,2014-07-02 19:06:08.031993+00:00,-2875.40244175934,1,CVE-2014-3007;PYSEC-2014-87,-2875.40244175934,0
python-pillow/Pillow,pillow,GHSA-8vj2-vxx3-667w,critical,CVSS:3.1/AV:N/AC:L/PR:N/UI:N/S:U/C:H/I:H/A:H,2022-01-12T20:07:33Z,9.0.1,2022-02-04 06:37:36.729538+00:00,22.437543165949076,1,BIT-pillow-2022-22817;CVE-2022-22817;PYSEC-2022-10,22.437543165949076,0
python-pillow/Pillow,pillow,GHSA-8xjq-8fcg-g5hw,critical,CVSS:3.1/AV:N/AC:L/PR:N/UI:N/S:U/C:N/I:N/A:H,2021-03-29T16:35:36Z,8.1.1,2021-03-02 00:42:40.168872+00:00,-27.66175730472222,1,BIT-pillow-2021-25290;CVE-2021-25290;PYSEC-2021-36,-27.66175730472222,0
python-pillow/Pillow,pillow,GHSA-8xjv-v9xq-m5h9,high,CVSS:3.0/AV:N/AC:L/PR:N/UI:R/S:U/C:N/I:N/A:H,2018-07-24T20:15:36Z,3.1.1,2016-02-04 17:34:47.162231+00:00,-901.111676363067,1,CVE-2016-0775;PYSEC-2016-6,-901.111676363067,0
python-pillow/Pillow,pillow,GHSA-95q3-8gr9-gm8w,critical,CVSS:3.1/AV:N/AC:L/PR:N/UI:N/S:U/C:N/I:N/A:H,2021-03-18T19:54:43Z,8.1.2,2021-03-06 05:22:31.567677+00:00,-12.605687874108796,1,BIT-pillow-2021-27923;CVE-2021-27923;PYSEC-2021-42,-12.605687874108796,0
python-pillow/Pillow,pillow,GHSA-98vv-pw6r-q6q4,critical,CVSS:3.1/AV:N/AC:L/PR:N/UI:N/S:U/C:N/I:N/A:H,2021-09-07T23:08:10Z,8.3.2,2021-09-02 18:11:36.698786+00:00,-5.205940986273148,1,BIT-pillow-2021-23437;CVE-2021-23437;PYSEC-2021-317;SNYK-PYTHON-PILLOW-1319443,-5.205940986273148,0
python-pillow/Pillow,pillow,GHSA-9hx2-hgq2-2g4f,high,CVSS:3.1/AV:N/AC:L/PR:N/UI:R/S:U/C:N/I:N/A:H,2021-03-29T16:35:46Z,8.1.1,2021-03-02 00:42:40.168872+00:00,-27.66187304546296,1,BIT-pillow-2021-25292;CVE-2021-25292;PYSEC-2021-38,-27.66187304546296,0
python-pillow/Pillow,pillow,GHSA-9j59-75qj-795w,critical,CVSS:3.1/AV:N/AC:L/PR:N/UI:N/S:U/C:N/I:H/A:H,2022-03-11T23:10:32Z,9.0.1,2022-02-04 06:37:36.729538+00:00,-35.689528593310186,1,BIT-pillow-2022-24303;CVE-2022-24303;PYSEC-2022-168,-35.689528593310186,0
python-pillow/Pillow,pillow,GHSA-cfh3-3jmp-rvhc,critical,CVSS:4.0/AV:N/AC:L/AT:N/PR:N/UI:N/VC:H/VI:H/VA:H/SC:N/SI:N/SA:N/E:P,2026-02-11T14:22:50Z,12.1.1,2026-02-11 04:20:06.130758+00:00,-0.418563301412037,1,BIT-pillow-2026-25990;CVE-2026-25990,-0.418563301412037,0
python-pillow/Pillow,pillow,GHSA-cfmr-38g9-f2h7,critical,CVSS:3.1/AV:N/AC:L/PR:N/UI:N/S:U/C:N/I:N/A:H,2022-05-14T02:05:20Z,2.3.2,2014-08-13 16:35:26.377313+00:00,-2830.3957595218403,1,CVE-2014-3589;PYSEC-2014-10,-2830.3957595218403,0
python-pillow/Pillow,pillow,GHSA-cqhg-xjhh-p8hf,medium,CVSS:3.1/AV:L/AC:L/PR:N/UI:R/S:U/C:H/I:N/A:N,2020-07-27T21:52:43Z,7.1.0,2020-04-01 15:49:42.482303+00:00,-117.25208932519676,1,BIT-pillow-2020-10177;CVE-2020-10177;PYSEC-2020-76,-117.25208932519676,0
python-pillow/Pillow,pillow,GHSA-f4w8-cv6p-x6r5,critical,CVSS:3.1/AV:N/AC:L/PR:N/UI:N/S:U/C:N/I:N/A:H,2021-03-18T19:55:13Z,8.1.2,2021-03-06 05:22:31.567677+00:00,-12.606035096331018,1,BIT-pillow-2021-27921;CVE-2021-27921;PYSEC-2021-40,-12.606035096331018,0
python-pillow/Pillow,pillow,GHSA-f5g8-5qq7-938w,high,CVSS:3.1/AV:N/AC:L/PR:N/UI:R/S:U/C:L/I:N/A:H,2021-03-18T19:55:41Z,8.1.0,2021-01-02 20:11:59.134832+00:00,-74.988678995,1,BIT-pillow-2020-35653;CVE-2020-35653;PYSEC-2021-69,-74.988678995,0
python-pillow/Pillow,pillow,GHSA-g6rj-rv7j-xwp4,medium,CVSS:3.1/AV:L/AC:L/PR:N/UI:R/S:U/C:N/I:N/A:H,2021-06-08T18:49:11Z,8.2.0,2021-04-01 20:53:21.924105+00:00,-67.91376245248843,1,BIT-pillow-2021-28675;CVE-2021-28675;PYSEC-2021-139,-67.91376245248843,0
python-pillow/Pillow,pillow,GHSA-h5rf-vgqx-wjv2,critical,CVSS:3.1/AV:N/AC:L/PR:N/UI:N/S:U/C:N/I:N/A:H,2022-05-14T02:05:56Z,2.7.0,2015-01-01 22:11:54.460917+00:00,-2689.162517813461,1,CVE-2014-9601;PYSEC-2015-16,-2689.162517813461,0
python-pillow/Pillow,pillow,GHSA-hf64-x4gq-p99h,high,CVSS:3.1/AV:N/AC:L/PR:N/UI:R/S:U/C:L/I:N/A:L,2021-03-18T19:55:34Z,8.1.0,2021-01-02 20:11:59.134832+00:00,-74.98859797648147,1,BIT-pillow-2020-35655;CVE-2020-35655;PYSEC-2021-71,-74.98859797648147,0
python-pillow/Pillow,pillow,GHSA-hggx-3h72-49ww,high,CVSS:3.0/AV:N/AC:L/PR:N/UI:R/S:U/C:N/I:H/A:N,2018-07-24T20:03:51Z,3.1.1,2016-02-04 17:34:47.162231+00:00,-901.1035166408448,1,CVE-2016-0740;PYSEC-2016-5,-901.1035166408448,0
python-pillow/Pillow,pillow,GHSA-hj69-c76v-86wr,high,CVSS:3.1/AV:N/AC:L/PR:N/UI:R/S:U/C:L/I:N/A:H,2020-04-01T16:36:00Z,6.2.2,2020-01-02 09:36:39.844289+00:00,-90.29120550591436,1,BIT-pillow-2020-5313;CVE-2020-5313;PYSEC-2020-84,-90.29120550591436,0
python-pillow/Pillow,pillow,GHSA-hjfx-8p6c-g7gx,medium,CVSS:3.1/AV:L/AC:L/PR:N/UI:R/S:U/C:N/I:N/A:H,2021-06-08T18:49:20Z,8.2.0,2021-04-01 20:53:21.924105+00:00,-67.9138666191551,1,BIT-pillow-2021-28678;CVE-2021-28678;PYSEC-2021-94,-67.9138666191551,0
python-pillow/Pillow,pillow,GHSA-hr8g-f6r6-mr22,critical,CVSS:3.1/AV:N/AC:L/PR:N/UI:N/S:U/C:N/I:N/A:H,2022-05-26T00:01:27Z,9.1.1,2022-05-17 16:34:46.065514+00:00,-8.31019600099537,1,BIT-pillow-2022-30595;CVE-2022-30595;PYSEC-2022-43145,-8.31019600099537,0
python-pillow/Pillow,pillow,GHSA-hvr8-466p-75rh,critical,CVSS:3.0/AV:N/AC:L/PR:N/UI:N/S:U/C:H/I:H/A:H,2018-07-24T20:15:48Z,3.1.1,2016-02-04 17:34:47.162231+00:00,-901.1118152519558,1,CVE-2016-4009;PYSEC-2016-7,-901.1118152519558,0
python-pillow/Pillow,pillow,GHSA-j6f7-g425-4gmx,critical,CVSS:3.1/AV:N/AC:L/PR:N/UI:N/S:U/C:N/I:N/A:H,2022-05-14T02:05:20Z,2.5.3,2014-08-18 20:01:59.604108+00:00,-2825.252319396898,1,CVE-2014-3598;PYSEC-2015-15,-2825.252319396898,0
python-pillow/Pillow,pillow,GHSA-j7hp-h8jx-5ppr,critical,CVSS:3.1/AV:N/AC:L/PR:N/UI:R/S:U/C:H/I:H/A:H,2023-09-12T15:30:20Z,10.0.1,2023-09-15 13:56:57.712378+00:00,2.935158708078704,1,A-299477569;ASB-A-299477569;CVE-2023-4863;CVE-2023-5129;RUSTSEC-2023-0060;RUSTSEC-2023-0061,2.935158708078704,0
python-pillow/Pillow,pillow,GHSA-j7mj-748x-7p78,critical,CVSS:3.1/AV:N/AC:L/PR:N/UI:N/S:U/C:N/I:N/A:H,2019-10-22T14:40:42Z,6.2.0,2019-10-01 20:35:18.934548+00:00,-20.75373918347222,1,CVE-2019-16865;PYSEC-2019-110,-20.75373918347222,0
python-pillow/Pillow,pillow,GHSA-jgpv-4h4c-xhw3,critical,CVSS:3.1/AV:N/AC:L/PR:N/UI:N/S:U/C:N/I:N/A:H,2021-04-23T16:54:36Z,8.1.2,2021-03-06 05:22:31.567677+00:00,-48.480606855590274,1,,-48.480606855590274,0
python-pillow/Pillow,pillow,GHSA-m2vv-5vj5-2hm7,critical,CVSS:3.1/AV:N/AC:L/PR:N/UI:N/S:U/C:N/I:N/A:H,2022-11-14T12:00:15Z,9.2.0,2022-07-01 18:28:52.815507+00:00,-135.73011787607638,1,BIT-pillow-2022-45198;CVE-2022-45198;PYSEC-2022-42979,-135.73011787607638,0
python-pillow/Pillow,pillow,GHSA-mvg9-xffr-p774,critical,CVSS:3.1/AV:N/AC:L/PR:N/UI:N/S:U/C:N/I:N/A:H,2021-03-29T16:35:57Z,8.2.0,2021-04-01 20:53:21.924105+00:00,3.178760695659722,1,BIT-pillow-2021-25291;CVE-2021-25291;PYSEC-2021-37,3.178760695659722,0
python-pillow/Pillow,pillow,GHSA-p43w-g3c5-g5mq,critical,CVSS:3.1/AV:N/AC:L/PR:N/UI:N/S:U/C:N/I:N/A:H,2021-03-29T16:35:27Z,8.1.1,2021-03-02 00:42:40.168872+00:00,-27.661653138055552,1,BIT-pillow-2021-25293;CVE-2021-25293;PYSEC-2021-39,-27.661653138055552,0
python-pillow/Pillow,pillow,GHSA-p49h-hjvm-jg3h,critical,CVSS:3.1/AV:N/AC:L/PR:N/UI:N/S:U/C:H/I:H/A:H,2021-11-03T18:05:04Z,6.2.2,2020-01-02 09:36:39.844289+00:00,-671.3530573577663,1,BIT-pillow-2020-5312;CVE-2020-5312;PYSEC-2020-83,-671.3530573577663,0
python-pillow/Pillow,pillow,GHSA-pw3c-h7wp-cvhx,high,CVSS:3.1/AV:N/AC:L/PR:N/UI:N/S:U/C:N/I:L/A:L,2022-01-12T20:07:43Z,9.0.0,2022-01-02 22:13:51.146060+00:00,-9.912405716898148,1,BIT-pillow-2022-22815;CVE-2022-22815;PYSEC-2022-8,-9.912405716898148,0
python-pillow/Pillow,pillow,GHSA-q4mp-jvh2-76fj,critical,CVSS:3.1/AV:N/AC:L/PR:N/UI:N/S:U/C:N/I:N/A:H,2022-11-14T12:00:15Z,9.3.0,2022-11-05 03:57:50.453474+00:00,-9.335006325532408,1,BIT-pillow-2022-45199;CVE-2022-45199;PYSEC-2022-42980,-9.335006325532408,0
python-pillow/Pillow,pillow,GHSA-q5hq-fp76-qmrc,critical,CVSS:3.1/AV:N/AC:L/PR:N/UI:N/S:U/C:N/I:N/A:H,2021-06-08T18:49:36Z,8.2.0,2021-04-01 20:53:21.924105+00:00,-67.91405180434027,1,BIT-pillow-2021-28677;CVE-2021-28677;PYSEC-2021-93,-67.91405180434027,0
python-pillow/Pillow,pillow,GHSA-r7rm-8j6h-r933,critical,CVSS:3.1/AV:N/AC:L/PR:N/UI:N/S:U/C:H/I:H/A:H,2022-05-24T17:05:33Z,6.2.2,2020-01-02 09:36:39.844289+00:00,-873.3117263392478,1,BIT-pillow-2020-5311;CVE-2020-5311;PYSEC-2020-82,-873.3117263392478,0
python-pillow/Pillow,pillow,GHSA-r854-96gq-rfg3,medium,CVSS:3.1/AV:L/AC:L/PR:N/UI:N/S:U/C:L/I:N/A:N,2020-05-18T17:41:19Z,2.3.1,2014-03-15 12:31:13.627759+00:00,-2256.215339956493,1,CVE-2014-1933;PYSEC-2014-23,-2256.215339956493,0
python-pillow/Pillow,pillow,GHSA-rwr3-c2q8-gm56,medium,CVSS:3.0/AV:L/AC:L/PR:N/UI:R/S:U/C:H/I:N/A:N,2018-07-24T20:08:27Z,3.3.2,2016-10-03 15:07:42.534967+00:00,-659.208847974919,1,CVE-2016-9189;PYSEC-2016-8,-659.208847974919,0
python-pillow/Pillow,pillow,GHSA-rwv7-3v45-hg29,critical,CVSS:3.1/AV:N/AC:L/PR:N/UI:N/S:U/C:H/I:N/A:H,2021-06-08T18:49:28Z,8.2.0,2021-04-01 20:53:21.924105+00:00,-67.9139592117477,1,BIT-pillow-2021-25288;CVE-2021-25288;PYSEC-2021-138,-67.9139592117477,0
python-pillow/Pillow,pillow,GHSA-v9pc-9mvp-x87g,medium,CVSS:3.0/AV:L/AC:L/PR:N/UI:R/S:U/C:N/I:N/A:H,2022-05-17T02:47:20Z,3.1.2,2016-04-01 13:09:48.265302+00:00,-2236.5677284108565,1,CVE-2016-3076;PYSEC-2017-92,-2236.5677284108565,0
python-pillow/Pillow,pillow,GHSA-vcqg-3p29-xw73,critical,CVSS:3.1/AV:N/AC:L/PR:N/UI:R/S:U/C:H/I:H/A:H,2021-11-03T18:04:41Z,6.2.2,2020-01-02 09:36:39.844289+00:00,-671.3527911540625,1,BIT-pillow-2020-5310;CVE-2020-5310;PYSEC-2020-81,-671.3527911540625,0
python-pillow/Pillow,pillow,GHSA-vj42-xq3r-hr3r,medium,CVSS:3.1/AV:L/AC:L/PR:N/UI:R/S:U/C:N/I:N/A:H,2020-07-27T21:52:39Z,7.1.0,2020-04-01 15:49:42.482303+00:00,-117.25204302890047,1,BIT-pillow-2020-10994;CVE-2020-10994;PYSEC-2020-79,-117.25204302890047,0
python-pillow/Pillow,pillow,GHSA-vqcj-wrf2-7v73,critical,CVSS:3.1/AV:N/AC:L/PR:N/UI:R/S:U/C:H/I:H/A:H,2021-03-18T19:55:27Z,8.1.0,2021-01-02 20:11:59.134832+00:00,-74.98851695796296,1,BIT-pillow-2020-35654;CVE-2020-35654;PYSEC-2021-70,-74.98851695796296,0
python-pillow/Pillow,pillow,GHSA-w4vg-rf63-f3j3,high,CVSS:3.0/AV:L/AC:L/PR:N/UI:R/S:U/C:H/I:H/A:H,2018-07-12T14:45:42Z,3.3.2,2016-10-03 15:07:42.534967+00:00,-646.9847160304746,1,CVE-2016-9190;PYSEC-2016-9,-646.9847160304746,0
python-pillow/Pillow,pillow,GHSA-x895-2wrm-hvp7,high,CVSS:3.1/AV:L/AC:L/PR:N/UI:N/S:U/C:H/I:H/A:N,2022-05-17T02:39:13Z,2.3.1,2014-03-15 12:31:13.627759+00:00,-2984.5888816231595,1,CVE-2014-1932;PYSEC-2014-22,-2984.5888816231595,0
python-pillow/Pillow,pillow,GHSA-xg8h-j46f-w952,high,CVSS:3.1/AV:L/AC:L/PR:L/UI:N/S:U/C:N/I:H/A:H,2025-07-01T17:29:37Z,11.3.0,2025-07-01 09:13:39.342120+00:00,-0.3444173365740741,1,BIT-pillow-2025-48379;CVE-2025-48379;PYSEC-2025-61,-0.3444173365740741,0
python-pillow/Pillow,pillow,GHSA-xrcv-f9gm-v42c,high,CVSS:3.1/AV:N/AC:L/PR:N/UI:N/S:U/C:N/I:L/A:L,2022-01-12T20:07:41Z,9.0.0,2022-01-02 22:13:51.146060+00:00,-9.91238256875,1,BIT-pillow-2022-22816;CVE-2022-22816;PYSEC-2022-9,-9.91238256875,0
python-pillow/Pillow,pillow,OSV-2022-1074,unknown,,2022-10-22T00:00:27.668938Z,f7363c1091c70356d92e56abfca6b65bef9e7b26,,,0,,,1
python-pillow/Pillow,pillow,OSV-2022-715,unknown,,2022-08-15T00:00:50.156496Z,9887544fafcd13cc8afcfa0c6d0f2e6facc1a8b8,,,0,,,1
python-pillow/Pillow,pillow,PYSEC-2014-10,unknown,,2014-08-25T14:55:00Z,205e056f8f9b06ed7b925cf8aa0874bc4aaf8a7d,,,0,CVE-2014-3589;GHSA-cfmr-38g9-f2h7,4194.024438896169,1
python-pillow/Pillow,pillow,PYSEC-2014-22,unknown,,2014-04-17T14:55:00Z,4e9f367dfd3f04c8f5d23f7f759ec12782e10ee7,,,0,CVE-2014-1932;GHSA-x895-2wrm-hvp7,4324.024438896169,1
python-pillow/Pillow,pillow,PYSEC-2014-23,unknown,,2014-04-17T14:55:00Z,4e9f367dfd3f04c8f5d23f7f759ec12782e10ee7,,,0,CVE-2014-1933;GHSA-r854-96gq-rfg3,4324.024438896169,1
python-pillow/Pillow,pillow,PYSEC-2014-87,unknown,,2014-04-27T20:55:00Z,2.5.0,2014-07-02 19:06:08.031993+00:00,65.9243985184375,1,CVE-2014-3007;GHSA-8m9x-pxwq-j236,65.9243985184375,1
python-pillow/Pillow,pillow,PYSEC-2015-15,unknown,,2015-05-01T15:59:00Z,2.5.3,2014-08-18 20:01:59.604108+00:00,-255.83125458208332,1,CVE-2014-3598;GHSA-j6f7-g425-4gmx,-255.83125458208332,1
python-pillow/Pillow,pillow,PYSEC-2015-16,unknown,,2015-01-16T16:59:00Z,2.7.0,2015-01-01 22:11:54.460917+00:00,-14.782702998645831,1,CVE-2014-9601;GHSA-h5rf-vgqx-wjv2,-14.782702998645831,1
python-pillow/Pillow,pillow,PYSEC-2016-5,unknown,,2016-04-13T16:59:00Z,6dcbf5bd96b717c58d7b642949da8d323099928e,,,0,CVE-2016-0740;GHSA-hggx-3h72-49ww,3596.938327785058,1
python-pillow/Pillow,pillow,PYSEC-2016-6,unknown,,2016-04-13T16:59:00Z,893a40850c2d5da41537958e40569c029a6e127b,,,0,CVE-2016-0775;GHSA-8xjv-v9xq-m5h9,3596.938327785058,1
python-pillow/Pillow,pillow,PYSEC-2016-7,unknown,,2016-04-13T16:59:00Z,4e0d9b0b9740d258ade40cce248c93777362ac1e,,,0,CVE-2016-4009;GHSA-hvr8-466p-75rh,3596.938327785058,1
python-pillow/Pillow,pillow,PYSEC-2016-8,unknown,,2016-11-04T10:59:00Z,3.3.2,2016-10-03 15:07:42.534967+00:00,-31.82728547491898,1,CVE-2016-9189;GHSA-rwr3-c2q8-gm56,-31.82728547491898,1
python-pillow/Pillow,pillow,PYSEC-2016-9,unknown,,2016-11-04T10:59:00Z,3.3.2,2016-10-03 15:07:42.534967+00:00,-31.82728547491898,1,CVE-2016-9190;GHSA-w4vg-rf63-f3j3,-31.82728547491898,1
python-pillow/Pillow,pillow,PYSEC-2017-92,unknown,,2017-04-24T18:59:00Z,3.1.2,2016-04-01 13:09:48.265302+00:00,-388.242496929375,1,CVE-2016-3076;GHSA-v9pc-9mvp-x87g,-388.242496929375,1
python-pillow/Pillow,pillow,PYSEC-2019-110,unknown,,2019-10-04T22:15:00Z,6.2.0,2019-10-01 20:35:18.934548+00:00,-3.0692252945833336,1,CVE-2019-16865;GHSA-j7mj-748x-7p78,-3.0692252945833336,1
python-pillow/Pillow,pillow,PYSEC-2020-172,unknown,,2020-01-05T22:15:00Z,6.2.2,2020-01-02 09:36:39.844289+00:00,-3.526622172581019,1,CVE-2019-19911;GHSA-5gm3-px64-rw72,-3.526622172581019,1
python-pillow/Pillow,pillow,PYSEC-2020-76,unknown,,2020-06-25T19:15:00Z,7.1.0,2020-04-01 15:49:42.482303+00:00,-85.1425638622338,1,BIT-pillow-2020-10177;CVE-2020-10177;GHSA-cqhg-xjhh-p8hf,-85.1425638622338,1
python-pillow/Pillow,pillow,PYSEC-2020-77,unknown,,2020-06-25T19:15:00Z,6a83e4324738bb0452fbe8074a995b1c73f08de7,,,0,BIT-pillow-2020-10378;CVE-2020-10378;GHSA-3xv8-3j54-hgrp,2062.843883340613,1
python-pillow/Pillow,pillow,PYSEC-2020-78,unknown,,2020-06-25T19:15:00Z,46f4a349b88915787fea3fb91348bb1665831bbb,,,0,BIT-pillow-2020-10379;CVE-2020-10379;GHSA-8843-m7mw-mxqm,2062.843883340613,1
python-pillow/Pillow,pillow,PYSEC-2020-79,unknown,,2020-06-25T19:15:00Z,7.0.0,2020-01-02 09:44:12.497214+00:00,-175.39638313409722,1,BIT-pillow-2020-10994;CVE-2020-10994;GHSA-vj42-xq3r-hr3r,-175.39638313409722,1
python-pillow/Pillow,pillow,PYSEC-2020-80,unknown,,2020-06-25T19:15:00Z,7.1.0,2020-04-01 15:49:42.482303+00:00,-85.1425638622338,1,BIT-pillow-2020-11538;CVE-2020-11538;GHSA-43fq-w8qq-v88h,-85.1425638622338,1
python-pillow/Pillow,pillow,PYSEC-2020-81,unknown,,2020-01-03T01:15:00Z,4e2def2539ec13e53a82e06c4b3daf00454100c4,,,0,BIT-pillow-2020-5310;CVE-2020-5310;GHSA-vcqg-3p29-xw73,2237.593883340613,1
python-pillow/Pillow,pillow,PYSEC-2020-82,unknown,,2020-01-03T01:15:00Z,a79b65c47c7dc6fe623aadf09aa6192fc54548f3,,,0,BIT-pillow-2020-5311;CVE-2020-5311;GHSA-r7rm-8j6h-r933,2237.593883340613,1
python-pillow/Pillow,pillow,PYSEC-2020-83,unknown,,2020-01-03T01:15:00Z,93b22b846e0269ee9594ff71a72bec02d2bea8fd,,,0,BIT-pillow-2020-5312;CVE-2020-5312;GHSA-p49h-hjvm-jg3h,2237.593883340613,1
python-pillow/Pillow,pillow,PYSEC-2020-84,unknown,,2020-01-03T01:15:00Z,a09acd0decd8a87ccce939d5ff65dab59e7d365b,,,0,BIT-pillow-2020-5313;CVE-2020-5313;GHSA-hj69-c76v-86wr,2237.593883340613,1
python-pillow/Pillow,pillow,PYSEC-2021-137,unknown,,2021-06-02T16:15:00Z,8.2.0,2021-04-01 20:53:21.924105+00:00,-61.80669069322917,1,BIT-pillow-2021-25287;CVE-2021-25287;GHSA-77gc-v2xv-rvvh,-61.80669069322917,1
python-pillow/Pillow,pillow,PYSEC-2021-138,unknown,,2021-06-02T16:15:00Z,8.2.0,2021-04-01 20:53:21.924105+00:00,-61.80669069322917,1,BIT-pillow-2021-25288;CVE-2021-25288;GHSA-rwv7-3v45-hg29,-61.80669069322917,1
python-pillow/Pillow,pillow,PYSEC-2021-139,unknown,,2021-06-02T15:15:00Z,8.2.0,2021-04-01 20:53:21.924105+00:00,-61.7650240265625,1,BIT-pillow-2021-28675;CVE-2021-28675;GHSA-g6rj-rv7j-xwp4,-61.7650240265625,1
python-pillow/Pillow,pillow,PYSEC-2021-317,unknown,,2021-09-03T16:15:00Z,9e08eb8f78fdfd2f476e1b20b7cf38683754866b,,,0,BIT-pillow-2021-23437;CVE-2021-23437;GHSA-98vv-pw6r-q6q4;SNYK-PYTHON-PILLOW-1319443,1627.9688833406133,1
python-pillow/Pillow,pillow,PYSEC-2021-331,unknown,,2021-07-13T17:15:00Z,8.3.0,2021-07-01 06:49:15.521928+00:00,-12.434542570277776,1,BIT-pillow-2021-34552;CVE-2021-34552;GHSA-7534-mm45-c74v,-12.434542570277776,1
python-pillow/Pillow,pillow,PYSEC-2021-35,unknown,,2021-03-19T04:15:00Z,8.1.1,2021-03-02 00:42:40.168872+00:00,-17.147451749166667,1,BIT-pillow-2021-25289;CVE-2021-25289;GHSA-57h3-9rgr-c24m,-17.147451749166667,1
python-pillow/Pillow,pillow,PYSEC-2021-36,unknown,,2021-03-19T04:15:00Z,8.1.1,2021-03-02 00:42:40.168872+00:00,-17.147451749166667,1,BIT-pillow-2021-25290;CVE-2021-25290;GHSA-8xjq-8fcg-g5hw,-17.147451749166667,1
python-pillow/Pillow,pillow,PYSEC-2021-37,unknown,,2021-03-19T04:15:00Z,8.1.1,2021-03-02 00:42:40.168872+00:00,-17.147451749166667,1,BIT-pillow-2021-25291;CVE-2021-25291;GHSA-mvg9-xffr-p774,-17.147451749166667,1
python-pillow/Pillow,pillow,PYSEC-2021-38,unknown,,2021-03-19T04:15:00Z,8.1.1,2021-03-02 00:42:40.168872+00:00,-17.147451749166667,1,BIT-pillow-2021-25292;CVE-2021-25292;GHSA-9hx2-hgq2-2g4f,-17.147451749166667,1
python-pillow/Pillow,pillow,PYSEC-2021-39,unknown,,2021-03-19T04:15:00Z,8.1.1,2021-03-02 00:42:40.168872+00:00,-17.147451749166667,1,BIT-pillow-2021-25293;CVE-2021-25293;GHSA-p43w-g3c5-g5mq,-17.147451749166667,1
python-pillow/Pillow,pillow,PYSEC-2021-40,unknown,,2021-03-03T09:15:00Z,8.1.1,2021-03-02 00:42:40.168872+00:00,-1.3557850825,1,BIT-pillow-2021-27921;CVE-2021-27921;GHSA-f4w8-cv6p-x6r5,-1.3557850825,1
python-pillow/Pillow,pillow,PYSEC-2021-41,unknown,,2021-03-03T09:15:00Z,8.1.1,2021-03-02 00:42:40.168872+00:00,-1.3557850825,1,BIT-pillow-2021-27922;CVE-2021-27922;GHSA-3wvg-mj6g-m9cv,-1.3557850825,1
python-pillow/Pillow,pillow,PYSEC-2021-42,unknown,,2021-03-03T09:15:00Z,8.1.1,2021-03-02 00:42:40.168872+00:00,-1.3557850825,1,BIT-pillow-2021-27923;CVE-2021-27923;GHSA-95q3-8gr9-gm8w,-1.3557850825,1
python-pillow/Pillow,pillow,PYSEC-2021-69,unknown,,2021-01-12T09:15:00Z,8.1.0,2021-01-02 20:11:59.134832+00:00,-9.54376001351852,1,BIT-pillow-2020-35653;CVE-2020-35653;GHSA-f5g8-5qq7-938w,-9.54376001351852,1
python-pillow/Pillow,pillow,PYSEC-2021-70,unknown,,2021-01-12T09:15:00Z,8.1.0,2021-01-02 20:11:59.134832+00:00,-9.54376001351852,1,BIT-pillow-2020-35654;CVE-2020-35654;GHSA-vqcj-wrf2-7v73,-9.54376001351852,1
python-pillow/Pillow,pillow,PYSEC-2021-71,unknown,,2021-01-12T09:15:00Z,8.1.0,2021-01-02 20:11:59.134832+00:00,-9.54376001351852,1,BIT-pillow-2020-35655;CVE-2020-35655;GHSA-hf64-x4gq-p99h,-9.54376001351852,1
python-pillow/Pillow,pillow,PYSEC-2021-92,unknown,,2021-06-02T16:15:00Z,8.2.0,2021-04-01 20:53:21.924105+00:00,-61.80669069322917,1,BIT-pillow-2021-28676;CVE-2021-28676;GHSA-7r7m-5h27-29hp,-61.80669069322917,1
python-pillow/Pillow,pillow,PYSEC-2021-93,unknown,,2021-06-02T16:15:00Z,8.2.0,2021-04-01 20:53:21.924105+00:00,-61.80669069322917,1,BIT-pillow-2021-28677;CVE-2021-28677;GHSA-q5hq-fp76-qmrc,-61.80669069322917,1
python-pillow/Pillow,pillow,PYSEC-2021-94,unknown,,2021-06-02T16:15:00Z,8.2.0,2021-04-01 20:53:21.924105+00:00,-61.80669069322917,1,BIT-pillow-2021-28678;CVE-2021-28678;GHSA-hjfx-8p6c-g7gx,-61.80669069322917,1
python-pillow/Pillow,pillow,PYSEC-2022-10,unknown,,2022-01-10T14:12:00Z,9.0.0,2022-01-02 22:13:51.146060+00:00,-7.665380253935185,1,BIT-pillow-2022-22817;CVE-2022-22817;GHSA-8vj2-vxx3-667w,-7.665380253935185,1
python-pillow/Pillow,pillow,PYSEC-2022-168,unknown,,2022-03-28T02:15:00Z,9.0.1,2022-02-04 06:37:36.729538+00:00,-51.81763044516204,1,BIT-pillow-2022-24303;CVE-2022-24303;GHSA-9j59-75qj-795w,-51.81763044516204,1
python-pillow/Pillow,pillow,PYSEC-2022-42979,unknown,,2022-11-14T07:15:00Z,11918eac0628ec8ac0812670d9838361ead2d6a4,,,0,BIT-pillow-2022-45198;CVE-2022-45198;GHSA-m2vv-5vj5-2hm7,1191.3438833406133,1
python-pillow/Pillow,pillow,PYSEC-2022-42980,unknown,,2022-11-14T07:15:00Z,2444cddab2f83f28687c7c20871574acbb6dbcf3,,,0,BIT-pillow-2022-45199;CVE-2022-45199;GHSA-q4mp-jvh2-76fj,1191.3438833406133,1
python-pillow/Pillow,pillow,PYSEC-2022-43145,critical,CVSS:3.1/AV:N/AC:L/PR:N/UI:N/S:U/C:H/I:H/A:H,2022-05-25T12:15:00Z,9.1.1,2022-05-17 16:34:46.065514+00:00,-7.819605723217593,1,BIT-pillow-2022-30595;CVE-2022-30595;GHSA-hr8g-f6r6-mr22,-7.819605723217593,0
python-pillow/Pillow,pillow,PYSEC-2022-8,unknown,,2022-01-10T14:12:00Z,9.0.0,2022-01-02 22:13:51.146060+00:00,-7.665380253935185,1,BIT-pillow-2022-22815;CVE-2022-22815;GHSA-pw3c-h7wp-cvhx,-7.665380253935185,1
python-pillow/Pillow,pillow,PYSEC-2022-9,unknown,,2022-01-10T14:12:00Z,9.0.0,2022-01-02 22:13:51.146060+00:00,-7.665380253935185,1,BIT-pillow-2022-22816;CVE-2022-22816;GHSA-xrcv-f9gm-v42c,-7.665380253935185,1
python-pillow/Pillow,pillow,PYSEC-2023-175,unknown,,2023-09-20T05:46:53.608652Z,10.0.1,2023-09-15 13:56:57.712378+00:00,,1,,,1
python-pillow/Pillow,pillow,PYSEC-2023-227,unknown,,2023-11-03T05:15:00Z,1fe1bb49c452b0318cad12ea9d97c3bef188e9a7,,,0,BIT-pillow-2023-44271;CVE-2023-44271;GHSA-8ghj-p4vj-mr35,837.4272166739466,1
python-pillow/Pillow,pillow,PYSEC-2025-61,unknown,,2025-07-01T19:15:27Z,89f1f4626a2aaf5f3d5ca6437f41def2998fbe09,,,0,BIT-pillow-2025-48379;CVE-2025-48379;GHSA-xg8h-j46f-w952,230.84357084061344,1
opencv/opencv-python,opencv-python,GHSA-267x-w5hx-8hjr,critical,CVSS:3.0/AV:N/AC:L/PR:N/UI:R/S:U/C:H/I:H/A:H,2021-10-12T22:02:45Z,3.3.1.11,,,0,CVE-2017-12864,1588.7273902850577,0
opencv/opencv-python,opencv-python,GHSA-33h2-69j3-r336,critical,CVSS:3.0/AV:N/AC:L/PR:N/UI:R/S:U/C:H/I:H/A:H,2021-10-12T22:00:51Z,3.3.1.11,,,0,CVE-2017-12598,1588.7287097295025,0
opencv/opencv-python,opencv-python,GHSA-3448-vrgh-85xr,critical,CVSS:3.0/AV:N/AC:L/PR:N/UI:N/S:U/C:N/I:N/A:H,2021-10-12T22:21:43Z,4.1.1.26,2019-09-02 14:37:09.501389+00:00,-771.3226099376274,1,CVE-2019-14493,-771.3226099376274,0
opencv/opencv-python,opencv-python,GHSA-5rpc-gwh9-q9fg,critical,CVSS:3.0/AV:N/AC:L/PR:N/UI:R/S:U/C:H/I:H/A:H,2021-10-12T22:02:21Z,3.3.1.11,,,0,CVE-2017-12862,1588.7276680628356,0
opencv/opencv-python,opencv-python,GHSA-634c-v2xv-ffpg,high,CVSS:3.0/AV:N/AC:L/PR:N/UI:R/S:U/C:N/I:N/A:H,2021-10-12T22:02:51Z,3.3.1.11,,,0,CVE-2017-14136,1588.7273208406134,0
opencv/opencv-python,opencv-python,GHSA-6v6p-p97v-g2p7,critical,CVSS:3.0/AV:N/AC:L/PR:N/UI:R/S:U/C:H/I:H/A:H,2021-10-12T22:01:44Z,3.3.1.11,,,0,CVE-2017-12603,1588.7280963035762,0
opencv/opencv-python,opencv-python,GHSA-83rh-hx5x-q9p5,critical,CVSS:3.0/AV:N/AC:L/PR:N/UI:N/S:U/C:N/I:N/A:H,2021-10-12T22:03:23Z,3.4.1.15,2018-05-19 13:44:37.113697+00:00,-1242.3463644248034,1,CVE-2017-18009,-1242.3463644248034,0
opencv/opencv-python,opencv-python,GHSA-8849-5h85-98qw,high,CVSS:3.1/AV:L/AC:L/PR:L/UI:N/S:U/C:H/I:H/A:H,2021-10-12T22:22:17Z,,,,0,CVE-2019-9423,1588.713825470243,0
opencv/opencv-python,opencv-python,GHSA-89rj-5ggj-3p9p,medium,CVSS:3.0/AV:L/AC:L/PR:N/UI:R/S:U/C:N/I:N/A:H,2021-10-12T22:03:41Z,3.4.1.15,2018-05-19 13:44:37.113697+00:00,-1242.3465727581367,1,CVE-2018-5269,-1242.3465727581367,0
opencv/opencv-python,opencv-python,GHSA-8w3x-457r-wg53,critical,CVSS:3.0/AV:N/AC:L/PR:N/UI:R/S:U/C:H/I:H/A:H,2021-10-12T22:00:41Z,3.3.1.11,,,0,CVE-2017-12597,1588.728825470243,0
opencv/opencv-python,opencv-python,GHSA-9g8h-pjm4-q92p,medium,CVSS:3.0/AV:L/AC:L/PR:N/UI:R/S:U/C:N/I:N/A:H,2021-10-12T22:23:41Z,3.4.1.15,2018-05-19 13:44:37.113697+00:00,-1242.3604616470257,1,CVE-2018-5268,-1242.3604616470257,0
opencv/opencv-python,opencv-python,GHSA-c7gp-2pch-qh2v,critical,CVSS:3.0/AV:N/AC:L/PR:N/UI:R/S:U/C:H/I:H/A:H,2021-10-12T22:01:55Z,3.3.1.11,,,0,CVE-2017-12604,1588.7279689887614,0
opencv/opencv-python,opencv-python,GHSA-cvhw-2593-5j2q,critical,CVSS:3.0/AV:N/AC:L/PR:N/UI:R/S:U/C:H/I:H/A:H,2021-10-12T22:00:08Z,3.3.1.11,,,0,CVE-2016-1516,1588.7292074146874,0
opencv/opencv-python,opencv-python,GHSA-fffj-9qwg-qmh5,medium,CVSS:3.0/AV:L/AC:L/PR:N/UI:R/S:U/C:N/I:N/A:H,2021-10-12T22:00:31Z,3.3.1.11,,,0,CVE-2016-1517,1588.7289412109835,0
opencv/opencv-python,opencv-python,GHSA-fm39-cw8h-3p63,critical,CVSS:3.0/AV:N/AC:L/PR:N/UI:N/S:U/C:L/I:N/A:H,2021-10-12T22:07:14Z,3.4.7.28,2019-09-13 06:16:21.222911+00:00,-760.6603330681597,1,CVE-2019-14491,-760.6603330681597,0
opencv/opencv-python,opencv-python,GHSA-fr58-2xhv-qp3w,critical,CVSS:3.0/AV:N/AC:L/PR:N/UI:N/S:U/C:N/I:N/A:H,2021-10-12T22:01:16Z,3.3.1.11,,,0,CVE-2017-12600,1588.7284203776503,0
opencv/opencv-python,opencv-python,GHSA-fvq6-392h-6mjj,critical,CVSS:3.0/AV:N/AC:L/PR:N/UI:R/S:U/C:H/I:H/A:H,2021-10-12T22:01:08Z,3.3.1.11,,,0,CVE-2017-12599,1588.728512970243,0
opencv/opencv-python,opencv-python,GHSA-fw99-f933-rgh8,critical,CVSS:3.1/AV:N/AC:L/PR:N/UI:N/S:U/C:N/I:N/A:H,2021-10-12T22:09:31Z,3.4.7.28,2019-09-13 06:16:21.222911+00:00,-760.6619187163079,1,CVE-2019-14492,-760.6619187163079,0
opencv/opencv-python,opencv-python,GHSA-hxfw-jm98-v4mq,critical,CVSS:3.1/AV:N/AC:H/PR:N/UI:N/S:U/C:N/I:N/A:H,2021-10-12T22:21:56Z,4.1.1.26,2019-09-02 14:37:09.501389+00:00,-771.3227604005904,1,CVE-2019-15939,-771.3227604005904,0
opencv/opencv-python,opencv-python,GHSA-jcxv-2j3h-mg59,high,CVSS:3.0/AV:N/AC:L/PR:N/UI:R/S:U/C:N/I:N/A:H,2021-10-12T22:03:09Z,3.4.0.12,,,0,CVE-2017-17760,1588.72711250728,0
opencv/opencv-python,opencv-python,GHSA-jggw-2q6g-c3m6,high,CVSS:3.1/AV:N/AC:L/PR:N/UI:N/S:U/C:L/I:N/A:L,2021-10-12T22:22:58Z,4.1.0.25,2019-04-11 21:57:22.655547+00:00,-915.017770190428,1,CVE-2019-19624,-915.017770190428,0
opencv/opencv-python,opencv-python,GHSA-m43c-649m-pm48,critical,CVSS:3.0/AV:N/AC:L/PR:N/UI:R/S:U/C:H/I:H/A:H,2021-10-12T22:03:32Z,3.3.1.11,,,0,CVE-2017-1000450,1588.7268463035762,0
opencv/opencv-python,opencv-python,GHSA-m6vm-8g8v-xfjh,critical,CVSS:3.1/AV:N/AC:L/PR:N/UI:R/S:U/C:H/I:H/A:H,2021-10-12T22:23:13Z,,,,0,CVE-2019-5063,1588.713177322095,0
opencv/opencv-python,opencv-python,GHSA-pqjj-6f5q-gqph,critical,CVSS:3.0/AV:N/AC:L/PR:N/UI:N/S:U/C:N/I:N/A:H,2021-10-12T22:01:34Z,3.3.1.11,,,0,CVE-2017-12602,1588.728212044317,0
opencv/opencv-python,opencv-python,GHSA-q799-q27x-vp7w,critical,CVSS:3.1/AV:N/AC:L/PR:N/UI:R/S:U/C:H/I:H/A:H,2021-10-12T22:23:21Z,4.2.0.32,2020-02-02 19:18:46.562504+00:00,-618.1281763599073,1,CVE-2019-5064,-618.1281763599073,0
opencv/opencv-python,opencv-python,GHSA-qr4w-53vh-m672,critical,CVSS:3.1/AV:N/AC:L/PR:N/UI:R/S:U/C:H/I:H/A:H,2024-08-30T23:37:20Z,4.8.1.78,2023-09-28 11:00:22.939599+00:00,-337.52566042130786,1,,-337.52566042130786,0
opencv/opencv-python,opencv-python,GHSA-rqxg-xvcq-3v2f,critical,CVSS:3.0/AV:N/AC:L/PR:N/UI:R/S:U/C:H/I:H/A:H,2021-10-12T22:02:04Z,3.3.1.11,,,0,CVE-2017-12605,1588.7278648220947,0
opencv/opencv-python,opencv-python,GHSA-vc29-rj92-gc7j,critical,CVSS:3.0/AV:N/AC:L/PR:N/UI:R/S:U/C:H/I:H/A:H,2021-10-12T22:02:12Z,3.3.1.11,,,0,CVE-2017-12606,1588.727772229502,0
opencv/opencv-python,opencv-python,GHSA-w96g-3p64-63wr,critical,CVSS:3.0/AV:N/AC:L/PR:N/UI:R/S:U/C:H/I:H/A:H,2021-10-12T22:01:23Z,3.3.1.11,,,0,CVE-2017-12601,1588.7283393591315,0
opencv/opencv-python,opencv-python,GHSA-wq8f-wvqp-xvvm,critical,CVSS:3.0/AV:N/AC:L/PR:N/UI:R/S:U/C:H/I:H/A:H,2021-10-12T22:02:35Z,3.3.1.11,,,0,CVE-2017-12863,1588.7275060257984,0
opencv/opencv-python,opencv-python,GHSA-x3rm-644h-67m8,high,CVSS:3.1/AV:N/AC:L/PR:N/UI:N/S:U/C:L/I:N/A:N,2021-10-12T22:22:05Z,4.1.2.30,2019-11-21 23:46:45.389979+00:00,-690.9411991900579,1,CVE-2019-16249,-690.9411991900579,0
opencv/opencv-python,opencv-python,PYSEC-2023-183,unknown,,2023-09-29T21:31:40.016332Z,4.8.1.78,2023-09-28 11:00:22.939599+00:00,,1,,,1
nltk/nltk,nltk,GHSA-2ww3-fxvq-293j,critical,CVSS:3.1/AV:N/AC:L/PR:N/UI:N/S:U/C:N/I:N/A:H,2021-09-29T17:14:53Z,3.6.4,2021-10-01 01:58:39.898963+00:00,1.3637372565162036,1,CVE-2021-3828;PYSEC-2021-356,1.3637372565162036,0
nltk/nltk,nltk,GHSA-cgvx-9447-vcch,critical,CVSS:3.1/AV:N/AC:H/PR:N/UI:R/S:U/C:H/I:H/A:H,2024-06-28T00:33:31Z,3.9,2024-08-18 07:35:39.898916+00:00,51.29315855226852,1,CVE-2024-39705;PYSEC-2024-167,51.29315855226852,0
nltk/nltk,nltk,GHSA-f8m6-h2c7-8h9x,critical,CVSS:3.1/AV:N/AC:L/PR:N/UI:N/S:U/C:N/I:N/A:H,2022-01-06T17:38:45Z,3.6.6,2021-12-21 02:16:04.443803+00:00,-16.64074717820602,1,CVE-2021-43854;PYSEC-2021-859,-16.64074717820602,0
nltk/nltk,nltk,GHSA-mr7p-25v2-35wr,critical,CVSS:3.0/AV:N/AC:L/PR:N/UI:N/S:U/C:N/I:H/A:N,2019-08-23T21:53:51Z,3.4.5,2019-08-20 10:55:21.854623+00:00,-3.457281775196759,1,CVE-2019-14751;PYSEC-2019-106,-3.457281775196759,0
nltk/nltk,nltk,GHSA-rqjh-jp2r-59cj,critical,CVSS:3.0/AV:N/AC:L/PR:N/UI:N/S:U/C:N/I:N/A:H,2022-01-06T22:24:14Z,3.6.6,2021-12-21 02:16:04.443803+00:00,-16.838999493020832,1,CVE-2021-3842;PYSEC-2022-5,-16.838999493020832,0
nltk/nltk,nltk,PYSEC-2019-106,unknown,,2019-08-22T16:15:00Z,f59d7ed8df2e0e957f7f247fe218032abdbe9a10,,,0,CVE-2019-14751;GHSA-mr7p-25v2-35wr,2370.968883340613,1
nltk/nltk,nltk,PYSEC-2021-356,unknown,,2021-09-27T13:15:00Z,277711ab1dec729e626b27aab6fa35ea5efbd7e6,,,0,CVE-2021-3828;GHSA-2ww3-fxvq-293j,1604.0938833406133,1
nltk/nltk,nltk,PYSEC-2021-859,unknown,,2021-12-23T18:15:00Z,1405aad979c6b8080dbbc8e0858f89b2e3690341,,,0,CVE-2021-43854;GHSA-f8m6-h2c7-8h9x,1516.88555000728,1
nltk/nltk,nltk,PYSEC-2022-5,unknown,,2022-01-04T15:15:00Z,2a50a3edc9d35f57ae42a921c621edc160877f4d,,,0,CVE-2021-3842;GHSA-rqjh-jp2r-59cj,1505.01055000728,1
nltk/nltk,nltk,PYSEC-2024-167,unknown,,2024-06-27T22:15:10Z,3.9,2024-08-18 07:35:39.898916+00:00,51.389234941157405,1,CVE-2024-39705;GHSA-cgvx-9447-vcch,51.389234941157405,1
sqlalchemy/sqlalchemy,sqlalchemy,GHSA-38fc-9xqv-7f7q,high,CVSS:3.0/AV:L/AC:L/PR:N/UI:R/S:U/C:H/I:H/A:H,2019-04-16T15:50:39Z,1.2.19,2019-04-15 16:20:09.466246+00:00,-0.9795084925231482,1,CVE-2019-7548;PYSEC-2019-124,-0.9795084925231482,0
sqlalchemy/sqlalchemy,sqlalchemy,GHSA-887w-45rq-vxgf,critical,CVSS:3.0/AV:N/AC:L/PR:N/UI:N/S:U/C:H/I:H/A:H,2019-04-16T15:50:41Z,1.3.0b3,2019-02-08 20:19:23.399939+00:00,-66.81339814885418,1,CVE-2019-7164;PYSEC-2019-123,-66.81339814885418,0
sqlalchemy/sqlalchemy,sqlalchemy,GHSA-hfg2-wf6j-x53p,critical,CVSS:3.1/AV:N/AC:L/PR:N/UI:N/S:U/C:H/I:H/A:H,2022-05-14T03:49:27Z,0.7.0b4,,,0,CVE-2012-0805;PYSEC-2012-9,1375.486626396169,0
sqlalchemy/sqlalchemy,sqlalchemy,PYSEC-2012-9,unknown,,2012-06-05T22:55:00Z,0.7.0,2011-05-21 00:35:41.047032+00:00,-381.9300804741667,1,CVE-2012-0805;GHSA-hfg2-wf6j-x53p,-381.9300804741667,1
sqlalchemy/sqlalchemy,sqlalchemy,PYSEC-2019-123,unknown,,2019-02-20T00:29:00Z,1.2.18,2019-02-15 18:08:37.937464+00:00,-4.264144242314814,1,CVE-2019-7164;GHSA-887w-45rq-vxgf,-4.264144242314814,1
sqlalchemy/sqlalchemy,sqlalchemy,PYSEC-2019-124,unknown,,2019-02-06T21:29:00Z,1.2.18,2019-02-15 18:08:37.937464+00:00,8.860855757685185,1,CVE-2019-7548;GHSA-38fc-9xqv-7f7q,8.860855757685185,1
mongodb/mongo-python-driver,pymongo,GHSA-m87m-mmvp-v9qm,high,CVSS:3.1/AV:N/AC:H/PR:N/UI:R/S:C/C:L/I:N/A:L,2024-06-05T15:30:39Z,4.6.3,2024-03-28 01:22:08.010398+00:00,-69.58924756483796,1,CVE-2024-5629,-69.58924756483796,0
mongodb/mongo-python-driver,pymongo,GHSA-x33v-f3gp-gw2c,high,CVSS:4.0/AV:N/AC:L/AT:N/PR:N/UI:N/VC:N/VI:N/VA:L/SC:N/SI:N/SA:N,2022-05-14T02:10:10Z,2.5.2,2013-06-01 18:01:43.007674+00:00,-3268.33920130007,1,CVE-2013-2132;PYSEC-2013-30,-3268.33920130007,0
mongodb/mongo-python-driver,pymongo,PYSEC-2013-30,unknown,,2013-08-15T17:55:00Z,a060c15ef87e0f0e72974c7c0e57fe811bbd06a2,,,0,CVE-2013-2132;GHSA-x33v-f3gp-gw2c,4568.899438896169,1
redis/redis-py,redis,GHSA-24wv-mv5m-xv4h,high,CVSS:3.1/AV:N/AC:H/PR:N/UI:N/S:U/C:L/I:N/A:N,2023-03-26T21:30:23Z,4.4.3,2023-03-22 16:17:08.742360+00:00,-4.217526130092593,1,CVE-2023-28858;PYSEC-2023-45,-4.217526130092593,0
redis/redis-py,redis,GHSA-8fww-64cx-x8p5,high,CVSS:3.1/AV:N/AC:L/PR:L/UI:N/S:U/C:H/I:N/A:N,2023-03-26T21:30:23Z,4.5.4,2023-03-29 13:31:06.319072+00:00,2.667168044814815,1,CVE-2023-28859;PYSEC-2023-46,2.667168044814815,0
redis/redis-py,redis,PYSEC-2023-45,unknown,,2023-03-26T19:15:00Z,4.3.6,2023-03-22 16:24:16.398830+00:00,-4.118560198726851,1,CVE-2023-28858;GHSA-24wv-mv5m-xv4h,-4.118560198726851,1
redis/redis-py,redis,PYSEC-2023-46,unknown,,2023-03-26T19:15:00Z,4.4.4,2023-03-29 13:56:53.197776+00:00,2.779087937222222,1,CVE-2023-28859;GHSA-8fww-64cx-x8p5,2.779087937222222,1
celery/celery,celery,GHSA-q4xr-rc97-m4xx,critical,CVSS:3.1/AV:N/AC:H/PR:L/UI:N/S:U/C:H/I:H/A:H,2022-01-06T22:22:02Z,5.2.2,2021-12-26 14:31:56.465926+00:00,-11.326452940671295,1,CVE-2021-23727;PYSEC-2021-858;SNYK-PYTHON-CELERY-2314953,-11.326452940671295,0
celery/celery,celery,GHSA-rpc6-h455-3rx5,unknown,,2022-05-17T05:36:00Z,2.2.8,2011-11-25 17:54:23.954411+00:00,-3825.487222749872,1,CVE-2011-4356;PYSEC-2011-17,-3825.487222749872,1
celery/celery,celery,PYSEC-2011-17,unknown,,2011-12-05T11:55:00Z,2.2.8,2011-11-25 17:54:23.954411+00:00,-9.75041719431713,1,CVE-2011-4356;GHSA-rpc6-h455-3rx5,-9.75041719431713,1
celery/celery,celery,PYSEC-2021-858,unknown,,2021-12-29T17:15:00Z,5.2.2,2021-12-26 14:31:56.465926+00:00,-3.113235348078704,1,CVE-2021-23727;GHSA-q4xr-rc97-m4xx;SNYK-PYTHON-CELERY-2314953,-3.113235348078704,1
MagicStack/asyncpg,asyncpg,GHSA-2xpj-f5g2-8p7m,critical,CVSS:3.1/AV:N/AC:L/PR:N/UI:N/S:U/C:H/I:H/A:H,2021-04-20T16:30:51Z,0.21.0,2020-08-09 22:27:42.417724+00:00,-253.7521826652315,1,CVE-2020-17446;PYSEC-2020-24,-253.7521826652315,0
MagicStack/asyncpg,asyncpg,PYSEC-2020-24,unknown,,2020-08-12T16:15:00Z,0.21.0,2020-08-09 22:27:42.417724+00:00,-2.741175720787037,1,CVE-2020-17446;GHSA-2xpj-f5g2-8p7m,-2.741175720787037,1
aio-libs/aiomysql,aiomysql,GHSA-r397-ff8c-wv2g,critical,CVSS:4.0/AV:N/AC:L/AT:P/PR:N/UI:N/VC:H/VI:N/VA:N/SC:N/SI:N/SA:N,2025-10-22T16:47:10Z,0.3.0,2025-10-21 22:33:37.468200+00:00,-0.7594043032407407,1,CVE-2025-62611,-0.7594043032407407,0
tortoise/tortoise-orm,tortoise-orm,GHSA-9j2c-x8qm-qmjq,high,CVSS:3.1/AV:N/AC:L/PR:L/UI:N/S:U/C:L/I:L/A:L,2020-04-20T21:31:23Z,0.15.23,2020-04-18 18:44:45.503248+00:00,-2.115711767962963,1,CVE-2020-11010;PYSEC-2020-144,-2.115711767962963,0
tortoise/tortoise-orm,tortoise-orm,PYSEC-2020-144,unknown,,2020-04-20T22:15:00Z,91c364053e0ddf77edc5442914c6f049512678b3,,,0,CVE-2020-11010;GHSA-9j2c-x8qm-qmjq,2128.718883340613,1
psf/black,black,GHSA-fj7x-q9j7-g6q6,high,CVSS:3.1/AV:N/AC:L/PR:N/UI:N/S:U/C:N/I:N/A:L,2024-03-19T06:30:52Z,24.3.0,2024-03-15 19:43:32.908421+00:00,-3.4495265229050927,1,CVE-2024-21503;PYSEC-2024-48,-3.4495265229050927,0
psf/black,black,PYSEC-2024-48,unknown,,2024-03-19T05:15:00Z,f00093672628d212b8965a8993cee8bedf5fe9b8,,,0,CVE-2024-21503;GHSA-fj7x-q9j7-g6q6,700.4272166739468,1
tqdm/tqdm,tqdm,GHSA-g7vv-2v7x-gj9p,medium,CVSS:3.1/AV:L/AC:L/PR:L/UI:R/S:U/C:L/I:L/A:N,2024-05-03T19:33:28Z,4.66.3,2024-05-02 21:44:01.541578+00:00,-0.9093340095138888,1,CVE-2024-34062,-0.9093340095138888,0
tqdm/tqdm,tqdm,GHSA-r7q7-xcjw-qx8q,high,CVSS:3.0/AV:L/AC:L/PR:L/UI:N/S:U/C:H/I:H/A:H,2022-05-14T02:19:48Z,4.11.2,2017-01-24 00:02:10.796606+00:00,-1936.0955694837269,1,CVE-2016-10075;PYSEC-2017-74,-1936.0955694837269,0
tqdm/tqdm,tqdm,PYSEC-2017-74,unknown,,2017-01-19T20:59:00Z,4.11.2,2017-01-24 00:02:10.796606+00:00,4.127208294050925,1,CVE-2016-10075;GHSA-r7q7-xcjw-qx8q,4.127208294050925,1
gevent/gevent,gevent,GHSA-x7m3-jprg-wc5g,critical,CVSS:3.1/AV:N/AC:L/PR:N/UI:N/S:U/C:H/I:H/A:H,2023-09-25T12:30:44Z,23.9.0,2023-09-01 23:35:27.614954+00:00,-23.538384086180557,1,CVE-2023-41419;PYSEC-2023-177,-23.538384086180557,0
gevent/gevent,gevent,PYSEC-2023-177,unknown,,2023-09-25T12:15:00Z,2f53c851eaf926767fbac62385615efd4886221c,,,0,CVE-2023-41419;GHSA-x7m3-jprg-wc5g,876.13555000728,1
pydantic/pydantic,pydantic,GHSA-5jqp-qgf6-3pvh,medium,CVSS:3.1/AV:L/AC:L/PR:N/UI:R/S:U/C:N/I:N/A:L,2021-05-13T20:23:17Z,1.6.2,2021-05-11 19:32:31.557059+00:00,-2.0352481821875,1,CVE-2021-29510;PYSEC-2021-47,-2.0352481821875,0
pydantic/pydantic,pydantic,GHSA-mr82-8j83-vxmv,critical,CVSS:3.1/AV:N/AC:H/PR:N/UI:N/S:U/C:N/I:N/A:H,2024-04-15T03:31:00Z,2.4.0,2023-09-25 13:59:58.122512+00:00,-202.5632161746296,1,CVE-2024-3772,-202.5632161746296,0
pydantic/pydantic,pydantic,PYSEC-2021-47,unknown,,2021-05-13T19:15:00Z,7e83fdd2563ffac081db7ecdf1affa65ef38c468,,,0,CVE-2021-29510;GHSA-5jqp-qgf6-3pvh,1740.8438833406133,1
marshmallow-code/marshmallow,marshmallow,GHSA-428g-f7cq-pgp5,high,CVSS:3.1/AV:N/AC:L/PR:N/UI:N/S:U/C:N/I:N/A:L,2025-12-22T20:20:07Z,3.26.2,2025-12-22 06:53:51.801503+00:00,-0.5598981307523148,1,CVE-2025-68480,-0.5598981307523148,0
marshmallow-code/marshmallow,marshmallow,GHSA-9q2p-fj49-vpxj,high,CVSS:3.1/AV:N/AC:L/PR:N/UI:N/S:U/C:L/I:N/A:N,2018-10-10T16:10:46Z,2.15.1,2018-04-26 02:14:27.348758+00:00,-167.580771426412,1,CVE-2018-17175;PYSEC-2018-67,-167.580771426412,0
marshmallow-code/marshmallow,marshmallow,PYSEC-2018-67,unknown,,2018-09-18T17:29:00Z,2.15.1,2018-04-26 02:14:27.348758+00:00,-145.63510013011572,1,CVE-2018-17175;GHSA-9q2p-fj49-vpxj,-145.63510013011572,1
ijl/orjson,orjson,GHSA-hx9q-6w63-j58v,high,CVSS:4.0/AV:N/AC:L/AT:N/PR:N/UI:N/VC:N/VI:N/VA:L/SC:N/SI:N/SA:N/E:P,2026-01-22T18:30:33Z,,,,0,CVE-2025-67221,25.874751396168985,0
ijl/orjson,orjson,GHSA-pwr2-4v36-6qpr,critical,CVSS:3.1/AV:N/AC:L/PR:N/UI:N/S:U/C:N/I:N/A:H,2024-02-26T18:30:31Z,3.9.15,2024-02-23 17:28:04.291396+00:00,-3.0433646829166663,1,CVE-2024-27454;PYSEC-2024-40,-3.0433646829166663,0
ijl/orjson,orjson,PYSEC-2024-40,unknown,,2024-02-26T16:28:00Z,b0e4d2c06ce06c6e63981bf0276e4b7c74e5845e,,,0,CVE-2024-27454;GHSA-pwr2-4v36-6qpr,721.9598555628357,1
ultrajson/ultrajson,ujson,GHSA-fh56-85cw-5pq6,medium,CVSS:3.1/AV:L/AC:L/PR:N/UI:R/S:U/C:N/I:N/A:H,2022-01-21T23:27:45Z,5.2.0,2022-04-05 21:32:23.306306+00:00,73.91988780446759,1,CVE-2021-45958;PYSEC-2022-25,73.91988780446759,0
ultrajson/ultrajson,ujson,GHSA-fm67-cv37-96ff,critical,CVSS:3.1/AV:N/AC:H/PR:N/UI:N/S:U/C:N/I:N/A:H,2022-07-05T21:05:59Z,5.4.0,2022-07-02 05:31:48.518065+00:00,-3.64873242980324,1,CVE-2022-31117,-3.64873242980324,0
ultrajson/ultrajson,ujson,GHSA-wpqr-jcpx-745r,critical,CVSS:3.1/AV:N/AC:L/PR:N/UI:N/S:U/C:N/I:N/A:H,2022-07-05T21:06:00Z,5.4.0,2022-07-02 05:31:48.518065+00:00,-3.6487440038773142,1,CVE-2022-31116,-3.6487440038773142,0
ultrajson/ultrajson,ujson,OSV-2021-1809,unknown,,2022-02-25T00:00:25.106722Z,f6860f1f3d8d4e92b9be0e5815355a8976c6e75b,,,0,,,1
ultrajson/ultrajson,ujson,OSV-2021-955,unknown,,2021-07-11T00:01:05.153778Z,f6860f1f3d8d4e92b9be0e5815355a8976c6e75b,,,0,,,1
ultrajson/ultrajson,ujson,PYSEC-2022-25,unknown,,2022-01-01T00:15:00Z,5.1.0,2021-12-20 13:04:11.597980+00:00,-11.465837986342594,1,CVE-2021-45958;GHSA-fh56-85cw-5pq6,-11.465837986342594,1
yaml/pyyaml,pyyaml,GHSA-3pqx-4fqf-j49f,critical,CVSS:3.1/AV:N/AC:L/PR:N/UI:N/S:U/C:H/I:H/A:H,2021-04-20T16:40:42Z,5.2,2019-12-02 21:35:31.150155+00:00,-504.7952644657986,1,CVE-2019-20477;PYSEC-2020-176,-504.7952644657986,0
yaml/pyyaml,pyyaml,GHSA-6757-jp84-gxfx,critical,CVSS:3.1/AV:N/AC:L/PR:N/UI:N/S:U/C:H/I:H/A:H,2021-04-20T16:14:24Z,5.3.1,2020-03-18 21:41:00.814795+00:00,-397.7731850139467,1,CVE-2020-1747;PYSEC-2020-96,-397.7731850139467,0
yaml/pyyaml,pyyaml,GHSA-8q59-q68h-6hv4,critical,CVSS:3.1/AV:N/AC:L/PR:N/UI:N/S:U/C:H/I:H/A:H,2021-03-25T21:26:26Z,5.4,2021-01-19 20:54:14.721571+00:00,-65.02235275959491,1,CVE-2020-14343;PYSEC-2021-142,-65.02235275959491,0
yaml/pyyaml,pyyaml,GHSA-rprw-h62v-c2w7,critical,CVSS:3.1/AV:N/AC:L/PR:N/UI:N/S:U/C:H/I:H/A:H,2019-01-04T17:45:26Z,4.1,,,0,CVE-2017-18342;PYSEC-2018-49,2600.9060824146877,0
yaml/pyyaml,pyyaml,PYSEC-2018-49,unknown,,2018-06-27T12:29:00Z,5.1,2019-03-13 16:35:30.601054+00:00,259.1711875121991,1,CVE-2017-18342;GHSA-rprw-h62v-c2w7,259.1711875121991,1
yaml/pyyaml,pyyaml,PYSEC-2020-176,unknown,,2020-02-19T04:15:00Z,5.2b1,2019-11-26 19:16:29.735228+00:00,-84.37396139782408,1,CVE-2019-20477;GHSA-3pqx-4fqf-j49f,-84.37396139782408,1
yaml/pyyaml,pyyaml,PYSEC-2020-96,unknown,,2020-03-24T15:15:00Z,5.3.1,2020-03-18 21:41:00.814795+00:00,-5.731935013946759,1,CVE-2020-1747;GHSA-6757-jp84-gxfx,-5.731935013946759,1
yaml/pyyaml,pyyaml,PYSEC-2021-142,unknown,,2021-02-09T21:15:00Z,5.4,2021-01-19 20:54:14.721571+00:00,-21.01441294478009,1,CVE-2020-14343;GHSA-8q59-q68h-6hv4,-21.01441294478009,1
pyca/cryptography,cryptography,GHSA-39hc-v87j-747x,unknown,,2022-11-02T18:11:56Z,38.0.3,2022-11-01 21:47:28.661571+00:00,-0.8503164170023148,1,,-0.8503164170023148,1
pyca/cryptography,cryptography,GHSA-3ww4-gg4f-jr7f,critical,CVSS:3.1/AV:N/AC:L/PR:N/UI:N/S:U/C:H/I:N/A:N,2024-02-05T21:30:31Z,42.0.0,2024-01-23 01:19:56.192922+00:00,-13.84068063747685,1,CVE-2023-50782,-13.84068063747685,0
pyca/cryptography,cryptography,GHSA-5cpq-8wj7-hf2v,unknown,,2023-06-02T17:13:10Z,41.0.0,2023-05-30 21:47:16.760528+00:00,-2.80964397537037,1,,-2.80964397537037,1
pyca/cryptography,cryptography,GHSA-6vqw-3v5j-54x4,critical,CVSS:3.1/AV:N/AC:L/PR:N/UI:N/S:U/C:N/I:N/A:H,2024-02-21T18:04:40Z,42.0.4,2024-02-21 03:06:15.711479+00:00,-0.6238922282523148,1,CVE-2024-26130;PYSEC-2024-225,-0.6238922282523148,0
pyca/cryptography,cryptography,GHSA-79v4-65xg-pq4g,unknown,,2025-02-11T18:06:42Z,44.0.1,2025-02-11 15:49:32.752589+00:00,-0.0952459191087963,1,CVE-2024-12797,-0.0952459191087963,1
pyca/cryptography,cryptography,GHSA-9v9h-cgj8-h64p,medium,CVSS:3.1/AV:L/AC:L/PR:N/UI:R/S:U/C:N/I:N/A:H,2024-01-26T09:30:23Z,42.0.2,2024-01-30 17:35:01.256321+00:00,4.336553892604167,1,CVE-2024-0727,4.336553892604167,0
pyca/cryptography,cryptography,GHSA-cf7p-gm2m-833m,critical,CVSS:3.1/AV:N/AC:L/PR:N/UI:N/S:U/C:N/I:H/A:N,2023-07-14T21:31:08Z,41.0.2,2023-07-11 03:25:39.146054+00:00,-3.7538061799305553,1,CVE-2023-38325;PYSEC-2023-112,-3.7538061799305553,0
pyca/cryptography,cryptography,GHSA-fcf9-3qw3-gxmj,critical,CVSS:3.0/AV:N/AC:L/PR:N/UI:N/S:U/C:H/I:N/A:N,2018-07-31T18:28:09Z,2.3,2018-07-18 12:11:50.493049+00:00,-13.261325311932872,1,CVE-2018-10903;PYSEC-2018-52,-13.261325311932872,0
pyca/cryptography,cryptography,GHSA-h4gh-qq45-vh27,unknown,,2024-09-03T21:59:48Z,43.0.1,2024-09-03 20:04:14.466826+00:00,-0.0802492265509259,1,,-0.0802492265509259,1
pyca/cryptography,cryptography,GHSA-hggm-jpg3-v476,high,CVSS:3.1/AV:N/AC:H/PR:N/UI:N/S:U/C:H/I:N/A:N,2020-10-27T20:33:13Z,3.2,2020-10-26 02:17:49.584953+00:00,-1.7606876741550923,1,CVE-2020-25659;PYSEC-2021-62,-1.7606876741550923,0
pyca/cryptography,cryptography,GHSA-jfhm-5ghh-2f97,critical,CVSS:3.1/AV:N/AC:H/PR:N/UI:N/S:U/C:N/I:N/A:H,2023-11-28T20:46:46Z,41.0.6,2023-11-27 19:50:29.682914+00:00,-1.0390777440509258,1,CVE-2023-49083;PYSEC-2023-254,-1.0390777440509258,0
pyca/cryptography,cryptography,GHSA-jm77-qphf-c4w8,unknown,,2023-08-01T22:34:41Z,41.0.3,2023-08-01 20:36:02.382101+00:00,-0.0823914108680555,1,,-0.0823914108680555,1
pyca/cryptography,cryptography,GHSA-q3cj-2r34-2cwc,critical,CVSS:3.0/AV:N/AC:L/PR:N/UI:N/S:U/C:N/I:H/A:N,2022-05-17T02:51:56Z,1.5.3,2016-11-06 04:18:56.782416+00:00,-2017.9395742775928,1,CVE-2016-9243;PYSEC-2017-8,-2017.9395742775928,0
pyca/cryptography,cryptography,GHSA-r6ph-v2qm-q3c2,critical,CVSS:4.0/AV:N/AC:H/AT:N/PR:N/UI:N/VC:H/VI:N/VA:N/SC:N/SI:N/SA:N/E:X/CR:X/IR:X/AR:X/MAV:X/MAC:X/MAT:X/MPR:X/MUI:X/MVC:X/MVI:X/MVA:X/MSC:X/MSI:X/MSA:X/S:X/AU:X/R:X/V:X/RE:X/U:X,2026-02-10T21:27:06Z,46.0.5,2026-02-10 19:17:08.274361+00:00,-0.0902514541550926,1,CVE-2026-26007,-0.0902514541550926,0
pyca/cryptography,cryptography,GHSA-rhm9-p9w5-fwm7,critical,CVSS:3.1/AV:N/AC:L/PR:N/UI:N/S:U/C:H/I:N/A:H,2021-02-10T01:32:27Z,3.3.2,2021-02-07 17:00:02.969660+00:00,-2.3558336844907406,1,CVE-2020-36242;PYSEC-2021-63,-2.3558336844907406,0
pyca/cryptography,cryptography,GHSA-v8gr-m533-ghj9,unknown,,2023-09-21T17:07:01Z,41.0.4,2023-09-19 16:32:12.996619+00:00,-2.024166705798611,1,,-2.024166705798611,1
pyca/cryptography,cryptography,GHSA-w7pp-m8wf-vj6r,high,CVSS:3.1/AV:N/AC:L/PR:N/UI:N/S:U/C:N/I:L/A:L,2023-02-07T20:54:10Z,39.0.1,2023-02-07 19:40:21.187539+00:00,-0.0512594034837963,1,CVE-2023-23931,-0.0512594034837963,0
pyca/cryptography,cryptography,GHSA-x4qr-2fvf-3mr5,critical,CVSS:3.1/AV:N/AC:H/PR:N/UI:N/S:U/C:H/I:N/A:H,2023-02-08T22:17:06Z,39.0.1,2023-02-07 19:40:21.187539+00:00,-1.1088519960763887,1,CVE-2023-0286;RUSTSEC-2023-0006,-1.1088519960763887,0
pyca/cryptography,cryptography,PYSEC-2017-8,unknown,,2017-03-27T17:59:00Z,b924696b2e8731f39696584d12cceeb3aeb2d874,,,0,CVE-2016-9243;GHSA-q3cj-2r34-2cwc,3248.896661118391,1
pyca/cryptography,cryptography,PYSEC-2018-52,unknown,,2018-07-30T16:29:00Z,2.3,2018-07-18 12:11:50.493049+00:00,-12.178582256377316,1,CVE-2018-10903;GHSA-fcf9-3qw3-gxmj,-12.178582256377316,1
pyca/cryptography,cryptography,PYSEC-2021-62,unknown,,2021-01-11T16:15:00Z,3.2.1,2020-10-28 03:24:22.296121+00:00,-75.53515860971065,1,CVE-2020-25659;GHSA-hggm-jpg3-v476,-75.53515860971065,1
pyca/cryptography,cryptography,PYSEC-2021-63,unknown,,2021-02-07T20:15:00Z,3.3.2,2021-02-07 17:00:02.969660+00:00,-0.1353822956018518,1,CVE-2020-36242;GHSA-rhm9-p9w5-fwm7,-0.1353822956018518,1
pyca/cryptography,cryptography,PYSEC-2023-112,unknown,,2023-07-14T20:15:00Z,41.0.2,2023-07-11 03:25:39.146054+00:00,-3.700935809560185,1,CVE-2023-38325;GHSA-cf7p-gm2m-833m,-3.700935809560185,1
pyca/cryptography,cryptography,PYSEC-2023-254,critical,CVSS:3.1/AV:N/AC:L/PR:N/UI:N/S:U/C:N/I:N/A:H,2023-11-29T19:15:00Z,f09c261ca10a31fe41b1262306db7f8f1da0e48a,,,0,CVE-2023-49083;GHSA-jfhm-5ghh-2f97,810.8438833406135,0
pyca/cryptography,cryptography,PYSEC-2024-225,critical,CVSS:3.1/AV:N/AC:L/PR:N/UI:N/S:U/C:N/I:N/A:H,2024-02-21T17:15:09Z,97d231672763cdb5959a3b191e692a362f1b9e55,,,0,CVE-2024-26130;GHSA-6vqw-3v5j-54x4,726.9271125072802,0
jpadilla/pyjwt,pyjwt,GHSA-75c5-xw7c-p5pm,medium,CVSS:3.1/AV:N/AC:H/PR:H/UI:N/S:U/C:N/I:L/A:N,2024-12-02T18:34:11Z,2.10.1,2024-11-28 03:43:27.893367+00:00,-4.618554474918982,1,CVE-2024-53861,-4.618554474918982,0
jpadilla/pyjwt,pyjwt,GHSA-ffqj-6fqr-9h24,critical,CVSS:3.1/AV:N/AC:H/PR:N/UI:N/S:U/C:H/I:H/A:N,2022-05-24T22:17:27Z,2.4.0,2022-05-12 18:58:19.269871+00:00,-12.138283913530094,1,CVE-2022-29217;PYSEC-2022-202,-12.138283913530094,0
jpadilla/pyjwt,pyjwt,GHSA-r9jw-mwhq-wp62,critical,CVSS:3.0/AV:N/AC:L/PR:N/UI:N/S:U/C:N/I:H/A:N,2022-05-13T01:42:19Z,1.5.1,2017-06-22 14:56:58.493194+00:00,-1785.4481540139586,1,CVE-2017-11424;PYSEC-2017-24,-1785.4481540139586,0
jpadilla/pyjwt,pyjwt,PYSEC-2017-24,unknown,,2017-08-24T16:29:00Z,1.5.1,2017-06-22 14:56:58.493194+00:00,-63.06390632877315,1,CVE-2017-11424;GHSA-r9jw-mwhq-wp62,-63.06390632877315,1
jpadilla/pyjwt,pyjwt,PYSEC-2022-202,unknown,,2022-05-24T15:15:00Z,9c528670c455b8d948aff95ed50e22940d1ad3fc,,,0,CVE-2022-29217;GHSA-ffqj-6fqr-9h24,1365.01055000728,1
paramiko/paramiko,paramiko,GHSA-232r-66cg-79px,critical,CVSS:3.1/AV:N/AC:L/PR:N/UI:N/S:U/C:H/I:H/A:H,2018-07-12T20:29:30Z,2.0.8,2018-03-13 01:22:26.097285+00:00,-121.79657294809029,1,CVE-2018-7750;PYSEC-2018-19,-121.79657294809029,0
paramiko/paramiko,paramiko,GHSA-45x7-px36-x8w8,critical,CVSS:3.1/AV:N/AC:H/PR:N/UI:N/S:U/C:N/I:H/A:N,2023-12-18T19:22:09Z,3.4.0,2023-12-18 19:35:30.260528+00:00,0.0092738487037037,1,CVE-2023-48795;GO-2023-2402,0.0092738487037037,0
paramiko/paramiko,paramiko,GHSA-f2j6-wrhh-v25m,critical,CVSS:3.0/AV:N/AC:L/PR:L/UI:N/S:U/C:H/I:H/A:H,2018-10-10T16:10:10Z,2.4.2,2018-09-19 04:22:05.295191+00:00,-21.491721120474537,1,CVE-2018-1000805;PYSEC-2018-69,-21.491721120474537,0
paramiko/paramiko,paramiko,GHSA-f8q4-jwww-x3wv,high,CVSS:3.1/AV:N/AC:H/PR:N/UI:N/S:U/C:H/I:N/A:N,2022-03-19T00:01:03Z,2.10.1,2022-03-12 04:23:55.903901+00:00,-6.817443241886574,1,CVE-2022-24302;PYSEC-2022-166,-6.817443241886574,0
paramiko/paramiko,paramiko,GHSA-wqmm-q65g-2hqr,high,CVSS:3.1/AV:N/AC:L/PR:L/UI:N/S:U/C:H/I:N/A:N,2022-05-01T23:28:57Z,1.7.1-3,,,0,CVE-2008-0299;PYSEC-2008-8,1387.6675291739466,0
paramiko/paramiko,paramiko,PYSEC-2008-8,unknown,,2008-01-16T23:00:00Z,1.7.2,2012-09-26 22:50:48.573577+00:00,1714.9936177497336,1,CVE-2008-0299;GHSA-wqmm-q65g-2hqr,1714.9936177497336,1
paramiko/paramiko,paramiko,PYSEC-2018-19,unknown,,2018-03-13T18:29:00Z,fa29bd8446c8eab237f5187d28787727b4610516,,,0,CVE-2018-7750;GHSA-232r-66cg-79px,2897.875827785058,1
paramiko/paramiko,paramiko,PYSEC-2018-69,unknown,,2018-10-08T15:29:00Z,2.0.9,2018-09-19 04:19:29.008860+00:00,-19.46494202708333,1,CVE-2018-1000805;GHSA-f2j6-wrhh-v25m,-19.46494202708333,1
paramiko/paramiko,paramiko,PYSEC-2022-166,unknown,,2022-03-17T22:15:00Z,2.9.3,2022-03-18 21:01:13.501767+00:00,0.9487673815625,1,CVE-2022-24302;GHSA-f8q4-jwww-x3wv,0.9487673815625,1
certifi/python-certifi,certifi,GHSA-248v-346w-9cwc,unknown,,2024-07-05T20:06:40Z,2024.7.4,2024-07-04 01:36:09.038930+00:00,-1.771191679050926,1,CVE-2024-39689;PYSEC-2024-230,-1.771191679050926,1
certifi/python-certifi,certifi,GHSA-43fp-rhv2-5gv8,high,CVSS:3.1/AV:N/AC:L/PR:H/UI:N/S:C/C:N/I:H/A:N,2022-12-07T23:05:18Z,2022.12.07,,,0,CVE-2022-23491;PYSEC-2022-42986,1167.6839527850575,0
certifi/python-certifi,certifi,GHSA-xqr8-7jwr-rhp7,critical,CVSS:3.1/AV:N/AC:L/PR:N/UI:N/S:U/C:N/I:H/A:N,2023-07-25T14:43:53Z,2023.7.22,2023-07-22 08:39:25.345436+00:00,-3.2530978537500004,1,CVE-2023-37920;PYSEC-2023-135,-3.2530978537500004,0
certifi/python-certifi,certifi,PYSEC-2022-42986,unknown,,2022-12-07T22:15:00Z,2022.12.7,2022-12-07 20:13:19.428014+00:00,-0.084497360949074,1,CVE-2022-23491;GHSA-43fp-rhv2-5gv8,-0.084497360949074,1
certifi/python-certifi,certifi,PYSEC-2023-135,unknown,,2023-08-03T19:36:12Z,2023.7.22,2023-07-22 08:39:25.345436+00:00,-12.456095538935184,1,CVE-2023-37920;GHSA-xqr8-7jwr-rhp7,-12.456095538935184,1
certifi/python-certifi,certifi,PYSEC-2024-230,critical,CVSS:3.1/AV:N/AC:L/PR:N/UI:N/S:U/C:N/I:H/A:N,2024-07-05T19:15:10Z,bd8153872e9c6fc98f4023df9c2deaffea2fa463,,,0,CVE-2024-39689;GHSA-248v-346w-9cwc,591.8437675998728,0
pyca/pyopenssl,pyopenssl,GHSA-2rcm-phc9-3945,critical,CVSS:3.0/AV:N/AC:H/PR:N/UI:N/S:U/C:N/I:N/A:H,2018-10-10T16:10:23Z,17.5.0,2017-12-01 02:18:36.260697+00:00,-313.57762429748846,1,CVE-2018-1000808;PYSEC-2018-24,-313.57762429748846,0
pyca/pyopenssl,pyopenssl,GHSA-6748-36qp-fx6r,critical,CVSS:3.1/AV:N/AC:L/PR:N/UI:N/S:U/C:N/I:H/A:N,2022-05-17T04:56:46Z,0.13.1,2013-09-04 15:52:05.519661+00:00,-3176.5449129668864,1,CVE-2013-4314;PYSEC-2013-31,-3176.5449129668864,0
pyca/pyopenssl,pyopenssl,GHSA-p28m-34f6-967q,critical,CVSS:3.1/AV:N/AC:H/PR:N/UI:N/S:U/C:H/I:H/A:H,2018-10-10T16:10:38Z,17.5.0,2017-12-01 02:18:36.260697+00:00,-313.5777979085996,1,CVE-2018-1000807;PYSEC-2018-23,-313.5777979085996,0
pyca/pyopenssl,pyopenssl,PYSEC-2013-31,unknown,,2013-09-30T21:55:00Z,0.13.1,2013-09-04 15:52:05.519661+00:00,-26.252019448368056,1,CVE-2013-4314;GHSA-6748-36qp-fx6r,-26.252019448368056,1
pyca/pyopenssl,pyopenssl,PYSEC-2018-23,unknown,,2018-10-08T15:29:00Z,17.5.0,2017-12-01 02:18:36.260697+00:00,-311.5488858715625,1,CVE-2018-1000807;GHSA-p28m-34f6-967q,-311.5488858715625,1
pyca/pyopenssl,pyopenssl,PYSEC-2018-24,unknown,,2018-10-08T15:29:00Z,17.5.0,2017-12-01 02:18:36.260697+00:00,-311.5488858715625,1,CVE-2018-1000808;GHSA-2rcm-phc9-3945,-311.5488858715625,1
Azure/azure-sdk-for-python,azure-storage-blob,GHSA-64x4-9hc6-r2h6,medium,CVSS:3.1/AV:L/AC:H/PR:L/UI:N/S:U/C:H/I:N/A:N,2022-07-13T00:00:39Z,12.13.0,2022-07-07 22:35:41.905489+00:00,-5.05899414943287,1,CVE-2022-30187,-5.05899414943287,0
Azure/azure-sdk-for-python,azure-identity,GHSA-m5vv-6r4h-3vj9,medium,CVSS:3.1/AV:L/AC:L/PR:L/UI:N/S:U/C:H/I:N/A:N,2024-06-11T18:30:50Z,1.16.1,2024-06-10 22:23:30.906821+00:00,-0.8384154303125,1,CVE-2024-35255;GO-2024-2918,-0.8384154303125,0
fabric/fabric,fabric,GHSA-xwg2-qc6c-7c3q,unknown,,2022-05-17T05:40:10Z,1.1.0,2011-06-25 02:54:22.462309+00:00,-3979.11513353809,1,CVE-2011-2185,-3979.11513353809,1
ansible/ansible,ansible-core,GHSA-32p4-gm2c-wmch,medium,CVSS:3.1/AV:L/AC:H/PR:L/UI:R/S:U/C:H/I:H/A:L,2024-11-06T12:31:32Z,2.14.18rc1,2024-10-29 19:16:12.897621+00:00,-7.718971092349538,1,CVE-2024-9902,-7.718971092349538,0
ansible/ansible,ansible-core,GHSA-7j69-qfc3-2fq9,medium,CVSS:3.1/AV:L/AC:L/PR:L/UI:R/S:U/C:H/I:H/A:N,2023-12-13T00:30:37Z,2.16.1,2023-12-04 21:49:59.559943+00:00,-8.111544445104167,1,CVE-2023-5764,-8.111544445104167,0
ansible/ansible,ansible-core,GHSA-99w6-3xph-cx78,high,CVSS:3.1/AV:N/AC:H/PR:L/UI:R/S:C/C:L/I:L/A:L,2024-11-12T00:30:36Z,2.18.1rc1,2024-11-25 19:02:13.951208+00:00,13.771967027870373,1,CVE-2024-11079,13.771967027870373,0
ansible/ansible,ansible-core,GHSA-h24r-m9qc-pvpg,medium,CVSS:3.1/AV:L/AC:L/PR:L/UI:R/S:U/C:H/I:N/A:N,2024-02-06T12:30:31Z,2.14.14,2024-01-29 20:45:45.210095+00:00,-7.656085531307871,1,CVE-2024-0690;PYSEC-2024-36,-7.656085531307871,0
ansible/ansible,ansible-core,GHSA-jpxc-vmjf-9fcj,medium,CVSS:3.1/AV:L/AC:L/PR:L/UI:N/S:U/C:H/I:N/A:N,2024-09-16T14:37:26Z,2.17.6,2024-11-04 18:41:32.909255+00:00,49.16952441267361,1,CVE-2024-8775,49.16952441267361,0
ansible/ansible,ansible-core,GHSA-ww3m-ffrm-qvqv,medium,CVSS:3.1/AV:L/AC:L/PR:H/UI:R/S:U/C:H/I:H/A:H,2023-10-04T15:30:35Z,,,,0,CVE-2023-4237,866.9997282480207,0
ansible/ansible,ansible-core,PYSEC-2024-36,medium,CVSS:3.1/AV:L/AC:L/PR:L/UI:N/S:U/C:H/I:N/A:N,2024-02-06T12:15:00Z,2.16.3,2024-01-29 20:49:39.503245+00:00,-7.642598342071759,1,CVE-2024-0690;GHSA-h24r-m9qc-pvpg,-7.642598342071759,0
urllib3/urllib3,urllib3,GHSA-2xpw-w6gg-jr37,critical,CVSS:4.0/AV:N/AC:L/AT:P/PR:N/UI:N/VC:N/VI:N/VA:H/SC:N/SI:N/SA:H,2025-12-05T18:15:54Z,2.6.0,2025-12-05 15:08:45.983238+00:00,-0.1299538977083333,1,CVE-2025-66471,-0.1299538977083333,0
urllib3/urllib3,urllib3,GHSA-34jh-p97f-mpxf,medium,CVSS:3.1/AV:N/AC:H/PR:H/UI:N/S:U/C:H/I:N/A:N,2024-06-17T21:37:20Z,1.26.19,2024-06-17 14:53:31.589461+00:00,-0.2804214182754629,1,CVE-2024-37891,-0.2804214182754629,0
urllib3/urllib3,urllib3,GHSA-38jv-5279-wg99,critical,CVSS:3.1/AV:N/AC:L/PR:N/UI:N/S:U/C:N/I:N/A:H,2026-01-07T19:18:14Z,2.6.3,2026-01-07 16:24:42.685091+00:00,-0.1205013299652777,1,CVE-2026-21441,-0.1205013299652777,0
urllib3/urllib3,urllib3,GHSA-48p4-8xcf-vxj5,high,CVSS:3.1/AV:N/AC:H/PR:L/UI:N/S:U/C:H/I:N/A:N,2025-06-18T17:50:11Z,2.5.0,2025-06-18 14:07:40.390656+00:00,-0.1545209414814815,1,CVE-2025-50182,-0.1545209414814815,0
urllib3/urllib3,urllib3,GHSA-5phf-pp7p-vc2r,high,CVSS:3.1/AV:N/AC:L/PR:N/UI:N/S:U/C:L/I:L/A:N,2021-03-19T19:42:11Z,1.26.4,2021-03-15 15:04:35.709960+00:00,-4.192769560648148,1,CVE-2021-28363;PYSEC-2021-59,-4.192769560648148,0
urllib3/urllib3,urllib3,GHSA-g4mx-q9vg-27p4,medium,CVSS:3.1/AV:A/AC:H/PR:H/UI:N/S:U/C:H/I:N/A:N,2023-10-17T20:15:25Z,2.0.7,2023-10-17 17:46:48.538593+00:00,-0.1031997848032407,1,CVE-2023-45803;PYSEC-2023-212,-0.1031997848032407,0
urllib3/urllib3,urllib3,GHSA-gm62-xv2j-4w53,critical,CVSS:4.0/AV:N/AC:L/AT:P/PR:N/UI:N/VC:N/VI:N/VA:H/SC:N/SI:N/SA:H,2025-12-05T18:15:19Z,2.6.0,2025-12-05 15:08:45.983238+00:00,-0.1295488051157407,1,CVE-2025-66418,-0.1295488051157407,0
urllib3/urllib3,urllib3,GHSA-gwvm-45gx-3cf8,high,CVSS:3.1/AV:N/AC:L/PR:N/UI:R/S:C/C:L/I:L/A:N,2023-10-15T21:30:26Z,1.24.2,2019-04-17 17:49:45.870917+00:00,-1642.153242234757,1,CVE-2018-25091;PYSEC-2023-207,-1642.153242234757,0
urllib3/urllib3,urllib3,GHSA-hmv2-79q8-fv6g,critical,CVSS:3.1/AV:N/AC:L/PR:N/UI:N/S:U/C:N/I:N/A:H,2021-04-30T17:31:43Z,1.25.8,2020-01-21 20:41:23.910305+00:00,-464.8682765010995,1,CVE-2020-7212;PYSEC-2020-149,-464.8682765010995,0
urllib3/urllib3,urllib3,GHSA-mh33-7rrq-662w,critical,CVSS:3.0/AV:N/AC:L/PR:N/UI:N/S:U/C:N/I:H/A:N,2019-04-19T16:55:10Z,1.24.2,2019-04-17 17:49:45.870917+00:00,-1.962084827349537,1,CVE-2019-11324;PYSEC-2019-133,-1.962084827349537,0
urllib3/urllib3,urllib3,GHSA-pq67-6m6q-mj2v,high,CVSS:3.1/AV:N/AC:H/PR:L/UI:N/S:U/C:H/I:N/A:N,2025-06-18T17:50:00Z,2.5.0,2025-06-18 14:07:40.390656+00:00,-0.1543936266666666,1,CVE-2025-50181,-0.1543936266666666,0
urllib3/urllib3,urllib3,GHSA-q2q7-5pp4-w6pg,critical,CVSS:3.1/AV:N/AC:L/PR:N/UI:N/S:U/C:N/I:N/A:H,2021-06-01T21:19:32Z,1.26.5,2021-05-26 17:02:33.236908+00:00,-6.178457906157408,1,CVE-2021-33503;PYSEC-2021-108,-6.178457906157408,0
urllib3/urllib3,urllib3,GHSA-r64q-w8jr-g9qp,high,CVSS:3.0/AV:N/AC:L/PR:N/UI:R/S:C/C:L/I:L/A:N,2022-05-13T01:09:23Z,1.24.3,2019-05-02 15:37:44.733782+00:00,-1106.3969706738196,1,CVE-2019-11236;PYSEC-2019-132,-1106.3969706738196,0
urllib3/urllib3,urllib3,GHSA-v4w5-p2hg-8fh6,high,CVSS:3.0/AV:N/AC:H/PR:N/UI:N/S:U/C:L/I:N/A:N,2022-05-17T03:05:04Z,1.18.1,2016-10-27 11:25:19.068958+00:00,-2027.6526033685416,1,CVE-2016-9015;PYSEC-2017-98,-2027.6526033685416,0
urllib3/urllib3,urllib3,GHSA-v845-jxx5-vc9f,high,CVSS:3.1/AV:N/AC:H/PR:H/UI:N/S:U/C:H/I:H/A:N,2023-10-02T23:27:05Z,2.0.6,2023-10-02 17:22:34.932865+00:00,-0.2531257770254629,1,CVE-2023-43804;PYSEC-2023-192,-0.2531257770254629,0
urllib3/urllib3,urllib3,GHSA-wqvq-5m8c-6g24,high,CVSS:3.1/AV:N/AC:L/PR:N/UI:N/S:U/C:L/I:L/A:N,2021-06-18T18:46:43Z,1.25.9,2020-04-16 15:44:06.147024+00:00,-428.126815427963,1,CVE-2020-26137;PYSEC-2020-148,-428.126815427963,0
urllib3/urllib3,urllib3,GHSA-www2-v7xj-xrc6,critical,CVSS:3.0/AV:N/AC:L/PR:N/UI:N/S:U/C:H/I:H/A:H,2018-12-12T15:52:07Z,1.23,2018-06-05 03:25:49.484152+00:00,-190.51825828527777,1,CVE-2018-20060;PYSEC-2018-32,-190.51825828527777,0
urllib3/urllib3,urllib3,PYSEC-2017-98,unknown,,2017-01-11T16:59:00Z,1.18.1,2016-10-27 11:25:19.068958+00:00,-76.23172373891204,1,CVE-2016-9015;GHSA-v4w5-p2hg-8fh6,-76.23172373891204,1
urllib3/urllib3,urllib3,PYSEC-2018-32,unknown,,2018-12-11T17:29:00Z,1.23,2018-06-05 03:25:49.484152+00:00,-189.5855383778704,1,CVE-2018-20060;GHSA-www2-v7xj-xrc6,-189.5855383778704,1
urllib3/urllib3,urllib3,PYSEC-2019-132,unknown,,2019-04-15T15:29:00Z,1.24.3,2019-05-02 15:37:44.733782+00:00,17.006073307662035,1,CVE-2019-11236;GHSA-r64q-w8jr-g9qp,17.006073307662035,1
urllib3/urllib3,urllib3,PYSEC-2019-133,unknown,,2019-04-18T21:29:00Z,1.24.2,2019-04-17 17:49:45.870917+00:00,-1.1522468643865742,1,CVE-2019-11324;GHSA-mh33-7rrq-662w,-1.1522468643865742,1
urllib3/urllib3,urllib3,PYSEC-2020-148,unknown,,2020-09-30T18:15:00Z,1dd69c5c5982fae7c87a620d487c2ebf7a6b436b,,,0,CVE-2020-26137;GHSA-wqvq-5m8c-6g24,1965.88555000728,1
urllib3/urllib3,urllib3,PYSEC-2020-149,unknown,,2020-03-06T20:15:00Z,a74c9cfbaed9f811e7563cfc3dce894928e0221a,,,0,CVE-2020-7212;GHSA-hmv2-79q8-fv6g,2173.8022166739465,1
urllib3/urllib3,urllib3,PYSEC-2021-108,unknown,,2021-06-29T11:15:00Z,2d4a3fee6de2fa45eb82169361918f759269b4ec,,,0,CVE-2021-33503;GHSA-q2q7-5pp4-w6pg,1694.1772166739463,1
urllib3/urllib3,urllib3,PYSEC-2021-59,unknown,,2021-03-15T18:15:00Z,8d65ea1ecf6e2cdc27d42124e587c1b83a3118b0,,,0,CVE-2021-28363;GHSA-5phf-pp7p-vc2r,1799.88555000728,1
urllib3/urllib3,urllib3,PYSEC-2023-192,critical,CVSS:3.1/AV:N/AC:L/PR:L/UI:N/S:U/C:H/I:H/A:N,2023-10-04T17:15:00Z,644124ecd0b6e417c527191f866daa05a5a2056d,,,0,CVE-2023-43804;GHSA-v845-jxx5-vc9f,866.9272166739466,0
urllib3/urllib3,urllib3,PYSEC-2023-207,high,CVSS:3.1/AV:N/AC:L/PR:N/UI:R/S:C/C:L/I:L/A:N,2023-10-15T19:15:00Z,adb358f8e06865406d1f05e581a16cbea2136fbc,,,0,CVE-2018-25091;GHSA-gwvm-45gx-3cf8,855.8438833406133,0
urllib3/urllib3,urllib3,PYSEC-2023-212,medium,CVSS:3.1/AV:A/AC:H/PR:H/UI:N/S:U/C:H/I:N/A:N,2023-10-17T20:15:00Z,4e98d57809dacab1cbe625fddeec1a290c478ea9,,,0,CVE-2023-45803;GHSA-g4mx-q9vg-27p4,853.8022166739466,0
kjd/idna,idna,GHSA-jjg7-2v4v-x38h,high,CVSS:3.1/AV:L/AC:L/PR:N/UI:N/S:U/C:N/I:N/A:H,2024-04-11T21:32:40Z,3.7,2024-04-11 03:34:41.447563+00:00,-0.7485943569097222,1,CVE-2024-3651;PYSEC-2024-60,-0.7485943569097222,0
kjd/idna,idna,PYSEC-2024-60,critical,CVSS:3.1/AV:N/AC:L/PR:N/UI:N/S:U/C:N/I:N/A:H,2024-07-07T18:15:00Z,1d365e17e10d72d0b7876316fc7b9ca0eebdd38d,,,0,CVE-2024-3651;GHSA-jjg7-2v4v-x38h,589.8855500072801,0
python-websockets/websockets,websockets,GHSA-6g87-ff9q-v847,critical,CVSS:3.0/AV:N/AC:L/PR:N/UI:N/S:U/C:N/I:N/A:H,2018-09-17T20:46:52Z,5.0,2018-05-22 05:25:43.778518+00:00,-118.639678489375,1,CVE-2018-1000518;PYSEC-2018-79,-118.639678489375,0
python-websockets/websockets,websockets,GHSA-8ch4-58qp-g3mp,high,CVSS:3.1/AV:N/AC:H/PR:N/UI:N/S:U/C:H/I:N/A:N,2021-06-11T17:43:14Z,9.1,2021-05-27 19:33:57.254699+00:00,-14.923110478020837,1,CVE-2021-33880;PYSEC-2021-95,-14.923110478020837,0
python-websockets/websockets,websockets,PYSEC-2018-79,unknown,,2018-06-26T16:29:00Z,5.0,2018-05-22 05:25:43.778518+00:00,-35.46060441530092,1,CVE-2018-1000518;GHSA-6g87-ff9q-v847,-35.46060441530092,1
python-websockets/websockets,websockets,PYSEC-2021-95,unknown,,2021-06-06T15:15:00Z,547a26b685d08cac0aa64e5e65f7867ac0ea9bc0,,,0,CVE-2021-33880;GHSA-8ch4-58qp-g3mp,1717.01055000728,1
grpc/grpc,grpcio,GHSA-496j-2rq6-j6cc,critical,CVSS:3.1/AV:N/AC:L/PR:N/UI:N/S:U/C:N/I:N/A:H,2023-08-09T15:30:15Z,1.53.2,2023-08-02 16:50:40.511310+00:00,-6.944149174652778,1,CVE-2023-33953,-6.944149174652778,0
grpc/grpc,grpcio,GHSA-6628-q6j9-w8vg,critical,CVSS:3.1/AV:N/AC:L/PR:N/UI:N/S:U/C:N/I:N/A:H,2023-07-06T21:15:08Z,1.53.0,2023-03-27 19:17:01.939961+00:00,-101.08201458378473,1,CVE-2023-1428,-101.08201458378473,0
grpc/grpc,grpcio,GHSA-9hxf-ppjv-w6rq,high,CVSS:3.1/AV:N/AC:L/PR:N/UI:N/S:U/C:N/I:N/A:L,2023-07-06T21:15:08Z,1.53.1,2023-05-12 18:47:24.222954+00:00,-55.10259001210648,1,CVE-2023-32732,-55.10259001210648,0
grpc/grpc,grpcio,GHSA-cfgp-2977-2fmm,critical,CVSS:3.1/AV:N/AC:H/PR:N/UI:N/S:U/C:H/I:N/A:H,2023-07-05T19:12:51Z,1.53.1,2023-05-12 18:47:24.222954+00:00,-54.017671030625,1,CVE-2023-32731,-54.017671030625,0
grpc/grpc,grpcio,GHSA-p25m-jpj4-qcrr,critical,CVSS:3.1/AV:N/AC:L/PR:N/UI:N/S:U/C:N/I:N/A:H,2023-09-13T18:31:26Z,1.55.3,2023-08-01 21:36:19.972779+00:00,-42.87159753728009,1,CVE-2023-4785,-42.87159753728009,0
grpc/grpc,grpcio,PYSEC-2017-101,unknown,,2017-04-30T17:59:00Z,6544a2d5d9ecdb64214da1d228886a7d15bbf5c7,,,0,CVE-2017-8359,3214.896661118391,1
pallets/jinja,jinja2,GHSA-462w-v97r-4m45,critical,CVSS:3.0/AV:N/AC:L/PR:N/UI:N/S:C/C:H/I:N/A:N,2019-04-10T14:30:24Z,2.10.1,2019-04-06 18:59:59.630413+00:00,-3.812782055405093,1,CVE-2019-10906;PYSEC-2019-217,-3.812782055405093,0
pallets/jinja,jinja2,GHSA-8r7q-cvjq-x353,critical,CVSS:3.1/AV:L/AC:L/PR:N/UI:N/S:U/C:H/I:H/A:H,2022-05-14T04:04:14Z,2.7.2,2014-01-10 10:42:40.317556+00:00,-3045.7233065097685,1,CVE-2014-1402;PYSEC-2014-8,-3045.7233065097685,0
pallets/jinja,jinja2,GHSA-cpwx-vrp4-4pq7,critical,CVSS:4.0/AV:L/AC:L/AT:P/PR:L/UI:P/VC:H/VI:H/VA:H/SC:N/SI:N/SA:N,2025-03-05T20:40:14Z,3.1.6,2025-03-05 20:05:00.369721+00:00,-0.0244633134143518,1,CVE-2025-27516,-0.0244633134143518,0
pallets/jinja,jinja2,GHSA-fqh9-2qgg-h84h,high,CVSS:3.1/AV:L/AC:L/PR:N/UI:N/S:U/C:N/I:H/A:N,2022-05-17T04:01:00Z,2.7.2,2014-01-10 10:42:40.317556+00:00,-3048.7210611393984,1,CVE-2014-0012;PYSEC-2014-82,-3048.7210611393984,0
pallets/jinja,jinja2,GHSA-g3rq-g295-4j3m,high,CVSS:3.1/AV:N/AC:L/PR:N/UI:N/S:U/C:N/I:N/A:L,2021-03-19T21:28:05Z,2.11.3,2021-01-31 16:33:07.289264+00:00,-47.204834615,1,CVE-2020-28493;PYSEC-2021-66;SNYK-PYTHON-JINJA2-1012994,-47.204834615,0
pallets/jinja,jinja2,GHSA-gmj6-6f8f-6699,critical,CVSS:3.1/AV:N/AC:L/PR:L/UI:N/S:U/C:H/I:H/A:H,2024-12-23T17:54:12Z,3.1.5,2024-12-21 18:30:19.133079+00:00,-1.974917441215278,1,CVE-2024-56201,-1.974917441215278,0
pallets/jinja,jinja2,GHSA-h5c8-rqwp-cp95,high,CVSS:3.1/AV:N/AC:L/PR:N/UI:R/S:U/C:L/I:L/A:N,2024-01-11T15:20:48Z,3.1.3,2024-01-10 23:12:19.504680+00:00,-0.6725520291666667,1,CVE-2024-22195,-0.6725520291666667,0
pallets/jinja,jinja2,GHSA-h75v-3vvj-5mfj,high,CVSS:3.1/AV:N/AC:L/PR:N/UI:R/S:U/C:L/I:L/A:N,2024-05-06T14:20:59Z,3.1.4,2024-05-05 23:41:59.928923+00:00,-0.6104059152430555,1,CVE-2024-34064,-0.6104059152430555,0
pallets/jinja,jinja2,GHSA-hj2j-77xm-mc5v,critical,CVSS:3.0/AV:N/AC:L/PR:N/UI:N/S:C/C:H/I:N/A:N,2019-04-10T14:30:13Z,2.8.1,2016-12-29 13:16:24.235831+00:00,-832.0512588445486,1,CVE-2016-10745;PYSEC-2019-220,-832.0512588445486,0
pallets/jinja,jinja2,GHSA-q2x7-8rv6-6q7h,high,CVSS:3.1/AV:L/AC:L/PR:L/UI:N/S:U/C:H/I:H/A:H,2024-12-23T17:56:08Z,3.1.5,2024-12-21 18:30:19.133079+00:00,-1.9762600338078704,1,CVE-2024-56326,-1.9762600338078704,0
pallets/jinja,jinja2,PYSEC-2014-8,unknown,,2014-05-19T14:55:00Z,2.7.2,2014-01-10 10:42:40.317556+00:00,-129.1752278060648,1,CVE-2014-1402;GHSA-8r7q-cvjq-x353,-129.1752278060648,1
pallets/jinja,jinja2,PYSEC-2014-82,unknown,,2014-05-19T14:55:00Z,acb672b6a179567632e032f547582f30fa2f4aa7,,,0,CVE-2014-0012;GHSA-fqh9-2qgg-h84h,4292.024438896169,1
pallets/jinja,jinja2,PYSEC-2019-217,unknown,,2019-04-07T00:29:00Z,2.10.1,2019-04-06 18:59:59.630413+00:00,-0.228476499849537,1,CVE-2019-10906;GHSA-462w-v97r-4m45,-0.228476499849537,1
pallets/jinja,jinja2,PYSEC-2019-220,unknown,,2019-04-08T13:29:00Z,9b53045c34e61013dc8f09b7e52a555fa16bed16,,,0,CVE-2016-10745;GHSA-hj2j-77xm-mc5v,2507.084161118391,1
pallets/jinja,jinja2,PYSEC-2021-66,unknown,,2021-02-01T20:15:00Z,2.11.3,2021-01-31 16:33:07.289264+00:00,-1.1540823001851852,1,CVE-2020-28493;GHSA-g3rq-g295-4j3m;SNYK-PYTHON-JINJA2-1012994,-1.1540823001851852,1
sqlalchemy/mako,mako,GHSA-7q8x-38mc-p84f,high,CVSS:3.1/AV:N/AC:L/PR:N/UI:R/S:C/C:L/I:L/A:N,2022-05-17T05:48:31Z,0.3.4,2010-06-22 23:41:15.522974+00:00,-4346.255040243356,1,CVE-2010-2480;PYSEC-2010-1,-4346.255040243356,0
sqlalchemy/mako,mako,GHSA-v973-fxgf-6xhp,critical,CVSS:3.1/AV:N/AC:L/PR:N/UI:N/S:U/C:N/I:N/A:H,2022-09-16T17:20:25Z,1.2.2,2022-08-29 18:03:52.207596+00:00,-17.969823986157408,1,CVE-2022-40023;PYSEC-2022-260,-17.969823986157408,0
sqlalchemy/mako,mako,PYSEC-2010-1,unknown,,2010-07-02T19:00:00Z,0.3.4,2010-06-22 23:41:15.522974+00:00,-9.804681447060185,1,CVE-2010-2480;GHSA-7q8x-38mc-p84f,-9.804681447060185,1
sqlalchemy/mako,mako,PYSEC-2022-260,unknown,,2022-09-07T13:15:00Z,925760291d6efec64fda6e9dd1fd9cfbd5be068c,,,0,CVE-2022-40023;GHSA-v973-fxgf-6xhp,1259.0938833406133,1
lxml/lxml,lxml,GHSA-55x5-fj6c-h6m8,critical,CVSS:3.1/AV:N/AC:L/PR:N/UI:R/S:C/C:L/I:H/A:N,2021-12-13T18:14:36Z,4.6.5,2021-12-12 21:17:37.378265+00:00,-0.8729007145254629,1,CVE-2021-43818,-0.8729007145254629,0
lxml/lxml,lxml,GHSA-57qw-cc2g-pv5p,high,CVSS:3.1/AV:N/AC:L/PR:N/UI:R/S:C/C:L/I:L/A:N,2022-05-14T04:01:59Z,3.3.5,2014-06-29 07:38:02.769059+00:00,-2875.849956376632,1,CVE-2014-3146;PYSEC-2014-9,-2875.849956376632,0
lxml/lxml,lxml,GHSA-jq4v-f5q6-mjqq,high,CVSS:3.1/AV:N/AC:L/PR:N/UI:R/S:C/C:L/I:L/A:N,2021-03-22T16:53:53Z,4.6.3,2021-03-21 20:16:17.447734+00:00,-0.859439262337963,1,CVE-2021-28957;PYSEC-2021-19,-0.859439262337963,0
lxml/lxml,lxml,GHSA-pgww-xf46-h92r,high,CVSS:3.1/AV:N/AC:L/PR:N/UI:R/S:C/C:L/I:L/A:N,2021-01-07T21:54:01Z,4.6.2,2020-11-27 07:31:10.014788+00:00,-41.59920121773148,1,CVE-2020-27783;PYSEC-2020-62,-41.59920121773148,0
lxml/lxml,lxml,GHSA-wrxv-2j5q-m38w,high,CVSS:3.0/AV:N/AC:L/PR:N/UI:N/S:U/C:N/I:N/A:L,2022-07-06T00:00:30Z,4.9.1,2022-07-01 20:09:49.309086+00:00,-4.160193181875,1,CVE-2022-2309;PYSEC-2022-230,-4.160193181875,0
lxml/lxml,lxml,GHSA-xp26-p53h-6h2p,high,CVSS:3.0/AV:N/AC:L/PR:N/UI:R/S:C/C:L/I:L/A:N,2022-05-13T01:13:21Z,4.2.5,2018-09-10 20:11:24.666235+00:00,-1340.2096797889467,1,CVE-2018-19787;PYSEC-2018-12,-1340.2096797889467,0
lxml/lxml,lxml,PYSEC-2014-9,unknown,,2014-05-14T19:55:00Z,3.3.5,2014-06-29 07:38:02.769059+00:00,45.48822649373842,1,CVE-2014-3146;GHSA-57qw-cc2g-pv5p,45.48822649373842,1
lxml/lxml,lxml,PYSEC-2018-12,unknown,,2018-12-02T10:29:00Z,6be1d081b49c97cfd7b3fbd934a193b668629109,,,0,CVE-2018-19787;GHSA-xp26-p53h-6h2p,2634.209161118391,1
lxml/lxml,lxml,PYSEC-2020-62,unknown,,2020-12-03T17:15:00Z,4.6.2,2020-11-27 07:31:10.014788+00:00,-6.405439643657407,1,CVE-2020-27783;GHSA-pgww-xf46-h92r,-6.405439643657407,1
lxml/lxml,lxml,PYSEC-2021-19,unknown,,2021-03-21T05:15:00Z,a5f9cb52079dc57477c460dbe6ba0f775e14a999,,,0,CVE-2021-28957;GHSA-jq4v-f5q6-mjqq,1794.4272166739463,1
lxml/lxml,lxml,PYSEC-2022-230,unknown,,2022-07-05T10:15:00Z,86368e9cf70a0ad23cccd5ee32de847149af0c6f,,,0,CVE-2022-2309;GHSA-wrxv-2j5q-m38w,1323.2188833406133,1
html5lib/html5lib-python,html5lib,GHSA-8f6m-gfq9-g33v,high,CVSS:3.0/AV:N/AC:L/PR:N/UI:R/S:C/C:L/I:L/A:N,2022-05-17T02:57:57Z,0.99999999,2016-07-14 23:26:40.195940+00:00,-2132.146722269213,1,CVE-2016-9910;PYSEC-2017-15,-2132.146722269213,0
html5lib/html5lib-python,html5lib,GHSA-v9v9-xffq-rwr4,high,CVSS:3.0/AV:N/AC:L/PR:N/UI:R/S:C/C:L/I:L/A:N,2022-05-17T02:57:58Z,0.999999999,2016-10-27 21:38:35.691047+00:00,-2027.221785983252,1,CVE-2016-9909;PYSEC-2017-14,-2027.221785983252,0
html5lib/html5lib-python,html5lib,PYSEC-2017-14,unknown,,2017-02-22T16:59:00Z,9b8d8eb5afbc066b7fac9390f5ec75e5e8a7cab7,,,0,CVE-2016-9909;GHSA-v9v9-xffq-rwr4,3281.938327785058,1
html5lib/html5lib-python,html5lib,PYSEC-2017-15,unknown,,2017-02-22T16:59:00Z,9b8d8eb5afbc066b7fac9390f5ec75e5e8a7cab7,,,0,CVE-2016-9910;GHSA-8f6m-gfq9-g33v,3281.938327785058,1
scrapy/scrapy,scrapy,GHSA-23j4-mw76-5v7h,high,CVSS:3.1/AV:N/AC:L/PR:L/UI:N/S:U/C:H/I:N/A:N,2024-05-14T20:14:49Z,2.11.2,2024-05-14 12:00:36.774820+00:00,-0.3431970506944444,1,,-0.3431970506944444,0
scrapy/scrapy,scrapy,GHSA-2qfp-q593-8484,critical,CVSS:3.0/AV:N/AC:L/PR:N/UI:N/S:U/C:N/I:N/A:H,2025-10-31T00:30:35Z,2.13.4,2025-11-17 11:32:24.891179+00:00,17.459605221979167,1,CVE-2025-6176,17.459605221979167,0
scrapy/scrapy,scrapy,GHSA-4qqq-9vqf-3h3f,high,CVSS:3.1/AV:N/AC:H/PR:N/UI:N/S:U/C:H/I:N/A:N,2024-05-14T20:14:33Z,2.11.2,2024-05-14 12:00:36.774820+00:00,-0.3430118655092593,1,CVE-2024-1968;PYSEC-2024-258,-0.3430118655092593,0
scrapy/scrapy,scrapy,GHSA-7j7m-v7m3-jqm7,critical,CVSS:3.1/AV:N/AC:L/PR:N/UI:N/S:U/C:N/I:N/A:H,2024-02-16T16:07:13Z,2.11.1,2024-02-14 19:05:52.824342+00:00,-1.8759279590046296,1,CVE-2024-3572,-1.8759279590046296,0
scrapy/scrapy,scrapy,GHSA-9x8m-2xpf-crp3,unknown,,2022-07-29T22:26:57Z,1.8.3,2022-07-25 11:47:15.762726+00:00,-4.444227283263889,1,,-4.444227283263889,1
scrapy/scrapy,scrapy,GHSA-cc65-xxvf-f7r9,critical,CVSS:3.1/AV:N/AC:L/PR:N/UI:N/S:U/C:N/I:N/A:H,2024-02-15T15:22:02Z,2.11.1,2024-02-14 19:05:52.824342+00:00,-0.8445506441898147,1,CVE-2024-1892;PYSEC-2024-162,-0.8445506441898147,0
scrapy/scrapy,scrapy,GHSA-cjvr-mfj7-j4j8,high,CVSS:3.1/AV:N/AC:L/PR:L/UI:N/S:U/C:H/I:N/A:N,2022-03-01T22:12:47Z,1.8.2,2022-03-01 15:05:32.901134+00:00,-0.2966909590972222,1,CVE-2022-0577;PYSEC-2022-159,-0.2966909590972222,0
scrapy/scrapy,scrapy,GHSA-cw9j-q3vf-hrrv,critical,CVSS:3.1/AV:N/AC:L/PR:N/UI:N/S:U/C:H/I:N/A:N,2024-02-15T15:32:15Z,2.11.1,2024-02-14 19:05:52.824342+00:00,-0.8516455515972221,1,CVE-2024-3574,-0.8516455515972221,0
scrapy/scrapy,scrapy,GHSA-h7wm-ph43-c39p,critical,CVSS:3.0/AV:N/AC:L/PR:N/UI:N/S:U/C:N/I:N/A:H,2022-05-17T01:16:31Z,,,,0,CVE-2017-14158;PYSEC-2017-83,1372.5928300998726,0
scrapy/scrapy,scrapy,GHSA-jm3v-qxmh-hxwv,high,CVSS:3.1/AV:N/AC:L/PR:L/UI:N/S:U/C:L/I:N/A:N,2024-05-14T20:14:43Z,2.11.2,2024-05-14 12:00:36.774820+00:00,-0.34312760625,1,,-0.34312760625,0
scrapy/scrapy,scrapy,GHSA-jwqp-28gf-p498,high,CVSS:3.1/AV:N/AC:L/PR:L/UI:R/S:U/C:H/I:N/A:N,2021-10-06T17:46:22Z,1.8.1,2021-10-05 19:39:52.019109+00:00,-0.921180334386574,1,CVE-2021-41125;PYSEC-2021-363,-0.921180334386574,0
scrapy/scrapy,scrapy,GHSA-mfjm-vh54-3f96,unknown,,2022-03-01T22:13:28Z,1.8.2,2022-03-01 15:05:32.901134+00:00,-0.2971654961342592,1,,-0.2971654961342592,1
scrapy/scrapy,scrapy,PYSEC-2017-83,unknown,,2017-09-05T17:29:00Z,,,,0,CVE-2017-14158;GHSA-h7wm-ph43-c39p,3086.9174944517245,1
scrapy/scrapy,scrapy,PYSEC-2021-363,unknown,,2021-10-06T18:15:00Z,b01d69a1bf48060daec8f751368622352d8b85a6,,,0,CVE-2021-41125;GHSA-jwqp-28gf-p498,1594.88555000728,1
scrapy/scrapy,scrapy,PYSEC-2022-159,unknown,,2022-03-02T04:15:00Z,8ce01b3b76d4634f55067d6cfdf632ec70ba304a,,,0,CVE-2022-0577;GHSA-cjvr-mfj7-j4j8,1448.4688833406133,1
scrapy/scrapy,scrapy,PYSEC-2024-162,high,CVSS:3.1/AV:N/AC:L/PR:N/UI:R/S:U/C:N/I:N/A:H,2024-02-28T00:15:53Z,479619b340f197a8f24c5db45bc068fb8755f2c5,,,0,CVE-2024-1892;GHSA-cc65-xxvf-f7r9,720.6349365813542,0
scrapy/scrapy,scrapy,PYSEC-2024-258,unknown,,2024-05-20T08:15:08Z,1d0502f25bbe55a22899af915623fda1aaeb9dd8,,,0,CVE-2024-1968;GHSA-4qqq-9vqf-3h3f,638.3021240813542,1
python-babel/babel,babel,GHSA-h4m5-qpfp-3mpv,high,CVSS:3.1/AV:L/AC:L/PR:L/UI:N/S:U/C:H/I:H/A:H,2021-10-21T17:49:59Z,2.9.1,2021-04-28 19:31:38.181508+00:00,-175.9294076214352,1,CVE-2021-42771;PYSEC-2021-421,-175.9294076214352,0
python-babel/babel,babel,PYSEC-2021-421,unknown,,2021-10-20T21:15:00Z,2.9.1,2021-04-28 19:31:38.181508+00:00,-175.07178030662038,1,CVE-2021-42771;GHSA-h4m5-qpfp-3mpv,-175.07178030662038,1
Delgan/loguru,loguru,GHSA-39ph-wr67-j4xq,high,CVSS:3.1/AV:N/AC:L/PR:L/UI:N/S:U/C:L/I:N/A:N,2022-01-26T00:01:50Z,0.5.3,2020-09-20 07:54:28.427295+00:00,-492.6717774618634,1,CVE-2022-0338;PYSEC-2022-14,-492.6717774618634,0
Delgan/loguru,loguru,PYSEC-2022-14,unknown,,2022-01-25T09:15:00Z,ea39375e62f9b8f18e2ca798a5c0fb8c972b7eaa,,,0,CVE-2022-0338;GHSA-39ph-wr67-j4xq,1484.26055000728,1
getsentry/sentry-python,sentry-sdk,GHSA-29pr-6jr8-q5jm,high,CVSS:3.1/AV:N/AC:L/PR:H/UI:N/S:C/C:H/I:L/A:N,2023-03-21T22:31:19Z,1.14.0,2023-01-23 10:14:37.462526+00:00,-57.51159186891204,1,CVE-2023-28117,-57.51159186891204,0
getsentry/sentry-python,sentry-sdk,GHSA-g92j-qhmh-64v2,medium,CVSS:3.1/AV:L/AC:H/PR:H/UI:N/S:C/C:L/I:N/A:N,2024-07-18T17:18:46Z,2.8.0,2024-07-08 08:11:33.904685+00:00,-10.38000110318287,1,CVE-2024-40647,-10.38000110318287,0
tox-dev/py-filelock,filelock,GHSA-qmgc-5h2g-mvrw,medium,CVSS:3.1/AV:L/AC:H/PR:L/UI:N/S:U/C:N/I:L/A:H,2026-01-13T18:44:55Z,3.20.3,2026-01-09 17:55:04.334442+00:00,-4.034614184699074,1,CVE-2026-22701,-4.034614184699074,0
tox-dev/py-filelock,filelock,GHSA-w853-jp5j-5j7f,high,CVSS:3.1/AV:L/AC:H/PR:L/UI:N/S:U/C:N/I:H/A:H,2025-12-16T20:52:55Z,3.20.1,2025-12-15 23:54:26.874848+00:00,-0.8739366337037037,1,CVE-2025-68146,-0.8739366337037037,0
pypa/setuptools,setuptools,GHSA-27x4-j476-jp5f,critical,CVSS:3.1/AV:N/AC:H/PR:N/UI:R/S:C/C:H/I:H/A:H,2022-05-17T05:01:02Z,0.7,,,0,CVE-2013-1633;PYSEC-2013-22,1372.4369157480207,0
pypa/setuptools,setuptools,GHSA-5rjg-fvgr-3xxf,critical,CVSS:4.0/AV:N/AC:L/AT:N/PR:N/UI:N/VC:N/VI:H/VA:N/SC:N/SI:N/SA:N/E:P,2025-05-19T16:52:43Z,78.1.1,2025-04-19 18:23:34.525243+00:00,-29.93690364302083,1,BIT-setuptools-2025-47273;CVE-2025-47273;PYSEC-2025-49,-29.93690364302083,0
pypa/setuptools,setuptools,GHSA-cx63-2mw6-8hw5,critical,CVSS:3.1/AV:N/AC:L/PR:N/UI:R/S:U/C:H/I:H/A:H,2024-07-15T03:30:57Z,70.0.0,2024-05-21 10:28:12.781734+00:00,-54.71023400770834,1,BIT-setuptools-2024-6345;CVE-2024-6345,-54.71023400770834,0
pypa/setuptools,setuptools,GHSA-r9hx-vwmv-q579,critical,CVSS:3.1/AV:N/AC:L/PR:N/UI:N/S:U/C:N/I:N/A:H,2022-12-23T00:30:23Z,65.5.1,2022-11-04 19:20:02.418038+00:00,-48.21551599493056,1,BIT-setuptools-2022-40897;CVE-2022-40897;PYSEC-2022-43012,-48.21551599493056,0
pypa/setuptools,setuptools,PYSEC-2013-22,unknown,,2013-08-06T02:52:00Z,0.7,,,0,CVE-2013-1633;GHSA-27x4-j476-jp5f,4578.526522229502,1
pypa/setuptools,setuptools,PYSEC-2022-43012,unknown,,2022-12-23T00:15:00Z,43a9c9bfa6aa626ec2a22540bea28d2ca77964be,,,0,BIT-setuptools-2022-40897;CVE-2022-40897;GHSA-r9hx-vwmv-q579,1152.63555000728,1
pypa/setuptools,setuptools,PYSEC-2025-49,critical,CVSS:3.1/AV:N/AC:L/PR:L/UI:N/S:U/C:H/I:H/A:H,2025-05-17T16:15:19Z,250a6d17978f9f6ac3ac887091f2d32886fbbb0b,,,0,BIT-setuptools-2025-47273;CVE-2025-47273;GHSA-5rjg-fvgr-3xxf,275.968663433206,0
pypa/wheel,wheel,GHSA-8rrh-rw8j-w5fx,high,CVSS:3.1/AV:L/AC:L/PR:N/UI:R/S:U/C:N/I:H/A:H,2026-01-22T18:02:56Z,0.46.2,2026-01-21 23:55:24.447101+00:00,-0.7552263067013889,1,CVE-2026-24049,-0.7552263067013889,0
pypa/wheel,wheel,GHSA-qwmp-2cf2-g9g6,critical,CVSS:3.1/AV:N/AC:L/PR:N/UI:N/S:U/C:N/I:N/A:H,2022-12-23T00:30:23Z,0.38.1,2022-11-04 09:28:28.361454+00:00,-48.62632683502315,1,CVE-2022-40898;PYSEC-2022-43017,-48.62632683502315,0
pypa/wheel,wheel,PYSEC-2022-43017,unknown,,2022-12-23T00:15:00Z,0.38.1,2022-11-04 09:28:28.361454+00:00,-48.61564396465278,1,CVE-2022-40898;GHSA-qwmp-2cf2-g9g6,-48.61564396465278,1
pypa/pip,pip,GHSA-4gv5-qhvr-36vv,high,CVSS:3.1/AV:L/AC:L/PR:N/UI:N/S:U/C:N/I:H/A:N,2022-05-13T01:11:25Z,1.3,2013-03-07 21:38:47.856575+00:00,-3353.147652122975,1,CVE-2013-1888;PYSEC-2013-9,-3353.147652122975,0
pypa/pip,pip,GHSA-4xh5-x5gv-qwph,critical,CVSS:4.0/AV:N/AC:L/AT:P/PR:N/UI:A/VC:N/VI:H/VA:N/SC:N/SI:N/SA:N,2025-09-24T15:31:14Z,25.3,2025-10-25 00:55:39.247292+00:00,30.391958880694443,1,BIT-pip-2025-8869;CVE-2025-8869,30.391958880694443,0
pypa/pip,pip,GHSA-53mr-44pp-crf4,high,CVSS:3.1/AV:L/AC:L/PR:N/UI:N/S:U/C:N/I:N/A:H,2022-05-13T01:11:25Z,6.0,2014-12-22 16:16:26.467841+00:00,-2698.371510788877,1,CVE-2014-8991;PYSEC-2014-11,-2698.371510788877,0
pypa/pip,pip,GHSA-5xp3-jfq3-5q8x,high,CVSS:3.1/AV:N/AC:L/PR:L/UI:R/S:U/C:N/I:H/A:N,2021-11-15T17:45:01Z,21.1,2021-04-24 12:58:11.070033+00:00,-205.1991890042477,1,BIT-pip-2021-3572;CVE-2021-3572;PYSEC-2021-437,-205.1991890042477,0
pypa/pip,pip,GHSA-6vgw-5pg2-w6jp,medium,CVSS:4.0/AV:N/AC:L/AT:P/PR:L/UI:A/VC:N/VI:L/VA:N/SC:N/SI:N/SA:N,2026-02-02T15:30:34Z,26.0,2026-01-31 01:40:52.252376+00:00,-2.576177634537037,1,BIT-pip-2026-1703;CVE-2026-1703,-2.576177634537037,0
pypa/pip,pip,GHSA-c5h8-cq4v-cvfm,critical,CVSS:3.1/AV:N/AC:H/PR:N/UI:N/S:U/C:N/I:H/A:N,2022-05-24T22:01:03Z,1.5,2014-01-02 13:54:21.142722+00:00,-3064.3379844592364,1,CVE-2013-5123;PYSEC-2019-160,-3064.3379844592364,0
pypa/pip,pip,GHSA-g3p5-fjj9-h8gj,critical,CVSS:3.1/AV:L/AC:L/PR:N/UI:N/S:U/C:H/I:H/A:H,2022-05-13T01:11:25Z,1.3,2013-03-07 21:38:47.856575+00:00,-3353.147652122975,1,CVE-2013-1629;PYSEC-2013-8,-3353.147652122975,0
pypa/pip,pip,GHSA-gpvv-69j7-gwj8,critical,CVSS:3.1/AV:N/AC:L/PR:N/UI:N/S:U/C:N/I:H/A:N,2021-06-09T17:35:04Z,19.2,2019-07-23 05:23:19.723570+00:00,-687.5081513475695,1,CVE-2019-20916;PYSEC-2020-173,-687.5081513475695,0
pypa/pip,pip,GHSA-mq26-g339-26xf,medium,CVSS:3.1/AV:L/AC:L/PR:L/UI:N/S:U/C:N/I:H/A:N,2023-10-25T18:32:26Z,23.3,2023-10-15 16:24:10.166878+00:00,-10.08907214261574,1,BIT-pip-2023-5752;CVE-2023-5752;PYSEC-2023-228,-10.08907214261574,0
pypa/pip,pip,PYSEC-2013-8,unknown,,2013-08-06T02:52:00Z,1.3,2013-03-07 21:38:47.856575+00:00,-151.21750166001158,1,CVE-2013-1629;GHSA-g3p5-fjj9-h8gj,-151.21750166001158,1
pypa/pip,pip,PYSEC-2013-9,unknown,,2013-08-17T06:54:00Z,1.3,2013-03-07 21:38:47.856575+00:00,-162.38555721556713,1,CVE-2013-1888;GHSA-4gv5-qhvr-36vv,-162.38555721556713,1
pypa/pip,pip,PYSEC-2014-11,unknown,,2014-11-24T15:59:00Z,6.0,2014-12-22 16:16:26.467841+00:00,28.012111896307868,1,CVE-2014-8991;GHSA-53mr-44pp-crf4,28.012111896307868,1
pypa/pip,pip,PYSEC-2019-160,unknown,,2019-11-05T22:15:00Z,1.5,2014-01-02 13:54:21.142722+00:00,-2133.3476719592363,1,CVE-2013-5123;GHSA-c5h8-cq4v-cvfm,-2133.3476719592363,1
pypa/pip,pip,PYSEC-2020-173,unknown,,2020-09-04T20:15:00Z,a4c735b14a62f9cb864533808ac63936704f2ace,,,0,CVE-2019-20916;GHSA-gpvv-69j7-gwj8,1991.8022166739463,1
pypa/pip,pip,PYSEC-2021-437,unknown,,2021-11-10T18:15:00Z,21.1,2021-04-24 12:58:11.070033+00:00,-200.22001076350696,1,BIT-pip-2021-3572;CVE-2021-3572;GHSA-5xp3-jfq3-5q8x,-200.22001076350696,1
pypa/pip,pip,PYSEC-2023-228,medium,CVSS:3.1/AV:L/AC:L/PR:L/UI:N/S:U/C:N/I:L/A:N,2023-10-25T18:17:00Z,23.3,2023-10-15 16:24:10.166878+00:00,-10.078354550023148,1,BIT-pip-2023-5752;CVE-2023-5752;GHSA-mq26-g339-26xf,-10.078354550023148,0
mkdocs/mkdocs,mkdocs,GHSA-qh9q-34h6-hcv9,critical,CVSS:3.1/AV:N/AC:L/PR:N/UI:N/S:U/C:H/I:N/A:N,2021-10-12T18:48:24Z,1.2.3,2021-10-12 21:46:30.603264+00:00,0.1236875377777777,1,CVE-2021-40978;PYSEC-2021-878,0.1236875377777777,0
mkdocs/mkdocs,mkdocs,PYSEC-2021-878,critical,CVSS:3.1/AV:N/AC:L/PR:N/UI:N/S:U/C:H/I:N/A:N,2021-10-07T14:15:00Z,1.2.3,2021-10-12 21:46:30.603264+00:00,5.313548648888888,1,CVE-2021-40978;GHSA-qh9q-34h6-hcv9,5.313548648888888,0
mitmproxy/pdoc,pdoc,GHSA-5vgj-ggm4-fg62,critical,CVSS:3.1/AV:N/AC:L/PR:N/UI:N/S:C/C:L/I:N/A:L,2024-06-25T22:23:30Z,14.5.1,2024-06-25 21:33:58.687325+00:00,-0.0343901929976851,1,CVE-2024-38526,-0.0343901929976851,0
