repo_full_name,contributor_login,contributions,type
django/django,timgraham,3504,User
django/django,adrianholovaty,2802,User
django/django,malcolmt,1872,User
django/django,freakboy3742,1741,User
django/django,claudep,1722,User
django/django,felixxm,1678,User
django/django,aaugustin,1399,User
django/django,jezdez,895,User
django/django,jacobian,893,User
django/django,charettes,753,User
django/django,spookylukey,497,User
django/django,alex,483,User
django/django,ramiro,474,User
django/django,andrewgodwin,450,User
django/django,jdufresne,425,User
django/django,sir-sigurd,373,User
django/django,akaariai,351,User
django/django,ngnpope,345,User
django/django,gdub,335,User
django/django,carltongibson,316,User
django/django,adamchainz,299,User
django/django,apollo13,296,User
django/django,kmtracey,274,User
django/django,jbronn,270,User
django/django,ubernostrum,264,User
django/django,hramezani,259,User
django/django,jacobtylerwalls,227,User
django/django,nessita,219,User
django/django,bmispelon,218,User
django/django,carljm,213,User
django/django,Georg Bauer,202,Anonymous
django/django,sarahboyce,197,User
django/django,smithdc1,196,User
django/django,jphalip,194,User
django/django,loic,180,User
django/django,brosner,150,User
django/django,MarkusH,146,User
django/django,cjerdonek,144,User
django/django,mjtamlyn,139,User
django/django,Gabriel Hurley,122,Anonymous
django/django,atombrella,99,User
django/django,SmileyChris,93,User
django/django,Ian Kelly,93,Anonymous
django/django,David-Wobrock,82,User
django/django,ptone,75,User
django/django,shaib,74,User
django/django,marcfargas,73,User
django/django,berkerpeksag,71,User
django/django,collinanderson,68,User
django/django,jkocherhans,67,User
django/django,orf,66,User
django/django,cliffordgama,66,User
django/django,francoisfreitag,63,User
django/django,alasdairnicol,60,User
django/django,prestontimmons,59,User
django/django,PaulMcMillan,54,User
django/django,hannseman,52,User
django/django,honzakral,49,User
django/django,kezabelle,47,User
django/django,DrMeers,46,User
django/django,Jarek Zgoda,44,Anonymous
django/django,jarshwah,44,User
django/django,Wilson Miner,44,Anonymous
django/django,shangxiao,41,User
django/django,mxsasha,39,User
django/django,akki,38,User
django/django,medmunds,38,User
django/django,Alex Gaynor,37,Anonymous
django/django,knbk,37,User
django/django,Nicola Larosa,36,Anonymous
django/django,knyghty,36,User
django/django,Antoliny0919,36,User
django/django,Adam Chainz,35,Anonymous
django/django,JaeHyuckSa,35,User
django/django,mboersma,34,User
django/django,desecho,33,User
django/django,funkybob,33,User
django/django,mgaligniana,33,User
django/django,blueyed,32,User
django/django,evildmp,32,User
django/django,coder9042,30,User
django/django,matthiask,30,User
django/django,yellowcap,30,User
django/django,codingjoe,29,User
django/django,adamzap,27,User
django/django,manfre,27,User
django/django,srinivasreddy,26,User
django/django,jschneier,26,User
django/django,Bouke,26,User
django/django,Simon Willison,25,Anonymous
django/django,AlexHill,25,User
django/django,laymonage,25,User
django/django,mmardini,23,User
django/django,Ian Foote,22,Anonymous
django/django,marfire,22,User
django/django,pauloxnet,22,User
django/django,scop,22,User
django/django,czpython,21,User
django/django,wrwrwr,21,User
django/django,Unai Zalakain,20,Anonymous
pallets/flask,davidism,1805,User
pallets/flask,mitsuhiko,1189,User
pallets/flask,untitaker,274,User
pallets/flask,rduplain,122,User
pallets/flask,greyli,105,User
pallets/flask,dependabot-preview[bot],91,Bot
pallets/flask,DasIch,86,User
pallets/flask,dependabot[bot],61,Bot
pallets/flask,kennethreitz,59,User
pallets/flask,Kenneth Reitz,57,Anonymous
pallets/flask,pgjones,50,User
pallets/flask,pre-commit-ci[bot],39,Bot
pallets/flask,keyan,36,User
pallets/flask,Daniel Neuhäuser,32,Anonymous
pallets/flask,ThiefMaster,28,User
pallets/flask,defuz,26,User
pallets/flask,lepture,25,User
pallets/flask,ThomasWaldmann,23,User
pallets/flask,jeffwidman,22,User
pallets/flask,jab,21,User
pallets/flask,SimonSapin,18,User
pallets/flask,lord63,17,User
pallets/flask,florentx,17,User
pallets/flask,adambyrtek,13,User
pallets/flask,dag,13,User
pallets/flask,wgwz,13,User
pallets/flask,s3rvac,12,User
pallets/flask,flying-sheep,12,User
pallets/flask,dawranliou,10,User
pallets/flask,plaes,9,User
pallets/flask,garenchan,9,User
pallets/flask,methane,8,User
pallets/flask,Eugene M. Kim,8,Anonymous
pallets/flask,vtbassmatt,8,User
pallets/flask,tullyrankin,7,User
pallets/flask,miguelgrinberg,7,User
pallets/flask,yuxiaoy1,7,User
pallets/flask,cvrebert,6,User
pallets/flask,matt swanson,6,Anonymous
pallets/flask,Sven-Hendrik Haase,6,Anonymous
pallets/flask,Winnetou,6,User
pallets/flask,aqt01,6,User
pallets/flask,hendrikmakait,6,User
pallets/flask,singingwolfboy,6,User
pallets/flask,lordmauve,6,User
pallets/flask,antsar,6,User
pallets/flask,alexpantyukhin,6,User
pallets/flask,akavlie,6,User
pallets/flask,jfinkels,5,User
pallets/flask,max demian,5,Anonymous
pallets/flask,svenstaro,5,User
pallets/flask,s0undt3ch,5,User
pallets/flask,atdt,5,User
pallets/flask,ivanovmg,5,User
pallets/flask,Matt Wright,5,Anonymous
pallets/flask,mwcampbell,5,User
pallets/flask,justquick,5,User
pallets/flask,homeworkprod,5,User
pallets/flask,Jimmy McCarthy,5,Anonymous
pallets/flask,dhaaker,5,User
pallets/flask,doobeh,5,User
pallets/flask,adamzap,5,User
pallets/flask,Akasurde,4,User
pallets/flask,garbados,4,User
pallets/flask,MikeTheReader,4,User
pallets/flask,njl,4,User
pallets/flask,Jalkhov,4,User
pallets/flask,RaHus,4,User
pallets/flask,cerickson,4,User
pallets/flask,wilsaj,4,User
pallets/flask,hyunchel,4,User
pallets/flask,Alex Couper,4,Anonymous
pallets/flask,aphedges,4,User
pallets/flask,antlarr,4,User
pallets/flask,bsutherland,4,User
pallets/flask,Diggsey,4,User
pallets/flask,dmishe,4,User
pallets/flask,EtiennePelletier,4,User
pallets/flask,FND,4,Anonymous
pallets/flask,Kevin Burke,4,Anonymous
pallets/flask,lgiordani,4,User
pallets/flask,alekzvik,3,User
pallets/flask,rzelayafavila,3,User
pallets/flask,Sebastien Estienne,3,Anonymous
pallets/flask,sourya,3,User
pallets/flask,ThomasWaldmann,3,Anonymous
pallets/flask,tony,3,User
pallets/flask,Yourun-proger,3,User
pallets/flask,mrluanma,3,User
pallets/flask,awsum,3,User
pallets/flask,jackwardell,3,User
pallets/flask,jgraeme,3,User
pallets/flask,mvantellingen,3,User
pallets/flask,wimglenn,3,User
pallets/flask,drewja,3,User
pallets/flask,tirkarthi,3,User
pallets/flask,lobeck,3,User
pallets/flask,accraze,3,User
pallets/flask,EnTeQuAk,3,User
pallets/flask,davebarkerxyz,3,User
psf/requests,Kenneth Reitz,2141,Anonymous
psf/requests,kennethreitz,1006,User
psf/requests,Lukasa,610,User
psf/requests,sigmavirus24,395,User
psf/requests,nateprewitt,305,User
psf/requests,slingamn,45,User
psf/requests,BraulioVM,43,User
psf/requests,dependabot[bot],36,Bot
psf/requests,dpursehouse,31,User
psf/requests,jgorset,26,User
psf/requests,daftshady,24,User
psf/requests,jerem,23,User
psf/requests,gazpachoking,21,User
psf/requests,Ian Cordasco,21,Anonymous
psf/requests,idan,20,User
psf/requests,schlamar,20,User
psf/requests,jdufresne,18,User
psf/requests,Mike Waldner,18,Anonymous
psf/requests,kevinburke,17,User
psf/requests,kmadac,16,User
psf/requests,aless10,15,User
psf/requests,graingert,14,User
psf/requests,sethmlarson,14,User
psf/requests,jasongrout,12,User
psf/requests,mjpieters,12,User
psf/requests,davidfischer,11,User
psf/requests,klimenko,11,User
psf/requests,Kevin Burke,11,Anonymous
psf/requests,mgiuca,11,User
psf/requests,hugovk,11,User
psf/requests,DemetriosBairaktaris,10,User
psf/requests,t-8ch,10,User
psf/requests,monkeython,10,User
psf/requests,mrtazz,10,User
psf/requests,ContinuousFunction,10,User
psf/requests,acdha,9,User
psf/requests,riyadparvez,9,User
psf/requests,alexwlchan,9,User
psf/requests,bbamsch,8,User
psf/requests,joequery,8,User
psf/requests,dstufft,8,User
psf/requests,sharat87,7,User
psf/requests,barberj,7,User
psf/requests,anupam-arista,7,User
psf/requests,zsiciarz,7,User
psf/requests,reclosedev,7,User
psf/requests,atdt,7,User
psf/requests,Josh Imhoff,7,Anonymous
psf/requests,EFord36,7,User
psf/requests,Stranger6667,7,User
psf/requests,Casey Davidson,7,Anonymous
psf/requests,leo-b,7,User
psf/requests,colindickson,6,User
psf/requests,Kwpolska,6,User
psf/requests,jemerick,6,User
psf/requests,sprt,6,User
psf/requests,mgasvoda,6,User
psf/requests,mattkohl,6,Anonymous
psf/requests,ayanamist,6,User
psf/requests,Stevoisiak,6,User
psf/requests,ssadler,6,User
psf/requests,Sayz Lim,6,Anonymous
psf/requests,rwe,6,User
psf/requests,Piotr Dobrogost,6,Anonymous
psf/requests,Michael Holler,6,Anonymous
psf/requests,mdbecker,6,User
psf/requests,maxcountryman,6,User
psf/requests,bobcarroll,6,User
psf/requests,alex,6,User
psf/requests,umbrae,6,User
psf/requests,dullbananas,6,User
psf/requests,densh,6,User
psf/requests,codedstructure,5,User
psf/requests,rboulton,5,User
psf/requests,RonnyPfannschmidt,5,User
psf/requests,Ryan Munro,5,Anonymous
psf/requests,tijko,5,User
psf/requests,exvito,5,User
psf/requests,miroli,5,User
psf/requests,shazow,5,User
psf/requests,btoews,5,User
psf/requests,alvarogzp,5,User
psf/requests,linuxlizard,5,User
psf/requests,luckydenis,5,User
psf/requests,ericfrederich,5,User
psf/requests,ib-lundgren,5,User
psf/requests,Johnny Goodnow,5,Anonymous
psf/requests,Kenneth Reitz,5,Anonymous
psf/requests,StyXman,5,User
psf/requests,volker48,5,User
psf/requests,newmaniese,5,User
psf/requests,miketheman,5,User
psf/requests,plaes,4,User
psf/requests,Zoramite,4,User
psf/requests,scholer,4,User
psf/requests,rmax,4,User
psf/requests,smiley,4,User
psf/requests,skastel,4,User
psf/requests,Sylvain MARIE,4,Anonymous
psf/requests,Thomas Grainger,4,Anonymous
fastapi/fastapi,tiangolo,1953,User
fastapi/fastapi,github-actions[bot],390,Bot
fastapi/fastapi,dependabot[bot],139,Bot
fastapi/fastapi,Nils Lindemann,131,Anonymous
fastapi/fastapi,alejsdev,56,User
fastapi/fastapi,YuriiMotov,56,User
fastapi/fastapi,pre-commit-ci[bot],50,Bot
fastapi/fastapi,jaystone776,49,User
fastapi/fastapi,valentinDruzhinin,32,User
fastapi/fastapi,ceb10n,31,User
fastapi/fastapi,waynerv,25,User
fastapi/fastapi,Kludex,25,User
fastapi/fastapi,tokusumi,24,User
fastapi/fastapi,hasansezertasan,23,User
fastapi/fastapi,SwftAlpc,23,User
fastapi/fastapi,svlandeg,17,User
fastapi/fastapi,dmontagu,17,User
fastapi/fastapi,AlertRED,16,User
fastapi/fastapi,hard-coders,16,User
fastapi/fastapi,Zhongheng-Cheng,14,User
fastapi/fastapi,Joao-Pedro-P-Holanda,14,User
fastapi/fastapi,codingjenny,14,User
fastapi/fastapi,nilslindemann,14,User
fastapi/fastapi,Xewus,13,User
fastapi/fastapi,euri10,13,User
fastapi/fastapi,kantandane,13,User
fastapi/fastapi,mariacamilagl,11,User
fastapi/fastapi,zhaohan-dong,11,User
fastapi/fastapi,alv2017,11,User
fastapi/fastapi,marcelomarkus,11,User
fastapi/fastapi,KaniKim,10,User
fastapi/fastapi,Smlep,10,User
fastapi/fastapi,handabaldeep,9,User
fastapi/fastapi,barsi,9,User
fastapi/fastapi,xzmeng,9,User
fastapi/fastapi,Vincy1230,9,User
fastapi/fastapi,pablocm83,8,User
fastapi/fastapi,Serrones,8,User
fastapi/fastapi,vishnuvskvkl,8,User
fastapi/fastapi,estebanx64,7,User
fastapi/fastapi,RunningIkkyu,7,User
fastapi/fastapi,ptt3199,7,User
fastapi/fastapi,rjNemo,7,User
fastapi/fastapi,Alexandrhub,7,User
fastapi/fastapi,NinaHwang,7,User
fastapi/fastapi,lucasbalieiro,6,User
fastapi/fastapi,batlopes,6,User
fastapi/fastapi,alissadb,6,User
fastapi/fastapi,samuelcolvin,5,User
fastapi/fastapi,Attsun1031,5,User
fastapi/fastapi,tamtam-fitness,5,User
fastapi/fastapi,wshayes,5,User
fastapi/fastapi,rostik1410,5,User
fastapi/fastapi,NavesSapnis,5,User
fastapi/fastapi,ComicShrimp,5,User
fastapi/fastapi,krishnamadhavan,5,User
fastapi/fastapi,musicinmybrain,5,User
fastapi/fastapi,timothy-jeong,4,User
fastapi/fastapi,hitrust,4,User
fastapi/fastapi,ycd,4,User
fastapi/fastapi,Limsunoh,4,User
fastapi/fastapi,axel584,4,User
fastapi/fastapi,k94-ishi,4,User
fastapi/fastapi,ivan-abc,4,User
fastapi/fastapi,BilalAlpaslan,4,User
fastapi/fastapi,komtaki,4,User
fastapi/fastapi,adriangb,4,User
fastapi/fastapi,AlexWendland,4,User
fastapi/fastapi,iudeen,4,User
fastapi/fastapi,izaguerreiro,4,User
fastapi/fastapi,jekirl,4,User
fastapi/fastapi,jfunez,4,User
fastapi/fastapi,philipokiokio,4,User
fastapi/fastapi,kwang1215,4,User
fastapi/fastapi,Mohammad222PR,4,User
fastapi/fastapi,Rishat-F,4,User
fastapi/fastapi,stlucasgarcia,4,User
fastapi/fastapi,papb,3,User
fastapi/fastapi,rkbeatss,3,User
fastapi/fastapi,blt232018,3,User
fastapi/fastapi,tamird,3,User
fastapi/fastapi,TeoZosa,3,User
fastapi/fastapi,graingert,3,User
fastapi/fastapi,uriyyo,3,User
fastapi/fastapi,divums,3,User
fastapi/fastapi,Zssaer,3,User
fastapi/fastapi,ilacftemp,3,User
fastapi/fastapi,kim-sangah,3,User
fastapi/fastapi,maoyibo,3,User
fastapi/fastapi,mojtabapaso,3,User
fastapi/fastapi,nahyunkeem,3,User
fastapi/fastapi,9zimin9,3,User
fastapi/fastapi,s111d,3,User
fastapi/fastapi,ChuyuChoyeon,3,User
fastapi/fastapi,riroan,3,User
fastapi/fastapi,ghandic,3,User
fastapi/fastapi,sattosan,3,User
fastapi/fastapi,fabianfalon,3,User
fastapi/fastapi,andrew222651,3,User
fastapi/fastapi,AhsanSheraz,3,User
encode/httpx,lovelydinosaur,712,User
encode/httpx,florimondmanca,151,User
encode/httpx,dependabot[bot],147,Bot
encode/httpx,sethmlarson,29,User
encode/httpx,karpetrosyan,22,User
encode/httpx,Yeray Diaz Diaz,20,Anonymous
encode/httpx,Kludex,18,User
encode/httpx,Can Sarıgöl,16,Anonymous
encode/httpx,adriangb,14,User
encode/httpx,cdeler,12,User
encode/httpx,j178,12,User
encode/httpx,jcugat,10,User
encode/httpx,T-256,9,User
encode/httpx,JayH5,7,User
encode/httpx,jtmiclat,7,User
encode/httpx,StephenBrown2,7,User
encode/httpx,hugovk,6,User
encode/httpx,hukkinj1,6,User
encode/httpx,lundberg,5,User
encode/httpx,mjpieters,5,User
encode/httpx,mgorny,5,User
encode/httpx,Yeray Diaz Diaz,5,Anonymous
encode/httpx,matusf,4,User
encode/httpx,trim21,4,User
encode/httpx,zanieb,4,User
encode/httpx,pquentin,4,User
encode/httpx,oczkers,3,User
encode/httpx,toppk,3,User
encode/httpx,halbow,3,User
encode/httpx,euri10,3,User
encode/httpx,yeraydiazdiaz,3,User
encode/httpx,graingert,3,User
encode/httpx,simonw,3,User
encode/httpx,Colin-b,3,User
encode/httpx,humrochagf,3,User
encode/httpx,johtso,3,User
encode/httpx,michael-k,3,User
encode/httpx,RafaelWO,3,User
encode/httpx,ofek,3,User
encode/httpx,mbeijen,3,User
encode/httpx,Michael Oliver,3,Anonymous
encode/httpx,willfrey,2,User
encode/httpx,lazorchakp,2,User
encode/httpx,paulschreiber,2,User
encode/httpx,musale,2,User
encode/httpx,xzmeng,2,User
encode/httpx,waterfountain1996,2,User
encode/httpx,laggardkernel,2,User
encode/httpx,vytas7,2,User
encode/httpx,taoufik07,2,User
encode/httpx,Stephen Brown II,2,Anonymous
encode/httpx,symonk,2,User
encode/httpx,sidharthv96,2,User
encode/httpx,skshetry,2,User
encode/httpx,xrmx,2,User
encode/httpx,aminalaee,2,User
encode/httpx,andrewmwhite,2,User
encode/httpx,Andrés Álvarez,2,Anonymous
encode/httpx,cansarigol,2,User
encode/httpx,cclauss,2,User
encode/httpx,b0g3r,2,User
encode/httpx,dobrovolsky,2,User
encode/httpx,Singletoned,2,User
encode/httpx,mtelka,2,User
encode/httpx,Mattwmaster58,2,User
encode/httpx,jamesbraza,2,User
encode/httpx,nick2i,2,User
encode/httpx,jkklapp,2,User
encode/httpx,hannseman,2,User
encode/httpx,gdhameeja,2,User
encode/httpx,frankie567,2,User
encode/httpx,Aber,1,Anonymous
encode/httpx,rowillia,1,User
encode/httpx,RyanBalfanz,1,User
encode/httpx,SarunasAzna,1,User
encode/httpx,scr,1,User
encode/httpx,shinyzhu,1,User
encode/httpx,Simon-Le,1,User
encode/httpx,dongskyler,1,User
encode/httpx,srikanthccv,1,User
encode/httpx,trendels,1,User
encode/httpx,Ousret,1,User
encode/httpx,behrtam,1,User
encode/httpx,tsotnikov,1,User
encode/httpx,the-ress,1,User
encode/httpx,timgates42,1,User
encode/httpx,tobb10001,1,User
encode/httpx,tomasfarias,1,User
encode/httpx,trondhindenes,1,User
encode/httpx,hexarobi,1,User
encode/httpx,wozniakty,1,User
encode/httpx,tyrelsouza,1,User
encode/httpx,michaelfeil,1,User
encode/httpx,michaeloliverx,1,User
encode/httpx,minho42,1,User
encode/httpx,fristhon,1,User
encode/httpx,Midnighter,1,User
encode/httpx,naveensrinivasan,1,User
encode/httpx,mymedia2,1,User
encode/httpx,Nnonexistent,1,User
tornadoweb/tornado,bdarnell,3560,User
tornadoweb/tornado,Ben Darnell,120,Anonymous
tornadoweb/tornado,ajdavis,91,User
tornadoweb/tornado,ploxiln,44,User
tornadoweb/tornado,finiteloop,34,User
tornadoweb/tornado,pitrou,34,User
tornadoweb/tornado,minrk,33,User
tornadoweb/tornado,dependabot[bot],28,Bot
tornadoweb/tornado,mivade,27,User
tornadoweb/tornado,alekstorm,19,User
tornadoweb/tornado,takluyver,18,User
tornadoweb/tornado,wolever,16,User
tornadoweb/tornado,daftshady,15,User
tornadoweb/tornado,leekchan,13,User
tornadoweb/tornado,A. Jesse Jiryu Davis,12,Anonymous
tornadoweb/tornado,Casey,12,Anonymous
tornadoweb/tornado,graingert,12,User
tornadoweb/tornado,mrjoes,12,User
tornadoweb/tornado,birkjernstrom,10,User
tornadoweb/tornado,rgbkrk,10,User
tornadoweb/tornado,unknown,10,Anonymous
tornadoweb/tornado,schlamar,10,User
tornadoweb/tornado,garenchan,10,User
tornadoweb/tornado,ovidiucp,9,User
tornadoweb/tornado,homm,9,User
tornadoweb/tornado,tatiana,8,User
tornadoweb/tornado,Andrey Sumin,8,Anonymous
tornadoweb/tornado,spaceone,8,User
tornadoweb/tornado,jparise,8,User
tornadoweb/tornado,mr-ping,7,User
tornadoweb/tornado,lilydjwg,7,User
tornadoweb/tornado,dano,7,User
tornadoweb/tornado,bergundy,7,User
tornadoweb/tornado,james-viasat,7,User
tornadoweb/tornado,flodiebold,7,User
tornadoweb/tornado,davidwilemski,7,User
tornadoweb/tornado,Akihiro Yamazaki,6,Anonymous
tornadoweb/tornado,Benjamin Golub,6,Anonymous
tornadoweb/tornado,Bret Taylor,6,Anonymous
tornadoweb/tornado,mirceaulinic,6,User
tornadoweb/tornado,GeekDuanLian,6,User
tornadoweb/tornado,st4lk,6,User
tornadoweb/tornado,youguanxinqing,6,User
tornadoweb/tornado,methane,6,User
tornadoweb/tornado,zhicheng,6,User
tornadoweb/tornado,ysimonson,5,User
tornadoweb/tornado,Szabó Antal,5,Anonymous
tornadoweb/tornado,sclm,5,User
tornadoweb/tornado,Parkayun,5,User
tornadoweb/tornado,msabramo,5,User
tornadoweb/tornado,jehiah,5,User
tornadoweb/tornado,andreasrosdal,5,User
tornadoweb/tornado,igorsobreira,5,User
tornadoweb/tornado,wsantos,4,User
tornadoweb/tornado,cloudaice,4,User
tornadoweb/tornado,caseymrm,4,User
tornadoweb/tornado,SuminAndrew,4,User
tornadoweb/tornado,bfis,4,User
tornadoweb/tornado,tiwilliam,4,User
tornadoweb/tornado,vkosh,4,User
tornadoweb/tornado,MrTravisB,4,User
tornadoweb/tornado,alanhogan,4,User
tornadoweb/tornado,ei-grad,4,User
tornadoweb/tornado,klaussfreire,4,User
tornadoweb/tornado,codeb2cc,4,User
tornadoweb/tornado,evanj,4,User
tornadoweb/tornado,grafuls,4,User
tornadoweb/tornado,pjknkda,4,User
tornadoweb/tornado,emehrkay,4,User
tornadoweb/tornado,Sebastien Boving,4,Anonymous
tornadoweb/tornado,tarnfeld,4,User
tornadoweb/tornado,Omri Bahumi,3,Anonymous
tornadoweb/tornado,phihag,3,User
tornadoweb/tornado,remram44,3,User
tornadoweb/tornado,Steve Peak,3,Anonymous
tornadoweb/tornado,stevepeak,3,User
tornadoweb/tornado,noyainrain,3,User
tornadoweb/tornado,protoss-player,3,User
tornadoweb/tornado,Maillol,3,User
tornadoweb/tornado,Willem de Groot,3,Anonymous
tornadoweb/tornado,kriskros341,3,User
tornadoweb/tornado,laggardkernel,3,User
tornadoweb/tornado,marc,3,Anonymous
tornadoweb/tornado,szweep,3,User
tornadoweb/tornado,qcha0,3,User
tornadoweb/tornado,dave-shawley,3,User
tornadoweb/tornado,stiletto,3,User
tornadoweb/tornado,Lancher,3,User
tornadoweb/tornado,kachayev,3,User
tornadoweb/tornado,andrewrabert,3,User
tornadoweb/tornado,anton-ryzhov,3,User
tornadoweb/tornado,amorton,3,User
tornadoweb/tornado,fiam,3,User
tornadoweb/tornado,Caligatio,3,User
tornadoweb/tornado,kinow,3,User
tornadoweb/tornado,ColorFuzzy,3,User
tornadoweb/tornado,djvis,3,User
tornadoweb/tornado,Didip Kerabat,3,Anonymous
tornadoweb/tornado,nickcoutsos,3,User
tornadoweb/tornado,Mike Koss,3,Anonymous
aio-libs/aiohttp,asvetlov,4439,User
aio-libs/aiohttp,dependabot[bot],1896,Bot
aio-libs/aiohttp,patchback[bot],988,Bot
aio-libs/aiohttp,bdraco,883,User
aio-libs/aiohttp,fafhrd91,775,User
aio-libs/aiohttp,Dreamsorcerer,545,User
aio-libs/aiohttp,webknjaz,522,User
aio-libs/aiohttp,dependabot-preview[bot],236,Bot
aio-libs/aiohttp,Nikolay Kim,212,Anonymous
aio-libs/aiohttp,pyup-bot,206,User
aio-libs/aiohttp,kxepal,79,User
aio-libs/aiohttp,popravich,72,User
aio-libs/aiohttp,pre-commit-ci[bot],51,Bot
aio-libs/aiohttp,jashandeep-sohi,45,User
aio-libs/aiohttp,samuelcolvin,37,User
aio-libs/aiohttp,mind1m,34,User
aio-libs/aiohttp,aio-libs-github-bot[bot],33,Bot
aio-libs/aiohttp,Cycloctane,30,User
aio-libs/aiohttp,pfreixes,28,User
aio-libs/aiohttp,arthurdarcet,28,User
aio-libs/aiohttp,derlih,25,User
aio-libs/aiohttp,jettify,25,User
aio-libs/aiohttp,l1storez,22,User
aio-libs/aiohttp,rutsky,22,User
aio-libs/aiohttp,socketpair,22,User
aio-libs/aiohttp,github-actions[bot],20,Bot
aio-libs/aiohttp,andrewleech,19,User
aio-libs/aiohttp,cdce8p,19,User
aio-libs/aiohttp,Marco Paolini,19,Anonymous
aio-libs/aiohttp,greshilov,18,User
aio-libs/aiohttp,argaen,17,User
aio-libs/aiohttp,scop,17,User
aio-libs/aiohttp,steverep,17,User
aio-libs/aiohttp,Sergey Skripnick,17,Anonymous
aio-libs/aiohttp,alexdutton,16,User
aio-libs/aiohttp,thehesiod,13,User
aio-libs/aiohttp,eteamin,13,User
aio-libs/aiohttp,lphuberdeau,13,User
aio-libs/aiohttp,cecton,12,User
aio-libs/aiohttp,jairhenrique,12,User
aio-libs/aiohttp,luhn,12,User
aio-libs/aiohttp,akhomchenko,11,User
aio-libs/aiohttp,hellysmile,11,User
aio-libs/aiohttp,homm,11,User
aio-libs/aiohttp,penguinolog,11,User
aio-libs/aiohttp,terencehonles,10,User
aio-libs/aiohttp,davebshow,10,User
aio-libs/aiohttp,magv,10,User
aio-libs/aiohttp,graingert,10,User
aio-libs/aiohttp,JustinTArthur,10,User
aio-libs/aiohttp,AraHaan,9,User
aio-libs/aiohttp,Harmon758,9,User
aio-libs/aiohttp,jelmer,9,User
aio-libs/aiohttp,Hanaasagi,9,User
aio-libs/aiohttp,flying-sheep,9,User
aio-libs/aiohttp,Alec Hanefeld,8,Anonymous
aio-libs/aiohttp,f0t0n,8,User
aio-libs/aiohttp,gabtremblay,8,User
aio-libs/aiohttp,hynek,8,User
aio-libs/aiohttp,mgorny,8,User
aio-libs/aiohttp,layday,8,User
aio-libs/aiohttp,playpauseandstop,7,User
aio-libs/aiohttp,tumb1er,7,User
aio-libs/aiohttp,Artem Yushkovskiy,7,Anonymous
aio-libs/aiohttp,Martiusweb,7,User
aio-libs/aiohttp,thomaszdxsn,7,User
aio-libs/aiohttp,gyermolenko,6,User
aio-libs/aiohttp,realcr,6,User
aio-libs/aiohttp,roganov,6,User
aio-libs/aiohttp,TimMenninger,6,User
aio-libs/aiohttp,alefteris,6,User
aio-libs/aiohttp,AtomsForPeace,6,User
aio-libs/aiohttp,ludovic-gasc,6,User
aio-libs/aiohttp,achimnol,6,User
aio-libs/aiohttp,Gennady-Andreyev,6,User
aio-libs/aiohttp,bmuller,6,User
aio-libs/aiohttp,Anes Abismail,6,Anonymous
aio-libs/aiohttp,WisdomPill,6,User
aio-libs/aiohttp,taras-doba-ua,5,User
aio-libs/aiohttp,thijstriemstra,5,User
aio-libs/aiohttp,kornicameister,5,User
aio-libs/aiohttp,Willem de Groot,5,Anonymous
aio-libs/aiohttp,carlcarl,5,User
aio-libs/aiohttp,hh-h,5,User
aio-libs/aiohttp,vaskalas,5,User
aio-libs/aiohttp,djmitche,5,User
aio-libs/aiohttp,hubo1016,5,User
aio-libs/aiohttp,AMDmi3,5,User
aio-libs/aiohttp,hoh,5,User
aio-libs/aiohttp,Tolmachofof,5,User
aio-libs/aiohttp,nitori,5,User
aio-libs/aiohttp,eleddy,5,User
aio-libs/aiohttp,mpaolini,5,User
aio-libs/aiohttp,Eli Ribble,5,Anonymous
aio-libs/aiohttp,cbornet,5,User
aio-libs/aiohttp,kenballus,5,User
aio-libs/aiohttp,emlove,5,User
aio-libs/aiohttp,NewUserHa,5,User
aio-libs/aiohttp,balloob,5,User
aio-libs/aiohttp,Pavel Filatov,5,Anonymous
bottlepy/bottle,defnull,1437,User
bottlepy/bottle,sgala,44,User
bottlepy/bottle,oz123,37,User
bottlepy/bottle,avelino,27,User
bottlepy/bottle,iurisilvio,25,User
bottlepy/bottle,hartwork,13,User
bottlepy/bottle,fredj,12,User
bottlepy/bottle,sc68cal,12,User
bottlepy/bottle,myzhan,11,User
bottlepy/bottle,SergBobrovsky,10,User
bottlepy/bottle,eric-wieser,9,User
bottlepy/bottle,michael-k,9,User
bottlepy/bottle,agalera,8,User
bottlepy/bottle,Nicolas Vanhoren,8,Anonymous
bottlepy/bottle,foxx,5,User
bottlepy/bottle,provinzkraut,4,User
bottlepy/bottle,cclauss,4,Anonymous
bottlepy/bottle,ziadsawalha,4,User
bottlepy/bottle,Thiago Avelino,4,Anonymous
bottlepy/bottle,vaultah,4,User
bottlepy/bottle,jonashaag,4,User
bottlepy/bottle,FedericoCeratto,4,User
bottlepy/bottle,davidwtbuxton,4,User
bottlepy/bottle,babs,4,User
bottlepy/bottle,braedon,4,User
bottlepy/bottle,ifduyue,3,User
bottlepy/bottle,nayuki,3,User
bottlepy/bottle,Hanaasagi,3,User
bottlepy/bottle,zhangyoufu,3,User
bottlepy/bottle,sideffect0,3,User
bottlepy/bottle,cassiobotaro,3,User
bottlepy/bottle,Oz N Tiram,3,Anonymous
bottlepy/bottle,wobsta,3,User
bottlepy/bottle,atcol,3,User
bottlepy/bottle,Barbu Paul - Gheorghe,3,Anonymous
bottlepy/bottle,Bystroushaak,3,User
bottlepy/bottle,tirkarthi,3,User
bottlepy/bottle,Inndy,3,User
bottlepy/bottle,gabeio,3,User
bottlepy/bottle,cclauss,3,User
bottlepy/bottle,little-arhat,2,User
bottlepy/bottle,Santiago Gala,2,Anonymous
bottlepy/bottle,Sean M. Collins,2,Anonymous
bottlepy/bottle,graingert,2,User
bottlepy/bottle,mineo,2,User
bottlepy/bottle,ckreutzer,2,User
bottlepy/bottle,clavedeluna,2,User
bottlepy/bottle,ybjj,2,User
bottlepy/bottle,methane,2,User
bottlepy/bottle,njogun,2,Anonymous
bottlepy/bottle,ctengiz,2,User
bottlepy/bottle,sma,2,Anonymous
bottlepy/bottle,06180339,2,User
bottlepy/bottle,ericfrederich,2,User
bottlepy/bottle,wbond,2,User
bottlepy/bottle,qwdm,2,User
bottlepy/bottle,ajunior,2,User
bottlepy/bottle,Alexander Solovyov,2,Anonymous
bottlepy/bottle,snaury,2,User
bottlepy/bottle,aisipos,2,User
bottlepy/bottle,denik,2,User
bottlepy/bottle,keredson,2,User
bottlepy/bottle,estebanfeldman,2,User
bottlepy/bottle,iwd32900,2,User
bottlepy/bottle,johnnykv,2,User
bottlepy/bottle,Meng Zhuo,2,Anonymous
bottlepy/bottle,mengzhuo,2,User
bottlepy/bottle,maxhumber,2,User
bottlepy/bottle,clutchski,2,User
bottlepy/bottle,mgedmin,2,User
bottlepy/bottle,sirex,2,User
bottlepy/bottle,krysros,2,User
bottlepy/bottle,kevinlondon,2,User
bottlepy/bottle,lordjabez,2,User
bottlepy/bottle,netman92,1,User
bottlepy/bottle,sdaves,1,User
bottlepy/bottle,sirosen,1,User
bottlepy/bottle,SmithSamuelM,1,User
bottlepy/bottle,sloria,1,User
bottlepy/bottle,taisa007,1,User
bottlepy/bottle,Thibault Roche,1,Anonymous
bottlepy/bottle,Thomas,1,Anonymous
bottlepy/bottle,tylerl,1,User
bottlepy/bottle,trololo88,1,User
bottlepy/bottle,vsajip,1,User
bottlepy/bottle,numberZero,1,User
bottlepy/bottle,SoulPrudya,1,User
bottlepy/bottle,Wladston Viana Ferreira Filho,1,Anonymous
bottlepy/bottle,sharkwouter,1,User
bottlepy/bottle,xiaohanyu,1,User
bottlepy/bottle,purplesmoke05,1,User
bottlepy/bottle,goodmami,1,User
bottlepy/bottle,BoboTiG,1,User
bottlepy/bottle,Mike M,1,Anonymous
bottlepy/bottle,muflone,1,User
bottlepy/bottle,nstawski,1,User
bottlepy/bottle,Ivoah,1,User
bottlepy/bottle,Oz Tiram,1,Anonymous
bottlepy/bottle,PyB1l,1,User
bottlepy/bottle,pgoetz,1,User
Kludex/starlette,lovelydinosaur,455,User
Kludex/starlette,Kludex,268,User
Kludex/starlette,dependabot[bot],132,Bot
Kludex/starlette,aminalaee,53,User
Kludex/starlette,adriangb,44,User
Kludex/starlette,TechNiick,31,User
Kludex/starlette,blueyed,23,User
Kludex/starlette,JayH5,22,User
Kludex/starlette,florimondmanca,16,User
Kludex/starlette,alex-oleshkevich,15,User
Kludex/starlette,tiangolo,14,User
Kludex/starlette,graingert,13,User
Kludex/starlette,Alexander Botello,12,Anonymous
Kludex/starlette,marcosschroh,10,User
Kludex/starlette,didip,8,User
Kludex/starlette,erewok,8,User
Kludex/starlette,lealre,7,User
Kludex/starlette,jeffbuttars,6,User
Kludex/starlette,woile,6,User
Kludex/starlette,taoufik07,6,User
Kludex/starlette,abersheeran,6,User
Kludex/starlette,jordaneremieff,5,User
Kludex/starlette,rafalp,5,User
Kludex/starlette,steinnes,5,User
Kludex/starlette,simonw,5,User
Kludex/starlette,pvanliefland,5,User
Kludex/starlette,ERM,5,User
Kludex/starlette,Alex Botello,4,Anonymous
Kludex/starlette,agronholm,4,User
Kludex/starlette,em92,4,User
Kludex/starlette,HarrySky,4,User
Kludex/starlette,Shahriyar Rzayev,4,Anonymous
Kludex/starlette,uriyyo,4,User
Kludex/starlette,trim21,4,User
Kludex/starlette,WhiteApfel,3,User
Kludex/starlette,ciscorn,3,User
Kludex/starlette,tarsil,3,User
Kludex/starlette,vladmunteanu,3,User
Kludex/starlette,gi0baro,3,User
Kludex/starlette,perdy,3,User
Kludex/starlette,Orenoid,3,User
Kludex/starlette,gvbgduh,3,User
Kludex/starlette,David Montague,3,Anonymous
Kludex/starlette,Sobolev5,3,User
Kludex/starlette,iudeen,3,User
Kludex/starlette,jhominal,3,User
Kludex/starlette,jcwilson,3,User
Kludex/starlette,mgorny,3,User
Kludex/starlette,ofek,3,User
Kludex/starlette,r-m-n,3,User
Kludex/starlette,sloria,2,User
Kludex/starlette,uranusjr,2,User
Kludex/starlette,Vic Shóstak,2,Anonymous
Kludex/starlette,TheWesDias,2,User
Kludex/starlette,kemingy,2,User
Kludex/starlette,haizaar,2,User
Kludex/starlette,dmontagu,2,User
Kludex/starlette,keakon,2,Anonymous
Kludex/starlette,laggardkernel,2,User
Kludex/starlette,laixintao,2,User
Kludex/starlette,aviramha,2,User
Kludex/starlette,retnikt,2,User
Kludex/starlette,bartek,2,User
Kludex/starlette,sirex,2,User
Kludex/starlette,logan-connolly,2,User
Kludex/starlette,davidbgk,2,User
Kludex/starlette,Jastor11,2,User
Kludex/starlette,Colin-b,2,User
Kludex/starlette,frankie567,2,User
Kludex/starlette,iamgodot,2,User
Kludex/starlette,Grvzard,2,User
Kludex/starlette,hanneskuettner,2,User
Kludex/starlette,HenrikOssipoff,2,User
Kludex/starlette,jessebraham,2,User
Kludex/starlette,jonathanberthias,2,User
Kludex/starlette,uSpike,2,User
Kludex/starlette,itssimon,2,User
Kludex/starlette,Simon Willison,2,Anonymous
Kludex/starlette,mathause,2,User
Kludex/starlette,logan2d5,2,User
Kludex/starlette,elyobo,2,User
Kludex/starlette,LarsStegman,2,User
Kludex/starlette,sondrelg,2,User
Kludex/starlette,JoseKilo,2,User
Kludex/starlette,junah201,2,User
Kludex/starlette,sk-,1,User
Kludex/starlette,sebastianmarines,1,User
Kludex/starlette,sponsfreixes,1,User
Kludex/starlette,ShahriyarR,1,User
Kludex/starlette,ericls,1,User
Kludex/starlette,hellocoldworld,1,User
Kludex/starlette,soulee-dev,1,User
Kludex/starlette,connesy,1,User
Kludex/starlette,jodal,1,User
Kludex/starlette,sbdchd,1,User
Kludex/starlette,2tunnels,1,User
Kludex/starlette,vincentsarago,1,User
Kludex/starlette,Viicos,1,User
Kludex/starlette,stratosgear,1,User
Kludex/starlette,osoken,1,User
benoitc/gunicorn,benoitc,1569,User
benoitc/gunicorn,tilgovi,313,User
benoitc/gunicorn,berkerpeksag,196,User
benoitc/gunicorn,davisp,190,User
benoitc/gunicorn,Benoit Chesneau,99,Anonymous
benoitc/gunicorn,pajod,60,User
benoitc/gunicorn,benoitc,56,Anonymous
benoitc/gunicorn,javabrett,26,User
benoitc/gunicorn,ddalq,23,User
benoitc/gunicorn,benoitc,22,Anonymous
benoitc/gunicorn,sirkonst,22,User
benoitc/gunicorn,hramezani,20,User
benoitc/gunicorn,benoitc,20,Anonymous
benoitc/gunicorn,collinanderson,14,User
benoitc/gunicorn,matrixise,14,User
benoitc/gunicorn,b3no,13,User
benoitc/gunicorn,jbergstroem,13,User
benoitc/gunicorn,asvetlov,12,User
benoitc/gunicorn,pratyk,11,User
benoitc/gunicorn,jeamland,10,User
benoitc/gunicorn,jssjr,10,User
benoitc/gunicorn,c-bata,9,User
benoitc/gunicorn,hugovk,9,User
benoitc/gunicorn,jamadden,8,User
benoitc/gunicorn,diegoholiveira,8,User
benoitc/gunicorn,Kenneth Reitz,7,Anonymous
benoitc/gunicorn,dependabot[bot],7,Bot
benoitc/gunicorn,wong2,7,User
benoitc/gunicorn,tnir,7,User
benoitc/gunicorn,kennethreitz,6,User
benoitc/gunicorn,julyclyde,6,User
benoitc/gunicorn,Randall Leeds,6,Anonymous
benoitc/gunicorn,tsaarni,6,User
benoitc/gunicorn,yunstanford,6,User
benoitc/gunicorn,mark-adams,5,User
benoitc/gunicorn,ifduyue,5,User
benoitc/gunicorn,Code0x58,5,User
benoitc/gunicorn,Kevin Michel,5,Anonymous
benoitc/gunicorn,Sytten,5,User
benoitc/gunicorn,David McInnis,5,Anonymous
benoitc/gunicorn,cclauss,5,User
benoitc/gunicorn,aconrad,4,User
benoitc/gunicorn,bloodearnest,4,User
benoitc/gunicorn,urbaniak,4,User
benoitc/gunicorn,daker,4,User
benoitc/gunicorn,adamchainz,4,User
benoitc/gunicorn,gnotaras,4,User
benoitc/gunicorn,di,4,User
benoitc/gunicorn,jerynmathew,4,User
benoitc/gunicorn,jonashaag,4,User
benoitc/gunicorn,streeter,4,User
benoitc/gunicorn,Mathieu Dupuy,4,Anonymous
benoitc/gunicorn,philipcristiano,4,User
benoitc/gunicorn,wooparadog,4,User
benoitc/gunicorn,tomjaguarpaw,4,User
benoitc/gunicorn,rslinckx,3,User
benoitc/gunicorn,nikolas,3,User
benoitc/gunicorn,msabramo,3,User
benoitc/gunicorn,Excalartur,3,User
benoitc/gunicorn,samypr100,3,User
benoitc/gunicorn,jeanphix,3,User
benoitc/gunicorn,benoitc,3,Anonymous
benoitc/gunicorn,georgexsh,3,User
benoitc/gunicorn,rwe,3,User
benoitc/gunicorn,rcoup,3,User
benoitc/gunicorn,hongqn,3,User
benoitc/gunicorn,olt,3,User
benoitc/gunicorn,mondwan,3,User
benoitc/gunicorn,Igor Konforti,3,Anonymous
benoitc/gunicorn,Evan Mezeske,3,Anonymous
benoitc/gunicorn,brijeshb42,3,User
benoitc/gunicorn,SomeAB,3,User
benoitc/gunicorn,kenballus,3,User
benoitc/gunicorn,adk-swisstopo,3,User
benoitc/gunicorn,gausam,2,User
benoitc/gunicorn,MarSoft,2,User
benoitc/gunicorn,slava-sh,2,User
benoitc/gunicorn,trendels,2,User
benoitc/gunicorn,sholsapp,2,User
benoitc/gunicorn,taleinat,2,User
benoitc/gunicorn,Talha Malik,2,Anonymous
benoitc/gunicorn,Teko012,2,User
benoitc/gunicorn,graingert,2,User
benoitc/gunicorn,pombredanne,2,User
benoitc/gunicorn,Roy Williams,2,Anonymous
benoitc/gunicorn,rduplain,2,User
benoitc/gunicorn,fillest,2,User
benoitc/gunicorn,paulnivin,2,User
benoitc/gunicorn,Odysseas Fatouros,2,Anonymous
benoitc/gunicorn,56quarters,2,User
benoitc/gunicorn,macro,2,User
benoitc/gunicorn,moriyoshi,2,User
benoitc/gunicorn,MichaelMBishop,2,User
benoitc/gunicorn,ddzialak,2,User
benoitc/gunicorn,duanhongyi,2,User
benoitc/gunicorn,aberres,2,User
benoitc/gunicorn,bungoume,2,User
benoitc/gunicorn,vishesh92,2,User
benoitc/gunicorn,gdamjan,2,User
benoitc/gunicorn,zz,2,Anonymous
Kludex/uvicorn,lovelydinosaur,500,User
Kludex/uvicorn,Kludex,284,User
Kludex/uvicorn,dependabot[bot],135,Bot
Kludex/uvicorn,euri10,91,User
Kludex/uvicorn,florimondmanca,33,User
Kludex/uvicorn,simonw,15,User
Kludex/uvicorn,johnthagen,14,User
Kludex/uvicorn,aminalaee,12,User
Kludex/uvicorn,maximilianhurl,11,User
Kludex/uvicorn,graingert,11,User
Kludex/uvicorn,almarklein,10,User
Kludex/uvicorn,gvbgduh,9,User
Kludex/uvicorn,iudeen,9,User
Kludex/uvicorn,cknv,8,User
Kludex/uvicorn,vvanglro,6,User
Kludex/uvicorn,Vibhu-Agarwal,6,User
Kludex/uvicorn,humrochagf,5,User
Kludex/uvicorn,maxfischer2781,5,User
Kludex/uvicorn,ERM,5,User
Kludex/uvicorn,abersheeran,5,User
Kludex/uvicorn,Yolley,5,User
Kludex/uvicorn,JoseKilo,4,User
Kludex/uvicorn,woile,4,User
Kludex/uvicorn,tiangolo,4,User
Kludex/uvicorn,Roang-zero1,3,User
Kludex/uvicorn,Hanaasagi,3,User
Kludex/uvicorn,imba-tjd,3,User
Kludex/uvicorn,laggardkernel,3,User
Kludex/uvicorn,cdeler,3,User
Kludex/uvicorn,vytas7,3,User
Kludex/uvicorn,rafalp,3,User
Kludex/uvicorn,theyashl,3,User
Kludex/uvicorn,mgorny,3,User
Kludex/uvicorn,jlaine,3,User
Kludex/uvicorn,b0g3r,3,User
Kludex/uvicorn,HansBrende,2,User
Kludex/uvicorn,JonasKs,2,User
Kludex/uvicorn,matgnt,2,User
Kludex/uvicorn,yernazarov,2,User
Kludex/uvicorn,timgates42,2,User
Kludex/uvicorn,sondrelg,2,User
Kludex/uvicorn,pgjones,2,User
Kludex/uvicorn,matteosimone,2,User
Kludex/uvicorn,sephioh,2,User
Kludex/uvicorn,adnaanbheda,2,User
Kludex/uvicorn,38elements,2,User
Kludex/uvicorn,br3ndonland,2,User
Kludex/uvicorn,frankie567,2,User
Kludex/uvicorn,Gyllsdorff,2,User
Kludex/uvicorn,jaraco,2,User
Kludex/uvicorn,jhominal,2,User
Kludex/uvicorn,Kevin Michel,2,Anonymous
Kludex/uvicorn,leetreveil,2,User
Kludex/uvicorn,carlodri,1,User
Kludex/uvicorn,RobertoPrevato,1,User
Kludex/uvicorn,ryangallen,1,User
Kludex/uvicorn,ryan-mccaffrey,1,User
Kludex/uvicorn,romulocollopy,1,User
Kludex/uvicorn,samuelcolvin,1,User
Kludex/uvicorn,mxsasha,1,User
Kludex/uvicorn,sgsabbage,1,User
Kludex/uvicorn,SergBobrovsky,1,User
Kludex/uvicorn,SergeyTsaplin,1,User
Kludex/uvicorn,Shahriyar Rzayev,1,Anonymous
Kludex/uvicorn,heavenshell,1,User
Kludex/uvicorn,Simon Willison,1,Anonymous
Kludex/uvicorn,StarHeartHunt,1,User
Kludex/uvicorn,ssproessig-thales,1,User
Kludex/uvicorn,TLDay,1,User
Kludex/uvicorn,tback,1,User
Kludex/uvicorn,Timothy Makobu,1,Anonymous
Kludex/uvicorn,pawamoy,1,User
Kludex/uvicorn,rnv812,1,User
Kludex/uvicorn,gnir-work,1,User
Kludex/uvicorn,OSM1TT,1,User
Kludex/uvicorn,ofek,1,User
Kludex/uvicorn,Code0x58,1,User
Kludex/uvicorn,bechtold,1,User
Kludex/uvicorn,pacoyang,1,User
Kludex/uvicorn,parthvnp,1,User
Kludex/uvicorn,Zerotask,1,User
Kludex/uvicorn,Paul Hodson,1,Anonymous
Kludex/uvicorn,ipmb,1,User
Kludex/uvicorn,PeterJCLaw,1,User
Kludex/uvicorn,petermorrowdev,1,User
Kludex/uvicorn,philipbelesky,1,User
Kludex/uvicorn,pmeier,1,User
Kludex/uvicorn,RakhimovRamis,1,User
Kludex/uvicorn,bertramr,1,User
Kludex/uvicorn,RmStorm,1,User
Kludex/uvicorn,robbtraister,1,User
Kludex/uvicorn,rjwittams,1,User
Kludex/uvicorn,hidaris,1,Anonymous
Kludex/uvicorn,heng1025,1,User
Kludex/uvicorn,jammer87,1,User
Kludex/uvicorn,josumoreno-BP,1,User
Kludex/uvicorn,guyskk,1,User
Kludex/uvicorn,paketb0te,1,User
Kludex/uvicorn,matiuszka,1,User
Kludex/uvicorn,quantumtec,1,User
pallets/werkzeug,mitsuhiko,1786,User
pallets/werkzeug,davidism,1645,User
pallets/werkzeug,untitaker,654,User
pallets/werkzeug,DasIch,226,User
pallets/werkzeug,pgjones,132,User
pallets/werkzeug,dependabot-preview[bot],129,Bot
pallets/werkzeug,dependabot[bot],67,Bot
pallets/werkzeug,RonnyPfannschmidt,62,User
pallets/werkzeug,birkenfeld,43,User
pallets/werkzeug,pre-commit-ci[bot],36,Bot
pallets/werkzeug,EnTeQuAk,30,User
pallets/werkzeug,Kenneth Reitz,30,Anonymous
pallets/werkzeug,ThiefMaster,28,User
pallets/werkzeug,lepture,26,User
pallets/werkzeug,jab,24,User
pallets/werkzeug,puzzlet,15,User
pallets/werkzeug,teymour-aldridge,14,User
pallets/werkzeug,ThomasWaldmann,12,User
pallets/werkzeug,Alex Kahan,11,Anonymous
pallets/werkzeug,aaossa,11,User
pallets/werkzeug,Daniel Neuhäuser,11,Anonymous
pallets/werkzeug,passy,11,User
pallets/werkzeug,northernSage,11,User
pallets/werkzeug,homu,10,User
pallets/werkzeug,illia-v,10,User
pallets/werkzeug,jessaustin,10,User
pallets/werkzeug,Timothee,10,User
pallets/werkzeug,aenglander,9,User
pallets/werkzeug,Christopher Grebs,9,Anonymous
pallets/werkzeug,S11001001,9,User
pallets/werkzeug,brcrista,8,User
pallets/werkzeug,asottile,8,User
pallets/werkzeug,homeworkprod,7,User
pallets/werkzeug,tswicegood,7,User
pallets/werkzeug,Tuukka Mustonen,7,Anonymous
pallets/werkzeug,lericson,6,User
pallets/werkzeug,jfinkels,6,User
pallets/werkzeug,masklinn,6,User
pallets/werkzeug,florentx,6,User
pallets/werkzeug,prencher,6,User
pallets/werkzeug,dufferzafar,6,User
pallets/werkzeug,Marek Kubica,6,Anonymous
pallets/werkzeug,greyli,6,User
pallets/werkzeug,mgax,6,User
pallets/werkzeug,edk0,6,User
pallets/werkzeug,androiddrew,5,User
pallets/werkzeug,alexpantyukhin,5,User
pallets/werkzeug,syndrowm,5,User
pallets/werkzeug,Yourun-proger,5,User
pallets/werkzeug,Sharoon Thomas,5,Anonymous
pallets/werkzeug,larsbutler,5,User
pallets/werkzeug,kx-chen,5,User
pallets/werkzeug,Jaza,5,User
pallets/werkzeug,jek,5,User
pallets/werkzeug,abhinav-upadhyay,5,User
pallets/werkzeug,posativ,4,User
pallets/werkzeug,miguelgrinberg,4,User
pallets/werkzeug,Arlington1985,4,User
pallets/werkzeug,Timothy  Brooks,4,Anonymous
pallets/werkzeug,Tassilo Schweyer,4,Anonymous
pallets/werkzeug,alex,4,User
pallets/werkzeug,dag,4,User
pallets/werkzeug,davidszotten,4,User
pallets/werkzeug,joeyespo,4,User
pallets/werkzeug,snoack,4,User
pallets/werkzeug,Kevin Burke,4,Anonymous
pallets/werkzeug,Joost de Vries,4,Anonymous
pallets/werkzeug,brondsem,3,User
pallets/werkzeug,thinkst-marco,3,User
pallets/werkzeug,fmw,3,User
pallets/werkzeug,daftshady,3,User
pallets/werkzeug,garenchan,3,User
pallets/werkzeug,cAtaman,3,User
pallets/werkzeug,tony,3,User
pallets/werkzeug,Thyrst,3,User
pallets/werkzeug,chivalry,3,User
pallets/werkzeug,tux21b,3,User
pallets/werkzeug,ashemedai,3,User
pallets/werkzeug,johnzeringue,3,User
pallets/werkzeug,Josh Friend,3,Anonymous
pallets/werkzeug,segevfiner,3,User
pallets/werkzeug,sean-,3,User
pallets/werkzeug,s0undt3ch,3,User
pallets/werkzeug,kennethreitz,3,User
pallets/werkzeug,data-get,3,User
pallets/werkzeug,Simon Zimmermann,2,Anonymous
pallets/werkzeug,SimonSapin,2,User
pallets/werkzeug,gobelinus,2,User
pallets/werkzeug,srittau,2,User
pallets/werkzeug,Rory McCann,2,Anonymous
pallets/werkzeug,RohanTalip,2,User
pallets/werkzeug,reubano,2,User
pallets/werkzeug,rrahkola,2,User
pallets/werkzeug,rsyring,2,User
pallets/werkzeug,poffdeluxe,2,User
pallets/werkzeug,pferreir,2,User
pallets/werkzeug,psrok1,2,User
pallets/werkzeug,KaimingTao,2,User
pallets/werkzeug,neilsh,2,User
pallets/werkzeug,njl,2,User
falconry/falcon,kgriffs,634,User
falconry/falcon,vytas7,303,User
falconry/falcon,kgriffs,296,Anonymous
falconry/falcon,Kurt Griffiths,278,Anonymous
falconry/falcon,CaselIT,72,User
falconry/falcon,jmvrbanac,66,User
falconry/falcon,kurt-griffiths,26,Anonymous
falconry/falcon,fxfitz,18,User
falconry/falcon,Alejandro Cabrera,17,Anonymous
falconry/falcon,myusko,12,User
falconry/falcon,Jamie Painter,10,Anonymous
falconry/falcon,kemingy,8,User
falconry/falcon,painterjd,8,User
falconry/falcon,lichray,8,User
falconry/falcon,steven-upside,7,User
falconry/falcon,copalco,7,User
falconry/falcon,Alejandro Cabrera,7,Anonymous
falconry/falcon,maxking,6,User
falconry/falcon,xiaclo,6,Anonymous
falconry/falcon,Nick Zaccardi,6,Anonymous
falconry/falcon,joshbrand,6,User
falconry/falcon,Colton Leekley-Winslow,6,Anonymous
falconry/falcon,santeyio,6,User
falconry/falcon,Kurt Griffiths,5,Anonymous
falconry/falcon,mcm,5,User
falconry/falcon,ozzzik,4,User
falconry/falcon,ueg1990,4,User
falconry/falcon,sebasmagri,4,User
falconry/falcon,yohanboniface,4,User
falconry/falcon,philiptzou,4,User
falconry/falcon,tudborg,4,User
falconry/falcon,flaper87,4,User
falconry/falcon,aarcex3,4,User
falconry/falcon,ex-nerd,4,User
falconry/falcon,davidbgk,4,User
falconry/falcon,vgerak,3,User
falconry/falcon,carlwgeorge,3,User
falconry/falcon,wssbck,3,User
falconry/falcon,tipabu,3,User
falconry/falcon,rs-randallburt,3,User
falconry/falcon,Patrick Schneeweis,3,Anonymous
falconry/falcon,navyad,3,User
falconry/falcon,mgorny,3,User
falconry/falcon,Gino Ledesma,3,Anonymous
falconry/falcon,csojinb,3,User
falconry/falcon,Andy Freeland,3,Anonymous
falconry/falcon,Ciemaar,2,User
falconry/falcon,Nateyo,2,User
falconry/falcon,seanharrison,2,User
falconry/falcon,yasek,2,User
falconry/falcon,sorenisanerd,2,User
falconry/falcon,x612skm,2,User
falconry/falcon,sriram-mv,2,User
falconry/falcon,TudorGR,2,User
falconry/falcon,w1z2g3,2,User
falconry/falcon,bssyousefi,2,User
falconry/falcon,hpincket,2,User
falconry/falcon,lwcolton,2,User
falconry/falcon,mayurmahajan,2,User
falconry/falcon,safaozturk93,2,User
falconry/falcon,AbduazizZiyodov,2,User
falconry/falcon,M-Mueller,2,User
falconry/falcon,jap,2,User
falconry/falcon,aparkerlue,2,User
falconry/falcon,Ashutosh Das,2,Anonymous
falconry/falcon,grktsh,2,User
falconry/falcon,BenjamenMeyer,2,Anonymous
falconry/falcon,b6d,2,User
falconry/falcon,carlodri,2,User
falconry/falcon,cclauss,2,User
falconry/falcon,chripede,2,User
falconry/falcon,Cycloctane,2,User
falconry/falcon,dmvass,2,User
falconry/falcon,DmitriiTrofimov,2,User
falconry/falcon,Edu Alonso,2,Anonymous
falconry/falcon,EricGoulart,2,User
falconry/falcon,hugovk,2,User
falconry/falcon,Jamie Lennox,2,Anonymous
falconry/falcon,Jason Campbell,2,Anonymous
falconry/falcon,jaypipes,2,User
falconry/falcon,sudorandom,2,User
falconry/falcon,MinesJA,2,User
falconry/falcon,RonRothman,1,User
falconry/falcon,brunn3is,1,User
falconry/falcon,rmyers,1,User
falconry/falcon,Ritesh Kadmawala,1,Anonymous
falconry/falcon,richardolsson,1,User
falconry/falcon,paneru-rajan,1,User
falconry/falcon,Rahman Syed,1,Anonymous
falconry/falcon,Rahman Syed,1,Anonymous
falconry/falcon,rhemz,1,User
falconry/falcon,ZDBioHazard,1,User
falconry/falcon,prathik2401,1,User
falconry/falcon,swizzard,1,User
falconry/falcon,Shreshth3,1,User
falconry/falcon,withshubh,1,User
falconry/falcon,Simon Bensoussan,1,Anonymous
falconry/falcon,sonephyo,1,User
falconry/falcon,Stephane LAHACHE,1,Anonymous
falconry/falcon,DSIW,1,User
sanic-org/sanic,ahopkins,546,User
sanic-org/sanic,seemethere,387,User
sanic-org/sanic,r0fls,352,User
sanic-org/sanic,yunstanford,245,User
sanic-org/sanic,channelcat,192,User
sanic-org/sanic,ashleysommer,65,User
sanic-org/sanic,harshanarayana,50,User
sanic-org/sanic,Tronic,48,User
sanic-org/sanic,38elements,36,User
sanic-org/sanic,sjsadowski,34,User
sanic-org/sanic,ChihweiLHBird,32,User
sanic-org/sanic,messense,30,User
sanic-org/sanic,lixxu,21,User
sanic-org/sanic,Suby Raman,20,Anonymous
sanic-org/sanic,zenixls2,19,User
sanic-org/sanic,chenjr0719,19,User
sanic-org/sanic,narzeja,18,Anonymous
sanic-org/sanic,prryplatypus,17,User
sanic-org/sanic,kdelwat,16,User
sanic-org/sanic,youknowone,16,User
sanic-org/sanic,AntonDnepr,15,User
sanic-org/sanic,subyraman,15,User
sanic-org/sanic,jpiasetz,14,User
sanic-org/sanic,agoose77,14,User
sanic-org/sanic,jotagesales,13,User
sanic-org/sanic,Frzk,12,User
sanic-org/sanic,howie6879,12,User
sanic-org/sanic,arnulfojr,11,User
sanic-org/sanic,SaidBySolo,11,User
sanic-org/sanic,stopspazzing,11,User
sanic-org/sanic,denismakogon,10,User
sanic-org/sanic,hramezani,10,User
sanic-org/sanic,Archelyst,10,User
sanic-org/sanic,andreymal,10,User
sanic-org/sanic,Sniedes722,10,User
sanic-org/sanic,Sergey Fedoruk,9,Anonymous
sanic-org/sanic,jrocketfingers,9,User
sanic-org/sanic,miguelgrinberg,8,User
sanic-org/sanic,Dirk Guijt,8,Anonymous
sanic-org/sanic,iAndriy,8,User
sanic-org/sanic,qwesda,8,User
sanic-org/sanic,Andres Sanchez,7,Anonymous
sanic-org/sanic,jackfischer,7,User
sanic-org/sanic,Lagicrus,7,User
sanic-org/sanic,Yaser-Amiri,7,User
sanic-org/sanic,monobot,7,User
sanic-org/sanic,kszucs,7,User
sanic-org/sanic,myusko,6,User
sanic-org/sanic,argaen,6,User
sanic-org/sanic,Ubuntu,6,Anonymous
sanic-org/sanic,seanpar203,6,User
sanic-org/sanic,webtic,6,User
sanic-org/sanic,pahaz,6,User
sanic-org/sanic,samael500,6,User
sanic-org/sanic,pcdinh,5,User
sanic-org/sanic,qwIvan,5,User
sanic-org/sanic,untitaker,5,User
sanic-org/sanic,Jing Su,5,Anonymous
sanic-org/sanic,jkbbwr,5,User
sanic-org/sanic,tomaszdrozdz,4,User
sanic-org/sanic,cakemanny,4,User
sanic-org/sanic,LiraNuna,4,User
sanic-org/sanic,Zheaoli,4,User
sanic-org/sanic,huyuhan,4,Anonymous
sanic-org/sanic,cr0hn,4,User
sanic-org/sanic,aryeh,4,User
sanic-org/sanic,Thomas Grainger,4,Anonymous
sanic-org/sanic,joar,4,User
sanic-org/sanic,aquacash5,4,User
sanic-org/sanic,Alec Buckenheimer,4,Anonymous
sanic-org/sanic,pyx,4,User
sanic-org/sanic,Raphael Deem,4,Anonymous
sanic-org/sanic,ABHISHEK7,3,User
sanic-org/sanic,Stephen Sadowski,3,Anonymous
sanic-org/sanic,hashgupta,3,User
sanic-org/sanic,ttopholm,3,User
sanic-org/sanic,growingdever,3,Anonymous
sanic-org/sanic,jiaxiaolei,3,Anonymous
sanic-org/sanic,lanfon72,3,User
sanic-org/sanic,suoning,3,User
sanic-org/sanic,zyguan,3,User
sanic-org/sanic,vltr,3,User
sanic-org/sanic,easydaniel,3,User
sanic-org/sanic,sourcepirate,3,User
sanic-org/sanic,manisenkov,3,User
sanic-org/sanic,rscarrera27,3,User
sanic-org/sanic,asvetlov,3,User
sanic-org/sanic,cbess,3,User
sanic-org/sanic,Dan Kruchinin,3,Anonymous
sanic-org/sanic,Derrreks,3,User
sanic-org/sanic,ENT8R,3,User
sanic-org/sanic,chenfengyuan,3,User
sanic-org/sanic,intelliHugh,3,User
sanic-org/sanic,knowsuchagency,3,User
sanic-org/sanic,Raphael Deem,3,Anonymous
sanic-org/sanic,Piotr Buliński,3,Anonymous
sanic-org/sanic,ticosax,3,User
sanic-org/sanic,deounix,3,User
sanic-org/sanic,Miroslav Batchkarov,3,Anonymous
sanic-org/sanic,0arm,3,User
pallets/quart,pgjones,942,User
pallets/quart,davidism,30,User
pallets/quart,briancappello,12,User
pallets/quart,dependabot[bot],9,Bot
pallets/quart,arminweigl,7,User
pallets/quart,laggardkernel,7,User
pallets/quart,crood58,7,User
pallets/quart,sanderfoobar,6,User
pallets/quart,potomak,5,User
pallets/quart,Jay Tuckey,5,Anonymous
pallets/quart,kurtmckee,4,User
pallets/quart,matham,3,User
pallets/quart,GilbertYoder,3,User
pallets/quart,wwwjfy,3,User
pallets/quart,SilentGhost,3,Anonymous
pallets/quart,Piotr Szpetkowski,3,Anonymous
pallets/quart,Maor Kleinberger,3,Anonymous
pallets/quart,arusahni,3,User
pallets/quart,andrewshadura,3,User
pallets/quart,lun-4,2,User
pallets/quart,jay-tuckey,2,User
pallets/quart,UNIcodeX,2,User
pallets/quart,tharvik,2,User
pallets/quart,Yeray Diaz Diaz,2,Anonymous
pallets/quart,graingert,2,User
pallets/quart,Taylor Rose,2,Anonymous
pallets/quart,ninanomenon,2,User
pallets/quart,white-gecko,2,User
pallets/quart,Matthew Topol,2,Anonymous
pallets/quart,masipcat,2,User
pallets/quart,JaimeLennox,2,User
pallets/quart,Harris Joseph,2,Anonymous
pallets/quart,Farzeen,2,Anonymous
pallets/quart,EtiennePelletier,2,User
pallets/quart,touilleMan,2,User
pallets/quart,cuducos,2,User
pallets/quart,browniebroke,2,User
pallets/quart,jeamland,2,User
pallets/quart,Ben Picolo,2,Anonymous
pallets/quart,Astremy,2,User
pallets/quart,0az,2,User
pallets/quart,arseniybanayev,2,User
pallets/quart,RiccardoGrieco,1,User
pallets/quart,broman,1,User
pallets/quart,regisb,1,User
pallets/quart,Sahaj,1,Anonymous
pallets/quart,linsomniac,1,User
pallets/quart,simonw,1,User
pallets/quart,Tinche,1,User
pallets/quart,ramonpoca,1,User
pallets/quart,Peter Bolch,1,Anonymous
pallets/quart,pamelafox,1,User
pallets/quart,ironnicko,1,User
pallets/quart,McSinyx,1,User
pallets/quart,muddi900,1,User
pallets/quart,mgorny,1,User
pallets/quart,Spoons,1,User
pallets/quart,waghanza,1,User
pallets/quart,tjtaill,1,Anonymous
pallets/quart,jeffpeng3,1,User
pallets/quart,seidnerj,1,User
pallets/quart,mischa,1,Anonymous
pallets/quart,cleoold,1,User
pallets/quart,locoz666,1,User
pallets/quart,link2xt,1,User
pallets/quart,linbuxiao,1,User
pallets/quart,l769829723,1,User
pallets/quart,mmdbalkhi,1,User
pallets/quart,junnplus,1,User
pallets/quart,jarhill0,1,User
pallets/quart,ddouthit,1,Anonymous
pallets/quart,clavedeluna,1,User
pallets/quart,chrisjsimpson,1,User
pallets/quart,Yeray Diaz Diaz,1,Anonymous
pallets/quart,tirkarthi,1,User
pallets/quart,vdurmont,1,User
pallets/quart,agritheory,1,User
pallets/quart,illia-v,1,User
pallets/quart,Heretic Pilgrim,1,Anonymous
pallets/quart,HelgeKrueger,1,User
pallets/quart,hdadhich01,1,User
pallets/quart,GoodiesHQ,1,User
pallets/quart,javoweb,1,User
pallets/quart,gatto,1,User
pallets/quart,einenlum,1,User
pallets/quart,edjw,1,User
pallets/quart,DuckMasterAl,1,User
pallets/quart,derkweijers,1,User
pallets/quart,Dazhi Jiao,1,Anonymous
pallets/quart,cquick01,1,User
pallets/quart,bugeats,1,User
pallets/quart,Bobsans,1,User
pallets/quart,patriacaelum,1,User
pallets/quart,aenglander,1,User
pallets/quart,Marcos,1,Anonymous
pallets/quart,mjsir911,1,User
pallets/quart,luissilva1044894,1,User
pallets/quart,ucg8j,1,User
pallets/quart,enchant97,1,User
pallets/quart,altendky,1,User
flask-restful/flask-restful,Kevin Burke,119,Anonymous
flask-restful/flask-restful,joshfriend,108,User
flask-restful/flask-restful,Josh Friend,81,Anonymous
flask-restful/flask-restful,Doug Black,61,Anonymous
flask-restful/flask-restful,dougblack,40,User
flask-restful/flask-restful,skimbrel,29,User
flask-restful/flask-restful,gbin,28,User
flask-restful/flask-restful,jrandall,15,User
flask-restful/flask-restful,Ch00k,13,User
flask-restful/flask-restful,frankstratton,13,User
flask-restful/flask-restful,ryanhorn,12,User
flask-restful/flask-restful,mindflayer,11,User
flask-restful/flask-restful,Alex Morken,10,Anonymous
flask-restful/flask-restful,kyleconroy,9,User
flask-restful/flask-restful,silasray,8,User
flask-restful/flask-restful,yaniv-aknin,8,User
flask-restful/flask-restful,devunt,7,User
flask-restful/flask-restful,miguelgrinberg,7,User
flask-restful/flask-restful,Sven-Hendrik Haase,7,Anonymous
flask-restful/flask-restful,catherinedevlin,7,User
flask-restful/flask-restful,ueg1990,7,User
flask-restful/flask-restful,kdeldycke,6,User
flask-restful/flask-restful,lyschoening,6,User
flask-restful/flask-restful,noirbizarre,5,User
flask-restful/flask-restful,Doug Black,5,Anonymous
flask-restful/flask-restful,Ryan Horn,5,Anonymous
flask-restful/flask-restful,expobrain,5,User
flask-restful/flask-restful,mikehwang,4,User
flask-restful/flask-restful,Heston Liebowitz,4,Anonymous
flask-restful/flask-restful,singingwolfboy,4,User
flask-restful/flask-restful,singulared,4,User
flask-restful/flask-restful,justanr,3,User
flask-restful/flask-restful,noise,3,User
flask-restful/flask-restful,VladimirPal,3,User
flask-restful/flask-restful,newmaniese,3,User
flask-restful/flask-restful,computmaxer,3,User
flask-restful/flask-restful,mh---,3,User
flask-restful/flask-restful,Kyle Conroy,3,Anonymous
flask-restful/flask-restful,galuszkak,3,User
flask-restful/flask-restful,EvaSDK,3,User
flask-restful/flask-restful,dtheodor,3,User
flask-restful/flask-restful,davidcrawford,3,User
flask-restful/flask-restful,benasocj,3,User
flask-restful/flask-restful,andrew-d,3,User
flask-restful/flask-restful,malthe,2,User
flask-restful/flask-restful,Matt Wright,2,Anonymous
flask-restful/flask-restful,maximium,2,User
flask-restful/flask-restful,neilsh,2,User
flask-restful/flask-restful,phndiaye,2,User
flask-restful/flask-restful,husio,2,User
flask-restful/flask-restful,Sander Sink,2,Anonymous
flask-restful/flask-restful,svenstaro,2,User
flask-restful/flask-restful,kumy,2,User
flask-restful/flask-restful,mailto1587,2,Anonymous
flask-restful/flask-restful,mniebla,2,Anonymous
flask-restful/flask-restful,papaeye,2,User
flask-restful/flask-restful,jbouzekri,2,User
flask-restful/flask-restful,billyrrr,2,User
flask-restful/flask-restful,k-funk,2,User
flask-restful/flask-restful,asottile,2,User
flask-restful/flask-restful,antonioherraizs,2,User
flask-restful/flask-restful,tonnydourado,2,User
flask-restful/flask-restful,arturhoo,2,User
flask-restful/flask-restful,"Bennett, Bryan",2,Anonymous
flask-restful/flask-restful,bbenne10,2,User
flask-restful/flask-restful,dpep,2,User
flask-restful/flask-restful,berdario,2,User
flask-restful/flask-restful,lanceingle,2,User
flask-restful/flask-restful,elatomo,2,User
flask-restful/flask-restful,jyelloz,2,User
flask-restful/flask-restful,kalasjocke,2,User
flask-restful/flask-restful,jdevera,2,User
flask-restful/flask-restful,gdbelvin,2,User
flask-restful/flask-restful,Frank Stratton,2,Anonymous
flask-restful/flask-restful,Francesco Della Vedova,2,Anonymous
flask-restful/flask-restful,aschatten,1,User
flask-restful/flask-restful,andy-d,1,User
flask-restful/flask-restful,aptro,1,User
flask-restful/flask-restful,xeizmendi,1,User
flask-restful/flask-restful,wooparadog,1,User
flask-restful/flask-restful,WokoLiu,1,User
flask-restful/flask-restful,wswld,1,User
flask-restful/flask-restful,frol,1,User
flask-restful/flask-restful,victorneo,1,User
flask-restful/flask-restful,timgates42,1,User
flask-restful/flask-restful,cdnsteve,1,User
flask-restful/flask-restful,stephenpascoe,1,User
flask-restful/flask-restful,bholagabbar,1,User
flask-restful/flask-restful,sergeyromanov,1,User
flask-restful/flask-restful,diezguerra,1,User
flask-restful/flask-restful,Sasha Baranov,1,Anonymous
flask-restful/flask-restful,sjakthol,1,User
flask-restful/flask-restful,shahzzzam,1,User
flask-restful/flask-restful,Toilal,1,User
flask-restful/flask-restful,rodcloutier,1,User
flask-restful/flask-restful,Robert Warner,1,Anonymous
flask-restful/flask-restful,y-p,1,Anonymous
flask-restful/flask-restful,soasme,1,User
flask-restful/flask-restful,siavashg,1,Anonymous
flask-restful/flask-restful,saml,1,User
graphql-python/graphene,syrusakbary,1113,User
graphql-python/graphene,jkimbo,78,User
graphql-python/graphene,aryaniyaps,54,User
graphql-python/graphene,adamcharnock,53,User
graphql-python/graphene,erikwrede,42,User
graphql-python/graphene,markusdap,24,User
graphql-python/graphene,dulmandakh,20,User
graphql-python/graphene,ekampf,18,User
graphql-python/graphene,Daniel Gallagher,17,Anonymous
graphql-python/graphene,Adam Charnock,11,Anonymous
graphql-python/graphene,Cito,11,User
graphql-python/graphene,justinrmiller,10,User
graphql-python/graphene,dan98765,9,User
graphql-python/graphene,AlecAivazis,8,User
graphql-python/graphene,Mark Chackerian,8,Anonymous
graphql-python/graphene,danpalmer,7,User
graphql-python/graphene,pizzapanther,7,User
graphql-python/graphene,jhgg,6,User
graphql-python/graphene,sjhewitt,6,User
graphql-python/graphene,BossGrand,5,User
graphql-python/graphene,AlecRosenbaum,5,User
graphql-python/graphene,markus,5,Anonymous
graphql-python/graphene,mvanlonden,5,User
graphql-python/graphene,jdugan1024,5,User
graphql-python/graphene,amitsaha,4,User
graphql-python/graphene,Daniel Johnston,4,Anonymous
graphql-python/graphene,Eran Kampf,4,Anonymous
graphql-python/graphene,PiDelport,4,User
graphql-python/graphene,evalette,4,Anonymous
graphql-python/graphene,defrex,3,User
graphql-python/graphene,tcleonard,3,User
graphql-python/graphene,Thomas Leonard,3,Anonymous
graphql-python/graphene,varundey,3,User
graphql-python/graphene,yen223,3,User
graphql-python/graphene,as,3,Anonymous
graphql-python/graphene,hung-phan,3,User
graphql-python/graphene,ulgens,3,User
graphql-python/graphene,cclauss,3,User
graphql-python/graphene,dvndrsn,3,User
graphql-python/graphene,femesq,3,User
graphql-python/graphene,johanzietsman-em,3,User
graphql-python/graphene,Sébastien Diemer,3,Anonymous
graphql-python/graphene,rgroothuijsen,3,User
graphql-python/graphene,nparrish,3,User
graphql-python/graphene,mondomishi,3,User
graphql-python/graphene,kevin-abiera,3,User
graphql-python/graphene,fabaff,2,User
graphql-python/graphene,ramonwenger,2,User
graphql-python/graphene,minhtule,2,User
graphql-python/graphene,cherls,2,User
graphql-python/graphene,abawchen,2,User
graphql-python/graphene,blakegong,2,User
graphql-python/graphene,yezz123,2,User
graphql-python/graphene,XatMassacrE,2,User
graphql-python/graphene,nvie,2,User
graphql-python/graphene,Syrus Akbary,2,Anonymous
graphql-python/graphene,ryanwilsonperkin,2,User
graphql-python/graphene,AdrielVelazquez,2,User
graphql-python/graphene,adamchainz,2,User
graphql-python/graphene,Anis Jonischkeit,2,Anonymous
graphql-python/graphene,anisjonischkeit,2,User
graphql-python/graphene,flipbit03,2,User
graphql-python/graphene,Derek Schaller,2,Anonymous
graphql-python/graphene,conao3,2,User
graphql-python/graphene,mike-roberts-healx,2,User
graphql-python/graphene,mjtamlyn,2,User
graphql-python/graphene,Ian Foote,2,Anonymous
graphql-python/graphene,jeffwidman,2,User
graphql-python/graphene,helfer,2,User
graphql-python/graphene,nxtman123,2,User
graphql-python/graphene,ransomw,1,User
graphql-python/graphene,boidolr,1,User
graphql-python/graphene,rednafi,1,User
graphql-python/graphene,fugal-dy,1,User
graphql-python/graphene,TheMelter,1,User
graphql-python/graphene,rob-blackbourn,1,User
graphql-python/graphene,Roman Fursov,1,Anonymous
graphql-python/graphene,Samoed,1,User
graphql-python/graphene,ryanashcraft,1,User
graphql-python/graphene,sangheestyle,1,User
graphql-python/graphene,crunk1,1,User
graphql-python/graphene,tiangolo,1,User
graphql-python/graphene,sir-sigurd,1,User
graphql-python/graphene,simonwoerpel,1,User
graphql-python/graphene,stefanfoulis,1,User
graphql-python/graphene,freundallein,1,User
graphql-python/graphene,dsanders11,1,User
graphql-python/graphene,mikebobadilla,1,User
graphql-python/graphene,minho42,1,User
graphql-python/graphene,that-one-arab,1,User
graphql-python/graphene,nikolas,1,User
graphql-python/graphene,nikordaris,1,User
graphql-python/graphene,Nta1e,1,User
graphql-python/graphene,NyanKiyoshi,1,Anonymous
graphql-python/graphene,hzlmn,1,User
graphql-python/graphene,patrick91,1,User
graphql-python/graphene,iwaszko,1,User
graphql-python/graphene,pederjohnsen,1,User
graphql-python/graphene,pei-lun,1,User
graphql-python/graphene,pmlandwehr,1,User
encode/django-rest-framework,lovelydinosaur,3815,User
encode/django-rest-framework,xordoquy,558,User
encode/django-rest-framework,jpadilla,250,User
encode/django-rest-framework,minddust,153,User
encode/django-rest-framework,Carlton Gibson,136,Anonymous
encode/django-rest-framework,Tom Christie,131,Anonymous
encode/django-rest-framework,auvipy,122,User
encode/django-rest-framework,markotibold,114,User
encode/django-rest-framework,carltongibson,108,User
encode/django-rest-framework,Ryan P Kilby,84,Anonymous
encode/django-rest-framework,rpkilby,49,User
encode/django-rest-framework,d0ugal,44,User
encode/django-rest-framework,jdufresne,43,User
encode/django-rest-framework,maspwr,39,User
encode/django-rest-framework,archy-rock3t-cloud,34,User
encode/django-rest-framework,yprez,34,User
encode/django-rest-framework,Alec Perkins,31,Anonymous
encode/django-rest-framework,blueyed,30,User
encode/django-rest-framework,maryokhin,30,User
encode/django-rest-framework,j4mie,30,User
encode/django-rest-framework,browniebroke,28,User
encode/django-rest-framework,jakul,27,User
encode/django-rest-framework,kevin-brown,26,User
encode/django-rest-framework,lsanpablo,25,User
encode/django-rest-framework,dulacp,23,User
encode/django-rest-framework,Ins1ne,21,User
encode/django-rest-framework,craigds,21,User
encode/django-rest-framework,sebpiq,20,User
encode/django-rest-framework,grimborg,20,User
encode/django-rest-framework,felixxm,19,User
encode/django-rest-framework,adamchainz,19,User
encode/django-rest-framework,mjumbewu,18,User
encode/django-rest-framework,wronglink,17,User
encode/django-rest-framework,peterthomassen,17,User
encode/django-rest-framework,swistakm,16,User
encode/django-rest-framework,robromano,16,User
encode/django-rest-framework,flashingpumpkin,16,User
encode/django-rest-framework,benkonrath,16,User
encode/django-rest-framework,nschlemm,16,User
encode/django-rest-framework,sheppard,16,User
encode/django-rest-framework,GitHub Merge Button,15,Anonymous
encode/django-rest-framework,ulmus,15,User
encode/django-rest-framework,Cezar Pendarovski,13,Anonymous
encode/django-rest-framework,ticosax,13,User
encode/django-rest-framework,Pablo Recio,13,Anonymous
encode/django-rest-framework,vlastv,13,User
encode/django-rest-framework,akx,13,User
encode/django-rest-framework,izquierdo,12,User
encode/django-rest-framework,ludwigkraatz,12,User
encode/django-rest-framework,Markus Törnqvist,12,Anonymous
encode/django-rest-framework,p-r-a-v-i-n,12,User
encode/django-rest-framework,dbrgn,11,User
encode/django-rest-framework,johnthagen,11,User
encode/django-rest-framework,pbaylas,11,User
encode/django-rest-framework,delinhabit,11,User
encode/django-rest-framework,Ian Foote,11,Anonymous
encode/django-rest-framework,andreagrandi,11,User
encode/django-rest-framework,aburgel,11,User
encode/django-rest-framework,jacobsvante,10,User
encode/django-rest-framework,poswald,10,User
encode/django-rest-framework,asfaltboy,10,User
encode/django-rest-framework,treyhunner,10,User
encode/django-rest-framework,michael-k,10,User
encode/django-rest-framework,tanwanirahul,9,User
encode/django-rest-framework,jamesbeith,9,User
encode/django-rest-framework,michelelazzeri-nextage,9,User
encode/django-rest-framework,smithdc1,9,User
encode/django-rest-framework,Anna,9,Anonymous
encode/django-rest-framework,homm,9,User
encode/django-rest-framework,charettes,8,User
encode/django-rest-framework,bluetech,8,User
encode/django-rest-framework,amezhenin,8,User
encode/django-rest-framework,Dustin Farris,8,Anonymous
encode/django-rest-framework,mjtamlyn,8,User
encode/django-rest-framework,Ernest0x,8,User
encode/django-rest-framework,dependabot[bot],8,Bot
encode/django-rest-framework,reinout,8,User
encode/django-rest-framework,ryankask,8,User
encode/django-rest-framework,bwreilly,7,User
encode/django-rest-framework,ryanhiebert,7,User
encode/django-rest-framework,kevinastone,7,User
encode/django-rest-framework,JonasVerstraeten93,7,User
encode/django-rest-framework,puccia,7,User
encode/django-rest-framework,ahankinson,7,User
encode/django-rest-framework,Brandon Cazander,7,Anonymous
encode/django-rest-framework,mammique,6,User
encode/django-rest-framework,devioustree,6,User
encode/django-rest-framework,amatellanes,6,Anonymous
encode/django-rest-framework,glic3rinu,6,Anonymous
encode/django-rest-framework,jedavis83@gmail.com,6,Anonymous
encode/django-rest-framework,kahnjw,6,Anonymous
encode/django-rest-framework,mjparker777,6,User
encode/django-rest-framework,phalt,6,User
encode/django-rest-framework,diox,6,User
encode/django-rest-framework,sevdog,6,User
encode/django-rest-framework,David Muller,6,Anonymous
encode/django-rest-framework,btimby,6,User
encode/django-rest-framework,pattisdr,6,User
encode/django-rest-framework,Emmanouil Konstantinidis,6,Anonymous
encode/django-rest-framework,TGoddessana,6,User
strawberry-graphql/strawberry,patrick91,990,User
strawberry-graphql/strawberry,botberry,898,User
strawberry-graphql/strawberry,dependabot[bot],432,Bot
strawberry-graphql/strawberry,dependabot-preview[bot],262,Bot
strawberry-graphql/strawberry,DoctorJohn,120,User
strawberry-graphql/strawberry,jkimbo,119,User
strawberry-graphql/strawberry,pre-commit-ci[bot],77,Bot
strawberry-graphql/strawberry,bellini666,70,User
strawberry-graphql/strawberry,BryceBeagle,43,User
strawberry-graphql/strawberry,marcoacierno,30,User
strawberry-graphql/strawberry,estyxx,20,User
strawberry-graphql/strawberry,coady,18,User
strawberry-graphql/strawberry,thejaminator,18,User
strawberry-graphql/strawberry,kristjanvalur,16,User
strawberry-graphql/strawberry,lostb1t,16,User
strawberry-graphql/strawberry,mgilson,15,User
strawberry-graphql/strawberry,skilkis,15,User
strawberry-graphql/strawberry,nrbnlulu,15,User
strawberry-graphql/strawberry,paulo-raca,14,User
strawberry-graphql/strawberry,Ambro17,14,User
strawberry-graphql/strawberry,g-as,13,User
strawberry-graphql/strawberry,MAISIE(Kim Yangseon),10,Anonymous
strawberry-graphql/strawberry,anoopmsivadas,9,User
strawberry-graphql/strawberry,dependabot-support,9,User
strawberry-graphql/strawberry,devkral,8,User
strawberry-graphql/strawberry,erikwrede,8,User
strawberry-graphql/strawberry,Matt Allen,8,Anonymous
strawberry-graphql/strawberry,ossareh,8,User
strawberry-graphql/strawberry,bricker,7,User
strawberry-graphql/strawberry,flpStrri,7,User
strawberry-graphql/strawberry,la4de,7,User
strawberry-graphql/strawberry,tsmith023,6,User
strawberry-graphql/strawberry,alexey-pelykh,6,User
strawberry-graphql/strawberry,jaydenwindle,5,User
strawberry-graphql/strawberry,memark,5,User
strawberry-graphql/strawberry,sciyoshi,5,User
strawberry-graphql/strawberry,XChikuX,5,User
strawberry-graphql/strawberry,tjeerddie,5,User
strawberry-graphql/strawberry,MattExact,5,User
strawberry-graphql/strawberry,blueyed,4,User
strawberry-graphql/strawberry,aryaniyaps,4,User
strawberry-graphql/strawberry,silas,4,User
strawberry-graphql/strawberry,mecampbellsoup,4,User
strawberry-graphql/strawberry,Rwothoromo,4,User
strawberry-graphql/strawberry,Mukhametvaleev,4,User
strawberry-graphql/strawberry,Birdi7,4,User
strawberry-graphql/strawberry,Speedy1991,4,User
strawberry-graphql/strawberry,adriencaccia,3,User
strawberry-graphql/strawberry,nina-j,3,User
strawberry-graphql/strawberry,catwell,3,User
strawberry-graphql/strawberry,rcybulski1122012,3,User
strawberry-graphql/strawberry,millar,3,User
strawberry-graphql/strawberry,SanketDG,3,User
strawberry-graphql/strawberry,invokermain,3,User
strawberry-graphql/strawberry,Apakottur,3,User
strawberry-graphql/strawberry,garanews,3,User
strawberry-graphql/strawberry,karina-klinkeviciute,3,User
strawberry-graphql/strawberry,mtszsobczak,3,User
strawberry-graphql/strawberry,rjwills28,3,User
strawberry-graphql/strawberry,ulgens,3,User
strawberry-graphql/strawberry,alexauritt,3,User
strawberry-graphql/strawberry,alvra,3,User
strawberry-graphql/strawberry,bradleyoesch,3,User
strawberry-graphql/strawberry,notypecheck,3,User
strawberry-graphql/strawberry,Skeen,3,User
strawberry-graphql/strawberry,garyd203,3,User
strawberry-graphql/strawberry,Home,3,Anonymous
strawberry-graphql/strawberry,bugzpodder,3,User
strawberry-graphql/strawberry,enoua5,3,User
strawberry-graphql/strawberry,Jerry Tsui,3,Anonymous
strawberry-graphql/strawberry,joefreeman,3,User
strawberry-graphql/strawberry,jordangarside,3,User
strawberry-graphql/strawberry,Ckk3,3,User
strawberry-graphql/strawberry,gazorby,3,User
strawberry-graphql/strawberry,diesieben07,2,User
strawberry-graphql/strawberry,misrasaurabh1,2,User
strawberry-graphql/strawberry,sdobbelaere,2,User
strawberry-graphql/strawberry,moritz89,2,User
strawberry-graphql/strawberry,magicmark,2,User
strawberry-graphql/strawberry,yasoob,2,User
strawberry-graphql/strawberry,LouisAmon,2,User
strawberry-graphql/strawberry,kerenduchan,2,User
strawberry-graphql/strawberry,benesgarage,2,User
strawberry-graphql/strawberry,jonfinerty,2,User
strawberry-graphql/strawberry,ArtemSBulgakov,2,User
strawberry-graphql/strawberry,Valentin Zemlyakov,2,Anonymous
strawberry-graphql/strawberry,lijok,2,User
strawberry-graphql/strawberry,liuliuOD,2,User
strawberry-graphql/strawberry,ernestoarbitrio,2,User
strawberry-graphql/strawberry,ppease,2,User
strawberry-graphql/strawberry,reka,2,User
strawberry-graphql/strawberry,twm,2,User
strawberry-graphql/strawberry,euriostigue,2,User
strawberry-graphql/strawberry,huonw,2,User
strawberry-graphql/strawberry,kiendang,2,User
strawberry-graphql/strawberry,lindycoder,2,User
strawberry-graphql/strawberry,cdroege,2,User
strawberry-graphql/strawberry,taybenlor,2,User
strawberry-graphql/strawberry,benzolium,2,User
strawberry-graphql/strawberry,byarmis,2,User
numpy/numpy,charris,7145,User
numpy/numpy,mattip,2945,User
numpy/numpy,seberg,2940,User
numpy/numpy,teoliphant,2065,User
numpy/numpy,cournape,1525,User
numpy/numpy,rgommers,1428,User
numpy/numpy,eric-wieser,1239,User
numpy/numpy,pearu,1107,User
numpy/numpy,jorenham,864,User
numpy/numpy,pv,817,User
numpy/numpy,Bas van Beek,776,Anonymous
numpy/numpy,ngoldbaum,772,User
numpy/numpy,mwiebe,759,User
numpy/numpy,juliantaylor,740,User
numpy/numpy,stefanv,532,User
numpy/numpy,dependabot[bot],362,Bot
numpy/numpy,mhvk,347,User
numpy/numpy,njsmith,339,User
numpy/numpy,r-devulap,325,User
numpy/numpy,HaoZeke,315,User
numpy/numpy,seiko2plus,307,User
numpy/numpy,WarrenWeckesser,274,User
numpy/numpy,ahaldane,264,User
numpy/numpy,DimitriPapadopoulos,263,User
numpy/numpy,jaimefrio,257,User
numpy/numpy,bashtage,252,User
numpy/numpy,asmeurer,250,User
numpy/numpy,David M Cooke,249,Anonymous
numpy/numpy,eric-jones,248,User
numpy/numpy,rkern,243,User
numpy/numpy,mtsokol,233,User
numpy/numpy,pierregm,199,User
numpy/numpy,shoyer,196,User
numpy/numpy,tylerjereddy,187,User
numpy/numpy,rossbar,183,User
numpy/numpy,melissawm,180,User
numpy/numpy,lysnikolaou,180,User
numpy/numpy,jarrodmillman,147,User
numpy/numpy,ganesh-k13,146,User
numpy/numpy,eendebakpt,141,User
numpy/numpy,jayvius,127,User
numpy/numpy,Qiyu8,119,User
numpy/numpy,dependabot-preview[bot],109,Bot
numpy/numpy,matthew-brett,106,User
numpy/numpy,MarcoGorelli,99,User
numpy/numpy,Yuki K,97,Anonymous
numpy/numpy,abalkin,91,User
numpy/numpy,czgdp1807,90,User
numpy/numpy,Alan McIntyre,81,Anonymous
numpy/numpy,andyfaff,81,User
numpy/numpy,Óscar Villellas Guillén,73,Anonymous
numpy/numpy,wfspotz,73,User
numpy/numpy,cgohlke,70,User
numpy/numpy,hameerabbasi,68,User
numpy/numpy,bjnath,67,User
numpy/numpy,Developer-Ecosystem-Engineering,66,User
numpy/numpy,linus-md,66,User
numpy/numpy,tacaswell,65,User
numpy/numpy,larsmans,64,User
numpy/numpy,Carreau,64,User
numpy/numpy,xoviat,60,User
numpy/numpy,ev-br,58,User
numpy/numpy,MSeifert04,58,User
numpy/numpy,87,56,User
numpy/numpy,DWesl,54,User
numpy/numpy,MilesCranmer,54,User
numpy/numpy,sethtroisi,53,User
numpy/numpy,alexbrc,52,User
numpy/numpy,star1327p,52,User
numpy/numpy,jakirkham,52,User
numpy/numpy,certik,52,User
numpy/numpy,mdhaber,51,User
numpy/numpy,pentschev,50,User
numpy/numpy,endolith,50,User
numpy/numpy,anntzer,48,User
numpy/numpy,madphysicist,48,User
numpy/numpy,BvB93,47,User
numpy/numpy,gfyoung,47,User
numpy/numpy,luxedo,47,User
numpy/numpy,takanori-pskq,47,User
numpy/numpy,Mukulikaa,46,User
numpy/numpy,mdboom,43,User
numpy/numpy,person142,41,User
numpy/numpy,bsipocz,40,User
numpy/numpy,Mousius,38,User
numpy/numpy,Ed Schofield,38,Anonymous
numpy/numpy,hmaarrfk,37,User
numpy/numpy,peytondmurray,37,User
numpy/numpy,agriyakhetarpal,37,User
numpy/numpy,kritisingh1,34,User
numpy/numpy,serge-sans-paille,33,User
numpy/numpy,huard,32,User
numpy/numpy,pdebuyl,32,User
numpy/numpy,mwtoews,31,User
numpy/numpy,lagru,31,User
numpy/numpy,bharatr21,31,User
numpy/numpy,!fengluoqiuwu,31,Anonymous
numpy/numpy,dwf,30,User
numpy/numpy,InessaPawson,30,User
numpy/numpy,m-d-w,30,User
scipy/scipy,rgommers,4116,User
scipy/scipy,pv,3095,User
scipy/scipy,mdhaber,2254,User
scipy/scipy,ev-br,2045,User
scipy/scipy,tylerjereddy,1348,User
scipy/scipy,WarrenWeckesser,1192,User
scipy/scipy,teoliphant,977,User
scipy/scipy,andyfaff,965,User
scipy/scipy,cournape,820,User
scipy/scipy,ilayn,688,User
scipy/scipy,alexbrc,604,User
scipy/scipy,tupui,582,User
scipy/scipy,pearu,504,User
scipy/scipy,lucascolley,461,User
scipy/scipy,person142,423,User
scipy/scipy,endolith,394,User
scipy/scipy,nmayorov,383,User
scipy/scipy,Nathan Bell,375,Anonymous
scipy/scipy,j-bowhay,361,User
scipy/scipy,stefanv,337,User
scipy/scipy,steppi,324,User
scipy/scipy,Matt Knox,321,Anonymous
scipy/scipy,matthew-brett,293,User
scipy/scipy,dlax,287,User
scipy/scipy,larsoner,259,User
scipy/scipy,AtsushiSakai,253,User
scipy/scipy,jarrodmillman,241,User
scipy/scipy,larsmans,212,User
scipy/scipy,peterbell10,209,User
scipy/scipy,perimosocordiae,203,User
scipy/scipy,pvanmulbregt,196,User
scipy/scipy,eric-jones,180,User
scipy/scipy,Kai-Striega,177,User
scipy/scipy,mckib2,175,User
scipy/scipy,rkern,172,User
scipy/scipy,dschmitz89,170,User
scipy/scipy,h-vetinari,162,User
scipy/scipy,ewmoore,161,User
scipy/scipy,Pierre GM,155,Anonymous
scipy/scipy,timleslie,153,User
scipy/scipy,Ed Schofield,152,Anonymous
scipy/scipy,josef-pkt,149,User
scipy/scipy,rainwoodman,146,User
scipy/scipy,dschult,137,User
scipy/scipy,cookedm,136,Anonymous
scipy/scipy,adbugger,133,User
scipy/scipy,jakevdp,127,User
scipy/scipy,Damian Eads,126,Anonymous
scipy/scipy,mikofski,119,User
scipy/scipy,chrisb83,114,User
scipy/scipy,czgdp1807,114,User
scipy/scipy,cowlicks,112,User
scipy/scipy,grlee77,110,User
scipy/scipy,crusaderky,98,User
scipy/scipy,Tom Waite,97,Anonymous
scipy/scipy,andfoy,96,User
scipy/scipy,tirthasheshpatel,96,User
scipy/scipy,aeklant,94,User
scipy/scipy,Smit-create,94,User
scipy/scipy,melissawm,92,User
scipy/scipy,sethtroisi,88,User
scipy/scipy,anushkasuyal,87,User
scipy/scipy,V0lantis,86,User
scipy/scipy,robfalck,83,User
scipy/scipy,lobpcg,81,User
scipy/scipy,jor-,78,User
scipy/scipy,insertinterestingnamehere,77,User
scipy/scipy,Peter Mahler Larsen,77,Anonymous
scipy/scipy,rc,77,User
scipy/scipy,rlucas7,76,User
scipy/scipy,trallard,74,User
scipy/scipy,ollybritton,73,User
scipy/scipy,e-q,71,User
scipy/scipy,fuglede,71,User
scipy/scipy,fullung,71,Anonymous
scipy/scipy,charris,69,User
scipy/scipy,swallan,68,User
scipy/scipy,jaimefrio,65,User
scipy/scipy,Daniel-B-Smith,64,User
scipy/scipy,sturlamolden,64,User
scipy/scipy,DietBru,62,User
scipy/scipy,Carreau,60,User
scipy/scipy,aarchiba,60,User
scipy/scipy,befelix,57,User
scipy/scipy,nickodell,56,User
scipy/scipy,andreas-h,52,User
scipy/scipy,thalassemia,52,User
scipy/scipy,Chris Burns,50,Anonymous
scipy/scipy,jorenham,50,User
scipy/scipy,star1327p,49,User
scipy/scipy,nschloe,49,User
scipy/scipy,fancidev,46,User
scipy/scipy,HaoZeke,46,User
scipy/scipy,jnothman,46,User
scipy/scipy,Jonathan Taylor,46,Anonymous
scipy/scipy,AnirudhDagar,45,User
scipy/scipy,haudren,45,User
scipy/scipy,Ilan Schnell,45,Anonymous
scipy/scipy,cairijun,45,User
scipy/scipy,niknow,40,User
matplotlib/matplotlib,tacaswell,6877,User
matplotlib/matplotlib,QuLogic,5476,User
matplotlib/matplotlib,anntzer,4478,User
matplotlib/matplotlib,timhoffm,4391,User
matplotlib/matplotlib,mdboom,3919,User
matplotlib/matplotlib,jklymak,2579,User
matplotlib/matplotlib,jdh2358,2145,User
matplotlib/matplotlib,dstansby,2076,User
matplotlib/matplotlib,efiring,1948,User
matplotlib/matplotlib,ksunden,997,User
matplotlib/matplotlib,oscargus,916,User
matplotlib/matplotlib,NelleV,875,User
matplotlib/matplotlib,jenshnielsen,855,User
matplotlib/matplotlib,story645,627,User
matplotlib/matplotlib,WeatherGod,626,User
matplotlib/matplotlib,dopplershift,590,User
matplotlib/matplotlib,rcomer,507,User
matplotlib/matplotlib,jkseppan,503,User
matplotlib/matplotlib,pelson,490,User
matplotlib/matplotlib,leejjoon,444,User
matplotlib/matplotlib,ddale,442,User
matplotlib/matplotlib,greglucas,329,User
matplotlib/matplotlib,dmcdougall,304,User
matplotlib/matplotlib,astraw,272,User
matplotlib/matplotlib,Steve Chaplin,263,Anonymous
matplotlib/matplotlib,phobson,261,User
matplotlib/matplotlib,cgohlke,173,User
matplotlib/matplotlib,afvincent,164,User
matplotlib/matplotlib,tonysyu,162,User
matplotlib/matplotlib,ericmjl,161,User
matplotlib/matplotlib,ianthomas23,151,User
matplotlib/matplotlib,blink1073,151,User
matplotlib/matplotlib,cmoad,149,User
matplotlib/matplotlib,Kojoley,144,User
matplotlib/matplotlib,scottshambaugh,130,User
matplotlib/matplotlib,ImportanceOfBeingErnest,128,User
matplotlib/matplotlib,ivanov,124,User
matplotlib/matplotlib,jankatins,117,User
matplotlib/matplotlib,ericpre,114,User
matplotlib/matplotlib,fariza,107,User
matplotlib/matplotlib,pwuertz,95,User
matplotlib/matplotlib,dependabot[bot],92,Bot
matplotlib/matplotlib,choldgraf,87,User
matplotlib/matplotlib,cimarronm,85,User
matplotlib/matplotlib,twmr,81,User
matplotlib/matplotlib,ianhi,75,User
matplotlib/matplotlib,meeseeksmachine,75,User
matplotlib/matplotlib,richardsheridan,72,User
matplotlib/matplotlib,James R. Evans,64,Anonymous
matplotlib/matplotlib,Jeff Whitaker,60,Anonymous
matplotlib/matplotlib,rougier,60,User
matplotlib/matplotlib,zblz,58,User
matplotlib/matplotlib,mdehoon,58,User
matplotlib/matplotlib,mgiuca-google,57,User
matplotlib/matplotlib,Carreau,57,User
matplotlib/matplotlib,matthew-brett,56,User
matplotlib/matplotlib,StefRe,54,User
matplotlib/matplotlib,eric-wieser,53,User
matplotlib/matplotlib,mmetz-bn,53,User
matplotlib/matplotlib,montefra,50,User
matplotlib/matplotlib,dhyams,49,User
matplotlib/matplotlib,NNemec,48,User
matplotlib/matplotlib,aitikgupta,48,User
matplotlib/matplotlib,stefmolin,46,User
matplotlib/matplotlib,endolith,46,User
matplotlib/matplotlib,larsoner,45,User
matplotlib/matplotlib,DietmarSchwertberger,44,User
matplotlib/matplotlib,ameligrana,43,User
matplotlib/matplotlib,jaytmiller,42,User
matplotlib/matplotlib,pkienzle,42,Anonymous
matplotlib/matplotlib,saranti,41,User
matplotlib/matplotlib,brunobeltran,41,User
matplotlib/matplotlib,matthewfeickert,40,User
matplotlib/matplotlib,patniharshit,39,User
matplotlib/matplotlib,megies,39,User
matplotlib/matplotlib,mspacek,37,User
matplotlib/matplotlib,joferkington,36,User
matplotlib/matplotlib,chahak13,36,User
matplotlib/matplotlib,rwpenney,35,User
matplotlib/matplotlib,astrofrog,35,User
matplotlib/matplotlib,devRD,34,User
matplotlib/matplotlib,kolibril13,32,User
matplotlib/matplotlib,pganssle,32,User
matplotlib/matplotlib,deep-jkl,31,User
matplotlib/matplotlib,toddrjen,31,User
matplotlib/matplotlib,melissawm,30,User
matplotlib/matplotlib,sasoripathos,29,User
matplotlib/matplotlib,Paul Barret,29,Anonymous
matplotlib/matplotlib,bcongdon,29,User
matplotlib/matplotlib,madphysicist,28,User
matplotlib/matplotlib,SidharthBansal,28,User
matplotlib/matplotlib,neggert,28,User
matplotlib/matplotlib,maxnoe,28,User
matplotlib/matplotlib,katyhuff,28,User
matplotlib/matplotlib,DWesl,27,User
matplotlib/matplotlib,pharshalp,27,User
matplotlib/matplotlib,Alexis Bienvenüe,27,Anonymous
matplotlib/matplotlib,domspad,26,Anonymous
matplotlib/matplotlib,johan12345,25,User
matplotlib/matplotlib,immaxchen,25,User
pandas-dev/pandas,jbrockmendel,4969,User
pandas-dev/pandas,jreback,4731,User
pandas-dev/pandas,wesm,3127,User
pandas-dev/pandas,jorisvandenbossche,1561,User
pandas-dev/pandas,mroeschke,1488,User
pandas-dev/pandas,phofl,1132,User
pandas-dev/pandas,y-p,943,Anonymous
pandas-dev/pandas,TomAugspurger,655,User
pandas-dev/pandas,simonjayhawkins,628,User
pandas-dev/pandas,cpcloud,607,User
pandas-dev/pandas,rhshadrach,492,User
pandas-dev/pandas,gfyoung,460,User
pandas-dev/pandas,topper-123,423,User
pandas-dev/pandas,sinhrks,409,User
pandas-dev/pandas,tuhinsharma121,402,User
pandas-dev/pandas,Chang She,375,Anonymous
pandas-dev/pandas,MarcoGorelli,340,User
pandas-dev/pandas,WillAyd,340,User
pandas-dev/pandas,adamklein,327,User
pandas-dev/pandas,datapythonista,275,User
pandas-dev/pandas,jtratner,250,User
pandas-dev/pandas,changhiskhan,246,User
pandas-dev/pandas,lithomas1,245,User
pandas-dev/pandas,lukemanley,225,User
pandas-dev/pandas,twoertwein,221,User
pandas-dev/pandas,ShaharNaveh,206,User
pandas-dev/pandas,attack68,203,User
pandas-dev/pandas,natmokval,170,User
pandas-dev/pandas,jschendel,163,User
pandas-dev/pandas,hayd,160,User
pandas-dev/pandas,fangchenli,156,User
pandas-dev/pandas,dsaxton,155,User
pandas-dev/pandas,mzeitlin11,118,User
pandas-dev/pandas,DeaMariaLeon,114,User
pandas-dev/pandas,orbitfold,111,User
pandas-dev/pandas,Tom Augspurger,104,Anonymous
pandas-dev/pandas,alimcmaster1,104,User
pandas-dev/pandas,toobaz,93,User
pandas-dev/pandas,charlesdong1991,89,User
pandas-dev/pandas,jseabold,89,User
pandas-dev/pandas,chris-b1,86,User
pandas-dev/pandas,h-vetinari,85,User
pandas-dev/pandas,Dr-Irv,84,User
pandas-dev/pandas,shoyer,83,User
pandas-dev/pandas,lodagro,77,User
pandas-dev/pandas,arw2019,74,User
pandas-dev/pandas,bashtage,74,User
pandas-dev/pandas,ivanovmg,67,User
pandas-dev/pandas,SaturnFromTitan,62,User
pandas-dev/pandas,TomAugspurger,61,Anonymous
pandas-dev/pandas,mortada,58,User
pandas-dev/pandas,qwhelan,56,User
pandas-dev/pandas,Moisan,55,User
pandas-dev/pandas,dependabot[bot],54,Bot
pandas-dev/pandas,behzadnouri,54,User
pandas-dev/pandas,takluyver,54,User
pandas-dev/pandas,jordan-d-murphy,51,User
pandas-dev/pandas,kawochen,49,User
pandas-dev/pandas,Komnomnomnom,43,User
pandas-dev/pandas,yuanx749,41,User
pandas-dev/pandas,reidy-p,40,User
pandas-dev/pandas,tqa236,40,User
pandas-dev/pandas,Dieter Vandenbussche,40,Anonymous
pandas-dev/pandas,bwignall,38,User
pandas-dev/pandas,zhengruifeng,38,User
pandas-dev/pandas,partev,37,User
pandas-dev/pandas,luke396,35,User
pandas-dev/pandas,Aloqeely,34,User
pandas-dev/pandas,star1327p,33,User
pandas-dev/pandas,Alvaro-Kothe,33,User
pandas-dev/pandas,dsm054,32,User
pandas-dev/pandas,avinashpancham,32,User
pandas-dev/pandas,jonashaag,32,User
pandas-dev/pandas,jankatins,31,User
pandas-dev/pandas,makbigc,31,User
pandas-dev/pandas,rockg,30,User
pandas-dev/pandas,gliptak,30,User
pandas-dev/pandas,debnathshoham,30,User
pandas-dev/pandas,snitish,30,User
pandas-dev/pandas,wjandrea,29,User
pandas-dev/pandas,evanpw,29,User
pandas-dev/pandas,Khor Chean Wei,29,Anonymous
pandas-dev/pandas,immerrr,29,User
pandas-dev/pandas,yarikoptic,29,User
pandas-dev/pandas,davidastephens,27,User
pandas-dev/pandas,Charlie-XIAO,27,User
pandas-dev/pandas,stephenwlin,26,User
pandas-dev/pandas,realead,26,User
pandas-dev/pandas,github-actions[bot],26,Bot
pandas-dev/pandas,JustinZhengBC,26,User
pandas-dev/pandas,thoo,25,User
pandas-dev/pandas,pre-commit-ci[bot],25,Bot
pandas-dev/pandas,erfannariman,24,User
pandas-dev/pandas,GYHHAHA,24,User
pandas-dev/pandas,FHaase,23,User
pandas-dev/pandas,rsm-23,23,User
pandas-dev/pandas,danielballan,23,User
pandas-dev/pandas,Licht-T,22,User
pandas-dev/pandas,ganevgv,22,User
pandas-dev/pandas,ryankarlos,21,User
scikit-learn/scikit-learn,ogrisel,2560,User
scikit-learn/scikit-learn,amueller,2073,User
scikit-learn/scikit-learn,Gael Varoquaux,1784,Anonymous
scikit-learn/scikit-learn,Fabian Pedregosa,1596,Anonymous
scikit-learn/scikit-learn,larsmans,1265,User
scikit-learn/scikit-learn,agramfort,1086,User
scikit-learn/scikit-learn,glouppe,936,User
scikit-learn/scikit-learn,thomasjpfan,919,User
scikit-learn/scikit-learn,pprett,860,User
scikit-learn/scikit-learn,mblondel,778,User
scikit-learn/scikit-learn,vene,775,User
scikit-learn/scikit-learn,jnothman,773,User
scikit-learn/scikit-learn,glemaitre,659,User
scikit-learn/scikit-learn,lesteve,639,User
scikit-learn/scikit-learn,arjoly,580,User
scikit-learn/scikit-learn,jeremiedbb,477,User
scikit-learn/scikit-learn,scikit-learn-bot,400,User
scikit-learn/scikit-learn,Jaques Grobler,362,Anonymous
scikit-learn/scikit-learn,jakevdp,343,User
scikit-learn/scikit-learn,MechCoder,313,User
scikit-learn/scikit-learn,adrinjalali,296,User
scikit-learn/scikit-learn,qinhanmin2014,264,User
scikit-learn/scikit-learn,NicolasHug,250,User
scikit-learn/scikit-learn,NelleV,238,User
scikit-learn/scikit-learn,robertlayton,233,User
scikit-learn/scikit-learn,lucyleeow,230,User
scikit-learn/scikit-learn,Jan Hendrik Metzen,210,Anonymous
scikit-learn/scikit-learn,lorentzenchr,199,User
scikit-learn/scikit-learn,Brian Holt,198,Anonymous
scikit-learn/scikit-learn,Noel Dawe,187,Anonymous
scikit-learn/scikit-learn,raghavrv,140,User
scikit-learn/scikit-learn,ahojnnes,137,User
scikit-learn/scikit-learn,jjerphan,132,User
scikit-learn/scikit-learn,rth,132,User
scikit-learn/scikit-learn,TomDLT,113,User
scikit-learn/scikit-learn,Charlie-XIAO,111,User
scikit-learn/scikit-learn,StefanieSenger,109,User
scikit-learn/scikit-learn,weilinear,109,User
scikit-learn/scikit-learn,dengemann,106,Anonymous
scikit-learn/scikit-learn,cmarmo,105,User
scikit-learn/scikit-learn,clayw,103,User
scikit-learn/scikit-learn,betatim,100,User
scikit-learn/scikit-learn,kemaleren,100,User
scikit-learn/scikit-learn,oddskool,95,User
scikit-learn/scikit-learn,AlexanderFabisch,91,User
scikit-learn/scikit-learn,alextp,87,User
scikit-learn/scikit-learn,ArturoAmorQ,86,User
scikit-learn/scikit-learn,bthirion,85,User
scikit-learn/scikit-learn,OmarManzoor,84,User
scikit-learn/scikit-learn,VirgileFritsch,83,User
scikit-learn/scikit-learn,alfaro96,82,User
scikit-learn/scikit-learn,hamsal,82,User
scikit-learn/scikit-learn,dsullivan7,82,User
scikit-learn/scikit-learn,Micky774,80,User
scikit-learn/scikit-learn,star1327p,78,User
scikit-learn/scikit-learn,ibayer,72,User
scikit-learn/scikit-learn,Vincent Michel,71,Anonymous
scikit-learn/scikit-learn,ronw,63,User
scikit-learn/scikit-learn,genvalen,63,User
scikit-learn/scikit-learn,FlorianWilhelm,63,User
scikit-learn/scikit-learn,jmloyola,61,User
scikit-learn/scikit-learn,maheshakya,58,User
scikit-learn/scikit-learn,satra,58,User
scikit-learn/scikit-learn,DimitriPapadopoulos,58,User
scikit-learn/scikit-learn,mjbommar,51,User
scikit-learn/scikit-learn,franslarsson,49,User
scikit-learn/scikit-learn,yarikoptic,49,User
scikit-learn/scikit-learn,nelson-liu,48,User
scikit-learn/scikit-learn,rprkh,48,User
scikit-learn/scikit-learn,Edouard DUCHESNAY,45,Anonymous
scikit-learn/scikit-learn,Tialo,45,User
scikit-learn/scikit-learn,kastnerkyle,42,User
scikit-learn/scikit-learn,marenwestermann,41,User
scikit-learn/scikit-learn,hlin117,40,User
scikit-learn/scikit-learn,Florian Wilhelm,39,Anonymous
scikit-learn/scikit-learn,conradlee,39,User
scikit-learn/scikit-learn,cbrnr,38,User
scikit-learn/scikit-learn,NicolasTr,38,User
scikit-learn/scikit-learn,paolo-losi,38,User
scikit-learn/scikit-learn,Titan-C,38,User
scikit-learn/scikit-learn,zaxtax,37,User
scikit-learn/scikit-learn,dubourg,37,User
scikit-learn/scikit-learn,MaxwellLZH,37,User
scikit-learn/scikit-learn,JeanKossaifi,36,User
scikit-learn/scikit-learn,lucidfrontier45,36,User
scikit-learn/scikit-learn,yenchenlin,35,User
scikit-learn/scikit-learn,yuanx749,35,User
scikit-learn/scikit-learn,untom,35,User
scikit-learn/scikit-learn,DeaMariaLeon,35,User
scikit-learn/scikit-learn,chyikwei,35,User
scikit-learn/scikit-learn,npinto,34,User
scikit-learn/scikit-learn,trevorstephens,34,User
scikit-learn/scikit-learn,alexis-mignon,32,User
scikit-learn/scikit-learn,jorisvandenbossche,32,User
scikit-learn/scikit-learn,eickenberg,32,User
scikit-learn/scikit-learn,pgervais,32,User
scikit-learn/scikit-learn,adam2392,31,User
scikit-learn/scikit-learn,albertcthomas,31,User
scikit-learn/scikit-learn,kmike,31,User
scikit-learn/scikit-learn,maikia,31,User
statsmodels/statsmodels,josef-pkt,3840,User
statsmodels/statsmodels,jseabold,2884,User
statsmodels/statsmodels,bashtage,2661,User
statsmodels/statsmodels,ChadFulton,1480,User
statsmodels/statsmodels,kshedden,1057,User
statsmodels/statsmodels,jbrockmendel,474,User
statsmodels/statsmodels,j-grana6,205,User
statsmodels/statsmodels,thequackdaddy,165,User
statsmodels/statsmodels,Vincent Arel-Bundock,145,Anonymous
statsmodels/statsmodels,wesm,137,User
statsmodels/statsmodels,Christopher Burns,135,Anonymous
statsmodels/statsmodels,Jonathan Taylor,134,Anonymous
statsmodels/statsmodels,langmore,130,User
statsmodels/statsmodels,bartbkr,110,User
statsmodels/statsmodels,Ralf Gommers,101,Anonymous
statsmodels/statsmodels,yogabonito,97,User
statsmodels/statsmodels,agriyakhetarpal,89,User
statsmodels/statsmodels,s-scherrer,84,User
statsmodels/statsmodels,evgenyzhurko,79,User
statsmodels/statsmodels,Kevin Sheppard,64,Anonymous
statsmodels/statsmodels,matthew-brett,59,User
statsmodels/statsmodels,EnricoGiampieri,50,User
statsmodels/statsmodels,yl565,44,User
statsmodels/statsmodels,jarrodmillman,43,User
statsmodels/statsmodels,phobson,43,User
statsmodels/statsmodels,vincentdavis,38,User
statsmodels/statsmodels,tupui,36,User
statsmodels/statsmodels,TomAugspurger,31,User
statsmodels/statsmodels,tvanzyl,30,User
statsmodels/statsmodels,alexbrc,25,User
statsmodels/statsmodels,tyleha,24,User
statsmodels/statsmodels,fperez,22,User
statsmodels/statsmodels,tatamiya,22,User
statsmodels/statsmodels,yarikoptic,21,User
statsmodels/statsmodels,Mike Crowe,21,Anonymous
statsmodels/statsmodels,Padarn,20,User
statsmodels/statsmodels,dependabot[bot],20,Bot
statsmodels/statsmodels,esmucler,20,User
statsmodels/statsmodels,lbybee,20,User
statsmodels/statsmodels,ScottWPiraino,20,User
statsmodels/statsmodels,w31ha0,20,User
statsmodels/statsmodels,guyrt,19,User
statsmodels/statsmodels,luke396,18,User
statsmodels/statsmodels,dengemann,18,User
statsmodels/statsmodels,Tom Augspurger,18,Anonymous
statsmodels/statsmodels,Bolzano-Weierstrass,18,User
statsmodels/statsmodels,KishManani,16,User
statsmodels/statsmodels,aadams,15,User
statsmodels/statsmodels,brentp,15,User
statsmodels/statsmodels,kiyoto,15,User
statsmodels/statsmodels,Chris Jordan-Squire,14,Anonymous
statsmodels/statsmodels,EC-AI,14,User
statsmodels/statsmodels,PierreBdR,14,User
statsmodels/statsmodels,rebecca-palmer,14,User
statsmodels/statsmodels,jacobkimmel,12,User
statsmodels/statsmodels,Christian Lorentzen,11,Anonymous
statsmodels/statsmodels,GaelVaroquaux,11,User
statsmodels/statsmodels,kumaraditya303,11,User
statsmodels/statsmodels,toobaz,11,User
statsmodels/statsmodels,jackzyliu,11,User
statsmodels/statsmodels,SHH,10,Anonymous
statsmodels/statsmodels,vasudeva-ram,9,User
statsmodels/statsmodels,partev,9,User
statsmodels/statsmodels,europeanplaice,9,User
statsmodels/statsmodels,danjp93,9,User
statsmodels/statsmodels,mbatchkarov,9,User
statsmodels/statsmodels,cclauss,8,User
statsmodels/statsmodels,ev-br,8,User
statsmodels/statsmodels,gpanterov,8,User
statsmodels/statsmodels,mikylucky,8,User
statsmodels/statsmodels,Tom Waite,8,Anonymous
statsmodels/statsmodels,DonBeo,8,User
statsmodels/statsmodels,EwoutH,8,User
statsmodels/statsmodels,MarcBresson,7,User
statsmodels/statsmodels,vsriram11,7,User
statsmodels/statsmodels,carljv,7,User
statsmodels/statsmodels,Max-FM,7,User
statsmodels/statsmodels,rgommers,7,User
statsmodels/statsmodels,rc,7,User
statsmodels/statsmodels,Trent Hauck,7,Anonymous
statsmodels/statsmodels,cimarieta,6,User
statsmodels/statsmodels,aglebov,6,User
statsmodels/statsmodels,gmcmacran,6,User
statsmodels/statsmodels,jankatins,6,User
statsmodels/statsmodels,JimVaranelli,6,User
statsmodels/statsmodels,vindex10,6,User
statsmodels/statsmodels,ZhiqingXiao,6,User
statsmodels/statsmodels,hugovk,5,User
statsmodels/statsmodels,mortonjt,5,User
statsmodels/statsmodels,ropeladder,5,User
statsmodels/statsmodels,N-Wouda,5,User
statsmodels/statsmodels,mbadger,5,Anonymous
statsmodels/statsmodels,joesnacks,5,User
statsmodels/statsmodels,hoechenberger,5,User
statsmodels/statsmodels,prajwalk-sportsbet,5,User
statsmodels/statsmodels,Marvin Mueller,5,Anonymous
statsmodels/statsmodels,Joey Stockermans,5,Anonymous
statsmodels/statsmodels,has2k1,5,User
statsmodels/statsmodels,hmgaudecker,5,User
statsmodels/statsmodels,AnaMP,5,User
mwaskom/seaborn,mwaskom,2650,User
mwaskom/seaborn,MaozGelbart,75,User
mwaskom/seaborn,olgabot,65,User
mwaskom/seaborn,joelostblom,24,User
mwaskom/seaborn,phobson,20,User
mwaskom/seaborn,lukauskas,20,User
mwaskom/seaborn,Drew O'Kane,18,Anonymous
mwaskom/seaborn,dcgemperline,13,User
mwaskom/seaborn,TomAugspurger,9,User
mwaskom/seaborn,yarikoptic,9,User
mwaskom/seaborn,dependabot[bot],8,Bot
mwaskom/seaborn,Michael Waskom,8,Anonymous
mwaskom/seaborn,wintermind,8,User
mwaskom/seaborn,JWarmenhoven,8,User
mwaskom/seaborn,EwoutH,7,User
mwaskom/seaborn,Julian de Ruiter,6,Anonymous
mwaskom/seaborn,gkunter,6,Anonymous
mwaskom/seaborn,"Gravish, Nick",5,Anonymous
mwaskom/seaborn,jakevdp,5,User
mwaskom/seaborn,shoyer,5,User
mwaskom/seaborn,pyeguy,5,User
mwaskom/seaborn,sdvillal,4,User
mwaskom/seaborn,gkunter,4,User
mwaskom/seaborn,e-q,4,User
mwaskom/seaborn,yvonnefroehlich,4,User
mwaskom/seaborn,stefmolin,4,User
mwaskom/seaborn,petebachant,4,User
mwaskom/seaborn,marcelm,4,User
mwaskom/seaborn,kyleam,4,User
mwaskom/seaborn,CorbanSwain,4,User
mwaskom/seaborn,alimanfoo,4,User
mwaskom/seaborn,pnacht,3,User
mwaskom/seaborn,ttbrunner,3,User
mwaskom/seaborn,tyarkoni,3,User
mwaskom/seaborn,drewokane,3,User
mwaskom/seaborn,BrianLandry,3,User
mwaskom/seaborn,clarkfitzg,3,User
mwaskom/seaborn,StefRe,3,User
mwaskom/seaborn,mikepqr,3,User
mwaskom/seaborn,cgevans,3,User
mwaskom/seaborn,Freed-Wu,2,User
mwaskom/seaborn,dawehner,2,User
mwaskom/seaborn,benjaminrose,2,User
mwaskom/seaborn,moosekaka,2,User
mwaskom/seaborn,lincolnfrias,2,User
mwaskom/seaborn,codemurt,2,User
mwaskom/seaborn,tonyyzy,2,User
mwaskom/seaborn,TomAugspurger,2,Anonymous
mwaskom/seaborn,megies,2,User
mwaskom/seaborn,timgates42,2,User
mwaskom/seaborn,toddrme2178,2,User
mwaskom/seaborn,tlnagy,2,User
mwaskom/seaborn,hartwork,2,User
mwaskom/seaborn,samuelstjean,2,User
mwaskom/seaborn,adelq,2,User
mwaskom/seaborn,hamdanal,2,User
mwaskom/seaborn,anntzer,2,User
mwaskom/seaborn,arokem,2,User
mwaskom/seaborn,benlindsay,2,User
mwaskom/seaborn,beyarkay,2,User
mwaskom/seaborn,Chris Fonnesbeck,2,Anonymous
mwaskom/seaborn,miquelastein,2,User
mwaskom/seaborn,mroeschke,2,User
mwaskom/seaborn,luispedro,2,User
mwaskom/seaborn,ksunden,2,User
mwaskom/seaborn,cynddl,2,User
mwaskom/seaborn,Erik Ziegler,2,Anonymous
mwaskom/seaborn,Gregory Hitz,2,Anonymous
mwaskom/seaborn,jnothman,2,User
mwaskom/seaborn,badge,1,User
mwaskom/seaborn,brownsarahm,1,User
mwaskom/seaborn,sebp,1,User
mwaskom/seaborn,sergiopasra,1,User
mwaskom/seaborn,jseabold,1,User
mwaskom/seaborn,sappelhoff,1,User
mwaskom/seaborn,staeff,1,User
mwaskom/seaborn,stepthom,1,User
mwaskom/seaborn,staeiou,1,User
mwaskom/seaborn,tkf,1,User
mwaskom/seaborn,talgalili,1,User
mwaskom/seaborn,spisakt,1,User
mwaskom/seaborn,Denbergvanthijs,1,User
mwaskom/seaborn,tacaswell,1,User
mwaskom/seaborn,thomasjpfan,1,User
mwaskom/seaborn,bondarevts,1,User
mwaskom/seaborn,tknuth,1,User
mwaskom/seaborn,Carreau,1,User
mwaskom/seaborn,Matvey-SD,1,User
mwaskom/seaborn,max-sixty,1,User
mwaskom/seaborn,michaelquinn32,1,User
mwaskom/seaborn,miikka,1,User
mwaskom/seaborn,Mitch Negus,1,Anonymous
mwaskom/seaborn,niemasd,1,User
mwaskom/seaborn,nokoshu,1,User
mwaskom/seaborn,ondrejzacha,1,User
mwaskom/seaborn,oscargus,1,User
mwaskom/seaborn,wonderb0lt,1,User
mwaskom/seaborn,paulrougieux,1,User
mwaskom/seaborn,theOehrly,1,User
mwaskom/seaborn,cpcloud,1,User
dmlc/xgboost,trivialfis,1889,User
dmlc/xgboost,tqchen,1800,User
dmlc/xgboost,hcho3,550,User
dmlc/xgboost,pommedeterresautee,301,User
dmlc/xgboost,hetong007,262,User
dmlc/xgboost,CodingCat,197,User
dmlc/xgboost,RAMitchell,177,User
dmlc/xgboost,terrytangyuan,174,User
dmlc/xgboost,dependabot[bot],149,Bot
dmlc/xgboost,rongou,131,User
dmlc/xgboost,david-cortes,126,User
dmlc/xgboost,wbo4958,124,User
dmlc/xgboost,khotilov,107,User
dmlc/xgboost,jameslamb,75,User
dmlc/xgboost,razdoburdin,60,User
dmlc/xgboost,nachocano,54,User
dmlc/xgboost,giuliohome,45,User
dmlc/xgboost,kalenhaha,42,User
dmlc/xgboost,tqchen@graphlab.com,35,Anonymous
dmlc/xgboost,cblsjtu,31,User
dmlc/xgboost,Far0n,30,User
dmlc/xgboost,AbdealiLoKo,28,User
dmlc/xgboost,superbobry,26,User
dmlc/xgboost,JohanManders,26,User
dmlc/xgboost,pommedeterresautee,24,Anonymous
dmlc/xgboost,canonizer,24,User
dmlc/xgboost,jseabold,23,User
dmlc/xgboost,antinucleon,22,User
dmlc/xgboost,yanqingmen,22,User
dmlc/xgboost,phunterlau,21,User
dmlc/xgboost,ShvetsKS,21,User
dmlc/xgboost,sinhrks,20,User
dmlc/xgboost,ajkl,20,User
dmlc/xgboost,sriramch,19,User
dmlc/xgboost,chenqin,17,User
dmlc/xgboost,WeichenXu123,12,User
dmlc/xgboost,sperlingxx,11,User
dmlc/xgboost,Yunni,10,User
dmlc/xgboost,EricChenDM,9,User
dmlc/xgboost,yepyao,9,User
dmlc/xgboost,ClimbsRocks,9,User
dmlc/xgboost,pseudotensor,9,User
dmlc/xgboost,Chen Qin,8,Anonymous
dmlc/xgboost,teju85,8,User
dmlc/xgboost,trams,8,User
dmlc/xgboost,tovbinm,7,User
dmlc/xgboost,yanboliang,7,User
dmlc/xgboost,ebernhardson,7,User
dmlc/xgboost,github-actions[bot],7,Bot
dmlc/xgboost,SmirnovEgorRu,7,User
dmlc/xgboost,zhengruifeng,6,User
dmlc/xgboost,unknown,6,Anonymous
dmlc/xgboost,yzliao,6,User
dmlc/xgboost,AlexisMignon,6,User
dmlc/xgboost,dotbg,6,User
dmlc/xgboost,Jamie Hall,6,Anonymous
dmlc/xgboost,mayer79,6,User
dmlc/xgboost,ReeceGoding,6,User
dmlc/xgboost,hjk41,5,User
dmlc/xgboost,Mottl,5,User
dmlc/xgboost,xydrolase,5,User
dmlc/xgboost,Alex Miller,5,Anonymous
dmlc/xgboost,joycebrum,4,User
dmlc/xgboost,Craigacp,4,User
dmlc/xgboost,黄子轩,4,Anonymous
dmlc/xgboost,jakirkham,4,User
dmlc/xgboost,chanis,4,User
dmlc/xgboost,zygmuntz,4,User
dmlc/xgboost,horgh,4,User
dmlc/xgboost,lihang00,4,User
dmlc/xgboost,icyblade,4,User
dmlc/xgboost,zjf,4,User
dmlc/xgboost,KOLANICH,4,User
dmlc/xgboost,kunaljani1100,4,User
dmlc/xgboost,Paulo Alves,4,Anonymous
dmlc/xgboost,thirdwing,4,User
dmlc/xgboost,robertmaynard,4,User
dmlc/xgboost,Shengwen Yang,4,Anonymous
dmlc/xgboost,tcfuji,4,User
dmlc/xgboost,StephanTLavavej,3,User
dmlc/xgboost,Ubuntu,3,Anonymous
dmlc/xgboost,UncleLLD,3,User
dmlc/xgboost,yang-zhang,3,User
dmlc/xgboost,gklab,3,User
dmlc/xgboost,antonymayi,3,User
dmlc/xgboost,damiencarol,3,User
dmlc/xgboost,hxd1011,3,User
dmlc/xgboost,kferris,3,Anonymous
dmlc/xgboost,ngoyal2707,3,User
dmlc/xgboost,nicovdijk,3,User
dmlc/xgboost,ras44,3,User
dmlc/xgboost,white1033,3,User
dmlc/xgboost,wxchan,3,User
dmlc/xgboost,yoori,3,Anonymous
dmlc/xgboost,ayoub317,3,User
dmlc/xgboost,hmchen-github,3,User
dmlc/xgboost,igormp,3,User
dmlc/xgboost,eltociear,3,User
dmlc/xgboost,marugari,3,User
dmlc/xgboost,Totoketchup,3,User
tensorflow/tensorflow,tensorflower-gardener,56807,User
tensorflow/tensorflow,ezhulenev,2697,User
tensorflow/tensorflow,akuegel,1738,User
tensorflow/tensorflow,hawkinsp,1590,User
tensorflow/tensorflow,mihaimaruseac,1555,User
tensorflow/tensorflow,yongtang,1448,User
tensorflow/tensorflow,gunan,1347,User
tensorflow/tensorflow,A. Unique TensorFlower,1340,Anonymous
tensorflow/tensorflow,caisq,1251,User
tensorflow/tensorflow,mrry,1241,User
tensorflow/tensorflow,cheshire,1161,User
tensorflow/tensorflow,roserg,1131,User
tensorflow/tensorflow,benoitsteiner,1046,User
tensorflow/tensorflow,Vijay Vasudevan,1039,Anonymous
tensorflow/tensorflow,jpienaar,1031,User
tensorflow/tensorflow,qlzh727,941,User
tensorflow/tensorflow,d0k,937,User
tensorflow/tensorflow,pifon2a,900,User
tensorflow/tensorflow,Justin Lebar,889,Anonymous
tensorflow/tensorflow,River707,887,User
tensorflow/tensorflow,Sanjoy Das,887,Anonymous
tensorflow/tensorflow,joker-eph,881,User
tensorflow/tensorflow,Amit Patankar,839,Anonymous
tensorflow/tensorflow,chsigg,838,User
tensorflow/tensorflow,martinwicke,801,User
tensorflow/tensorflow,yifeif,788,User
tensorflow/tensorflow,Dan Moldovan,743,Anonymous
tensorflow/tensorflow,allenlavoie,709,User
tensorflow/tensorflow,ddunl,706,User
tensorflow/tensorflow,smit-hinsu,701,User
tensorflow/tensorflow,yangustc07,680,User
tensorflow/tensorflow,jreiffers,671,User
tensorflow/tensorflow,jsimsa,668,User
tensorflow/tensorflow,klucke,640,User
tensorflow/tensorflow,ebrevdo,635,User
tensorflow/tensorflow,alextp,628,User
tensorflow/tensorflow,annarev,605,User
tensorflow/tensorflow,MarkDaoust,597,User
tensorflow/tensorflow,reedwm,566,User
tensorflow/tensorflow,jurahul,536,User
tensorflow/tensorflow,skye,531,User
tensorflow/tensorflow,olegshyshkov,524,User
tensorflow/tensorflow,majnemer,519,User
tensorflow/tensorflow,andyly,518,User
tensorflow/tensorflow,advaitjain,509,User
tensorflow/tensorflow,aaudiber,497,User
tensorflow/tensorflow,Frederik Gossen,496,Anonymous
tensorflow/tensorflow,terryheo,490,User
tensorflow/tensorflow,karimnosseir,486,User
tensorflow/tensorflow,beckerhe,485,User
tensorflow/tensorflow,bixia1,483,User
tensorflow/tensorflow,aaroey,468,User
tensorflow/tensorflow,fergushenderson,465,User
tensorflow/tensorflow,jaingaurav,446,User
tensorflow/tensorflow,rchao,445,User
tensorflow/tensorflow,fchollet,440,User
tensorflow/tensorflow,deven-amd,438,User
tensorflow/tensorflow,nouiz,436,User
tensorflow/tensorflow,asimshankar,436,User
tensorflow/tensorflow,jdduke,435,User
tensorflow/tensorflow,Akshay Modi,419,Anonymous
tensorflow/tensorflow,nicolasvasilache,418,User
tensorflow/tensorflow,antiagainst,416,User
tensorflow/tensorflow,lrdxgm,416,User
tensorflow/tensorflow,angerson,413,User
tensorflow/tensorflow,rohan100jain,405,User
tensorflow/tensorflow,k-w-w,404,User
tensorflow/tensorflow,kaixih,401,User
tensorflow/tensorflow,abattery,399,User
tensorflow/tensorflow,pschuh,394,User
tensorflow/tensorflow,LukeBoyer,393,User
tensorflow/tensorflow,bhack,392,User
tensorflow/tensorflow,cky9301,381,User
tensorflow/tensorflow,yunxing,377,User
tensorflow/tensorflow,feihugis,375,User
tensorflow/tensorflow,ilblackdragon,374,User
tensorflow/tensorflow,liufengdb,371,User
tensorflow/tensorflow,bchetioui,369,User
tensorflow/tensorflow,trevor-m,368,User
tensorflow/tensorflow,Frank Chen,365,Anonymous
tensorflow/tensorflow,petewarden,365,User
tensorflow/tensorflow,jblespiau,362,User
tensorflow/tensorflow,edloper,359,User
tensorflow/tensorflow,Stephan Herhut,349,Anonymous
tensorflow/tensorflow,thaink,343,User
tensorflow/tensorflow,dansuh17,341,User
tensorflow/tensorflow,yashk2810,341,User
tensorflow/tensorflow,timshen91,337,User
tensorflow/tensorflow,faizan-m,335,User
tensorflow/tensorflow,Suharsh Sivakumar,331,Anonymous
tensorflow/tensorflow,renjie-liu,330,User
tensorflow/tensorflow,WillFroom,326,User
tensorflow/tensorflow,pavithrasv,324,User
tensorflow/tensorflow,crccw,324,User
tensorflow/tensorflow,saxenasaurabh,322,User
tensorflow/tensorflow,Yuanzhong Xu,322,Anonymous
tensorflow/tensorflow,blakehechtman,321,User
tensorflow/tensorflow,ftynse,319,User
tensorflow/tensorflow,tpopp,318,User
tensorflow/tensorflow,kenfranko,314,User
catboost/catboost,arcadia-devtools,14770,User
catboost/catboost,robot-srch-releaser,7039,Anonymous
catboost/catboost,andrey-khropov,2908,User
catboost/catboost,zomb-sandbox-rw,1652,Anonymous
catboost/catboost,georgthegreat,1644,User
catboost/catboost,robot-piglet,1493,User
catboost/catboost,snermolaev,1091,User
catboost/catboost,VestniK,742,User
catboost/catboost,Evgueni-Petrov-aka-espetrov,734,User
catboost/catboost,shadchin,682,User
catboost/catboost,kizill,629,User
catboost/catboost,heretic,615,Anonymous
catboost/catboost,orivej,571,User
catboost/catboost,frazenshtein,561,User
catboost/catboost,nemo-cpt,447,User
catboost/catboost,robot-yandex-devtools-repo,388,User
catboost/catboost,Noxoomo,373,User
catboost/catboost,nikitxskv,355,User
catboost/catboost,ek-ak,328,User
catboost/catboost,LyzhinIvan,275,User
catboost/catboost,alexander-somov,273,User
catboost/catboost,robot-maps-sandbox,237,Anonymous
catboost/catboost,exprmntr,231,User
catboost/catboost,iaz1607,222,User
catboost/catboost,slon,214,User
catboost/catboost,borman,213,User
catboost/catboost,Anna Veronika Dorogush,210,Anonymous
catboost/catboost,cerevra,209,Anonymous
catboost/catboost,dbakshee,207,User
catboost/catboost,Kostya Bazhanov,196,Anonymous
catboost/catboost,tatakir,191,User
catboost/catboost,buglloc,190,User
catboost/catboost,halyavin,173,User
catboost/catboost,pg83,172,User
catboost/catboost,mityada,172,User
catboost/catboost,yandex-contrib-robot,171,User
catboost/catboost,ubyte,166,User
catboost/catboost,eeight,143,Anonymous
catboost/catboost,tborisow,134,User
catboost/catboost,robot-enigma,132,Anonymous
catboost/catboost,4JustMe4,132,User
catboost/catboost,artpaul,127,User
catboost/catboost,robot-ya-builder,126,Anonymous
catboost/catboost,AzaubaevViktor,125,User
catboost/catboost,kikht,106,User
catboost/catboost,ilnurkh,105,User
catboost/catboost,dvshkurko,102,Anonymous
catboost/catboost,yndx-workfork,97,User
catboost/catboost,SeTSeR,87,User
catboost/catboost,say42,82,User
catboost/catboost,sidh,78,Anonymous
catboost/catboost,dmtrmonakhov,73,Anonymous
catboost/catboost,trivias,72,Anonymous
catboost/catboost,babenko,72,Anonymous
catboost/catboost,grag90,72,User
catboost/catboost,elrinor,71,User
catboost/catboost,yazevnul,70,Anonymous
catboost/catboost,alexanderplat,68,Anonymous
catboost/catboost,robot-cozmo,66,Anonymous
catboost/catboost,nslsrv,66,User
catboost/catboost,pg,64,Anonymous
catboost/catboost,Sergei Shirshanov,62,Anonymous
catboost/catboost,sivanichkin,62,Anonymous
catboost/catboost,Kontakter,62,User
catboost/catboost,KruchDmitriy,61,User
catboost/catboost,elenbaskakova,60,Anonymous
catboost/catboost,Krock21,57,User
catboost/catboost,bgaifullin,54,User
catboost/catboost,lupusomniator,53,User
catboost/catboost,danila-eremin,52,Anonymous
catboost/catboost,kmartynkov,51,Anonymous
catboost/catboost,pazus,50,Anonymous
catboost/catboost,sab,49,User
catboost/catboost,Vlad Yaroslavlev,48,Anonymous
catboost/catboost,IKholopov,45,User
catboost/catboost,danlark,45,Anonymous
catboost/catboost,ivankozlov98,42,Anonymous
catboost/catboost,neksard,41,Anonymous
catboost/catboost,ofats,41,User
catboost/catboost,ivanychev,40,User
catboost/catboost,Andrew-Angrew,40,User
catboost/catboost,andrei-levitskii,39,User
catboost/catboost,dimdim1177,38,User
catboost/catboost,yamkolom,38,User
catboost/catboost,dankolesnikov,36,Anonymous
catboost/catboost,Gorin Yaroslav,35,Anonymous
catboost/catboost,BigRedEye,35,User
catboost/catboost,tobo,35,Anonymous
catboost/catboost,Nechda,34,User
catboost/catboost,smishin,33,Anonymous
catboost/catboost,reddi,33,Anonymous
catboost/catboost,ilnurkh,33,Anonymous
catboost/catboost,bbrodriges,33,User
catboost/catboost,dmitko,33,User
catboost/catboost,kmerenkov,32,Anonymous
catboost/catboost,tldr,32,Anonymous
catboost/catboost,robot-ya-builder,31,Anonymous
catboost/catboost,vadim-xd,31,Anonymous
catboost/catboost,dichlofos,31,User
catboost/catboost,alonger,30,Anonymous
microsoft/LightGBM,jameslamb,905,User
microsoft/LightGBM,StrikerRUS,898,User
microsoft/LightGBM,guolinke,820,User
microsoft/LightGBM,wxchan,94,User
microsoft/LightGBM,Laurae2,80,User
microsoft/LightGBM,shiyu1994,67,User
microsoft/LightGBM,chivee,59,User
microsoft/LightGBM,jmoralez,58,User
microsoft/LightGBM,henry0312,47,User
microsoft/LightGBM,david-cortes,34,User
microsoft/LightGBM,btrotta,25,User
microsoft/LightGBM,zyxue,23,User
microsoft/LightGBM,borchero,21,User
microsoft/LightGBM,imatiach-msft,18,User
microsoft/LightGBM,xuehui1991,16,User
microsoft/LightGBM,AlbertoEAF,15,User
microsoft/LightGBM,nicklamiller,15,User
microsoft/LightGBM,huanzhang12,14,User
microsoft/LightGBM,cyfdecyf,13,User
microsoft/LightGBM,cbecker,9,User
microsoft/LightGBM,wagner-austin,8,User
microsoft/LightGBM,ffineis,8,User
microsoft/LightGBM,mayer79,8,User
microsoft/LightGBM,thomasjpfan,8,User
microsoft/LightGBM,mjmckp,8,User
microsoft/LightGBM,zhangyafeikimi,8,User
microsoft/LightGBM,svotaw,8,User
microsoft/LightGBM,Allardvm,7,User
microsoft/LightGBM,dependabot[bot],7,Bot
microsoft/LightGBM,yanyachen,7,User
microsoft/LightGBM,kant,6,User
microsoft/LightGBM,NovusEdge,6,User
microsoft/LightGBM,ClimbsRocks,5,User
microsoft/LightGBM,vnherdeiro,5,User
microsoft/LightGBM,sayantan1410,5,User
microsoft/LightGBM,remcob-gr,5,User
microsoft/LightGBM,olofer,5,User
microsoft/LightGBM,nabokovas,5,User
microsoft/LightGBM,IdoKendo,5,User
microsoft/LightGBM,CuriousCorrelation,5,User
microsoft/LightGBM,akshitadixit,5,User
microsoft/LightGBM,Tony-Y,4,User
microsoft/LightGBM,shuttie,4,User
microsoft/LightGBM,zenggyu,4,User
microsoft/LightGBM,sbruch,4,User
microsoft/LightGBM,j-m-hou,4,User
microsoft/LightGBM,fanliwen,4,Anonymous
microsoft/LightGBM,zkurtz,4,User
microsoft/LightGBM,TremaMiguel,4,User
microsoft/LightGBM,Madnex,4,User
microsoft/LightGBM,jgiannuzzi,4,User
microsoft/LightGBM,lorentzenchr,4,User
microsoft/LightGBM,CharlesAuguste,4,Anonymous
microsoft/LightGBM,dmitryikh,3,User
microsoft/LightGBM,a-wozniakowski,3,User
microsoft/LightGBM,qrqpjxq,3,User
microsoft/LightGBM,ww,3,Anonymous
microsoft/LightGBM,rgranvil,3,User
microsoft/LightGBM,matsuken92,3,User
microsoft/LightGBM,guanqun,3,Anonymous
microsoft/LightGBM,daguirre11,3,User
microsoft/LightGBM,ashok-ponnuswami-msft,3,User
microsoft/LightGBM,CharlesAuguste,3,User
microsoft/LightGBM,ChipKerchner,3,User
microsoft/LightGBM,JoanFM,3,User
microsoft/LightGBM,mlondschien,3,User
microsoft/LightGBM,mlisovyi,3,User
microsoft/LightGBM,hcho3,3,User
microsoft/LightGBM,philip-khor,3,User
microsoft/LightGBM,slundberg,3,User
microsoft/LightGBM,hzy46,3,User
microsoft/LightGBM,Zhuyi Xue,3,Anonymous
microsoft/LightGBM,OmarManzoor,2,User
microsoft/LightGBM,metpavel,2,User
microsoft/LightGBM,PPACI,2,User
microsoft/LightGBM,qingyun-wu,2,User
microsoft/LightGBM,rakki-18,2,User
microsoft/LightGBM,RektPunk,2,User
microsoft/LightGBM,RobinDong,2,User
microsoft/LightGBM,sagnik1511,2,User
microsoft/LightGBM,lancifollia,2,User
microsoft/LightGBM,SiNZeRo,2,User
microsoft/LightGBM,westonkl,2,User
microsoft/LightGBM,fulldecent,2,User
microsoft/LightGBM,suk1yak1,2,User
microsoft/LightGBM,yuyuz,2,User
microsoft/LightGBM,chjinche,2,User
microsoft/LightGBM,htgeis,2,User
microsoft/LightGBM,i3v,2,User
microsoft/LightGBM,rmhasan,2,User
microsoft/LightGBM,SfinxCZ,2,User
microsoft/LightGBM,neNasko1,2,User
microsoft/LightGBM,hayesall,2,User
microsoft/LightGBM,bfgray3,2,User
microsoft/LightGBM,ChenZhiyong,2,User
microsoft/LightGBM,Crissman,2,User
microsoft/LightGBM,deddyjobson,2,User
microsoft/LightGBM,Mottl,2,User
microsoft/LightGBM,drewmiller,2,User
microsoft/LightGBM,fujii,2,User
huggingface/tokenizers,n1t0,1025,User
huggingface/tokenizers,Narsil,272,User
huggingface/tokenizers,Pierrci,146,User
huggingface/tokenizers,ArthurZucker,97,User
huggingface/tokenizers,epwalsh,51,User
huggingface/tokenizers,dependabot[bot],42,Bot
huggingface/tokenizers,mfuntowicz,35,User
huggingface/tokenizers,mishig25,28,User
huggingface/tokenizers,sebpuetz,28,User
huggingface/tokenizers,ljos,11,User
huggingface/tokenizers,thomwolf,8,User
huggingface/tokenizers,sgugger,7,User
huggingface/tokenizers,chris-ha458,6,User
huggingface/tokenizers,sftse,5,User
huggingface/tokenizers,Roy Hvaara,5,Anonymous
huggingface/tokenizers,clmnt,4,User
huggingface/tokenizers,boyleconnor,4,User
huggingface/tokenizers,McPatate,4,User
huggingface/tokenizers,julien-c,4,User
huggingface/tokenizers,LysandreJik,4,User
huggingface/tokenizers,huitseeker,3,User
huggingface/tokenizers,Wauplin,3,User
huggingface/tokenizers,dctelus,3,User
huggingface/tokenizers,tinyboxvk,3,User
huggingface/tokenizers,eaplatanios,2,User
huggingface/tokenizers,SeongBeomLEE,2,User
huggingface/tokenizers,thomasw21,2,User
huggingface/tokenizers,mert-kurttutan,2,User
huggingface/tokenizers,sondalex,2,User
huggingface/tokenizers,taufique74,2,Anonymous
huggingface/tokenizers,OhashiReon,2,User
huggingface/tokenizers,414owen,2,User
huggingface/tokenizers,ankane,2,User
huggingface/tokenizers,davidhewitt,2,User
huggingface/tokenizers,bryantbiggs,2,User
huggingface/tokenizers,cakiki,2,User
huggingface/tokenizers,diliop,2,User
huggingface/tokenizers,jc-louis,2,User
huggingface/tokenizers,lhoestq,2,User
huggingface/tokenizers,ngoldbaum,2,User
huggingface/tokenizers,mikelui,2,User
huggingface/tokenizers,mariosasko,2,User
huggingface/tokenizers,MarcusGrass,2,User
huggingface/tokenizers,kellymarchisio,2,User
huggingface/tokenizers,tiandiweizun,1,User
huggingface/tokenizers,torymur,1,User
huggingface/tokenizers,CloseChoice,1,User
huggingface/tokenizers,esceptico,1,User
huggingface/tokenizers,talolard,1,User
huggingface/tokenizers,sdadas,1,User
huggingface/tokenizers,n0gu-furiosa,1,User
huggingface/tokenizers,stevietrouble,1,User
huggingface/tokenizers,stevhliu,1,User
huggingface/tokenizers,stephenroller,1,User
huggingface/tokenizers,KappaDistributive,1,User
huggingface/tokenizers,setu4993,1,User
huggingface/tokenizers,SaulLu,1,User
huggingface/tokenizers,Santosh Bhavani,1,Anonymous
huggingface/tokenizers,sanderland,1,User
huggingface/tokenizers,SamuelLarkin,1,User
huggingface/tokenizers,rlanday,1,User
huggingface/tokenizers,hvaara,1,User
huggingface/tokenizers,rtrompier,1,User
huggingface/tokenizers,rlrs,1,User
huggingface/tokenizers,Qubitium,1,User
huggingface/tokenizers,thirdwing,1,User
huggingface/tokenizers,hiroshi-matsuda-rit,1,User
huggingface/tokenizers,आलोक,1,Anonymous
huggingface/tokenizers,thomlake,1,User
huggingface/tokenizers,rravenel,1,User
huggingface/tokenizers,ropottnik,1,User
huggingface/tokenizers,pacowong,1,User
huggingface/tokenizers,nystromjd,1,User
huggingface/tokenizers,nathaniel-daniel,1,User
huggingface/tokenizers,lucacampanella,1,User
huggingface/tokenizers,kingyiusuen,1,User
huggingface/tokenizers,jonvet,1,User
huggingface/tokenizers,jaymody,1,User
huggingface/tokenizers,h-vetinari,1,User
huggingface/tokenizers,fzyzcjy,1,User
huggingface/tokenizers,Huffon,1,User
huggingface/tokenizers,co63oc,1,User
huggingface/tokenizers,bionicles,1,User
huggingface/tokenizers,BenLocal,1,User
huggingface/tokenizers,benjamin-ny,1,User
huggingface/tokenizers,b00f,1,User
huggingface/tokenizers,adamnemecek,1,User
huggingface/tokenizers,Mansterteddy,1,User
huggingface/tokenizers,WilliamPLaCroix,1,User
huggingface/tokenizers,vladdy,1,User
huggingface/tokenizers,HaoboGu,1,User
huggingface/tokenizers,hamirmahal,1,User
huggingface/tokenizers,haixuanTao,1,User
huggingface/tokenizers,gordonmessmer,1,User
huggingface/tokenizers,geofft,1,User
huggingface/tokenizers,GaetanLepage,1,User
huggingface/tokenizers,finnagin,1,User
huggingface/tokenizers,Dylan-Harden3,1,User
huggingface/tokenizers,Tomarchelone,1,User
huggingface/tokenizers,dagisky,1,User
Lightning-AI/pytorch-lightning,williamFalcon,2329,User
Lightning-AI/pytorch-lightning,Borda,1403,User
Lightning-AI/pytorch-lightning,awaelchli,1218,User
Lightning-AI/pytorch-lightning,carmocca,1014,User
Lightning-AI/pytorch-lightning,dependabot[bot],459,Bot
Lightning-AI/pytorch-lightning,tchaton,415,User
Lightning-AI/pytorch-lightning,rohitgr7,306,User
Lightning-AI/pytorch-lightning,kaushikb11,217,User
Lightning-AI/pytorch-lightning,ananthsub,149,User
Lightning-AI/pytorch-lightning,akihironitta,144,User
Lightning-AI/pytorch-lightning,SkafteNicki,123,User
Lightning-AI/pytorch-lightning,ethanwharris,113,User
Lightning-AI/pytorch-lightning,justusschock,109,User
Lightning-AI/pytorch-lightning,daniellepintz,83,User
Lightning-AI/pytorch-lightning,Sean Naren,78,Anonymous
Lightning-AI/pytorch-lightning,SeanNaren,77,Anonymous
Lightning-AI/pytorch-lightning,SeanNaren,72,User
Lightning-AI/pytorch-lightning,edenlightning,65,User
Lightning-AI/pytorch-lightning,mauvilsa,62,User
Lightning-AI/pytorch-lightning,lantiga,45,User
Lightning-AI/pytorch-lightning,otaj,44,User
Lightning-AI/pytorch-lightning,Jeff Yang,43,Anonymous
Lightning-AI/pytorch-lightning,four4fish,42,User
Lightning-AI/pytorch-lightning,pl-ghost,40,User
Lightning-AI/pytorch-lightning,Adrian Wälchli,33,Anonymous
Lightning-AI/pytorch-lightning,neggert,24,User
Lightning-AI/pytorch-lightning,jjenniferdai,24,User
Lightning-AI/pytorch-lightning,VictorPrins,24,User
Lightning-AI/pytorch-lightning,Sherin Thomas,24,Anonymous
Lightning-AI/pytorch-lightning,krshrimali,23,User
Lightning-AI/pytorch-lightning,krishnakalyan3,22,User
Lightning-AI/pytorch-lightning,jeremyjordan,21,User
Lightning-AI/pytorch-lightning,jerome-habana,21,User
Lightning-AI/pytorch-lightning,nicolai86,21,User
Lightning-AI/pytorch-lightning,pre-commit-ci[bot],20,Bot
Lightning-AI/pytorch-lightning,fnhirwa,20,User
Lightning-AI/pytorch-lightning,DuYicong515,20,User
Lightning-AI/pytorch-lightning,arnaudgelas,20,User
Lightning-AI/pytorch-lightning,GdoongMathew,19,User
Lightning-AI/pytorch-lightning,matsumotosan,19,User
Lightning-AI/pytorch-lightning,s-rog,19,User
Lightning-AI/pytorch-lightning,deependujha,18,User
Lightning-AI/pytorch-lightning,manskx,18,User
Lightning-AI/pytorch-lightning,rlizzo,17,User
Lightning-AI/pytorch-lightning,nateraw,17,User
Lightning-AI/pytorch-lightning,lezwon,17,User
Lightning-AI/pytorch-lightning,Felonious-Spellfire,17,User
Lightning-AI/pytorch-lightning,bhimrazy,16,User
Lightning-AI/pytorch-lightning,deepsource-autofix[bot],16,Bot
Lightning-AI/pytorch-lightning,ananyahjha93,16,User
Lightning-AI/pytorch-lightning,yurijmikhalevich,15,User
Lightning-AI/pytorch-lightning,teddykoker,15,User
Lightning-AI/pytorch-lightning,yukw777,15,User
Lightning-AI/pytorch-lightning,mathemusician,15,User
Lightning-AI/pytorch-lightning,borisdayma,15,User
Lightning-AI/pytorch-lightning,dmitsf,14,User
Lightning-AI/pytorch-lightning,Ir1d,14,User
Lightning-AI/pytorch-lightning,shenoynikhil,14,User
Lightning-AI/pytorch-lightning,akashkw,13,User
Lightning-AI/pytorch-lightning,speediedan,13,User
Lightning-AI/pytorch-lightning,stancld,13,User
Lightning-AI/pytorch-lightning,jxtngx,13,User
Lightning-AI/pytorch-lightning,kuynzereb,13,User
Lightning-AI/pytorch-lightning,adamjstewart,12,User
Lightning-AI/pytorch-lightning,littlebullGit,11,User
Lightning-AI/pytorch-lightning,tullie,11,User
Lightning-AI/pytorch-lightning,tshu-w,11,User
Lightning-AI/pytorch-lightning,rasbt,11,User
Lightning-AI/pytorch-lightning,Tshimanga,10,User
Lightning-AI/pytorch-lightning,bamblebam,10,User
Lightning-AI/pytorch-lightning,ddrevicky,10,User
Lightning-AI/pytorch-lightning,luca3rd,10,User
Lightning-AI/pytorch-lightning,donlapark,10,User
Lightning-AI/pytorch-lightning,WrRan,9,User
Lightning-AI/pytorch-lightning,puhuk,9,User
Lightning-AI/pytorch-lightning,shuyingsunshine21,9,User
Lightning-AI/pytorch-lightning,zcain117,9,User
Lightning-AI/pytorch-lightning,lightningforever,8,User
Lightning-AI/pytorch-lightning,bryant1410,8,User
Lightning-AI/pytorch-lightning,NeoKish,8,User
Lightning-AI/pytorch-lightning,aniketmaurya,8,User
Lightning-AI/pytorch-lightning,CyprienRicque,8,User
Lightning-AI/pytorch-lightning,baskrahmer,8,User
Lightning-AI/pytorch-lightning,tgaddair,7,User
Lightning-AI/pytorch-lightning,sebftw,7,User
Lightning-AI/pytorch-lightning,edward-io,7,User
Lightning-AI/pytorch-lightning,AndresAlgaba,7,User
Lightning-AI/pytorch-lightning,KAVYANSHTYAGI,7,User
Lightning-AI/pytorch-lightning,rschireman,7,User
Lightning-AI/pytorch-lightning,ryan597,7,User
Lightning-AI/pytorch-lightning,Sherin Thomas,7,Anonymous
Lightning-AI/pytorch-lightning,Adrian Wälchli,6,Anonymous
Lightning-AI/pytorch-lightning,EricCousineau-TRI,6,User
Lightning-AI/pytorch-lightning,leng-yue,6,User
Lightning-AI/pytorch-lightning,Liyang90,6,User
Lightning-AI/pytorch-lightning,ninginthecloud,6,User
Lightning-AI/pytorch-lightning,nohalon,6,User
Lightning-AI/pytorch-lightning,tadejsv,6,User
Lightning-AI/pytorch-lightning,yifuwang,6,User
Lightning-AI/pytorch-lightning,siahuat0727,6,User
huggingface/transformers,thomwolf,1384,User
huggingface/transformers,ydshieh,1352,User
huggingface/transformers,sgugger,1250,User
huggingface/transformers,LysandreJik,1097,User
huggingface/transformers,patrickvonplaten,793,User
huggingface/transformers,gante,594,User
huggingface/transformers,stas00,517,User
huggingface/transformers,ArthurZucker,435,User
huggingface/transformers,Rocketknight1,417,User
huggingface/transformers,julien-c,401,User
huggingface/transformers,zucchini-nlp,386,User
huggingface/transformers,younesbelkada,316,User
huggingface/transformers,Cyrilvallez,292,User
huggingface/transformers,NielsRogge,281,User
huggingface/transformers,sshleifer,281,User
huggingface/transformers,amyeroberts,234,User
huggingface/transformers,Narsil,231,User
huggingface/transformers,SunMarc,205,User
huggingface/transformers,patil-suraj,201,User
huggingface/transformers,VictorSanh,195,User
huggingface/transformers,cyyever,164,User
huggingface/transformers,stevhliu,161,User
huggingface/transformers,dependabot[bot],150,Bot
huggingface/transformers,mrm8488,149,User
huggingface/transformers,sanchit-gandhi,149,User
huggingface/transformers,muellerzr,145,User
huggingface/transformers,yonigozlan,139,User
huggingface/transformers,MekkCyber,136,User
huggingface/transformers,mfuntowicz,132,User
huggingface/transformers,jplu,113,User
huggingface/transformers,vasqu,112,User
huggingface/transformers,aaugustin,95,User
huggingface/transformers,faaany,85,User
huggingface/transformers,stefan-it,85,User
huggingface/transformers,yao-matrix,83,User
huggingface/transformers,rlouf,83,User
huggingface/transformers,qubvel,83,User
huggingface/transformers,Sai-Suraj-27,78,User
huggingface/transformers,pacman100,73,User
huggingface/transformers,jiqing-feng,73,User
huggingface/transformers,remi-or,66,User
huggingface/transformers,sywangyi,66,User
huggingface/transformers,molbap,63,User
huggingface/transformers,ylacombe,60,User
huggingface/transformers,fxmarty,59,User
huggingface/transformers,lukovnikov,50,User
huggingface/transformers,ivarflakstad,49,User
huggingface/transformers,alaradirik,47,User
huggingface/transformers,Wauplin,47,User
huggingface/transformers,MKhalusova,43,User
huggingface/transformers,eustlb,43,User
huggingface/transformers,lewtun,43,User
huggingface/transformers,erenup,41,User
huggingface/transformers,qgallouedec,41,User
huggingface/transformers,anton-l,41,User
huggingface/transformers,winglian,39,User
huggingface/transformers,daspartho,38,User
huggingface/transformers,kamalkraj,38,User
huggingface/transformers,michaelbenayoun,37,User
huggingface/transformers,tomaarsen,36,User
huggingface/transformers,manueldeprada,34,User
huggingface/transformers,joeddav,33,User
huggingface/transformers,ji-huazhong,33,User
huggingface/transformers,KMFODA,32,User
huggingface/transformers,stancld,32,User
huggingface/transformers,AK391,29,User
huggingface/transformers,kashif,29,User
huggingface/transformers,SaulLu,29,User
huggingface/transformers,Isotr0py,29,User
huggingface/transformers,itazap,28,User
huggingface/transformers,JetRunner,28,User
huggingface/transformers,merveenoyan,28,User
huggingface/transformers,philschmid,28,User
huggingface/transformers,qqaatw,28,User
huggingface/transformers,ahadnagy,27,User
huggingface/transformers,regisss,27,User
huggingface/transformers,jla524,26,User
huggingface/transformers,McPatate,26,User
huggingface/transformers,aymeric-roucher,26,User
huggingface/transformers,fabxoe,25,User
huggingface/transformers,susnato,25,User
huggingface/transformers,FrancescoSaverioZuppichini,24,User
huggingface/transformers,n1t0,24,User
huggingface/transformers,PhilipMay,23,User
huggingface/transformers,rodgzilla,23,User
huggingface/transformers,TevenLeScao,23,User
huggingface/transformers,sbucaille,23,User
huggingface/transformers,JuanFKurucz,22,User
huggingface/transformers,guangy10,22,User
huggingface/transformers,IlyasMoutawwakil,22,User
huggingface/transformers,yijun-lee,22,User
huggingface/transformers,osanseviero,21,User
huggingface/transformers,flozi00,21,User
huggingface/transformers,Bram Vanroy,21,Anonymous
huggingface/transformers,gchhablani,21,User
huggingface/transformers,sayakpaul,21,User
huggingface/transformers,pcuenca,21,User
huggingface/transformers,lhoestq,21,User
huggingface/transformers,kaixuanliu,20,User
huggingface/transformers,clmnt,20,User
huggingface/datasets,lhoestq,1113,User
huggingface/datasets,albertvillanova,700,User
huggingface/datasets,mariosasko,314,User
huggingface/datasets,patrickvonplaten,132,User
huggingface/datasets,thomwolf,98,User
huggingface/datasets,stevhliu,63,User
huggingface/datasets,yjernite,48,User
huggingface/datasets,Sasha Luccioni,40,Anonymous
huggingface/datasets,abhishekkrthakur,40,User
huggingface/datasets,lewtun,38,User
huggingface/datasets,bhavitvyamalik,34,User
huggingface/datasets,Mariama Drame,34,Anonymous
huggingface/datasets,julien-c,33,User
huggingface/datasets,patil-suraj,30,User
huggingface/datasets,Polina Kazakova,28,Anonymous
huggingface/datasets,mariamabarham,26,User
huggingface/datasets,Steven,23,Anonymous
huggingface/datasets,emibaylor,22,User
huggingface/datasets,gchhablani,20,User
huggingface/datasets,jplu,20,User
huggingface/datasets,severo,18,User
huggingface/datasets,cstorm125,17,User
huggingface/datasets,joeddav,15,User
huggingface/datasets,Rocketknight1,15,User
huggingface/datasets,SBrandeis,15,User
huggingface/datasets,TevenLeScao,15,User
huggingface/datasets,VictorSanh,15,User
huggingface/datasets,cahya-wirawan,14,User
huggingface/datasets,jonatasgrosman,13,User
huggingface/datasets,thomasw21,13,User
huggingface/datasets,alvarobartt,13,User
huggingface/datasets,ghomasHudson,12,User
huggingface/datasets,sgugger,11,User
huggingface/datasets,JetRunner,10,User
huggingface/datasets,Wauplin,10,User
huggingface/datasets,richarddwang,10,User
huggingface/datasets,CloseChoice,10,User
huggingface/datasets,zaidalyafeai,10,User
huggingface/datasets,mcmillanmajora,10,User
huggingface/datasets,meg-huggingface,10,User
huggingface/datasets,Narsil,9,User
huggingface/datasets,nateraw,9,User
huggingface/datasets,qgallouedec,8,User
huggingface/datasets,rkc007,8,User
huggingface/datasets,vineeths96,8,User
huggingface/datasets,spatil6,8,User
huggingface/datasets,yvonnegitau,8,User
huggingface/datasets,bryant1410,8,User
huggingface/datasets,cakiki,8,User
huggingface/datasets,LysandreJik,7,User
huggingface/datasets,abecadel,7,User
huggingface/datasets,jarednielsen,7,User
huggingface/datasets,Mishig Davaadorj,7,Anonymous
huggingface/datasets,dnaveenr,7,User
huggingface/datasets,philschmid,7,User
huggingface/datasets,mattbui,6,User
huggingface/datasets,moussaKam,6,User
huggingface/datasets,anton-l,6,User
huggingface/datasets,yavuzKomecoglu,6,User
huggingface/datasets,thevasudevgupta,6,User
huggingface/datasets,bharatr21,6,User
huggingface/datasets,sumanthd17,6,User
huggingface/datasets,MisbahKhan789,6,User
huggingface/datasets,lvwerra,6,User
huggingface/datasets,jaketae,6,User
huggingface/datasets,edugp,6,User
huggingface/datasets,dadelani,6,User
huggingface/datasets,cceyda,6,User
huggingface/datasets,stefan-it,5,User
huggingface/datasets,forest1988,5,User
huggingface/datasets,j-chim,5,User
huggingface/datasets,huu4ontocord,5,User
huggingface/datasets,skyprince999,5,User
huggingface/datasets,vrindaprabhu,5,User
huggingface/datasets,Álvaro Bartolomé,5,Anonymous
huggingface/datasets,Dref360,5,User
huggingface/datasets,jbragg,5,User
huggingface/datasets,PhilipMay,5,User
huggingface/datasets,riccardobucco,5,User
huggingface/datasets,kashif,5,User
huggingface/datasets,JoelNiklaus,5,User
huggingface/datasets,jxmorris12,5,User
huggingface/datasets,iliaschalkidis,5,User
huggingface/datasets,hugoabonizio,5,User
huggingface/datasets,harshalmittal4,5,User
huggingface/datasets,Bram Vanroy,5,Anonymous
huggingface/datasets,borisdayma,5,User
huggingface/datasets,anaerobeth,5,User
huggingface/datasets,arkhalid,5,User
huggingface/datasets,alex-hh,5,User
huggingface/datasets,psmyth94,4,User
huggingface/datasets,sayakpaul,4,User
huggingface/datasets,vinaykudari,4,User
huggingface/datasets,WrRan,4,User
huggingface/datasets,czabo,4,User
huggingface/datasets,vblagoje,4,User
huggingface/datasets,Nilanshrajput,4,User
huggingface/datasets,mapmeld,4,User
huggingface/datasets,M-Salti,4,User
huggingface/datasets,Mishig,4,Anonymous
huggingface/safetensors,Narsil,245,User
huggingface/safetensors,mishig25,25,User
huggingface/safetensors,danieldk,7,User
huggingface/safetensors,McPatate,5,User
huggingface/safetensors,thomasw21,5,User
huggingface/safetensors,sgugger,4,User
huggingface/safetensors,H2CO3,4,User
huggingface/safetensors,alvarobartt,2,User
huggingface/safetensors,JunnYu,2,User
huggingface/safetensors,wouterzwerink,2,User
huggingface/safetensors,chainyo,2,User
huggingface/safetensors,pcuenca,2,User
huggingface/safetensors,Wauplin,2,User
huggingface/safetensors,KOLANICH,2,User
huggingface/safetensors,julien-c,2,User
huggingface/safetensors,mfuntowicz,2,User
huggingface/safetensors,SunghwanShim,1,User
huggingface/safetensors,stevhliu,1,User
huggingface/safetensors,lhoestq,1,User
huggingface/safetensors,paulbricman,1,User
huggingface/safetensors,patrickvonplaten,1,User
huggingface/safetensors,osanseviero,1,User
huggingface/safetensors,oliness,1,User
huggingface/safetensors,Mishig Davaadorj,1,Anonymous
huggingface/safetensors,mickvangelderen,1,User
huggingface/safetensors,Marco-Christiani,1,User
huggingface/safetensors,LVivona,1,User
huggingface/safetensors,LaurentMazare,1,User
huggingface/safetensors,kevinhu,1,User
huggingface/safetensors,kiszk,1,User
huggingface/safetensors,TomQunChao,1,User
huggingface/safetensors,zouharvi,1,User
huggingface/safetensors,yousong,1,User
huggingface/safetensors,ivila,1,User
huggingface/safetensors,zeroRains,1,User
huggingface/safetensors,b-kamphorst,1,User
huggingface/safetensors,caizhi-mt,1,User
huggingface/safetensors,cospectrum,1,User
huggingface/safetensors,cyc4188,1,User
huggingface/safetensors,huismiling,1,User
huggingface/safetensors,lachlancahill,1,User
huggingface/safetensors,lsb,1,User
huggingface/safetensors,nickkolok,1,User
huggingface/safetensors,spikedoanz,1,User
huggingface/safetensors,akx,1,User
huggingface/safetensors,amitani,1,User
huggingface/safetensors,xanderlent,1,User
huggingface/safetensors,Alvaro Moran,1,Anonymous
huggingface/safetensors,zeux,1,User
huggingface/safetensors,Asaf Karnieli,1,Anonymous
huggingface/safetensors,musicinmybrain,1,User
huggingface/safetensors,bliutech,1,User
huggingface/safetensors,changeyoung98,1,User
huggingface/safetensors,tiran,1,User
huggingface/safetensors,cakiki,1,User
huggingface/safetensors,chelsea0x3b,1,User
huggingface/safetensors,rachthree,1,User
huggingface/safetensors,davanstrien,1,User
huggingface/safetensors,w1gs,1,User
huggingface/safetensors,antimora,1,User
huggingface/safetensors,fdwr,1,User
huggingface/safetensors,BitPhinix,1,User
huggingface/safetensors,finnagin,1,User
huggingface/safetensors,gvilums,1,User
huggingface/safetensors,Hayden Donnelly,1,Anonymous
huggingface/safetensors,ji-huazhong,1,User
huggingface/safetensors,IlyasMoutawwakil,1,User
huggingface/safetensors,IvanIsCoding,1,User
huggingface/safetensors,kaczmarj,1,User
huggingface/safetensors,jbn,1,User
huggingface/safetensors,changjonathanc,1,User
huggingface/safetensors,justinchuby,1,User
huggingface/accelerate,muellerzr,558,User
huggingface/accelerate,sgugger,290,User
huggingface/accelerate,pacman100,116,User
huggingface/accelerate,SunMarc,114,User
huggingface/accelerate,faaany,51,User
huggingface/accelerate,yao-matrix,27,User
huggingface/accelerate,younesbelkada,22,User
huggingface/accelerate,ji-huazhong,21,User
huggingface/accelerate,S1ro1,19,User
huggingface/accelerate,BenjaminBossan,17,User
huggingface/accelerate,sywangyi,15,User
huggingface/accelerate,abhilash1910,14,User
huggingface/accelerate,stas00,14,User
huggingface/accelerate,stevhliu,11,User
huggingface/accelerate,thomwolf,10,User
huggingface/accelerate,LiamSwayne,10,User
huggingface/accelerate,fxmarty,10,User
huggingface/accelerate,kashif,10,User
huggingface/accelerate,IlyasMoutawwakil,10,User
huggingface/accelerate,yhna940,9,User
huggingface/accelerate,qgallouedec,8,User
huggingface/accelerate,jiqing-feng,7,User
huggingface/accelerate,kmehant,7,User
huggingface/accelerate,patrickvonplaten,7,User
huggingface/accelerate,akx,7,User
huggingface/accelerate,dvrogozh,6,User
huggingface/accelerate,fabianlim,6,User
huggingface/accelerate,cyyever,6,User
huggingface/accelerate,winglian,6,User
huggingface/accelerate,a-r-r-o-w,5,User
huggingface/accelerate,huismiling,5,User
huggingface/accelerate,ZhiyuanChen,5,User
huggingface/accelerate,yuxinyuan,5,User
huggingface/accelerate,tomaarsen,5,User
huggingface/accelerate,SumanthRH,5,User
huggingface/accelerate,ryanrussell,5,User
huggingface/accelerate,Chris-hughes10,5,User
huggingface/accelerate,kylesayrs,5,User
huggingface/accelerate,pcuenca,5,User
huggingface/accelerate,LysandreJik,4,User
huggingface/accelerate,xloem,4,User
huggingface/accelerate,Sylvain Gugger,4,Anonymous
huggingface/accelerate,philschmid,4,User
huggingface/accelerate,matthewdouglas,4,User
huggingface/accelerate,pstjohn,3,User
huggingface/accelerate,will-cromar,3,User
huggingface/accelerate,ranchlai,3,User
huggingface/accelerate,yuanwu2017,3,User
huggingface/accelerate,ved1beta,3,User
huggingface/accelerate,zhangsheng377,3,User
huggingface/accelerate,vanbasten23,3,User
huggingface/accelerate,byi8220,3,User
huggingface/accelerate,oraluben,3,User
huggingface/accelerate,thomasw21,3,User
huggingface/accelerate,notsyncing,3,User
huggingface/accelerate,sayakpaul,3,User
huggingface/accelerate,NouamaneTazi,3,User
huggingface/accelerate,nbroad1881,3,User
huggingface/accelerate,Mishig,3,Anonymous
huggingface/accelerate,eljandoubi,3,User
huggingface/accelerate,MKhalusova,3,User
huggingface/accelerate,changjonathanc,3,User
huggingface/accelerate,dennisbappert,3,User
huggingface/accelerate,helloworld1,3,User
huggingface/accelerate,append-only,2,Anonymous
huggingface/accelerate,zach-huggingface,2,User
huggingface/accelerate,Yuanjing Shi,2,Anonymous
huggingface/accelerate,ArthurinRUC,2,User
huggingface/accelerate,izhx,2,User
huggingface/accelerate,EquationWalker,2,User
huggingface/accelerate,thevasudevgupta,2,User
huggingface/accelerate,sudhakarsingh27,2,User
huggingface/accelerate,siddk,2,User
huggingface/accelerate,amanzoni1,2,User
huggingface/accelerate,fmo-mt,2,User
huggingface/accelerate,jp1924,2,User
huggingface/accelerate,kaixuanliu,2,User
huggingface/accelerate,lewtun,2,User
huggingface/accelerate,omahs,2,User
huggingface/accelerate,pengdurice,2,User
huggingface/accelerate,regisss,2,User
huggingface/accelerate,wangshuai09,2,User
huggingface/accelerate,cyr0930,2,User
huggingface/accelerate,PhilJd,2,User
huggingface/accelerate,mariusarvinte,2,User
huggingface/accelerate,bipinKrishnan,2,User
huggingface/accelerate,shimizust,2,User
huggingface/accelerate,VikParuchuri,2,User
huggingface/accelerate,TJ-Solergibert,2,User
huggingface/accelerate,Yard1,2,User
huggingface/accelerate,tengomucho,2,User
huggingface/accelerate,Gladiator07,2,User
huggingface/accelerate,austinapatel,2,User
huggingface/accelerate,blbadger,2,User
huggingface/accelerate,dhar174,2,User
huggingface/accelerate,Nech-C,2,User
huggingface/accelerate,CyCle1024,2,User
huggingface/accelerate,dleve123,2,User
huggingface/accelerate,Dave Berenbaum,2,Anonymous
huggingface/accelerate,dbpprt,2,User
keras-team/keras,fchollet,3912,User
keras-team/keras,tensorflower-gardener,572,User
keras-team/keras,qlzh727,422,User
keras-team/keras,hertschuh,308,User
keras-team/keras,james77777778,230,User
keras-team/keras,haifeng-jin,211,User
keras-team/keras,farizrahman4u,209,User
keras-team/keras,mattdangerw,207,User
keras-team/keras,chenmoneygithub,189,User
keras-team/keras,taehoonlee,164,User
keras-team/keras,gabrieldemarmiesse,127,User
keras-team/keras,sampathweb,115,User
keras-team/keras,nkovela1,114,User
keras-team/keras,SamuelMarks,111,User
keras-team/keras,ozabluda,107,User
keras-team/keras,shashaka,107,User
keras-team/keras,Frightera,81,User
keras-team/keras,divyashreepathihalli,79,User
keras-team/keras,rchao,75,User
keras-team/keras,EderSantana,65,User
keras-team/keras,phreeza,62,User
keras-team/keras,wxs,53,User
keras-team/keras,Faisal-Alsrheed,53,User
keras-team/keras,sachinprasadhs,52,User
keras-team/keras,grasskin,46,User
keras-team/keras,maxpumperla,44,User
keras-team/keras,soumik12345,42,User
keras-team/keras,Frédéric Branchaud-Charron,39,Anonymous
keras-team/keras,old-school-kid,38,User
keras-team/keras,the-moliver,37,User
keras-team/keras,dependabot[bot],36,Bot
keras-team/keras,pavithrasv,36,User
keras-team/keras,hazemessamm,36,User
keras-team/keras,nzw0301,35,User
keras-team/keras,k-w-w,34,User
keras-team/keras,LukeWood,33,User
keras-team/keras,Mohamed-Ashraf273,32,User
keras-team/keras,matsuyamax,32,User
keras-team/keras,awsaf49,32,User
keras-team/keras,tdhd,30,User
keras-team/keras,ianstenbit,30,User
keras-team/keras,abhaikollara,29,User
keras-team/keras,SuryanarayanaY,29,User
keras-team/keras,JyotinderSingh,27,User
keras-team/keras,dfossl,27,User
keras-team/keras,adriangb,26,User
keras-team/keras,jfsantos,26,User
keras-team/keras,AdityaKane2001,26,User
keras-team/keras,myutwo150,24,User
keras-team/keras,prakashsellathurai,24,User
keras-team/keras,anas-rz,24,User
keras-team/keras,ahundt,24,User
keras-team/keras,sayakpaul,23,User
keras-team/keras,Max Pumperla,22,Anonymous
keras-team/keras,yanboliang,21,User
keras-team/keras,WingsBrokenAngel,21,User
keras-team/keras,markub3327,20,User
keras-team/keras,joosephook,19,User
keras-team/keras,mergian,18,User
keras-team/keras,shkarupa-alex,18,User
keras-team/keras,Tomer Kaftan,18,Anonymous
keras-team/keras,fuzzythecat,18,User
keras-team/keras,AakashKumarNain,18,User
keras-team/keras,spatil6,17,User
keras-team/keras,gvtulder,17,User
keras-team/keras,tleeuwenburg,17,User
keras-team/keras,danielenricocahall,17,User
keras-team/keras,transcranial,17,User
keras-team/keras,tirthasheshpatel,16,User
keras-team/keras,lukedeo,15,User
keras-team/keras,olegsinavski,15,User
keras-team/keras,carlthome,15,User
keras-team/keras,abheesht17,15,User
keras-team/keras,sebastian-sz,15,User
keras-team/keras,cantonios,14,User
keras-team/keras,jackd,14,User
keras-team/keras,jihobak,14,User
keras-team/keras,Grvzard,14,User
keras-team/keras,krishrustagi,14,User
keras-team/keras,Shi-pra-19,14,User
keras-team/keras,Rocketknight1,14,User
keras-team/keras,yaringal,14,User
keras-team/keras,tboquet,13,Anonymous
keras-team/keras,ageron,13,User
keras-team/keras,Danielhiversen,13,User
keras-team/keras,faizan-m,13,User
keras-team/keras,bzamecnik,13,User
keras-team/keras,joelthchao,13,User
keras-team/keras,jeammimi,13,User
keras-team/keras,harshaljanjani,13,User
keras-team/keras,jvishnuvardhan,12,User
keras-team/keras,chunduriv,12,User
keras-team/keras,tristandeleu,12,User
keras-team/keras,MarkDaoust,12,User
keras-team/keras,kashif,12,User
keras-team/keras,junwei-pan,12,User
keras-team/keras,jamesmullenbach,12,User
keras-team/keras,maldil,11,User
keras-team/keras,julienr,11,User
keras-team/keras,guillaumebaquiast,11,User
huggingface/huggingface_hub,Wauplin,728,User
huggingface/huggingface_hub,hanouticelina,186,User
huggingface/huggingface_hub,julien-c,144,User
huggingface/huggingface_hub,osanseviero,115,User
huggingface/huggingface_hub,LysandreJik,100,User
huggingface/huggingface_hub,lhoestq,45,User
huggingface/huggingface_hub,Narsil,44,User
huggingface/huggingface_hub,Mishig Davaadorj,33,Anonymous
huggingface/huggingface_hub,muellerzr,26,User
huggingface/huggingface_hub,martinbrose,24,User
huggingface/huggingface_hub,merveenoyan,23,User
huggingface/huggingface_hub,adrinjalali,21,User
huggingface/huggingface_hub,nateraw,20,User
huggingface/huggingface_hub,SBrandeis,20,User
huggingface/huggingface_hub,mariosasko,15,User
huggingface/huggingface_hub,stevhliu,15,User
huggingface/huggingface_hub,davanstrien,14,User
huggingface/huggingface_hub,sgugger,14,User
huggingface/huggingface_hub,cbensimon,14,User
huggingface/huggingface_hub,mishig25,14,User
huggingface/huggingface_hub,jamesbraza,13,User
huggingface/huggingface_hub,beurkinger,13,User
huggingface/huggingface_hub,HuggingFaceInfra,11,User
huggingface/huggingface_hub,tomaarsen,11,User
huggingface/huggingface_hub,Pierrci,10,User
huggingface/huggingface_hub,philschmid,9,User
huggingface/huggingface_hub,lewtun,9,User
huggingface/huggingface_hub,lappemic,8,User
huggingface/huggingface_hub,meg-huggingface,7,User
huggingface/huggingface_hub,elishowk,7,Anonymous
huggingface/huggingface_hub,severo,7,User
huggingface/huggingface_hub,NielsRogge,7,User
huggingface/huggingface_hub,McPatate,7,User
huggingface/huggingface_hub,cjfghk5697,7,User
huggingface/huggingface_hub,albertvillanova,7,User
huggingface/huggingface_hub,rajatarya,6,User
huggingface/huggingface_hub,WizKnight,6,User
huggingface/huggingface_hub,didier-durand,5,User
huggingface/huggingface_hub,patrickvonplaten,5,User
huggingface/huggingface_hub,fabxoe,5,User
huggingface/huggingface_hub,cakiki,5,User
huggingface/huggingface_hub,ulf1,5,User
huggingface/huggingface_hub,coyotte508,4,User
huggingface/huggingface_hub,hlky,4,User
huggingface/huggingface_hub,boyunJang,4,User
huggingface/huggingface_hub,simoninithomas,4,User
huggingface/huggingface_hub,Sasha Luccioni,4,Anonymous
huggingface/huggingface_hub,BastienGimbert,4,User
huggingface/huggingface_hub,ariG23498,4,User
huggingface/huggingface_hub,miaowumiaomiaowu,3,User
huggingface/huggingface_hub,XciD,3,User
huggingface/huggingface_hub,usr-bin-ksh,3,User
huggingface/huggingface_hub,Ahmedniz1,3,User
huggingface/huggingface_hub,gary149,3,User
huggingface/huggingface_hub,bmuskalla,3,User
huggingface/huggingface_hub,EziOzoani,3,User
huggingface/huggingface_hub,salmanmkc,3,User
huggingface/huggingface_hub,seoyoung-3060,3,User
huggingface/huggingface_hub,SeungAhSon,3,User
huggingface/huggingface_hub,mrm8488,2,User
huggingface/huggingface_hub,SunMarc,2,User
huggingface/huggingface_hub,MoritzLaurer,2,User
huggingface/huggingface_hub,omarespejel,2,User
huggingface/huggingface_hub,pcuenca,2,User
huggingface/huggingface_hub,poedator,2,User
huggingface/huggingface_hub,qgallouedec,2,User
huggingface/huggingface_hub,Samoed,2,User
huggingface/huggingface_hub,sagorbrur,2,User
huggingface/huggingface_hub,nuatmochoi,2,User
huggingface/huggingface_hub,Shahafgo,2,User
huggingface/huggingface_hub,thanosKivertzikidis,2,User
huggingface/huggingface_hub,tomsun28,2,User
huggingface/huggingface_hub,Y4suyuki,2,User
huggingface/huggingface_hub,ydshieh,2,User
huggingface/huggingface_hub,aopstudio,2,User
huggingface/huggingface_hub,devpramod,2,User
huggingface/huggingface_hub,narugo1992,2,User
huggingface/huggingface_hub,omahs,2,User
huggingface/huggingface_hub,junejae,2,User
huggingface/huggingface_hub,kahne,2,User
huggingface/huggingface_hub,heuristicwave,2,User
huggingface/huggingface_hub,jungnerd,2,User
huggingface/huggingface_hub,rtrompier,2,User
huggingface/huggingface_hub,zucchini-nlp,2,User
huggingface/huggingface_hub,matthewgrossman,2,User
huggingface/huggingface_hub,NimaBoscarino,2,User
huggingface/huggingface_hub,ademait,2,User
huggingface/huggingface_hub,alexander-soare,2,User
huggingface/huggingface_hub,abidlabs,2,User
huggingface/huggingface_hub,Abubakar Abid,2,Anonymous
huggingface/huggingface_hub,adiaholic,2,User
huggingface/huggingface_hub,abedkhooli,2,User
huggingface/huggingface_hub,010kim,2,User
huggingface/huggingface_hub,bayartsogt-ya,2,User
huggingface/huggingface_hub,bpronan,2,User
huggingface/huggingface_hub,danielholanda,2,User
huggingface/huggingface_hub,singingwolfboy,2,User
huggingface/huggingface_hub,frgfm,2,User
huggingface/huggingface_hub,FremyCompany,2,User
huggingface/huggingface_hub,bilgehanertan,2,User
google-deepmind/optax,fabianp,124,User
google-deepmind/optax,vroulet,118,User
google-deepmind/optax,mtthss,103,User
google-deepmind/optax,carlosgmartin,82,User
google-deepmind/optax,rdyro,65,User
google-deepmind/optax,n2cholas,58,User
google-deepmind/optax,OptaxDev,57,Anonymous
google-deepmind/optax,hbq1,56,User
google-deepmind/optax,mathDR,43,User
google-deepmind/optax,GrantMcConachie,42,User
google-deepmind/optax,mkunesch,39,User
google-deepmind/optax,joaogui1,36,User
google-deepmind/optax,rosshemsley,33,User
google-deepmind/optax,cvnad1,32,User
google-deepmind/optax,tinker495,31,User
google-deepmind/optax,Saanidhyavats,29,User
google-deepmind/optax,fabian-sp,27,User
google-deepmind/optax,wdphy16,22,User
google-deepmind/optax,8bitmp3,22,User
google-deepmind/optax,v0lta,22,User
google-deepmind/optax,emilyfertig,21,User
google-deepmind/optax,Abhinavcode13,20,User
google-deepmind/optax,Ryan McKenna,19,Anonymous
google-deepmind/optax,mblondel,18,User
google-deepmind/optax,hmludwig,17,User
google-deepmind/optax,aryanmahawar205,15,User
google-deepmind/optax,holounic,14,User
google-deepmind/optax,gautierronan,13,User
google-deepmind/optax,amosyou,13,User
google-deepmind/optax,LukasMut,12,User
google-deepmind/optax,hawkinsp,11,User
google-deepmind/optax,stefanocortinovis,11,User
google-deepmind/optax,SauravMaheshkar,10,User
google-deepmind/optax,evanatyourservice,9,User
google-deepmind/optax,acforvs,9,User
google-deepmind/optax,tanaymeh,8,User
google-deepmind/optax,mmhamdy,8,User
google-deepmind/optax,vz415,8,User
google-deepmind/optax,n-gao,7,User
google-deepmind/optax,pranavagrawaI,7,User
google-deepmind/optax,rajasekharporeddy,6,User
google-deepmind/optax,atgctg,6,User
google-deepmind/optax,albcab,6,User
google-deepmind/optax,copybara-github,6,User
google-deepmind/optax,rdaems,6,User
google-deepmind/optax,divye-joshi,6,User
google-deepmind/optax,julurisaichandu,5,User
google-deepmind/optax,yash194,5,User
google-deepmind/optax,Aaryan-549,5,User
google-deepmind/optax,nasyxx,5,User
google-deepmind/optax,edawite,5,User
google-deepmind/optax,suryabhupa,5,User
google-deepmind/optax,vwxyzjn,5,User
google-deepmind/optax,tomhennigan,5,User
google-deepmind/optax,DT6A,4,User
google-deepmind/optax,kanpuriyanawab,4,User
google-deepmind/optax,Rupt,4,User
google-deepmind/optax,rwightman,4,User
google-deepmind/optax,jeertmans,4,User
google-deepmind/optax,JayJayleee,4,User
google-deepmind/optax,Jake VanderPlas,4,Anonymous
google-deepmind/optax,jakevdp,4,User
google-deepmind/optax,giladturok,4,User
google-deepmind/optax,patrickvonplaten,3,User
google-deepmind/optax,NeilGirdhar,3,User
google-deepmind/optax,salmanmkc,3,User
google-deepmind/optax,hlzl,3,User
google-deepmind/optax,yotarok,3,User
google-deepmind/optax,vvsvictor,3,User
google-deepmind/optax,aymuos15,3,User
google-deepmind/optax,merajhashemi,3,User
google-deepmind/optax,MaanasArora,3,User
google-deepmind/optax,jungtaekkim,3,User
google-deepmind/optax,leloykun,3,User
google-deepmind/optax,danielsuo,3,User
google-deepmind/optax,DakshBegani,3,User
google-deepmind/optax,a1302z,3,User
google-deepmind/optax,andsteing,3,User
google-deepmind/optax,adconner,3,User
google-deepmind/optax,lkhphuc,2,User
google-deepmind/optax,q-berthet,2,User
google-deepmind/optax,raghulchandramouli,2,User
google-deepmind/optax,RaphaelRe,2,User
google-deepmind/optax,Tomas542,2,User
google-deepmind/optax,wtong98,2,User
google-deepmind/optax,zafarali,2,User
google-deepmind/optax,bhargavyagnik,2,User
google-deepmind/optax,gbruno16,2,User
google-deepmind/optax,partev,2,User
google-deepmind/optax,yixiaoer,2,User
google-deepmind/optax,aman2304,2,User
google-deepmind/optax,ajbrock,2,User
google-deepmind/optax,brentyi,2,User
google-deepmind/optax,staticpayload,2,User
google-deepmind/optax,gms-dm,2,User
google-deepmind/optax,nullstring,2,User
google-deepmind/optax,pomonam,2,User
google-deepmind/optax,Qwlouse,2,User
google-deepmind/optax,konstmish,2,User
google-deepmind/optax,lukekulik,2,User
google/flax,cgarciae,470,User
google/flax,jheek,409,User
google/flax,marcvanzee,393,User
google/flax,andsteing,285,User
google/flax,levskaya,253,User
google/flax,avital,230,User
google/flax,chiamp,218,User
google/flax,IvyZX,197,User
google/flax,8bitmp3,103,User
google/flax,mohitreddy1996,72,User
google/flax,Cristian Garcia,62,Anonymous
google/flax,wrzadkow,60,User
google/flax,danielsuo,57,User
google/flax,vfdev-5,53,User
google/flax,samanklesaria,39,User
google/flax,adarob,39,User
google/flax,Marvin182,35,User
google/flax,joaogui1,30,User
google/flax,AlexeyG,28,User
google/flax,bastings,27,User
google/flax,Jake VanderPlas,24,Anonymous
google/flax,dependabot[bot],24,Bot
google/flax,NeilGirdhar,22,User
google/flax,hawkinsp,19,User
google/flax,mohsinm-dev,18,User
google/flax,ameya98,17,User
google/flax,yashk2810,16,User
google/flax,kaixih,16,User
google/flax,Joost Bastings,15,Anonymous
google/flax,wenscarl,15,User
google/flax,romanngg,14,User
google/flax,cpgaffney1,14,User
google/flax,bohnetbd,14,User
google/flax,gmittal,14,User
google/flax,mbz,13,User
google/flax,makora9143,13,User
google/flax,melissatan,12,User
google/flax,chapman20j,11,User
google/flax,jekbradbury,11,User
google/flax,zaxtax,11,User
google/flax,n2cholas,11,User
google/flax,jlperla,11,User
google/flax,Bertrand Rondepierre,11,Anonymous
google/flax,jaehlee,10,User
google/flax,mattjj,10,User
google/flax,BertrandRdp,9,User
google/flax,matthias-wright,9,User
google/flax,Micky774,9,User
google/flax,casaro,9,User
google/flax,Conchylicultor,8,User
google/flax,gnecula,8,User
google/flax,MostafaDehghani,8,User
google/flax,j-towns,8,User
google/flax,jakevdp,8,User
google/flax,PhilipVinc,8,User
google/flax,lucasb-eyer,7,User
google/flax,marksandler2,7,User
google/flax,Mohit Reddy,7,Anonymous
google/flax,brettkoonce,7,User
google/flax,freddyaboulton,7,User
google/flax,dslisleedh,7,User
google/flax,us,7,User
google/flax,AdityaKane2001,6,User
google/flax,isaaccorley,6,User
google/flax,sibonaci,6,User
google/flax,superbobry,6,User
google/flax,cghawthorne,6,User
google/flax,chr1sj0nes,6,User
google/flax,anuragarnab,6,User
google/flax,ZYHowell,5,User
google/flax,zinccat,5,User
google/flax,Neilblaze,5,User
google/flax,kaushaladiti-2802,5,User
google/flax,carlosgmartin,5,User
google/flax,Jamie Townsend,5,Anonymous
google/flax,James Lee-Thorp,5,Anonymous
google/flax,sanepunk,5,User
google/flax,rajasekharporeddy,4,User
google/flax,sgrigory,4,User
google/flax,wenchenvincent,4,User
google/flax,Sander Land,4,Anonymous
google/flax,ronw,4,User
google/flax,rolandgvc,4,User
google/flax,hanrach9,4,User
google/flax,psc-g,4,User
google/flax,Lucas-Fernandes-Martins,4,User
google/flax,jpuigcerver,4,User
google/flax,tutmann,4,User
google/flax,epiqueras,4,User
google/flax,Dmitry Tsarkov,4,Anonymous
google/flax,arnoegw,4,User
google/flax,afqueiruga,3,User
google/flax,sshahrokhi,3,User
google/flax,shoyer,3,User
google/flax,ptigwe,3,User
google/flax,shahyash10,3,User
google/flax,jorisSchaller,3,User
google/flax,nireekshak,3,User
google/flax,thijs-vanweezel,3,User
google/flax,canyon289,3,User
jax-ml/jax,hawkinsp,3313,User
jax-ml/jax,Google-ML-Automation,3132,User
jax-ml/jax,mattjj,2771,User
jax-ml/jax,jakevdp,2546,User
jax-ml/jax,yashk2810,1979,User
jax-ml/jax,gnecula,1218,User
jax-ml/jax,apaszke,972,User
jax-ml/jax,superbobry,722,User
jax-ml/jax,froystig,688,User
jax-ml/jax,skye,502,User
jax-ml/jax,sharadmv,422,User
jax-ml/jax,bchetioui,395,User
jax-ml/jax,dfm,283,User
jax-ml/jax,Jake VanderPlas,277,Anonymous
jax-ml/jax,justinjfu,228,User
jax-ml/jax,allanrenucci,221,User
jax-ml/jax,pschuh,209,User
jax-ml/jax,tlongeri,206,User
jax-ml/jax,dimitar-asenov,152,User
jax-ml/jax,shoyer,152,User
jax-ml/jax,bythew3i,140,User
jax-ml/jax,dougalm,136,User
jax-ml/jax,danielsuo,131,User
jax-ml/jax,chr1sj0nes,130,User
jax-ml/jax,jekbradbury,127,User
jax-ml/jax,nitins17,125,User
jax-ml/jax,rajasekharporeddy,111,User
jax-ml/jax,LenaMartens,107,User
jax-ml/jax,zhangqiaorjc,98,User
jax-ml/jax,emilyfertig,90,User
jax-ml/jax,jblespiau,87,User
jax-ml/jax,ayaka14732,87,User
jax-ml/jax,cperivol,86,User
jax-ml/jax,Jieying Luo,84,Anonymous
jax-ml/jax,hyeontaek,79,User
jax-ml/jax,fehiepsi,77,User
jax-ml/jax,WindQAQ,72,User
jax-ml/jax,levskaya,70,User
jax-ml/jax,j-towns,66,User
jax-ml/jax,tlu7,66,User
jax-ml/jax,carlosgmartin,60,User
jax-ml/jax,belitskiy,58,User
jax-ml/jax,dependabot[bot],58,Bot
jax-ml/jax,tomhennigan,56,User
jax-ml/jax,Cjkkkk,56,User
jax-ml/jax,marcvanzee,56,User
jax-ml/jax,vfdev-5,54,User
jax-ml/jax,nouiz,53,User
jax-ml/jax,Rifur13,53,User
jax-ml/jax,mwhittaker,52,User
jax-ml/jax,bartchr808,49,User
jax-ml/jax,jburnim,49,User
jax-ml/jax,MichaelHudgins,46,User
jax-ml/jax,Ruturaj4,45,User
jax-ml/jax,ybaturina,45,User
jax-ml/jax,junwhanahn,43,User
jax-ml/jax,yueshengys,43,User
jax-ml/jax,axch,42,User
jax-ml/jax,maxwillzq,41,User
jax-ml/jax,8bitmp3,41,User
jax-ml/jax,brianwa84,41,User
jax-ml/jax,kanglant,38,User
jax-ml/jax,andportnoy,35,User
jax-ml/jax,majnemer,34,User
jax-ml/jax,lgeiger,34,User
jax-ml/jax,naummo,34,User
jax-ml/jax,zacmustin,34,User
jax-ml/jax,rdyro,34,User
jax-ml/jax,ezhulenev,32,User
jax-ml/jax,NeilGirdhar,31,User
jax-ml/jax,jakeharmon8,30,User
jax-ml/jax,IvyZX,29,User
jax-ml/jax,juliuskunze,28,User
jax-ml/jax,olupton,28,User
jax-ml/jax,Paweł Paruzel,28,Anonymous
jax-ml/jax,golechwierowicz,27,User
jax-ml/jax,Rahul Batra,27,Anonymous
jax-ml/jax,alexbw,26,User
jax-ml/jax,Erich Elsen,26,Anonymous
jax-ml/jax,jacobjinkelly,26,User
jax-ml/jax,alekstheod,25,User
jax-ml/jax,pearu,24,User
jax-ml/jax,Micky774,23,User
jax-ml/jax,atondwal,23,User
jax-ml/jax,minoring,23,User
jax-ml/jax,wenscarl,23,User
jax-ml/jax,kaixih,23,User
jax-ml/jax,tomnatan30,20,User
jax-ml/jax,cky9301,20,User
jax-ml/jax,dpfau,20,User
jax-ml/jax,bixia1,20,User
jax-ml/jax,oliverdutton,19,User
jax-ml/jax,megrez-yliu,19,User
jax-ml/jax,inailuig,19,User
jax-ml/jax,epiqueras,19,User
jax-ml/jax,burmako,19,User
jax-ml/jax,rsanthanam-amd,19,User
jax-ml/jax,cloudhan,18,User
jax-ml/jax,gspschmid,18,User
jax-ml/jax,patrick-kidger,18,User
modin-project/modin,anmyachev,704,User
modin-project/modin,devin-petersohn,613,User
modin-project/modin,dchigarev,251,User
modin-project/modin,YarShev,167,User
modin-project/modin,mvashishtha,154,User
modin-project/modin,vnlitvinov,113,User
modin-project/modin,AndreyPavlenko,101,User
modin-project/modin,amyskov,94,User
modin-project/modin,gshimansky,93,User
modin-project/modin,prutskov,85,User
modin-project/modin,williamma12,68,User
modin-project/modin,sfc-gh-mvashishtha,58,User
modin-project/modin,Rehan Sohail Durrani,50,Anonymous
modin-project/modin,ienkovich,41,User
modin-project/modin,noloerino,40,User
modin-project/modin,arunjose696,31,User
modin-project/modin,Karthik Velayutham,27,Anonymous
modin-project/modin,osalpekar,27,User
modin-project/modin,sfc-gh-joshi,26,User
modin-project/modin,Garra1980,21,User
modin-project/modin,sfc-gh-jkew,20,User
modin-project/modin,naren-ponder,18,User
modin-project/modin,Retribution98,18,User
modin-project/modin,simon-mo,16,User
modin-project/modin,jeffreykennethli,14,Anonymous
modin-project/modin,eavidan,13,User
modin-project/modin,Rubtsowa,11,User
modin-project/modin,jbrockmendel,11,User
modin-project/modin,kunalgosar,11,User
modin-project/modin,RehanSD,8,User
modin-project/modin,dorisjlee,7,User
modin-project/modin,itamarst,7,User
modin-project/modin,ipacheco-uy,6,User
modin-project/modin,wuisawesome,5,User
modin-project/modin,billiam-wang,5,User
modin-project/modin,dulinda,4,User
modin-project/modin,alexander3774,4,User
modin-project/modin,todd-yu,4,User
modin-project/modin,vfdev-5,3,User
modin-project/modin,suhailrehman,3,User
modin-project/modin,smola,3,User
modin-project/modin,robertnishihara,3,User
modin-project/modin,richardlin047,3,User
modin-project/modin,Lozovskii-Aleksandr,3,User
modin-project/modin,kvu35,3,User
modin-project/modin,igorborgest,3,User
modin-project/modin,sfc-gh-dpetersohn,3,User
modin-project/modin,austin-chou,3,User
modin-project/modin,Artem Alekseev,3,Anonymous
modin-project/modin,rentruewang,2,User
modin-project/modin,Egor-Krivov,2,User
modin-project/modin,loopyme,2,User
modin-project/modin,dependabot[bot],2,Bot
modin-project/modin,zmbc,2,User
modin-project/modin,sfc-gh-vrpatel,2,User
modin-project/modin,shalearkane,2,User
modin-project/modin,rliu4439,2,User
modin-project/modin,abykovsk,2,User
modin-project/modin,anthonyhsyu,2,User
modin-project/modin,aregm,2,User
modin-project/modin,tochigiv,2,User
modin-project/modin,frreiss,2,User
modin-project/modin,JignyasAnand,2,User
modin-project/modin,pschafhalter,2,User
modin-project/modin,krfricke,2,User
modin-project/modin,Petr Kurapov,2,Anonymous
modin-project/modin,trgiangdo,1,User
modin-project/modin,staftermath,1,User
modin-project/modin,weiwzhang,1,User
modin-project/modin,likawind,1,User
modin-project/modin,vsreekanti,1,User
modin-project/modin,Vedant2100,1,User
modin-project/modin,timgates42,1,User
modin-project/modin,thomasjpfan,1,User
modin-project/modin,susmitpy,1,User
modin-project/modin,sbrugman,1,User
modin-project/modin,rosdyana,1,User
modin-project/modin,xrmx,1,User
modin-project/modin,reshamas,1,User
modin-project/modin,guor8lei,1,User
modin-project/modin,pratheekrebala,1,User
modin-project/modin,pcmoritz,1,User
modin-project/modin,kurapov-peter,1,User
modin-project/modin,paulovn,1,User
modin-project/modin,hammansamuel,1,User
modin-project/modin,tkeech1,1,User
modin-project/modin,raphaelauv,1,User
modin-project/modin,peterbolson,1,User
modin-project/modin,pcahyna,1,User
modin-project/modin,mvashishtha,1,Anonymous
modin-project/modin,helmeleegy,1,User
modin-project/modin,elonp,1,User
modin-project/modin,ecoughlan,1,User
modin-project/modin,datth4,1,User
modin-project/modin,code-review-doctor,1,User
modin-project/modin,binarycrayon,1,User
modin-project/modin,ahmadjubair33,1,User
modin-project/modin,ahallermed,1,User
modin-project/modin,agardelein,1,User
modin-project/modin,adits31,1,User
dask/dask,mrocklin,3048,User
dask/dask,phofl,909,User
dask/dask,jcrist,736,User
dask/dask,jrbourbeau,591,User
dask/dask,cowlicks,374,User
dask/dask,rjzamora,305,User
dask/dask,jakirkham,229,User
dask/dask,jsignell,204,User
dask/dask,fjetter,195,User
dask/dask,TomAugspurger,187,User
dask/dask,crusaderky,175,User
dask/dask,sinhrks,118,User
dask/dask,martindurant,114,User
dask/dask,cpcloud,89,User
dask/dask,hendrikmakait,88,User
dask/dask,shoyer,66,User
dask/dask,farrajota,66,User
dask/dask,dependabot[bot],65,Bot
dask/dask,j-bennet,63,User
dask/dask,charlesbluca,62,User
dask/dask,milesgranger,55,User
dask/dask,pentschev,48,User
dask/dask,jacobtomlinson,48,User
dask/dask,eriknw,47,User
dask/dask,GenevieveBuckley,39,User
dask/dask,madsbk,38,User
dask/dask,marianotepper,38,User
dask/dask,scharlottej13,34,User
dask/dask,pavithraes,31,User
dask/dask,DimitriPapadopoulos,31,User
dask/dask,QuLogic,29,User
dask/dask,bmerry,28,User
dask/dask,graingert,27,User
dask/dask,koverholt,26,User
dask/dask,gjoseph92,26,User
dask/dask,galipremsagar,25,User
dask/dask,Martin Durant,25,Anonymous
dask/dask,Ian Rose,24,Anonymous
dask/dask,quasiben,22,User
dask/dask,raybellwaves,22,User
dask/dask,douglasdavis,22,User
dask/dask,nirizr,21,User
dask/dask,jorisvandenbossche,17,User
dask/dask,ncclementi,17,User
dask/dask,github-actions[bot],16,Bot
dask/dask,pitrou,16,User
dask/dask,mikegraham,14,User
dask/dask,Carreau,14,User
dask/dask,sisp,13,User
dask/dask,djhoese,12,User
dask/dask,Illviljan,12,User
dask/dask,dukebody,12,User
dask/dask,Stuart,11,Anonymous
dask/dask,sjperkins,11,User
dask/dask,ParticularMiner,11,User
dask/dask,Joshua T Corbin,11,Anonymous
dask/dask,jameslamb,11,User
dask/dask,gforsyth,11,User
dask/dask,gabrielelanaro,10,User
dask/dask,zzhengnan,9,User
dask/dask,arve0,9,User
dask/dask,stsievert,9,User
dask/dask,lithium323,9,User
dask/dask,eric-czech,9,User
dask/dask,dcherian,9,User
dask/dask,d-v-b,9,User
dask/dask,davidhassell,9,User
dask/dask,andersy005,9,User
dask/dask,henriqueribeiro,8,User
dask/dask,Wesley Emeneker,8,Anonymous
dask/dask,tomwhite,8,User
dask/dask,Rami Chowdhury,8,Anonymous
dask/dask,Peter Steinberg,8,Anonymous
dask/dask,Matt Fortier,8,Anonymous
dask/dask,magonser,8,User
dask/dask,hmaarrfk,8,User
dask/dask,lukeconibear,8,User
dask/dask,ian-r-rose,8,User
dask/dask,mesejo,8,User
dask/dask,thomasjpfan,7,User
dask/dask,wence-,7,User
dask/dask,electronwill,7,User
dask/dask,xhochy,7,User
dask/dask,freyam,7,User
dask/dask,Bryan Weber,7,Anonymous
dask/dask,erayaslan,7,User
dask/dask,chmp,6,User
dask/dask,KrishanBhasin,6,User
dask/dask,rainwoodman,6,User
dask/dask,ssanderson,6,User
dask/dask,joergdietrich,6,User
dask/dask,jreback,6,User
dask/dask,gsakkis,6,User
dask/dask,faulaire,6,User
dask/dask,clarkfitzg,6,User
dask/dask,chrisroat,6,User
dask/dask,dchudz,5,User
dask/dask,hristog,5,User
dask/dask,wabu,5,User
dask/dask,crepererum,5,User
pola-rs/polars,ritchie46,5991,User
pola-rs/polars,stinodego,1206,User
pola-rs/polars,alexander-beedie,986,User
pola-rs/polars,nameexhaustion,710,User
pola-rs/polars,coastalwhite,686,User
pola-rs/polars,orlp,667,User
pola-rs/polars,MarcoGorelli,471,User
pola-rs/polars,reswqa,231,User
pola-rs/polars,mcrumiller,183,User
pola-rs/polars,zundertj,182,User
pola-rs/polars,dependabot[bot],160,Bot
pola-rs/polars,ghuls,142,User
pola-rs/polars,kdn36,122,User
pola-rs/polars,universalmind303,121,User
pola-rs/polars,lukemanley,81,User
pola-rs/polars,c-peters,66,User
pola-rs/polars,itamarst,56,User
pola-rs/polars,JakubValtar,54,User
pola-rs/polars,dsprenkels,53,User
pola-rs/polars,Kevin-Patyk,41,User
pola-rs/polars,wence-,41,User
pola-rs/polars,cmdlineluser,37,User
pola-rs/polars,eitsupi,35,User
pola-rs/polars,henryharbeck,34,User
pola-rs/polars,Voultapher,31,User
pola-rs/polars,r-brink,31,User
pola-rs/polars,deanm0000,28,User
pola-rs/polars,borchero,28,User
pola-rs/polars,matteosantama,28,User
pola-rs/polars,ion-elgreco,25,User
pola-rs/polars,Dandandan,25,User
pola-rs/polars,magarick,24,User
pola-rs/polars,ibENPC,23,Anonymous
pola-rs/polars,stijnherfst,22,User
pola-rs/polars,etiennebacher,21,User
pola-rs/polars,moritzwilksch,20,User
pola-rs/polars,braaannigan,19,User
pola-rs/polars,jorgecarleitao,19,User
pola-rs/polars,mickvangelderen,18,User
pola-rs/polars,rodrigogiraoserrao,18,User
pola-rs/polars,petrosbar,17,User
pola-rs/polars,Julian-J-S,16,User
pola-rs/polars,jonashaag,16,User
pola-rs/polars,marcvanheerden,15,User
pola-rs/polars,cnpryer,15,User
pola-rs/polars,azimafroozeh,14,User
pola-rs/polars,cjermain,14,User
pola-rs/polars,josh,14,User
pola-rs/polars,barak1412,14,User
pola-rs/polars,ryanrussell,14,User
pola-rs/polars,flisky,13,User
pola-rs/polars,messense,13,User
pola-rs/polars,illumination-k,13,User
pola-rs/polars,thatlittleboy,13,User
pola-rs/polars,marioloko,13,User
pola-rs/polars,jakob-keller,12,User
pola-rs/polars,ruihe774,12,User
pola-rs/polars,Wainberg,12,User
pola-rs/polars,gab23r,12,User
pola-rs/polars,mhconradt,11,User
pola-rs/polars,rben01,11,User
pola-rs/polars,Matt711,11,User
pola-rs/polars,lun3x,11,User
pola-rs/polars,jqnatividad,11,User
pola-rs/polars,bschoenmaeckers,10,User
pola-rs/polars,sorhawell,10,User
pola-rs/polars,taki-mekhalfa,10,User
pola-rs/polars,EndPositive,10,User
pola-rs/polars,adamreeve,9,User
pola-rs/polars,svaningelgem,9,User
pola-rs/polars,dsaxton,9,User
pola-rs/polars,robin,9,Anonymous
pola-rs/polars,elbaro,9,User
pola-rs/polars,YuRiTan,9,User
pola-rs/polars,SeanTroyUWO,9,User
pola-rs/polars,jrycw,9,User
pola-rs/polars,chitralverma,9,User
pola-rs/polars,CloseChoice,8,User
pola-rs/polars,wtn,8,User
pola-rs/polars,adamgreg,8,User
pola-rs/polars,math-hiyoko,8,User
pola-rs/polars,CanglongCl,8,User
pola-rs/polars,datapythonista,8,User
pola-rs/polars,mbuhidar,8,User
pola-rs/polars,nickray,8,User
pola-rs/polars,siddharth-vi,8,User
pola-rs/polars,max-muoto,7,User
pola-rs/polars,NedJWestern,7,User
pola-rs/polars,paq,7,User
pola-rs/polars,Romano Vacca,7,Anonymous
pola-rs/polars,romanovacca,7,User
pola-rs/polars,Object905,7,User
pola-rs/polars,owrior,7,User
pola-rs/polars,avimallu,7,User
pola-rs/polars,florian-klein,6,User
pola-rs/polars,kszlim,6,User
pola-rs/polars,olivier-lacroix,6,User
pola-rs/polars,carnarez,6,User
pola-rs/polars,WaffleLapkin,6,User
pola-rs/polars,ankane,6,User
jupyter/notebook,minrk,2970,User
jupyter/notebook,jdfreder,1445,User
jupyter/notebook,takluyver,1379,User
jupyter/notebook,Carreau,1334,User
jupyter/notebook,jtpio,1157,User
jupyter/notebook,ellisonbg,981,User
jupyter/notebook,ivanov,330,User
jupyter/notebook,fperez,254,User
jupyter/notebook,gnestor,224,User
jupyter/notebook,jasongrout,165,User
jupyter/notebook,blink1073,158,User
jupyter/notebook,willingc,156,User
jupyter/notebook,kevin-bates,148,User
jupyter/notebook,rgbkrk,145,User
jupyter/notebook,jhamrick,115,User
jupyter/notebook,Zsailer,109,User
jupyter/notebook,SylvainCorlay,102,User
jupyter/notebook,captainsafia,78,User
jupyter/notebook,mpacer,77,User
jupyter/notebook,github-actions[bot],70,Bot
jupyter/notebook,ssanderson,60,User
jupyter/notebook,dependabot[bot],57,Bot
jupyter/notebook,brichet,44,User
jupyter/notebook,Jason Grout,43,Anonymous
jupyter/notebook,pre-commit-ci[bot],42,Bot
jupyter/notebook,parente,39,User
jupyter/notebook,jakirkham,36,User
jupyter/notebook,bollwyvl,36,User
jupyter/notebook,chronitis,34,User
jupyter/notebook,joshuazeltser,33,User
jupyter/notebook,mgeier,30,User
jupyter/notebook,afshin,27,User
jupyter/notebook,sheshtawy,26,User
jupyter/notebook,parleur,26,User
jupyter/notebook,ckilcrease,25,User
jupyter/notebook,ashleytqy,25,User
jupyter/notebook,mathieu1,24,User
jupyter/notebook,yuvipanda,24,User
jupyter/notebook,berendjan,23,User
jupyter/notebook,julienr,23,User
jupyter/notebook,stefanv,23,User
jupyter/notebook,bfroehle,22,User
jupyter/notebook,damianavila,21,User
jupyter/notebook,jcb91,21,User
jupyter/notebook,samarsultan,20,User
jupyter/notebook,lresende,19,User
jupyter/notebook,JasonWeill,19,User
jupyter/notebook,mriedem,19,User
jupyter/notebook,vidartf,19,User
jupyter/notebook,kwlzn,18,User
jupyter/notebook,cancan101,18,User
jupyter/notebook,KesterTong,17,User
jupyter/notebook,rosaswaby,16,User
jupyter/notebook,funkyfuture,16,User
jupyter/notebook,LuisARodr,15,User
jupyter/notebook,Manuel Riel,15,Anonymous
jupyter/notebook,kirit93,13,User
jupyter/notebook,maartenbreddels,13,User
jupyter/notebook,dwyde,12,User
jupyter/notebook,Julien Rebetez,12,Anonymous
jupyter/notebook,arovitn,12,Anonymous
jupyter/notebook,Nicholas Bollweg,11,Anonymous
jupyter/notebook,danagilliann,11,User
jupyter/notebook,abalkin,10,User
jupyter/notebook,pablooliveira,10,User
jupyter/notebook,mdboom,10,User
jupyter/notebook,askerry,10,User
jupyter/notebook,Madhu94,9,User
jupyter/notebook,toonijn,9,User
jupyter/notebook,tarzzz,9,User
jupyter/notebook,AlbertHilb,9,User
jupyter/notebook,Nathan Heijermans,9,Anonymous
jupyter/notebook,Juergen Hasch,9,Anonymous
jupyter/notebook,crbates,9,User
jupyter/notebook,ahmadia,9,User
jupyter/notebook,amcdawes,9,User
jupyter/notebook,Brookie Guzder-Williams,8,Anonymous
jupyter/notebook,emiliotl,8,User
jupyter/notebook,jhemmelg,8,User
jupyter/notebook,JocelynDelalande,8,User
jupyter/notebook,NHDaly,8,User
jupyter/notebook,ednut15,7,User
jupyter/notebook,PHaeJin,7,User
jupyter/notebook,mcelrath,7,Anonymous
jupyter/notebook,gvaroquaux,7,Anonymous
jupyter/notebook,epatters,7,Anonymous
jupyter/notebook,Steven Silvester,7,Anonymous
jupyter/notebook,Scott Sanderson,7,Anonymous
jupyter/notebook,krassowski,7,User
jupyter/notebook,dwf,7,User
jupyter/notebook,RRosio,6,User
jupyter/notebook,v923z,6,User
jupyter/notebook,ptone,6,User
jupyter/notebook,tomspur,6,User
jupyter/notebook,cgohlke,6,User
jupyter/notebook,pgajdos,6,User
jupyter/notebook,fabihaahmed,6,User
jupyter/notebook,GaelVaroquaux,6,User
jupyter/notebook,Kevin Bates,6,Anonymous
jupyter/notebook,frenzymadness,6,User
jupyterlab/jupyterlab,blink1073,7234,User
jupyterlab/jupyterlab,afshin,3736,User
jupyterlab/jupyterlab,jasongrout,2985,User
jupyterlab/jupyterlab,jtpio,1290,User
jupyterlab/jupyterlab,ian-r-rose,1260,User
jupyterlab/jupyterlab,Steven Silvester,956,Anonymous
jupyterlab/jupyterlab,ellisonbg,770,User
jupyterlab/jupyterlab,telamonian,583,User
jupyterlab/jupyterlab,saulshanabrook,562,User
jupyterlab/jupyterlab,fcollonval,549,User
jupyterlab/jupyterlab,krassowski,485,User
jupyterlab/jupyterlab,echarles,403,User
jupyterlab/jupyterlab,KsavinN,270,User
jupyterlab/jupyterlab,vidartf,255,User
jupyterlab/jupyterlab,dependabot[bot],246,Bot
jupyterlab/jupyterlab,cameronoelsen,195,User
jupyterlab/jupyterlab,gnestor,170,User
jupyterlab/jupyterlab,zuoyuanh,160,User
jupyterlab/jupyterlab,kgryte,132,User
jupyterlab/jupyterlab,dwillmer,132,User
jupyterlab/jupyterlab,sccolbert,127,User
jupyterlab/jupyterlab,markellekelly,119,User
jupyterlab/jupyterlab,github-actions[bot],117,Bot
jupyterlab/jupyterlab,bollwyvl,108,User
jupyterlab/jupyterlab,Martha Cryan,102,Anonymous
jupyterlab/jupyterlab,mbektas,94,User
jupyterlab/jupyterlab,JohanMabille,80,User
jupyterlab/jupyterlab,brichet,80,User
jupyterlab/jupyterlab,JasonWeill,76,User
jupyterlab/jupyterlab,willingc,75,User
jupyterlab/jupyterlab,jzf2101,74,User
jupyterlab/jupyterlab,hbcarlos,72,User
jupyterlab/jupyterlab,aschlaep,71,User
jupyterlab/jupyterlab,Steven Silvester,71,Anonymous
jupyterlab/jupyterlab,akosyakov,61,User
jupyterlab/jupyterlab,charnpreetsingh185,60,Anonymous
jupyterlab/jupyterlab,SylvainCorlay,59,User
jupyterlab/jupyterlab,pre-commit-ci[bot],58,Bot
jupyterlab/jupyterlab,ivanov,52,User
jupyterlab/jupyterlab,ajbozarth,50,User
jupyterlab/jupyterlab,Bo Peng,46,Anonymous
jupyterlab/jupyterlab,minrk,46,User
jupyterlab/jupyterlab,davidbrochart,45,User
jupyterlab/jupyterlab,faricacarroll,45,User
jupyterlab/jupyterlab,Darshan808,43,User
jupyterlab/jupyterlab,Hana Zarea,42,Anonymous
jupyterlab/jupyterlab,KrzysztofSikoraCodete,42,User
jupyterlab/jupyterlab,eskirk,41,User
jupyterlab/jupyterlab,martinRenou,40,User
jupyterlab/jupyterlab,yuvipanda,39,User
jupyterlab/jupyterlab,goanpeca,38,User
jupyterlab/jupyterlab,AlbertHilb,38,User
jupyterlab/jupyterlab,dlqqq,36,User
jupyterlab/jupyterlab,AbdealiLoKo,34,User
jupyterlab/jupyterlab,spoorthyv,32,User
jupyterlab/jupyterlab,Frederic Collonval,30,Anonymous
jupyterlab/jupyterlab,tgeorgeux,29,User
jupyterlab/jupyterlab,trungleduc,28,User
jupyterlab/jupyterlab,edzkite,27,User
jupyterlab/jupyterlab,danielballan,26,User
jupyterlab/jupyterlab,Zsailer,25,User
jupyterlab/jupyterlab,MUFFANUJ,25,User
jupyterlab/jupyterlab,mnowacki-b,25,User
jupyterlab/jupyterlab,Madhu94,24,User
jupyterlab/jupyterlab,dharmaquark,23,User
jupyterlab/jupyterlab,ianhi,23,User
jupyterlab/jupyterlab,alexandercbooth,23,User
jupyterlab/jupyterlab,rnetro,22,User
jupyterlab/jupyterlab,joaopalmeiro,22,User
jupyterlab/jupyterlab,tslaton,22,User
jupyterlab/jupyterlab,ericsnekbytes,22,User
jupyterlab/jupyterlab,parente,22,User
jupyterlab/jupyterlab,stefansimik,21,User
jupyterlab/jupyterlab,itsmevichu,20,User
jupyterlab/jupyterlab,jess-x,20,User
jupyterlab/jupyterlab,andrewfulton9,19,User
jupyterlab/jupyterlab,nathanpage-credo,19,User
jupyterlab/jupyterlab,lresende,19,User
jupyterlab/jupyterlab,cmprince,19,User
jupyterlab/jupyterlab,HaudinFlorence,18,User
jupyterlab/jupyterlab,karlaspuldaro,18,User
jupyterlab/jupyterlab,Marc Udoff,18,Anonymous
jupyterlab/jupyterlab,isabela-pf,17,User
jupyterlab/jupyterlab,Carreau,17,User
jupyterlab/jupyterlab,domoritz,17,User
jupyterlab/jupyterlab,roshancvp,16,User
jupyterlab/jupyterlab,andrii-i,15,User
jupyterlab/jupyterlab,0.618,14,Anonymous
jupyterlab/jupyterlab,Meriem-BenIsmail,14,User
jupyterlab/jupyterlab,mpacer,13,User
jupyterlab/jupyterlab,choldgraf,13,User
jupyterlab/jupyterlab,dmonad,13,User
jupyterlab/jupyterlab,ohrely,13,User
jupyterlab/jupyterlab,groutr,12,User
jupyterlab/jupyterlab,ryantberg,12,User
jupyterlab/jupyterlab,rahulnexus,12,User
jupyterlab/jupyterlab,Queuecumber,12,User
jupyterlab/jupyterlab,futurist,11,User
jupyterlab/jupyterlab,arjxn-py,11,User
jupyterlab/jupyterlab,gabalafou,11,User
ipython/ipython,minrk,5632,User
ipython/ipython,Carreau,5249,User
ipython/ipython,takluyver,3419,User
ipython/ipython,jdfreder,1898,User
ipython/ipython,ellisonbg,1778,User
ipython/ipython,fperez,1776,User
ipython/ipython,vivainio,802,User
ipython/ipython,ivanov,691,User
ipython/ipython,krassowski,319,User
ipython/ipython,Evan Patterson,287,Anonymous
ipython/ipython,jasongrout,219,User
ipython/ipython,bfroehle,211,User
ipython/ipython,jhamrick,210,User
ipython/ipython,damianavila,191,User
ipython/ipython,GaelVaroquaux,180,User
ipython/ipython,Darshan808,175,User
ipython/ipython,SylvainCorlay,140,User
ipython/ipython,tkf,136,User
ipython/ipython,doerwalter,113,User
ipython/ipython,jstenar,111,User
ipython/ipython,rgbkrk,99,User
ipython/ipython,srinivasreddy,92,User
ipython/ipython,MrMino,89,User
ipython/ipython,Kojoley,89,User
ipython/ipython,ssanderson,82,User
ipython/ipython,shaperilio,71,User
ipython/ipython,Laurent Dufréchou,70,Anonymous
ipython/ipython,Zsailer,61,User
ipython/ipython,bollwyvl,55,User
ipython/ipython,sgaist,54,User
ipython/ipython,barrywark,52,User
ipython/ipython,juliantaylor,52,User
ipython/ipython,rkern,50,User
ipython/ipython,stefanv,49,User
ipython/ipython,willingc,42,User
ipython/ipython,dpsanders,39,User
ipython/ipython,jonathan-taylor,39,User
ipython/ipython,chronitis,36,User
ipython/ipython,chebee7i,35,User
ipython/ipython,Greg Caporaso,35,Anonymous
ipython/ipython,tacaswell,32,User
ipython/ipython,dwf,31,User
ipython/ipython,Doug Blank,31,Anonymous
ipython/ipython,tomspur,31,User
ipython/ipython,itamarst,29,User
ipython/ipython,wjandrea,29,User
ipython/ipython,pablooliveira,28,User
ipython/ipython,anntzer,27,User
ipython/ipython,ianthomas23,27,User
ipython/ipython,terrdavis,26,User
ipython/ipython,mathieu1,24,User
ipython/ipython,madbird1304,24,User
ipython/ipython,jenshnielsen,23,User
ipython/ipython,mkoeppe,23,User
ipython/ipython,jankatins,23,User
ipython/ipython,jvns,22,User
ipython/ipython,dbarbeau,22,User
ipython/ipython,abalkin,22,User
ipython/ipython,ccordoba12,22,User
ipython/ipython,bxsx,20,User
ipython/ipython,nfgferreira,20,User
ipython/ipython,smacke,20,User
ipython/ipython,rougier,20,User
ipython/ipython,Manuel Riel,20,Anonymous
ipython/ipython,LucianaMarques,20,User
ipython/ipython,jakobgager,20,User
ipython/ipython,eteq,20,User
ipython/ipython,jonathanslenders,19,User
ipython/ipython,asmeurer,18,User
ipython/ipython,KesterTong,18,User
ipython/ipython,omazapa,18,User
ipython/ipython,skalaydzhiyski,18,User
ipython/ipython,ddale,17,User
ipython/ipython,J-M0,17,User
ipython/ipython,Jonathan March,17,Anonymous
ipython/ipython,cboos,16,User
ipython/ipython,gnestor,16,User
ipython/ipython,punchagan,16,User
ipython/ipython,slojo404,16,User
ipython/ipython,tonyfast,16,User
ipython/ipython,Pierre Gerold,15,Anonymous
ipython/ipython,impact27,15,User
ipython/ipython,mdboom,15,User
ipython/ipython,davidosterberg,14,User
ipython/ipython,mgaitan,14,User
ipython/ipython,rmcgibbo,14,User
ipython/ipython,martinRenou,14,User
ipython/ipython,alexmojaki,14,User
ipython/ipython,jakevdp,14,User
ipython/ipython,ahmadia,13,User
ipython/ipython,dwyde,13,User
ipython/ipython,mspacek,13,User
ipython/ipython,piti118,13,User
ipython/ipython,satra,13,User
ipython/ipython,klonuo,13,User
ipython/ipython,rushabh-v,13,User
ipython/ipython,Zaharid,13,User
ipython/ipython,wking,12,User
ipython/ipython,jabooth,12,User
ipython/ipython,wolever,12,User
ipython/ipykernel,minrk,927,User
ipython/ipykernel,blink1073,425,User
ipython/ipykernel,takluyver,281,User
ipython/ipykernel,Carreau,178,User
ipython/ipykernel,ellisonbg,126,User
ipython/ipykernel,fperez,126,User
ipython/ipykernel,SylvainCorlay,73,User
ipython/ipykernel,pre-commit-ci[bot],56,Bot
ipython/ipykernel,github-actions[bot],47,Bot
ipython/ipykernel,Evan Patterson,46,Anonymous
ipython/ipykernel,JohanMabille,43,User
ipython/ipykernel,ianthomas23,36,User
ipython/ipykernel,Steven Silvester,34,Anonymous
ipython/ipykernel,echarles,34,User
ipython/ipykernel,davidbrochart,27,User
ipython/ipykernel,ivanov,19,User
ipython/ipykernel,itamarst,18,User
ipython/ipykernel,Quentin Peter,18,Anonymous
ipython/ipykernel,jdfreder,16,User
ipython/ipykernel,Sai Rahul Poruri,16,Anonymous
ipython/ipykernel,dwillmer,15,User
ipython/ipykernel,jasongrout,14,User
ipython/ipykernel,tkf,14,User
ipython/ipykernel,bfroehle,14,User
ipython/ipykernel,Steven Silvester,13,Anonymous
ipython/ipykernel,afshin,11,User
ipython/ipykernel,glentakahashi,10,User
ipython/ipykernel,fcollonval,9,User
ipython/ipykernel,martinRenou,9,User
ipython/ipykernel,dependabot[bot],9,Bot
ipython/ipykernel,itziakos,9,User
ipython/ipykernel,willingc,9,User
ipython/ipykernel,ccordoba12,8,User
ipython/ipykernel,bollwyvl,7,User
ipython/ipykernel,eendebakpt,7,User
ipython/ipykernel,maartenbreddels,6,User
ipython/ipykernel,dalthviz,6,User
ipython/ipykernel,jenshnielsen,6,User
ipython/ipykernel,impact27,6,User
ipython/ipykernel,Chilipp,5,User
ipython/ipykernel,penguinolog,5,User
ipython/ipykernel,tudorprodan,5,User
ipython/ipykernel,scottt,5,User
ipython/ipykernel,rgbkrk,5,User
ipython/ipykernel,Johan Forsberg,5,Anonymous
ipython/ipykernel,jstenar,5,User
ipython/ipykernel,Jackenmen,4,User
ipython/ipykernel,arjxn-py,4,User
ipython/ipykernel,hari-allamraju,4,User
ipython/ipykernel,MSeal,4,User
ipython/ipykernel,bergtholdt,4,User
ipython/ipykernel,mehaase,4,User
ipython/ipykernel,eteq,4,User
ipython/ipykernel,ericpre,4,User
ipython/ipykernel,gbrandonp,4,User
ipython/ipykernel,thomasj02,3,User
ipython/ipykernel,szhorvat,3,User
ipython/ipykernel,SimonKrughoff,3,User
ipython/ipykernel,rkern,3,User
ipython/ipykernel,rayosborn,3,User
ipython/ipykernel,Pietro Berkes,3,Anonymous
ipython/ipykernel,pankajp,3,User
ipython/ipykernel,pablooliveira,3,User
ipython/ipykernel,omazapa,3,User
ipython/ipykernel,krassowski,3,User
ipython/ipykernel,mspacek,3,User
ipython/ipykernel,kycutler,3,User
ipython/ipykernel,Emmanuel Roux,3,Anonymous
ipython/ipykernel,dbarbeau,3,User
ipython/ipykernel,Ahmed Fasih,3,Anonymous
ipython/ipykernel,Armin Burgmeier,2,Anonymous
ipython/ipykernel,mpacer,2,User
ipython/ipykernel,mlucool,2,User
ipython/ipykernel,mdickinson,2,User
ipython/ipykernel,hroncok,2,User
ipython/ipykernel,brichet,2,User
ipython/ipykernel,Kojoley,2,User
ipython/ipykernel,petervandenabeele,2,User
ipython/ipykernel,dopplershift,2,User
ipython/ipykernel,tlinhart,2,User
ipython/ipykernel,stonebig,2,User
ipython/ipykernel,JoaoFelipe,2,User
ipython/ipykernel,Bago Amirbekian,2,Anonymous
ipython/ipykernel,dby-tmwctw,2,User
ipython/ipykernel,Chilipp,2,Anonymous
ipython/ipykernel,Cj-bc,2,User
ipython/ipykernel,Doug Blank,2,Anonymous
ipython/ipykernel,edisongustavo,2,User
ipython/ipykernel,gnestor,2,User
ipython/ipykernel,jluttine,2,User
ipython/ipykernel,jjvraw,2,User
ipython/ipykernel,jovyan456-playground,2,User
ipython/ipykernel,ltalirz,2,User
ipython/ipykernel,cHYzZQo,1,User
ipython/ipykernel,Peter,1,Anonymous
ipython/ipykernel,pkgw,1,User
ipython/ipykernel,pwuertz,1,User
ipython/ipykernel,piti118,1,User
ipython/ipykernel,punchagan,1,User
ipython/ipykernel,cool-RR,1,User
jupyter/nbformat,minrk,230,User
jupyter/nbformat,blink1073,169,User
jupyter/nbformat,takluyver,119,User
jupyter/nbformat,Carreau,95,User
jupyter/nbformat,MSeal,73,User
jupyter/nbformat,jhamrick,59,User
jupyter/nbformat,ellisonbg,46,User
jupyter/nbformat,pre-commit-ci[bot],43,Bot
jupyter/nbformat,mpacer,24,User
jupyter/nbformat,jdfreder,19,User
jupyter/nbformat,fperez,18,User
jupyter/nbformat,rgbkrk,16,User
jupyter/nbformat,goanpeca,16,User
jupyter/nbformat,bollwyvl,10,User
jupyter/nbformat,jasongrout,10,User
jupyter/nbformat,ivanov,9,User
jupyter/nbformat,vidartf,7,User
jupyter/nbformat,groutr,7,User
jupyter/nbformat,thombashi,5,User
jupyter/nbformat,willingc,4,User
jupyter/nbformat,Nicholas Wold,4,Anonymous
jupyter/nbformat,captainsafia,4,User
jupyter/nbformat,cel4,4,User
jupyter/nbformat,Madhu94,4,User
jupyter/nbformat,choldgraf,3,User
jupyter/nbformat,Jody McIntyre,3,Anonymous
jupyter/nbformat,SylvainCorlay,3,User
jupyter/nbformat,dependabot[bot],3,Bot
jupyter/nbformat,tlinhart,2,User
jupyter/nbformat,therzka,2,User
jupyter/nbformat,sethrj,2,User
jupyter/nbformat,cool-RR,2,User
jupyter/nbformat,nicholaswold,2,User
jupyter/nbformat,moble,2,User
jupyter/nbformat,julienr,2,User
jupyter/nbformat,Julien Rebetez,2,Anonymous
jupyter/nbformat,gnestor,2,User
jupyter/nbformat,bfroehle,2,User
jupyter/nbformat,maximsch2,1,User
jupyter/nbformat,mgorny,1,User
jupyter/nbformat,krassowski,1,User
jupyter/nbformat,hroncok,1,User
jupyter/nbformat,Nikita Chudinov,1,Anonymous
jupyter/nbformat,flying-sheep,1,User
jupyter/nbformat,crypdick,1,User
jupyter/nbformat,rschroll,1,User
jupyter/nbformat,saulshanabrook,1,User
jupyter/nbformat,spenczar,1,User
jupyter/nbformat,toddrme2178,1,User
jupyter/nbformat,westurner,1,User
jupyter/nbformat,williamstein,1,User
jupyter/nbformat,yarikoptic,1,User
jupyter/nbformat,dcsaba89,1,User
jupyter/nbformat,eladkal,1,User
jupyter/nbformat,jferrara,1,Anonymous
jupyter/nbformat,martinRenou,1,User
jupyter/nbformat,mofanke,1,User
jupyter/nbformat,mattvonrocketstein,1,User
jupyter/nbformat,ossdev07,1,User
jupyter/nbformat,staticf0x,1,User
jupyter/nbformat,shadchin,1,User
jupyter/nbformat,AnjoMan,1,User
jupyter/nbformat,mathbunnyru,1,User
jupyter/nbformat,bernardobarreto,1,User
jupyter/nbformat,BigBlueHat,1,User
jupyter/nbformat,cowlicks,1,User
jupyter/nbformat,bryanwweber,1,User
jupyter/nbformat,chrisjsewell,1,User
jupyter/nbformat,gwincr11,1,User
jupyter/nbformat,LecrisUT,1,User
jupyter/nbformat,daikikatsuragawa,1,User
jupyter/nbformat,pydanny,1,User
jupyter/nbformat,Danny L,1,Anonymous
jupyter/nbformat,davidbrochart,1,User
jupyter/nbformat,The-Compiler,1,User
jupyter/nbformat,cmd-ntrf,1,User
jupyter/nbformat,jonabc,1,User
jupyter/nbformat,kevin-bates,1,User
jupyter/nbformat,msabramo,1,User
jupyter/nbformat,mwouts,1,User
jupyter/nbformat,marbre,1,User
jupyter/nbformat,mgeier,1,User
imageio/imageio,almarklein,795,User
imageio/imageio,FirefoxMetzger,286,User
imageio/imageio,blink1073,82,User
imageio/imageio,west-rynes,43,User
imageio/imageio,actions-user,38,User
imageio/imageio,paulmueller,29,User
imageio/imageio,Anthony Tanbakuchi,23,Anonymous
imageio/imageio,jni,18,User
imageio/imageio,hmaarrfk,13,User
imageio/imageio,Pandede,12,User
imageio/imageio,lschr,9,User
imageio/imageio,dennisvang,8,User
imageio/imageio,anntzer,7,User
imageio/imageio,thewtex,6,User
imageio/imageio,OrganicIrradiation,5,User
imageio/imageio,almar.klein,5,Anonymous
imageio/imageio,atanbak,5,Anonymous
imageio/imageio,arashrai,5,User
imageio/imageio,LandingEllipse,5,User
imageio/imageio,hugovk,4,User
imageio/imageio,tdsmith,4,User
imageio/imageio,Marcin Konowalczyk,4,Anonymous
imageio/imageio,ghisvail,3,User
imageio/imageio,jackwalker64,3,User
imageio/imageio,jnises,3,User
imageio/imageio,Lukas Schrangl,3,Anonymous
imageio/imageio,kmilos,3,User
imageio/imageio,rreilink,3,User
imageio/imageio,Maximilian Schambach,2,Anonymous
imageio/imageio,scivision,2,User
imageio/imageio,mgorny,2,User
imageio/imageio,NiklasRosenstein,2,User
imageio/imageio,sunpoet,2,User
imageio/imageio,Tanbakuchi,2,Anonymous
imageio/imageio,tempelmann,2,User
imageio/imageio,Vitaliano Palmieri Neto,2,Anonymous
imageio/imageio,Zulko,2,User
imageio/imageio,a,2,Anonymous
imageio/imageio,clbarnes,2,User
imageio/imageio,kushalkolar,2,User
imageio/imageio,joesingo,2,User
imageio/imageio,ginggs,2,User
imageio/imageio,geyang,2,User
imageio/imageio,fkohlgrueber,2,User
imageio/imageio,DavidKorczynski,2,User
imageio/imageio,cgohlke,2,User
imageio/imageio,cdusold,2,User
imageio/imageio,radarhere,2,User
imageio/imageio,ahuang11,2,User
imageio/imageio,Almar,2,Anonymous
imageio/imageio,nad2000,1,User
imageio/imageio,boidolr,1,User
imageio/imageio,imriss,1,User
imageio/imageio,Rob Reilink,1,Anonymous
imageio/imageio,Roller Angel,1,Anonymous
imageio/imageio,Ryan Coe,1,Anonymous
imageio/imageio,SimonSegerblomRex,1,User
imageio/imageio,agarwaltanmay,1,User
imageio/imageio,TapanSoni,1,User
imageio/imageio,voidoak,1,User
imageio/imageio,Who8MyLunch,1,User
imageio/imageio,pgrimaud,1,User
imageio/imageio,philiptaron,1,User
imageio/imageio,PeterQLee,1,User
imageio/imageio,PeterMinin,1,User
imageio/imageio,pkorus,1,User
imageio/imageio,paulinevos,1,User
imageio/imageio,pkienzle,1,User
imageio/imageio,One-sixth,1,User
imageio/imageio,olebole,1,User
imageio/imageio,richardsheridan,1,User
imageio/imageio,odidev,1,User
imageio/imageio,miriam-groeneveld,1,User
imageio/imageio,kchaiyo,1,User
imageio/imageio,kappataumu,1,User
imageio/imageio,jon-lab,1,User
imageio/imageio,gordon-n-stevenson,1,User
imageio/imageio,charun80,1,User
imageio/imageio,cgkoutzigiannis,1,User
imageio/imageio,btlorch,1,User
imageio/imageio,bojiang,1,User
imageio/imageio,astrophysaxist,1,User
imageio/imageio,assert0,1,User
imageio/imageio,almar,1,Anonymous
imageio/imageio,zeevro,1,User
imageio/imageio,zshipko,1,User
imageio/imageio,shaform,1,User
imageio/imageio,hexfaker,1,User
imageio/imageio,ttobsen,1,User
imageio/imageio,habi,1,User
imageio/imageio,clintg6,1,User
imageio/imageio,claydugo,1,User
imageio/imageio,cclauss,1,User
imageio/imageio,cwood1967,1,User
imageio/imageio,hashb,1,User
imageio/imageio,BTOdell,1,User
imageio/imageio,bradh,1,User
imageio/imageio,nydelzaf,1,User
imageio/imageio,kuchi,1,User
imageio/imageio,levskaya,1,User
opencv/opencv-python,skvark,623,User
opencv/opencv-python,asmorkalov,156,User
opencv/opencv-python,asenyaev,86,User
opencv/opencv-python,native-api,77,User
opencv/opencv-python,Andrey Senyaev,19,Anonymous
opencv/opencv-python,skvark,11,Anonymous
opencv/opencv-python,sergregory,6,User
opencv/opencv-python,avdivan,5,User
opencv/opencv-python,cclauss,5,User
opencv/opencv-python,johnthagen,4,User
opencv/opencv-python,rockywhisper,2,User
opencv/opencv-python,yonip,2,Anonymous
opencv/opencv-python,Robert Sachunsky,2,Anonymous
opencv/opencv-python,pakal,2,User
opencv/opencv-python,mbdevpl,2,User
opencv/opencv-python,glitchassassin,2,User
opencv/opencv-python,joeyballentine,2,User
opencv/opencv-python,henryiii,2,User
opencv/opencv-python,dkurt,2,User
opencv/opencv-python,dlech,2,User
opencv/opencv-python,vallentin,2,User
opencv/opencv-python,c-martinez,2,User
opencv/opencv-python,Admin,2,Anonymous
opencv/opencv-python,abhiTronix,2,User
opencv/opencv-python,Kumataro,1,User
opencv/opencv-python,Gornoka,1,User
opencv/opencv-python,scivision,1,User
opencv/opencv-python,engnadeau,1,User
opencv/opencv-python,niyas-sait,1,User
opencv/opencv-python,illume,1,User
opencv/opencv-python,techdragon,1,User
opencv/opencv-python,stweil,1,User
opencv/opencv-python,Ted Strzalkowski,1,Anonymous
opencv/opencv-python,ApproximateIdentity,1,User
opencv/opencv-python,tomsweeting,1,User
opencv/opencv-python,williamjacksn,1,User
opencv/opencv-python,Yclept Nemo,1,Anonymous
opencv/opencv-python,zhanwenchen,1,User
opencv/opencv-python,techtonik,1,User
opencv/opencv-python,mayeut,1,User
opencv/opencv-python,peter-kovacs-aimotive,1,User
opencv/opencv-python,Skylion007,1,User
opencv/opencv-python,TheCleric,1,User
opencv/opencv-python,AS1100K,1,User
opencv/opencv-python,adrianmoisey,1,User
opencv/opencv-python,alalek,1,User
opencv/opencv-python,AlexeySalmin,1,User
opencv/opencv-python,andruekonst,1,User
opencv/opencv-python,radarhere,1,User
opencv/opencv-python,SaikWolf,1,User
opencv/opencv-python,braingram,1,User
opencv/opencv-python,bzier,1,User
opencv/opencv-python,ArtificialZeng,1,User
opencv/opencv-python,amyreese,1,User
opencv/opencv-python,DEKHTIARJonathan,1,User
opencv/opencv-python,uSpike,1,User
opencv/opencv-python,kianmeng,1,User
opencv/opencv-python,kvalev,1,User
python-pillow/Pillow,radarhere,6923,User
python-pillow/Pillow,hugovk,5385,User
python-pillow/Pillow,wiredfool,2714,User
python-pillow/Pillow,aclark4life,1179,User
python-pillow/Pillow,homm,739,User
python-pillow/Pillow,nulano,541,User
python-pillow/Pillow,mergify[bot],186,Bot
python-pillow/Pillow,Yay295,168,User
python-pillow/Pillow,cgohlke,152,User
python-pillow/Pillow,pre-commit-ci[bot],132,Bot
python-pillow/Pillow,jdufresne,94,User
python-pillow/Pillow,renovate[bot],76,Bot
python-pillow/Pillow,matthew-brett,62,User
python-pillow/Pillow,DWesl,59,User
python-pillow/Pillow,Brian Crowell,52,Anonymous
python-pillow/Pillow,d-schmidt,44,User
python-pillow/Pillow,kkopachev,42,User
python-pillow/Pillow,al45tair,39,User
python-pillow/Pillow,Steve Johnson,35,Anonymous
python-pillow/Pillow,REDxEYE,33,User
python-pillow/Pillow,freakboy3742,32,User
python-pillow/Pillow,manisandro,31,User
python-pillow/Pillow,irskep,31,User
python-pillow/Pillow,akx,29,User
python-pillow/Pillow,joshware,25,User
python-pillow/Pillow,decalage,25,Anonymous
python-pillow/Pillow,vashek,24,User
python-pillow/Pillow,Piolie,22,User
python-pillow/Pillow,jd20,20,User
python-pillow/Pillow,xtsm,20,User
python-pillow/Pillow,Terseus,19,User
python-pillow/Pillow,UrielMaD,19,User
python-pillow/Pillow,sircinnamon,18,User
python-pillow/Pillow,eyedav,18,User
python-pillow/Pillow,artscoop,18,User
python-pillow/Pillow,lysnikolaou,18,User
python-pillow/Pillow,anntzer,17,User
python-pillow/Pillow,Feneric,17,User
python-pillow/Pillow,olt,17,User
python-pillow/Pillow,jbltx,17,User
python-pillow/Pillow,BaseMax,16,User
python-pillow/Pillow,pmrowla,16,User
python-pillow/Pillow,ZachNagengast,16,User
python-pillow/Pillow,elejke,14,User
python-pillow/Pillow,Fahad-Alsaidi,14,User
python-pillow/Pillow,mgorny,14,User
python-pillow/Pillow,raygard,14,User
python-pillow/Pillow,srittau,13,User
python-pillow/Pillow,scaramallion,13,User
python-pillow/Pillow,rr-,12,User
python-pillow/Pillow,kmike,12,User
python-pillow/Pillow,bgilbert,12,User
python-pillow/Pillow,ashafaei,11,User
python-pillow/Pillow,iwsfutcmd,11,User
python-pillow/Pillow,lambdafu,11,User
python-pillow/Pillow,MentalPower,10,User
python-pillow/Pillow,jleclanche,10,User
python-pillow/Pillow,Mibou,10,User
python-pillow/Pillow,yngvem,10,User
python-pillow/Pillow,mamg22,10,User
python-pillow/Pillow,storesource,10,User
python-pillow/Pillow,dwastberg,10,User
python-pillow/Pillow,mattip,10,User
python-pillow/Pillow,ShadelessFox,10,User
python-pillow/Pillow,kmilos,9,User
python-pillow/Pillow,ShamsaHamed,9,User
python-pillow/Pillow,kolibril13,9,User
python-pillow/Pillow,florath,8,User
python-pillow/Pillow,n3011,8,User
python-pillow/Pillow,Glandos,8,User
python-pillow/Pillow,navneeth,8,User
python-pillow/Pillow,benoit-pierre,8,User
python-pillow/Pillow,tsennott,8,User
python-pillow/Pillow,pirate486743186,8,Anonymous
python-pillow/Pillow,gofr,8,User
python-pillow/Pillow,mbrown1413,8,User
python-pillow/Pillow,javidcf,8,User
python-pillow/Pillow,Martin Panter,8,Anonymous
python-pillow/Pillow,mdedonno1337,8,User
python-pillow/Pillow,arjennienhuis,7,User
python-pillow/Pillow,jiangying000,7,User
python-pillow/Pillow,orlnub123,7,User
python-pillow/Pillow,void4,7,User
python-pillow/Pillow,AdianKozlica,7,User
python-pillow/Pillow,rrcgat,7,User
python-pillow/Pillow,Alexey Buzanov,6,Anonymous
python-pillow/Pillow,comhar,6,User
python-pillow/Pillow,neiljp,6,User
python-pillow/Pillow,tianyu139,6,User
python-pillow/Pillow,millionhz,6,User
python-pillow/Pillow,bigcat88,6,User
python-pillow/Pillow,bpedersen2,6,User
python-pillow/Pillow,Brian J. Crowell,6,Anonymous
python-pillow/Pillow,esoma,6,User
python-pillow/Pillow,freyes,6,User
python-pillow/Pillow,François Boulogne,6,Anonymous
python-pillow/Pillow,e98cuenc,6,User
python-pillow/Pillow,larsjsol,6,User
python-pillow/Pillow,lukegb,6,User
python-pillow/Pillow,Meithal,6,User
scikit-image/scikit-image,stefanv,1767,User
scikit-image/scikit-image,ahojnnes,1601,User
scikit-image/scikit-image,jni,1179,User
scikit-image/scikit-image,blink1073,722,User
scikit-image/scikit-image,grlee77,565,User
scikit-image/scikit-image,François Boulogne,557,Anonymous
scikit-image/scikit-image,hmaarrfk,464,User
scikit-image/scikit-image,lagru,430,User
scikit-image/scikit-image,emmanuelle,341,User
scikit-image/scikit-image,jarrodmillman,328,User
scikit-image/scikit-image,soupault,299,User
scikit-image/scikit-image,rfezzani,288,User
scikit-image/scikit-image,vighneshbirodkar,282,User
scikit-image/scikit-image,odebeir,252,User
scikit-image/scikit-image,ankit-maverick,228,User
scikit-image/scikit-image,mkcor,208,User
scikit-image/scikit-image,sciunto,190,User
scikit-image/scikit-image,josteinbf,144,User
scikit-image/scikit-image,JDWarner,139,User
scikit-image/scikit-image,cgohlke,120,User
scikit-image/scikit-image,ThomasWalter,111,User
scikit-image/scikit-image,Josh Warner (Mac),111,Anonymous
scikit-image/scikit-image,amueller,107,User
scikit-image/scikit-image,Egor Panfilov,106,Anonymous
scikit-image/scikit-image,Alexandre de Siqueira,84,Anonymous
scikit-image/scikit-image,sccolbert,77,User
scikit-image/scikit-image,warmspringwinds,73,User
scikit-image/scikit-image,leGIT-bot,62,User
scikit-image/scikit-image,mellertd,57,User
scikit-image/scikit-image,matthew-brett,50,User
scikit-image/scikit-image,Ralf Gommers,47,Anonymous
scikit-image/scikit-image,kne42,47,User
scikit-image/scikit-image,almarklein,47,User
scikit-image/scikit-image,zpincus,46,User
scikit-image/scikit-image,holtzhau,44,User
scikit-image/scikit-image,François Orieux,44,Anonymous
scikit-image/scikit-image,jmetz,43,User
scikit-image/scikit-image,LaurentRDC,43,User
scikit-image/scikit-image,ev-br,42,User
scikit-image/scikit-image,glemaitre,39,User
scikit-image/scikit-image,mrterry,38,User
scikit-image/scikit-image,chintak,34,User
scikit-image/scikit-image,JohnnyTeutonic,32,User
scikit-image/scikit-image,sharky93,32,User
scikit-image/scikit-image,jjhelmus,29,User
scikit-image/scikit-image,NelleV,28,User
scikit-image/scikit-image,matejak,27,User
scikit-image/scikit-image,NeilYager,25,User
scikit-image/scikit-image,arve0,25,User
scikit-image/scikit-image,spotter,25,User
scikit-image/scikit-image,OrkoHunter,23,User
scikit-image/scikit-image,jwiggins,22,User
scikit-image/scikit-image,Anders Boesen Lindbo Larsen,21,Anonymous
scikit-image/scikit-image,pskeshu,21,User
scikit-image/scikit-image,Neil,21,Anonymous
scikit-image/scikit-image,Scott Sievert,21,Anonymous
scikit-image/scikit-image,Kevin Keraudren,20,Anonymous
scikit-image/scikit-image,goldsborough,20,User
scikit-image/scikit-image,nlsn,20,User
scikit-image/scikit-image,michalkrawczyk,19,User
scikit-image/scikit-image,pratapvardhan,19,User
scikit-image/scikit-image,Julius Bier Kirekgaard,19,Anonymous
scikit-image/scikit-image,jaberg,19,User
scikit-image/scikit-image,cowlicks,19,User
scikit-image/scikit-image,geggo,18,User
scikit-image/scikit-image,nelzas,18,User
scikit-image/scikit-image,TimSC,18,User
scikit-image/scikit-image,Borda,18,User
scikit-image/scikit-image,aizvorski,17,User
scikit-image/scikit-image,bdholt1,17,User
scikit-image/scikit-image,Stefan van der Walt,17,Anonymous
scikit-image/scikit-image,wilsaj,17,User
scikit-image/scikit-image,ivoflipse,17,User
scikit-image/scikit-image,Alexandre de Siqueira,16,Anonymous
scikit-image/scikit-image,synesthesiam,16,User
scikit-image/scikit-image,npinto,16,User
scikit-image/scikit-image,ana42742,15,User
scikit-image/scikit-image,YueHazelZheng,15,User
scikit-image/scikit-image,Tim-Oliver Buchholz,15,Anonymous
scikit-image/scikit-image,sivapvarma,15,User
scikit-image/scikit-image,souravsingh,14,User
scikit-image/scikit-image,xiaoyu-wu,14,User
scikit-image/scikit-image,MartinSavc,14,User
scikit-image/scikit-image,decorouz,14,User
scikit-image/scikit-image,Carreau,14,User
scikit-image/scikit-image,radioxoma,14,User
scikit-image/scikit-image,kangaroooh,13,User
scikit-image/scikit-image,thouis,13,User
scikit-image/scikit-image,neerajgangwar,13,User
scikit-image/scikit-image,Geoffrey French,13,Anonymous
scikit-image/scikit-image,anntzer,12,User
scikit-image/scikit-image,Horea Christian,12,Anonymous
scikit-image/scikit-image,guillempalou,12,User
scikit-image/scikit-image,lilisako,11,User
scikit-image/scikit-image,michaelbratsch,11,User
scikit-image/scikit-image,PinkShnack,11,User
scikit-image/scikit-image,dfarmer,11,User
scikit-image/scikit-image,adamfeuer,11,User
scikit-image/scikit-image,justinpinkney,10,User
scikit-image/scikit-image,jkterry1,10,User
nltk/nltk,stevenbird,5169,User
nltk/nltk,Edward Loper,2188,Anonymous
nltk/nltk,Ewan Klein,1497,Anonymous
nltk/nltk,alvations,827,User
nltk/nltk,dhgarrette,361,User
nltk/nltk,kmike,332,User
nltk/nltk,fievelk,269,User
nltk/nltk,ekaf,205,User
nltk/nltk,tomaarsen,192,User
nltk/nltk,iliakur,185,User
nltk/nltk,Will Roberts,157,Anonymous
nltk/nltk,dimazest,113,User
nltk/nltk,heatherleaf,109,User
nltk/nltk,Paul Bone,94,Anonymous
nltk/nltk,sparcs,91,User
nltk/nltk,nschneid,85,User
nltk/nltk,xim,83,User
nltk/nltk,hoontw,82,User
nltk/nltk,jnothman,79,User
nltk/nltk,jfrazee,72,User
nltk/nltk,muneson,70,User
nltk/nltk,purificant,66,User
nltk/nltk,Haejoong Lee,65,Anonymous
nltk/nltk,Mike Recachinas,65,Anonymous
nltk/nltk,lrnzcig,65,User
nltk/nltk,Trevor Cohn,64,Anonymous
nltk/nltk,ewan-klein,60,User
nltk/nltk,longdt219,60,User
nltk/nltk,Rob Speer,56,Anonymous
nltk/nltk,Greg Aumann,53,Anonymous
nltk/nltk,alexrudnick,50,User
nltk/nltk,Stuart Robinson,49,Anonymous
nltk/nltk,rmalouf,48,User
nltk/nltk,Ewan Klein,46,Anonymous
nltk/nltk,naoyak,46,User
nltk/nltk,HyperPS,37,User
nltk/nltk,tresoldi,36,User
nltk/nltk,larsmans,36,User
nltk/nltk,David Ormiston Smith,35,Anonymous
nltk/nltk,bmaland,33,User
nltk/nltk,dannysepler,28,User
nltk/nltk,Baden Hughes,25,Anonymous
nltk/nltk,DavidDoukhan,24,User
nltk/nltk,dmmolitor,23,User
nltk/nltk,story645,22,User
nltk/nltk,jaehoonhwang,22,User
nltk/nltk,pyfisch,21,User
nltk/nltk,helmanofer,19,User
nltk/nltk,fannix,18,User
nltk/nltk,dougalg,18,User
nltk/nltk,ezubaric,17,User
nltk/nltk,vpetro,16,User
nltk/nltk,bobobo1618,16,Anonymous
nltk/nltk,Avital Pekker,15,Anonymous
nltk/nltk,wooters,15,User
nltk/nltk,validus77,15,User
nltk/nltk,TomLippincott,13,User
nltk/nltk,Nitin Madnani,13,Anonymous
nltk/nltk,53X,13,User
nltk/nltk,ales-t,12,User
nltk/nltk,apresta,12,User
nltk/nltk,ExplodingCabbage,12,User
nltk/nltk,tsolakghukasyan,12,Anonymous
nltk/nltk,futurulus,11,User
nltk/nltk,chintan.sh,11,Anonymous
nltk/nltk,henchc,11,User
nltk/nltk,smithct2,11,User
nltk/nltk,xu2333,10,User
nltk/nltk,jacksonllee,10,User
nltk/nltk,free-variation,10,User
nltk/nltk,iulhaq,10,Anonymous
nltk/nltk,kamholz,10,User
nltk/nltk,tosemml,10,User
nltk/nltk,he7d3r,10,User
nltk/nltk,Jussi Salmela,10,Anonymous
nltk/nltk,goodmami,10,User
nltk/nltk,Steven Bethard,10,Anonymous
nltk/nltk,itsmemala,9,User
nltk/nltk,stieglma,9,User
nltk/nltk,Shivansh-Game,9,User
nltk/nltk,Tan LiLing,9,Anonymous
nltk/nltk,Salim Zayats,9,Anonymous
nltk/nltk,bamattsson,9,User
nltk/nltk,alexandredias3d,8,User
nltk/nltk,LeonieWeissweiler,8,User
nltk/nltk,pflaquerre,8,User
nltk/nltk,12mohaned,8,User
nltk/nltk,alex.constantin,8,Anonymous
nltk/nltk,Felipe Madrigal,8,Anonymous
nltk/nltk,dan-blanchard,8,User
nltk/nltk,artiemq,8,User
nltk/nltk,Gerhard Kremer,8,Anonymous
nltk/nltk,jasonbaldridge,8,User
nltk/nltk,k4black,8,User
nltk/nltk,matanrak,8,User
nltk/nltk,Higgs32584,8,User
nltk/nltk,PhanatosZou,8,User
nltk/nltk,narad,7,User
nltk/nltk,irisxzhou,7,User
nltk/nltk,pratapvardhan,7,User
RaRe-Technologies/gensim,piskvorky,1492,User
RaRe-Technologies/gensim,tmylk,338,User
RaRe-Technologies/gensim,mpenkov,279,User
RaRe-Technologies/gensim,piskvorky,259,Anonymous
RaRe-Technologies/gensim,menshikh-iv,214,User
RaRe-Technologies/gensim,gojomo,184,User
RaRe-Technologies/gensim,chinmayapancholi13,167,User
RaRe-Technologies/gensim,cscorley,65,User
RaRe-Technologies/gensim,sotte,42,User
RaRe-Technologies/gensim,Witiko,41,User
RaRe-Technologies/gensim,jayantj,40,User
RaRe-Technologies/gensim,sebastien-j,36,User
RaRe-Technologies/gensim,parulsethi,36,User
RaRe-Technologies/gensim,mataddy,36,User
RaRe-Technologies/gensim,julianpollmann,35,User
RaRe-Technologies/gensim,fbarrios,34,User
RaRe-Technologies/gensim,mattilyra,34,User
RaRe-Technologies/gensim,"Sweeney, Mack",33,Anonymous
RaRe-Technologies/gensim,bhargavvader,30,User
RaRe-Technologies/gensim,horpto,30,User
RaRe-Technologies/gensim,olavurmortensen,29,User
RaRe-Technologies/gensim,markroxor,27,User
RaRe-Technologies/gensim,pabs3,27,User
RaRe-Technologies/gensim,ziky90,26,User
RaRe-Technologies/gensim,temerick,23,User
RaRe-Technologies/gensim,prakhar2b,19,User
RaRe-Technologies/gensim,devashishd12,19,User
RaRe-Technologies/gensim,larsmans,18,User
RaRe-Technologies/gensim,dedan,17,User
RaRe-Technologies/gensim,davechallis,16,User
RaRe-Technologies/gensim,erbas,13,User
RaRe-Technologies/gensim,pengowray,13,User
RaRe-Technologies/gensim,macks22,13,User
RaRe-Technologies/gensim,mt,12,Anonymous
RaRe-Technologies/gensim,Philipp Dowling,12,Anonymous
RaRe-Technologies/gensim,"Zikes, Jan",12,Anonymous
RaRe-Technologies/gensim,dependabot[bot],12,Bot
RaRe-Technologies/gensim,droudy,11,User
RaRe-Technologies/gensim,Jose Quesada,11,Anonymous
RaRe-Technologies/gensim,Prakhar Pratyush,11,Anonymous
RaRe-Technologies/gensim,manneshiva,11,User
RaRe-Technologies/gensim,hajicj,11,User
RaRe-Technologies/gensim,hyhan,10,Anonymous
RaRe-Technologies/gensim,vlejd,10,User
RaRe-Technologies/gensim,CLearERR,9,User
RaRe-Technologies/gensim,josephcc,9,User
RaRe-Technologies/gensim,KCzar,9,User
RaRe-Technologies/gensim,anotherbugmaster,9,User
RaRe-Technologies/gensim,aneesh-joshi,8,User
RaRe-Technologies/gensim,jesterhazy,8,User
RaRe-Technologies/gensim,Arttii,8,User
RaRe-Technologies/gensim,akutuzov,8,User
RaRe-Technologies/gensim,fedelopez77,8,User
RaRe-Technologies/gensim,svenkreiss,8,User
RaRe-Technologies/gensim,Miguel Cabrera,8,Anonymous
RaRe-Technologies/gensim,rsdel2007,8,User
RaRe-Technologies/gensim,souravsingh,7,User
RaRe-Technologies/gensim,silviatti,7,User
RaRe-Technologies/gensim,Matt Fortier,7,Anonymous
RaRe-Technologies/gensim,Dieter Plaetinck,6,Anonymous
RaRe-Technologies/gensim,hechth,6,User
RaRe-Technologies/gensim,jonaschn,6,User
RaRe-Technologies/gensim,Julian Pollmann,6,Anonymous
RaRe-Technologies/gensim,steremma,6,User
RaRe-Technologies/gensim,hyhan,6,Anonymous
RaRe-Technologies/gensim,alekol,6,User
RaRe-Technologies/gensim,Tiepies,6,User
RaRe-Technologies/gensim,buma,5,User
RaRe-Technologies/gensim,isomap,5,User
RaRe-Technologies/gensim,persiyanov,5,User
RaRe-Technologies/gensim,anmolgulati,5,User
RaRe-Technologies/gensim,PrimozGodec,5,User
RaRe-Technologies/gensim,tpsatish95,5,User
RaRe-Technologies/gensim,darindf,5,User
RaRe-Technologies/gensim,dymil,5,User
RaRe-Technologies/gensim,jenishah,5,User
RaRe-Technologies/gensim,ibrahimsharaf,4,User
RaRe-Technologies/gensim,metalaman,4,User
RaRe-Technologies/gensim,robotcator,4,Anonymous
RaRe-Technologies/gensim,lopusz,4,User
RaRe-Technologies/gensim,lechatpito,4,Anonymous
RaRe-Technologies/gensim,arlenk,4,User
RaRe-Technologies/gensim,yurkai,4,User
RaRe-Technologies/gensim,udibr,4,User
RaRe-Technologies/gensim,Homer Strong,4,Anonymous
RaRe-Technologies/gensim,Justin Talbot,4,Anonymous
RaRe-Technologies/gensim,luispedro,4,User
RaRe-Technologies/gensim,charliejharrison,4,User
RaRe-Technologies/gensim,Radim Rehurek,4,Anonymous
RaRe-Technologies/gensim,sj29-innovate,4,User
RaRe-Technologies/gensim,shubhvachher,4,User
RaRe-Technologies/gensim,robotcator,4,User
RaRe-Technologies/gensim,Michael W. Sherman,3,Anonymous
RaRe-Technologies/gensim,xh2,3,User
RaRe-Technologies/gensim,sharanry,3,User
RaRe-Technologies/gensim,shubhamdotjain,3,User
RaRe-Technologies/gensim,Stigjb,3,User
RaRe-Technologies/gensim,timClicks,3,User
RaRe-Technologies/gensim,dvorakvaclav,3,User
RaRe-Technologies/gensim,austereantelope,3,User
sloria/TextBlob,sloria,437,User
sloria/TextBlob,pre-commit-ci[bot],55,Bot
sloria/TextBlob,dependabot[bot],26,Bot
sloria/TextBlob,dependabot-preview[bot],19,Bot
sloria/TextBlob,Jon Coe,17,Anonymous
sloria/TextBlob,dependabot-support,14,User
sloria/TextBlob,Matthew Honnibal,12,Anonymous
sloria/TextBlob,RomanYankovsky,11,User
sloria/TextBlob,jschnurr,8,User
sloria/TextBlob,pyup-bot,6,User
sloria/TextBlob,Adrián López,5,Anonymous
sloria/TextBlob,evandempsey,5,User
sloria/TextBlob,johnfraney,5,User
sloria/TextBlob,emmyzero,5,User
sloria/TextBlob,jammmo,5,User
sloria/TextBlob,jeffakolb,3,User
sloria/TextBlob,EpicJhon,2,User
sloria/TextBlob,Roman Korolev,2,Anonymous
sloria/TextBlob,danong,2,User
sloria/TextBlob,casatir,1,User
sloria/TextBlob,mrchilds,1,User
sloria/TextBlob,Tyler James Harden,1,Anonymous
sloria/TextBlob,timgates42,1,User
sloria/TextBlob,code-inflation,1,User
sloria/TextBlob,raybellwaves,1,User
sloria/TextBlob,cool-RR,1,User
sloria/TextBlob,peterkeen,1,User
sloria/TextBlob,pavelmalai,1,User
sloria/TextBlob,nikulshr,1,User
sloria/TextBlob,lragnarsson,1,User
sloria/TextBlob,tirkarthi,1,User
sloria/TextBlob,sudoguy,1,User
sloria/TextBlob,davidnk,1,User
sloria/TextBlob,Daniel Ong,1,Anonymous
sloria/TextBlob,AdrianLC,1,User
sloria/TextBlob,adelq,1,User
sloria/TextBlob,Adam Chainz,1,Anonymous
explosion/spaCy,ines,5023,User
explosion/spaCy,honnibal,3842,User
explosion/spaCy,syllog1sm,2300,User
explosion/spaCy,adrianeboyd,1055,User
explosion/spaCy,svlandeg,1035,User
explosion/spaCy,henningpeters,233,User
explosion/spaCy,Matthew Honnibal,203,Anonymous
explosion/spaCy,polm,182,User
explosion/spaCy,geovedi,56,User
explosion/spaCy,danieldk,53,User
explosion/spaCy,rmitsch,53,User
explosion/spaCy,Wolfgang Seeker,45,Anonymous
explosion/spaCy,maxirmx,44,Anonymous
explosion/spaCy,jimregan,41,User
explosion/spaCy,github-actions[bot],40,Bot
explosion/spaCy,maxirmx,40,User
explosion/spaCy,essenmitsosse,34,User
explosion/spaCy,oroszgy,32,User
explosion/spaCy,shadeMe,31,User
explosion/spaCy,DuyguA,28,User
explosion/spaCy,thomashacker,24,User
explosion/spaCy,sorenlind,24,User
explosion/spaCy,ljvmiranda921,23,User
explosion/spaCy,pmbaumgartner,22,User
explosion/spaCy,raphael0202,22,User
explosion/spaCy,richardpaulhudson,19,User
explosion/spaCy,explosion-bot,18,User
explosion/spaCy,rdmrcv,17,User
explosion/spaCy,lfiedler,16,User
explosion/spaCy,Gregory-Howard,15,User
explosion/spaCy,2U62W4N6,15,User
explosion/spaCy,wannaphong,15,User
explosion/spaCy,kadarakos,15,User
explosion/spaCy,tamuhey,14,User
explosion/spaCy,Kit,14,Anonymous
explosion/spaCy,Raphaël Bournhonesque,14,Anonymous
explosion/spaCy,ryndaniels,14,User
explosion/spaCy,jumasheff,13,User
explosion/spaCy,sambozek,13,User
explosion/spaCy,KennethEnevoldsen,12,User
explosion/spaCy,ExplodingCabbage,12,User
explosion/spaCy,BreakBB,12,User
explosion/spaCy,Bram Vanroy,11,Anonymous
explosion/spaCy,Duygu Altinok,11,Anonymous
explosion/spaCy,pktippa,11,User
explosion/spaCy,koaning,11,User
explosion/spaCy,yuukos,11,Anonymous
explosion/spaCy,luvogels,11,User
explosion/spaCy,wltrcrasshole,10,User
explosion/spaCy,jeannefukumaru,10,User
explosion/spaCy,GregDubbin,10,User
explosion/spaCy,GreenRiverRUS,10,User
explosion/spaCy,ramananbalakrishnan,10,User
explosion/spaCy,bdura,9,User
explosion/spaCy,Magnus Burton,9,Anonymous
explosion/spaCy,Matthew Honnibal,9,Anonymous
explosion/spaCy,shigapov,9,User
explosion/spaCy,Wolfgang Seeker,9,Anonymous
explosion/spaCy,mollerhoj,9,User
explosion/spaCy,kevinlu1248,9,User
explosion/spaCy,shuvanon,8,User
explosion/spaCy,bryant1410,8,User
explosion/spaCy,alvaroabascar,8,User
explosion/spaCy,mpuels,8,User
explosion/spaCy,graue70,8,User
explosion/spaCy,tomtung,8,User
explosion/spaCy,thomasopsomer,8,User
explosion/spaCy,Shumie82,8,User
explosion/spaCy,SamEdwardes,8,User
explosion/spaCy,Ole Henrik Skogstrøm,8,Anonymous
explosion/spaCy,nipunsadvilkar,8,User
explosion/spaCy,davidberenstein1957,8,User
explosion/spaCy,avadhpatel,8,User
explosion/spaCy,skrcode,7,User
explosion/spaCy,MartinoMensio,7,User
explosion/spaCy,jenojp,7,User
explosion/spaCy,abhi18av,7,User
explosion/spaCy,amperinet,7,User
explosion/spaCy,Jordan Suchow,7,Anonymous
explosion/spaCy,tokestermw,7,User
explosion/spaCy,victorialslocum,7,User
explosion/spaCy,wjbmattingly,7,User
explosion/spaCy,mirfan899,6,User
explosion/spaCy,dvsrepo,6,User
explosion/spaCy,hscspring,6,User
explosion/spaCy,Suqi Sun,6,Anonymous
explosion/spaCy,wallinm1,6,User
explosion/spaCy,Mathias Deschamps,6,Anonymous
explosion/spaCy,fhopp,6,User
explosion/spaCy,4altinok,6,Anonymous
explosion/spaCy,danielhers,5,User
explosion/spaCy,jmyerston,5,User
explosion/spaCy,mauryaland,5,User
explosion/spaCy,kengz,5,User
explosion/spaCy,dafnevk,5,Anonymous
explosion/spaCy,cclauss,5,Anonymous
explosion/spaCy,alvations,5,User
explosion/spaCy,Aaron Marquez,5,Anonymous
explosion/spaCy,abchapman93,5,User
explosion/spaCy,Andreas Grivas,5,Anonymous
psycopg/psycopg2,dvarrazzo,2154,User
psycopg/psycopg2,fogzot,466,User
psycopg/psycopg2,a1exsh,81,User
psycopg/psycopg2,jhenstridge,69,User
psycopg/psycopg2,jdufresne,57,User
psycopg/psycopg2,jerickso,51,User
psycopg/psycopg2,wulczer,29,User
psycopg/psycopg2,hugovk,21,User
psycopg/psycopg2,dependabot[bot],16,Bot
psycopg/psycopg2,asheshv,8,User
psycopg/psycopg2,mrmilosz,8,User
psycopg/psycopg2,tranchitella,8,User
psycopg/psycopg2,cjw296,7,User
psycopg/psycopg2,slacy,6,User
psycopg/psycopg2,edgarrmondragon,6,User
psycopg/psycopg2,Alexander Kukushkin,5,Anonymous
psycopg/psycopg2,befeleme,5,User
psycopg/psycopg2,Ivan Kotelnikov,4,Anonymous
psycopg/psycopg2,rafiss,4,User
psycopg/psycopg2,Roman Konoval,3,Anonymous
psycopg/psycopg2,reneleonhardt,3,User
psycopg/psycopg2,Menno Smits,3,Anonymous
psycopg/psycopg2,intgr,3,User
psycopg/psycopg2,msabramo,3,User
psycopg/psycopg2,Greg Ward,3,Anonymous
psycopg/psycopg2,RazerM,3,User
psycopg/psycopg2,Blake Rouse,3,Anonymous
psycopg/psycopg2,grunskis,2,User
psycopg/psycopg2,martinfrancois,2,User
psycopg/psycopg2,manisandro,2,User
psycopg/psycopg2,Photonios,2,Anonymous
psycopg/psycopg2,pombredanne,2,User
psycopg/psycopg2,lithammer,2,User
psycopg/psycopg2,NateEag,2,User
psycopg/psycopg2,jayvdb,2,User
psycopg/psycopg2,james-emerton,2,User
psycopg/psycopg2,jchampio,2,User
psycopg/psycopg2,ygzgxyz,2,User
psycopg/psycopg2,abmusse,2,User
psycopg/psycopg2,alandmoore,2,User
psycopg/psycopg2,snaury,2,User
psycopg/psycopg2,AmirBitaraf,2,User
psycopg/psycopg2,bwoodsend,2,User
psycopg/psycopg2,Changaco,2,User
psycopg/psycopg2,glyph,2,User
psycopg/psycopg2,giomasce,2,User
psycopg/psycopg2,eschwartz,2,User
psycopg/psycopg2,enmand,2,User
psycopg/psycopg2,jouve,2,User
psycopg/psycopg2,mildebrandt,2,User
psycopg/psycopg2,hawflakes,1,User
psycopg/psycopg2,ojrac,1,User
psycopg/psycopg2,NotSqrt,1,User
psycopg/psycopg2,sobolevn,1,User
psycopg/psycopg2,nickzandbergen,1,User
psycopg/psycopg2,My Karlsson,1,Anonymous
psycopg/psycopg2,hroncok,1,User
psycopg/psycopg2,Mike Gerdts,1,Anonymous
psycopg/psycopg2,mliezun,1,User
psycopg/psycopg2,exhuma,1,User
psycopg/psycopg2,mattheww,1,User
psycopg/psycopg2,markokr,1,User
psycopg/psycopg2,depaolim,1,User
psycopg/psycopg2,magnuswatn,1,User
psycopg/psycopg2,nezda,1,User
psycopg/psycopg2,marwahaha,1,User
psycopg/psycopg2,Kevin Michel,1,Anonymous
psycopg/psycopg2,kevcampb,1,User
psycopg/psycopg2,Karl O. Pinc,1,Anonymous
psycopg/psycopg2,Justas Sadzevicius,1,Anonymous
psycopg/psycopg2,Jonathan Ross Rogers,1,Anonymous
psycopg/psycopg2,Jonathan Ballet,1,Anonymous
psycopg/psycopg2,multani,1,User
psycopg/psycopg2,wbolster,1,User
psycopg/psycopg2,odidev,1,User
psycopg/psycopg2,btubbs,1,User
psycopg/psycopg2,arulajmani,1,User
psycopg/psycopg2,djsfcom,1,User
psycopg/psycopg2,yhay81,1,User
psycopg/psycopg2,higuoxing,1,User
psycopg/psycopg2,wjt,1,User
psycopg/psycopg2,nonZero,1,User
psycopg/psycopg2,r3m0t,1,User
psycopg/psycopg2,tisdall,1,User
psycopg/psycopg2,timgraham,1,User
psycopg/psycopg2,timgates42,1,User
psycopg/psycopg2,SpootDev,1,User
psycopg/psycopg2,jdavcs,1,User
psycopg/psycopg2,xflr6,1,User
psycopg/psycopg2,saulshanabrook,1,User
psycopg/psycopg2,SamuelMarks,1,User
psycopg/psycopg2,ronnix,1,User
psycopg/psycopg2,xrmx,1,User
psycopg/psycopg2,kwadrat,1,User
psycopg/psycopg2,hollobon,1,User
psycopg/psycopg2,takis,1,User
psycopg/psycopg2,tabletcorry,1,User
psycopg/psycopg2,Colin 't Hart,1,Anonymous
psycopg/psycopg2,ClodoaldoPinto,1,User
psycopg/psycopg2,cjolif,1,User
mongodb/mongo-python-driver,behackett,1432,User
mongodb/mongo-python-driver,Mike Dirolf,1131,Anonymous
mongodb/mongo-python-driver,ShaneHarvey,939,User
mongodb/mongo-python-driver,blink1073,608,User
mongodb/mongo-python-driver,ajdavis,597,User
mongodb/mongo-python-driver,A. Jesse Jiryu Davis,395,Anonymous
mongodb/mongo-python-driver,NoahStapp,275,User
mongodb/mongo-python-driver,prashantmital,140,User
mongodb/mongo-python-driver,sleepyStick,113,User
mongodb/mongo-python-driver,juliusgeo,110,User
mongodb/mongo-python-driver,Luke Lovett,83,Anonymous
mongodb/mongo-python-driver,dependabot[bot],66,Bot
mongodb/mongo-python-driver,rozza,64,User
mongodb/mongo-python-driver,aherlihy,38,User
mongodb/mongo-python-driver,caseyclements,29,User
mongodb/mongo-python-driver,Jibola,26,User
mongodb/mongo-python-driver,aclark4life,23,User
mongodb/mongo-python-driver,dcrosta,22,User
mongodb/mongo-python-driver,A. Jesse Jiryu Davis,20,Anonymous
mongodb/mongo-python-driver,mongodb-dbx-release-bot[bot],20,Bot
mongodb/mongo-python-driver,bcwarner,16,User
mongodb/mongo-python-driver,RedBeard0531,15,User
mongodb/mongo-python-driver,shruti-sridhar,12,User
mongodb/mongo-python-driver,Justin Patrin,11,Anonymous
mongodb/mongo-python-driver,jonashaag,10,User
mongodb/mongo-python-driver,erh,8,User
mongodb/mongo-python-driver,kevinAlbs,8,User
mongodb/mongo-python-driver,mongodb-drivers-pr-bot[bot],7,Bot
mongodb/mongo-python-driver,guanlinzhou,6,User
mongodb/mongo-python-driver,serbaut,6,User
mongodb/mongo-python-driver,hawka,6,User
mongodb/mongo-python-driver,puentesarrin,5,User
mongodb/mongo-python-driver,jbergstroem,5,User
mongodb/mongo-python-driver,oxymor0n,5,User
mongodb/mongo-python-driver,nesdis,4,User
mongodb/mongo-python-driver,wbolster,4,User
mongodb/mongo-python-driver,Michael DIrolf,4,Anonymous
mongodb/mongo-python-driver,Jonatan Samoocha,4,Anonymous
mongodb/mongo-python-driver,fajran,4,User
mongodb/mongo-python-driver,Bernie Hackett,4,Anonymous
mongodb/mongo-python-driver,stephan-hof,3,User
mongodb/mongo-python-driver,awestendorf,3,User
mongodb/mongo-python-driver,shell-over-rice,3,User
mongodb/mongo-python-driver,avelino,3,User
mongodb/mongo-python-driver,pcorpet,3,User
mongodb/mongo-python-driver,hensom,3,User
mongodb/mongo-python-driver,msabramo,3,User
mongodb/mongo-python-driver,3rf,3,User
mongodb/mongo-python-driver,Kn99HN,3,User
mongodb/mongo-python-driver,skazhy,3,User
mongodb/mongo-python-driver,Gregg Lind,3,Anonymous
mongodb/mongo-python-driver,Flavio [FlaPer87] Percoco Premoli,3,Anonymous
mongodb/mongo-python-driver,edaniels,3,User
mongodb/mongo-python-driver,entone,3,User
mongodb/mongo-python-driver,ameily,3,User
mongodb/mongo-python-driver,sridharn,2,Anonymous
mongodb/mongo-python-driver,ilukyanchikov,2,User
mongodb/mongo-python-driver,github-actions[bot],2,Bot
mongodb/mongo-python-driver,cxmcc,2,User
mongodb/mongo-python-driver,timgates42,2,User
mongodb/mongo-python-driver,T. Dampier,2,Anonymous
mongodb/mongo-python-driver,slacy,2,User
mongodb/mongo-python-driver,Pochetes,2,User
mongodb/mongo-python-driver,RinZ27,2,User
mongodb/mongo-python-driver,thalassemia,2,User
mongodb/mongo-python-driver,thanhnguyen-mdb,2,User
mongodb/mongo-python-driver,tylderen,2,User
mongodb/mongo-python-driver,estolfo,2,User
mongodb/mongo-python-driver,terencehonles,2,User
mongodb/mongo-python-driver,ramnes,2,User
mongodb/mongo-python-driver,ultrabug,2,User
mongodb/mongo-python-driver,Jagrut,2,User
mongodb/mongo-python-driver,adamchainz,2,User
mongodb/mongo-python-driver,svetlyak40wt,2,User
mongodb/mongo-python-driver,Alexander Golin,2,Anonymous
mongodb/mongo-python-driver,snaury,2,User
mongodb/mongo-python-driver,asottile,2,User
mongodb/mongo-python-driver,Chris Cho,2,Anonymous
mongodb/mongo-python-driver,tompko,2,User
mongodb/mongo-python-driver,Dan Crosta,2,Anonymous
mongodb/mongo-python-driver,Don Mitchell,2,Anonymous
mongodb/mongo-python-driver,flaper87,2,User
mongodb/mongo-python-driver,fsouza,2,User
mongodb/mongo-python-driver,gregglind,2,User
mongodb/mongo-python-driver,girogiro,2,User
mongodb/mongo-python-driver,jaraco,2,User
mongodb/mongo-python-driver,mpobrien,2,User
mongodb/mongo-python-driver,nbas11,2,User
mongodb/mongo-python-driver,messa,2,User
mongodb/mongo-python-driver,shearic,2,User
mongodb/mongo-python-driver,romuald,1,User
mongodb/mongo-python-driver,rmsr,1,User
mongodb/mongo-python-driver,Sam Helman,1,Anonymous
mongodb/mongo-python-driver,samuelclay,1,User
mongodb/mongo-python-driver,last-g,1,User
mongodb/mongo-python-driver,Sergey Ninua,1,Anonymous
mongodb/mongo-python-driver,shreybatra,1,User
mongodb/mongo-python-driver,sharat87,1,User
mongodb/mongo-python-driver,gearheart,1,User
mongodb/mongo-python-driver,soroushmahdavi01,1,User
sqlalchemy/sqlalchemy,zzzeek,14234,User
sqlalchemy/sqlalchemy,CaselIT,655,User
sqlalchemy/sqlalchemy,jek,515,User
sqlalchemy/sqlalchemy,empty,195,User
sqlalchemy/sqlalchemy,gordthompson,164,User
sqlalchemy/sqlalchemy,lelit,88,User
sqlalchemy/sqlalchemy,dianaclarke,79,User
sqlalchemy/sqlalchemy,gdementen,75,User
sqlalchemy/sqlalchemy,jbellis,72,User
sqlalchemy/sqlalchemy,pjenvey,60,User
sqlalchemy/sqlalchemy,cjw296,56,User
sqlalchemy/sqlalchemy,Ricmo,55,User
sqlalchemy/sqlalchemy,ants,52,User
sqlalchemy/sqlalchemy,Brad Allen,50,Anonymous
sqlalchemy/sqlalchemy,paj28,46,User
sqlalchemy/sqlalchemy,jvanasco,44,User
sqlalchemy/sqlalchemy,tlocke,35,User
sqlalchemy/sqlalchemy,dependabot[bot],31,Bot
sqlalchemy/sqlalchemy,nakagami,29,User
sqlalchemy/sqlalchemy,vrajmohan,26,User
sqlalchemy/sqlalchemy,Mike Bayer,23,Anonymous
sqlalchemy/sqlalchemy,dlax,21,User
sqlalchemy/sqlalchemy,Robert Leftwich,17,Anonymous
sqlalchemy/sqlalchemy,Taavi Burns,16,Anonymous
sqlalchemy/sqlalchemy,RamonWill,14,User
sqlalchemy/sqlalchemy,donkopotamus,13,User
sqlalchemy/sqlalchemy,tiangolo,13,User
sqlalchemy/sqlalchemy,jeffwidman,13,User
sqlalchemy/sqlalchemy,nphilipp,12,User
sqlalchemy/sqlalchemy,Dobes Vandermeer,11,Anonymous
sqlalchemy/sqlalchemy,ScottDugas,11,User
sqlalchemy/sqlalchemy,Rodrigo Menezes,10,Anonymous
sqlalchemy/sqlalchemy,xflr6,10,User
sqlalchemy/sqlalchemy,scop,10,User
sqlalchemy/sqlalchemy,malor,10,User
sqlalchemy/sqlalchemy,msabramo,9,User
sqlalchemy/sqlalchemy,olduvaihand,9,User
sqlalchemy/sqlalchemy,everilae,8,User
sqlalchemy/sqlalchemy,Kevin Kirsche,8,Anonymous
sqlalchemy/sqlalchemy,bryanforbes,8,User
sqlalchemy/sqlalchemy,ashm-dev,7,User
sqlalchemy/sqlalchemy,rdemetrescu,7,User
sqlalchemy/sqlalchemy,glyphobet,7,User
sqlalchemy/sqlalchemy,cleverdevil,7,User
sqlalchemy/sqlalchemy,Eric Siegerman,7,Anonymous
sqlalchemy/sqlalchemy,alex,7,User
sqlalchemy/sqlalchemy,jfinkels,6,User
sqlalchemy/sqlalchemy,methane,6,User
sqlalchemy/sqlalchemy,Polandia94,6,User
sqlalchemy/sqlalchemy,nathan-rice,6,User
sqlalchemy/sqlalchemy,krave1986,6,User
sqlalchemy/sqlalchemy,malikdiarra,6,User
sqlalchemy/sqlalchemy,youknowone,6,User
sqlalchemy/sqlalchemy,ddimmich,6,User
sqlalchemy/sqlalchemy,audriusk,6,User
sqlalchemy/sqlalchemy,RazerM,6,User
sqlalchemy/sqlalchemy,heckad,5,User
sqlalchemy/sqlalchemy,uriyyo,5,User
sqlalchemy/sqlalchemy,plaes,5,User
sqlalchemy/sqlalchemy,nibrahim,5,User
sqlalchemy/sqlalchemy,Michael Trier,5,Anonymous
sqlalchemy/sqlalchemy,JonNelson,5,User
sqlalchemy/sqlalchemy,iurisilvio,5,User
sqlalchemy/sqlalchemy,gthb,5,User
sqlalchemy/sqlalchemy,grooverdan,5,User
sqlalchemy/sqlalchemy,edgarrmondragon,4,User
sqlalchemy/sqlalchemy,hugovk,4,User
sqlalchemy/sqlalchemy,elemoine,4,User
sqlalchemy/sqlalchemy,ndparker,4,User
sqlalchemy/sqlalchemy,jakeogh,4,User
sqlalchemy/sqlalchemy,Dreamsorcerer,4,User
sqlalchemy/sqlalchemy,bowlofeggs,4,User
sqlalchemy/sqlalchemy,hollobon,4,User
sqlalchemy/sqlalchemy,miketheman,4,User
sqlalchemy/sqlalchemy,mwilliamson,4,User
sqlalchemy/sqlalchemy,mjpieters,4,User
sqlalchemy/sqlalchemy,idank,4,User
sqlalchemy/sqlalchemy,Eric Masseran,4,Anonymous
sqlalchemy/sqlalchemy,Denis Kataev,4,Anonymous
sqlalchemy/sqlalchemy,agronholm,4,User
sqlalchemy/sqlalchemy,catherinedevlin,4,User
sqlalchemy/sqlalchemy,celttechie,4,User
sqlalchemy/sqlalchemy,agamrafaeli,4,User
sqlalchemy/sqlalchemy,ijl,3,User
sqlalchemy/sqlalchemy,cgohlke,3,User
sqlalchemy/sqlalchemy,graingert,3,User
sqlalchemy/sqlalchemy,sirosen,3,User
sqlalchemy/sqlalchemy,Shaun Stanworth,3,Anonymous
sqlalchemy/sqlalchemy,mitchellrj,3,User
sqlalchemy/sqlalchemy,natedub,3,User
sqlalchemy/sqlalchemy,sandan,3,User
sqlalchemy/sqlalchemy,indiVar0508,3,User
sqlalchemy/sqlalchemy,jiajunsu,3,User
sqlalchemy/sqlalchemy,yicheng47,3,User
sqlalchemy/sqlalchemy,fardyn,3,User
sqlalchemy/sqlalchemy,sanjana96,3,User
sqlalchemy/sqlalchemy,kataev,3,User
sqlalchemy/sqlalchemy,eltoder,3,User
sqlalchemy/sqlalchemy,provinzkraut,3,User
sqlalchemy/sqlalchemy,jenstroeger,3,User
celery/celery,ask,5641,User
celery/celery,Ask Solem,2875,Anonymous
celery/celery,auvipy,421,User
celery/celery,Nusnus,292,User
celery/celery,mher,91,User
celery/celery,dependabot[bot],83,Bot
celery/celery,pre-commit-ci[bot],80,Bot
celery/celery,pyup-bot,73,User
celery/celery,ionelmc,60,User
celery/celery,piotrmaslanka,45,User
celery/celery,nvie,37,User
celery/celery,maybe-sybr,34,User
celery/celery,graingert,31,User
celery/celery,Mathieu Chataigner,30,Anonymous
celery/celery,steeve,30,User
celery/celery,PMickael,30,User
celery/celery,brainy,23,User
celery/celery,matusvalo,23,User
celery/celery,malinoff,21,User
celery/celery,georgepsarakis,21,User
celery/celery,Dmitry Malinovsky,20,Anonymous
celery/celery,mpavlov,19,User
celery/celery,rnoel,18,Anonymous
celery/celery,Kludex,18,User
celery/celery,berkerpeksag,18,User
celery/celery,naomielst,16,User
celery/celery,aneilbaboo,15,User
celery/celery,browniebroke,15,User
celery/celery,rumineykova,15,User
celery/celery,vbabiy,14,User
celery/celery,Acey9,14,User
celery/celery,fredj,14,User
celery/celery,Rune Halvorsen,13,Anonymous
celery/celery,gthb,13,User
celery/celery,brosner,13,User
celery/celery,Anarchist666,12,User
celery/celery,dcramer,12,User
celery/celery,streeter,11,User
celery/celery,gcachet,10,User
celery/celery,tothegump,9,User
celery/celery,DXist,9,User
celery/celery,jdufresne,9,User
celery/celery,othalla,9,User
celery/celery,toofishes,9,User
celery/celery,brianmay,9,User
celery/celery,xirdneh,8,User
celery/celery,stovenator,8,User
celery/celery,lorenabrams,8,User
celery/celery,lpsinger,8,User
celery/celery,heyman,8,User
celery/celery,Jerzy Kozera,8,Anonymous
celery/celery,cclauss,8,User
celery/celery,acdha,8,User
celery/celery,lewisemm,7,User
celery/celery,rhuab,7,User
celery/celery,woutdenolf,7,User
celery/celery,mark hellewell,7,Anonymous
celery/celery,mpermana,7,User
celery/celery,atombrella,7,User
celery/celery,leobantech,7,User
celery/celery,Jesper Noehr,7,Anonymous
celery/celery,Jason Baker,7,Anonymous
celery/celery,cjwatson,7,User
celery/celery,offbyone,7,User
celery/celery,Bryan Berg,7,Anonymous
celery/celery,AlexHill,7,User
celery/celery,frol,6,User
celery/celery,runeh,6,Anonymous
celery/celery,dobosevych,6,User
celery/celery,ryanpetrello,6,User
celery/celery,mathiasertl,6,User
celery/celery,John Watson,6,Anonymous
celery/celery,alesolda,6,User
celery/celery,c-w,6,User
celery/celery,clokep,5,User
celery/celery,OEP,5,User
celery/celery,samueldg,5,User
celery/celery,staaas,5,User
celery/celery,zllak,5,User
celery/celery,ambv,5,User
celery/celery,julienp,5,User
celery/celery,jbochi,5,User
celery/celery,pachewise,5,User
celery/celery,tumb1er,5,User
celery/celery,paltman,5,User
celery/celery,gvangool,5,User
celery/celery,EvaSDK,5,User
celery/celery,mardiros,5,User
celery/celery,dipAch,5,User
celery/celery,David Harrigan,5,Anonymous
celery/celery,evildmp,5,User
celery/celery,alukach,5,User
celery/celery,igeorgievsky,5,User
celery/celery,veatch,5,User
celery/celery,jonashaag,5,User
celery/celery,matteius,5,User
celery/celery,max-muoto,5,User
celery/celery,nijel,5,User
celery/celery,kmike,5,User
celery/celery,petrprikryl,4,User
redis/redis-py,andymccurdy,772,User
redis/redis-py,dvora-h,179,User
redis/redis-py,chayim,169,User
redis/redis-py,andy,137,Anonymous
redis/redis-py,petyaslavova,99,User
redis/redis-py,AvitalFineRedis,56,User
redis/redis-py,jdufresne,49,User
redis/redis-py,Andrew Brookins,48,Anonymous
redis/redis-py,Roey Prat,48,Anonymous
redis/redis-py,kristjanvalur,38,User
redis/redis-py,vladvildanov,36,User
redis/redis-py,dependabot[bot],31,Bot
redis/redis-py,barshaul,22,User
redis/redis-py,itamarhaber,22,User
redis/redis-py,Andy McCurdy,21,Anonymous
redis/redis-py,Andrew-Chen-Wang,20,User
redis/redis-py,kmerenkov,19,User
redis/redis-py,gerzse,16,User
redis/redis-py,uglide,14,User
redis/redis-py,Gabriel Erzse,14,Anonymous
redis/redis-py,andy-stark-redis,13,User
redis/redis-py,akx,12,User
redis/redis-py,utkarshgupta137,12,User
redis/redis-py,shacharPash,11,User
redis/redis-py,kurtmckee,10,User
redis/redis-py,vitek,10,User
redis/redis-py,dwdougherty,9,User
redis/redis-py,tilgovi,9,User
redis/redis-py,dcolish,8,User
redis/redis-py,theodesp,8,User
redis/redis-py,chillipino,8,User
redis/redis-py,Ben Greenberg,7,Anonymous
redis/redis-py,dogukanteber,7,User
redis/redis-py,thruflo,6,User
redis/redis-py,elena-kolevska,6,User
redis/redis-py,wolever,6,User
redis/redis-py,dwilliams-kenzan,6,User
redis/redis-py,enjoy-binbin,6,User
redis/redis-py,AngusP,6,User
redis/redis-py,Alex Grönholm,6,Anonymous
redis/redis-py,Avital-Fine,5,User
redis/redis-py,zakaf,5,User
redis/redis-py,hydrogen18,5,User
redis/redis-py,gkorland,5,User
redis/redis-py,krishan-carbon,5,User
redis/redis-py,sobolevn,4,User
redis/redis-py,cjsimpson,4,User
redis/redis-py,woutdenolf,4,User
redis/redis-py,laixintao,4,User
redis/redis-py,Rafiot,4,User
redis/redis-py,pietern,4,User
redis/redis-py,oranagra,4,User
redis/redis-py,hunterhogan,4,User
redis/redis-py,dmaier-redislabs,4,User
redis/redis-py,chawco,4,User
redis/redis-py,Ariel Shtul,4,Anonymous
redis/redis-py,gnrfan,4,User
redis/redis-py,ycraaron,4,User
redis/redis-py,popravich,3,User
redis/redis-py,aciddust,3,User
redis/redis-py,SethMichaelLarson,3,User
redis/redis-py,ShubhamKaudewar,3,User
redis/redis-py,terencehonles,3,User
redis/redis-py,thomasst,3,User
redis/redis-py,yossigo,3,User
redis/redis-py,zakj,3,User
redis/redis-py,quiver,3,User
redis/redis-py,iandyh,3,User
redis/redis-py,kiryazovi-redis,3,User
redis/redis-py,ofekshenawa,3,User
redis/redis-py,twidi,3,User
redis/redis-py,tzickel,3,Anonymous
redis/redis-py,pfreixes,3,User
redis/redis-py,nsantiago2719,3,User
redis/redis-py,iartarisi,3,User
redis/redis-py,aouyar,3,User
redis/redis-py,adamv,3,User
redis/redis-py,Abraham Toriz,3,Anonymous
redis/redis-py,bodevone,3,User
redis/redis-py,WisdomPill,3,User
redis/redis-py,ansATgit,3,User
redis/redis-py,fdintino,3,User
redis/redis-py,grippy,3,User
redis/redis-py,Hendrik Muhs,3,Anonymous
redis/redis-py,binarybana,3,User
redis/redis-py,jparise,3,User
redis/redis-py,Justin Head,3,Anonymous
redis/redis-py,Kenneth Reitz,3,Anonymous
redis/redis-py,patrick91,3,User
redis/redis-py,23doors,3,User
redis/redis-py,brainix,3,User
redis/redis-py,pepijndevos,3,User
redis/redis-py,Habbie,3,User
redis/redis-py,SessionIssue,2,User
redis/redis-py,hauntsaninja,2,User
redis/redis-py,timgates42,2,User
redis/redis-py,timsavage,2,User
redis/redis-py,excitoon,2,User
redis/redis-py,vmihailenco,2,User
redis/redis-py,zbristow,2,User
sqlalchemy/alembic,zzzeek,1544,User
sqlalchemy/alembic,CaselIT,115,User
sqlalchemy/alembic,dahlia,20,User
sqlalchemy/alembic,Mike Bayer,20,Anonymous
sqlalchemy/alembic,gordthompson,11,User
sqlalchemy/alembic,bbinet,7,User
sqlalchemy/alembic,BryceLohr,7,User
sqlalchemy/alembic,AKamyshnikova,6,User
sqlalchemy/alembic,dtheodor,6,User
sqlalchemy/alembic,marcinkuzminski,6,User
sqlalchemy/alembic,Carlos Eduardo Rivera,5,Anonymous
sqlalchemy/alembic,exhuma,5,User
sqlalchemy/alembic,ExplodingCabbage,4,User
sqlalchemy/alembic,MaartenKos,4,User
sqlalchemy/alembic,Josh Kupershmidt,4,Anonymous
sqlalchemy/alembic,kasium,3,User
sqlalchemy/alembic,DanCardin,3,User
sqlalchemy/alembic,utek,3,User
sqlalchemy/alembic,simonbowly,3,User
sqlalchemy/alembic,Dreamsorcerer,3,User
sqlalchemy/alembic,peterjc,3,User
sqlalchemy/alembic,nibrahim,3,User
sqlalchemy/alembic,mikeywaites,3,User
sqlalchemy/alembic,msabramo,3,User
sqlalchemy/alembic,lachaib,3,User
sqlalchemy/alembic,jameslamb,3,User
sqlalchemy/alembic,jayaddison,3,User
sqlalchemy/alembic,Iuri de Silvio,3,Anonymous
sqlalchemy/alembic,charlax,3,User
sqlalchemy/alembic,maresb,3,User
sqlalchemy/alembic,aodag,3,User
sqlalchemy/alembic,agriffin-grow,3,User
sqlalchemy/alembic,davidszotten,2,User
sqlalchemy/alembic,saifelse,2,User
sqlalchemy/alembic,TilmanK,2,User
sqlalchemy/alembic,ziima,2,User
sqlalchemy/alembic,dltacube,2,User
sqlalchemy/alembic,david-fed,2,User
sqlalchemy/alembic,ijl,2,User
sqlalchemy/alembic,jvanasco,2,User
sqlalchemy/alembic,zrotceh,2,User
sqlalchemy/alembic,layday,2,User
sqlalchemy/alembic,jpassaro,2,User
sqlalchemy/alembic,donkopotamus,2,User
sqlalchemy/alembic,paradoxxxzero,2,User
sqlalchemy/alembic,witsch,2,User
sqlalchemy/alembic,oaken-source,2,User
sqlalchemy/alembic,FelixSchwarz,2,User
sqlalchemy/alembic,RazerM,2,User
sqlalchemy/alembic,dairiki,2,User
sqlalchemy/alembic,jerdfelt,2,User
sqlalchemy/alembic,jd,2,User
sqlalchemy/alembic,kkirsche,2,User
sqlalchemy/alembic,maver1ck,2,User
sqlalchemy/alembic,mmattes,2,User
sqlalchemy/alembic,moriyoshi,2,User
sqlalchemy/alembic,obeattie,2,User
sqlalchemy/alembic,pbecotte,2,User
sqlalchemy/alembic,Pedro Romano,1,Anonymous
sqlalchemy/alembic,s0undt3ch,1,User
sqlalchemy/alembic,pristupa,1,User
sqlalchemy/alembic,pbrackin,1,User
sqlalchemy/alembic,ParthS007,1,User
sqlalchemy/alembic,olirice,1,User
sqlalchemy/alembic,Nuqlear,1,User
sqlalchemy/alembic,nurgasemetey,1,User
sqlalchemy/alembic,ms32035,1,User
sqlalchemy/alembic,petedmarsh,1,User
sqlalchemy/alembic,Raul Taranu,1,Anonymous
sqlalchemy/alembic,Rishat-F,1,User
sqlalchemy/alembic,robbie-c,1,User
sqlalchemy/alembic,malor,1,User
sqlalchemy/alembic,novafacing,1,User
sqlalchemy/alembic,russellballestrini,1,User
sqlalchemy/alembic,f0rk,1,User
sqlalchemy/alembic,remyduthu,1,User
sqlalchemy/alembic,Sam Park,1,Anonymous
sqlalchemy/alembic,mdomke,1,User
sqlalchemy/alembic,vvvrrooomm,1,User
sqlalchemy/alembic,duc00,1,User
sqlalchemy/alembic,matthew-emw,1,User
sqlalchemy/alembic,merwan,1,User
sqlalchemy/alembic,Michael Bayer,1,Anonymous
sqlalchemy/alembic,koniiiik,1,User
sqlalchemy/alembic,mgorny,1,User
sqlalchemy/alembic,mbeijen,1,User
sqlalchemy/alembic,Mihail Milushev,1,Anonymous
sqlalchemy/alembic,lanzz,1,User
sqlalchemy/alembic,mwerezak,1,User
sqlalchemy/alembic,mikeroll,1,User
sqlalchemy/alembic,nxlouie,1,User
sqlalchemy/alembic,spladug,1,User
sqlalchemy/alembic,cansjt,1,User
sqlalchemy/alembic,cans,1,User
sqlalchemy/alembic,sobolevn,1,User
sqlalchemy/alembic,edigaryev,1,User
sqlalchemy/alembic,nphilipp,1,User
sqlalchemy/alembic,samuelrayment,1,User
sqlalchemy/alembic,el,1,Anonymous
sqlalchemy/alembic,elad4251,1,User
MagicStack/asyncpg,elprans,430,User
MagicStack/asyncpg,1st1,286,User
MagicStack/asyncpg,fantix,13,User
MagicStack/asyncpg,vitaly-burovoy,12,User
MagicStack/asyncpg,musicinmybrain,5,User
MagicStack/asyncpg,eltoder,4,User
MagicStack/asyncpg,jparise,4,User
MagicStack/asyncpg,samuelcolvin,4,User
MagicStack/asyncpg,bryanforbes,3,User
MagicStack/asyncpg,AndrewJackson2020,2,User
MagicStack/asyncpg,DanielNoord,2,User
MagicStack/asyncpg,fvannee,2,User
MagicStack/asyncpg,lelit,2,User
MagicStack/asyncpg,roblevy,2,User
MagicStack/asyncpg,Robert Schütz,2,Anonymous
MagicStack/asyncpg,percontation,2,User
MagicStack/asyncpg,ddelange,2,User
MagicStack/asyncpg,songjy,2,Anonymous
MagicStack/asyncpg,sqwishy,2,User
MagicStack/asyncpg,ABCDeath,1,User
MagicStack/asyncpg,aaliddell,1,User
MagicStack/asyncpg,aleksey-mashanov,1,User
MagicStack/asyncpg,shadchin,1,User
MagicStack/asyncpg,andrew222651,1,User
MagicStack/asyncpg,pteromys,1,User
MagicStack/asyncpg,creotiv,1,User
MagicStack/asyncpg,and-semakin,1,User
MagicStack/asyncpg,CyberTailor,1,User
MagicStack/asyncpg,antonmyronyuk,1,User
MagicStack/asyncpg,ArtemIsmagilov,1,User
MagicStack/asyncpg,baltitenger,1,User
MagicStack/asyncpg,BeatButton,1,User
MagicStack/asyncpg,benjaminws,1,User
MagicStack/asyncpg,benwah,1,User
MagicStack/asyncpg,bschnurr,1,User
MagicStack/asyncpg,ChimneySwift,1,User
MagicStack/asyncpg,lamby,1,User
MagicStack/asyncpg,claws,1,User
MagicStack/asyncpg,toofishes,1,User
MagicStack/asyncpg,dcwatson,1,User
MagicStack/asyncpg,d1manson,1,User
MagicStack/asyncpg,singingwolfboy,1,User
MagicStack/asyncpg,Dmitriy Chugunov,1,Anonymous
MagicStack/asyncpg,Fernando ike,1,Anonymous
MagicStack/asyncpg,fobispotc,1,User
MagicStack/asyncpg,garyd203,1,User
MagicStack/asyncpg,Harvey Frye,1,Anonymous
MagicStack/asyncpg,kitogo,1,User
MagicStack/asyncpg,ir4y,1,User
MagicStack/asyncpg,Pliner,1,User
MagicStack/asyncpg,jackwotherspoon,1,User
MagicStack/asyncpg,jdobes,1,User
MagicStack/asyncpg,Gelbpunkt,1,User
MagicStack/asyncpg,JesseDeLoore,1,User
MagicStack/asyncpg,johnkingsley,1,User
MagicStack/asyncpg,jkatz,1,User
MagicStack/asyncpg,rugleb,1,User
MagicStack/asyncpg,kdorsel,1,User
MagicStack/asyncpg,redgoldlace,1,User
MagicStack/asyncpg,Atem18,1,User
MagicStack/asyncpg,kwarunek,1,User
MagicStack/asyncpg,LeonardBesson,1,User
MagicStack/asyncpg,lezram,1,User
MagicStack/asyncpg,Martin Asell,1,Anonymous
MagicStack/asyncpg,mfussenegger,1,User
MagicStack/asyncpg,MeggyCal,1,User
MagicStack/asyncpg,eumiro,1,User
MagicStack/asyncpg,Natrinicle,1,User
MagicStack/asyncpg,hexrain,1,User
MagicStack/asyncpg,pauldraper,1,User
MagicStack/asyncpg,paulovitorweb,1,User
MagicStack/asyncpg,s0undt3ch,1,User
MagicStack/asyncpg,petriborg,1,User
MagicStack/asyncpg,Petr Reznikov,1,Anonymous
MagicStack/asyncpg,QuantumTM,1,User
MagicStack/asyncpg,Rongronggg9,1,User
MagicStack/asyncpg,rossmacarthur,1,User
MagicStack/asyncpg,ScottFred,1,User
MagicStack/asyncpg,Lawouach,1,User
MagicStack/asyncpg,tbartelmess,1,User
MagicStack/asyncpg,timgates42,1,User
MagicStack/asyncpg,lovelydinosaur,1,User
MagicStack/asyncpg,Vitaliy Burovoy,1,Anonymous
MagicStack/asyncpg,krokoziabla,1,User
MagicStack/asyncpg,Vladimir Goncharov,1,Anonymous
MagicStack/asyncpg,xuedong09,1,User
MagicStack/asyncpg,nyurik,1,User
MagicStack/asyncpg,bcaudell95,1,User
MagicStack/asyncpg,dependabot[bot],1,Bot
MagicStack/asyncpg,ermakov-oleg,1,User
MagicStack/asyncpg,vkcku,1,User
MagicStack/asyncpg,ioistired,1,User
MagicStack/asyncpg,khazhyk,1,User
MagicStack/asyncpg,trigonometr,1,User
MagicStack/asyncpg,un-def,1,User
MagicStack/asyncpg,vangheem,1,User
MagicStack/asyncpg,yuliy-openai,1,User
aio-libs/aiomysql,jettify,493,User
aio-libs/aiomysql,methane,198,User
aio-libs/aiomysql,Nothing4You,182,User
aio-libs/aiomysql,dependabot[bot],88,Bot
aio-libs/aiomysql,pyup-bot,82,User
aio-libs/aiomysql,lecram,76,User
aio-libs/aiomysql,petehunt,71,User
aio-libs/aiomysql,asvetlov,56,User
aio-libs/aiomysql,terricain,20,User
aio-libs/aiomysql,Cameron Eure,20,Anonymous
aio-libs/aiomysql,nickolai-dr,15,User
aio-libs/aiomysql,webknjaz,13,User
aio-libs/aiomysql,terrycain,10,User
aio-libs/aiomysql,TimothyFitz,7,User
aio-libs/aiomysql,phunt,4,Anonymous
aio-libs/aiomysql,Reonaydo,4,User
aio-libs/aiomysql,ikhlestov,4,User
aio-libs/aiomysql,Justin Van Koten,4,Anonymous
aio-libs/aiomysql,clarkevans,4,User
aio-libs/aiomysql,bbigras,4,User
aio-libs/aiomysql,AlexLisovoy,3,User
aio-libs/aiomysql,cleure,3,User
aio-libs/aiomysql,clelland,3,User
aio-libs/aiomysql,jamadden,3,User
aio-libs/aiomysql,NotSoSuper,3,User
aio-libs/aiomysql,JCotton1123,3,User
aio-libs/aiomysql,anton-ryzhov,2,User
aio-libs/aiomysql,rfk,2,User
aio-libs/aiomysql,tvoinarovskyi,2,User
aio-libs/aiomysql,graingert,2,User
aio-libs/aiomysql,vlanse,2,User
aio-libs/aiomysql,pre-commit-ci[bot],2,Bot
aio-libs/aiomysql,MateuszCzubak,2,User
aio-libs/aiomysql,nan-guo,2,User
aio-libs/aiomysql,albertyw,2,User
aio-libs/aiomysql,Darioush Jalalinasab,2,Anonymous
aio-libs/aiomysql,d-ryzhykau,2,User
aio-libs/aiomysql,djmitche,2,User
aio-libs/aiomysql,Iceman,2,Anonymous
aio-libs/aiomysql,ludovic-gasc,2,User
aio-libs/aiomysql,raggiskula,2,User
aio-libs/aiomysql,zeromake,1,User
aio-libs/aiomysql,darkfeline,1,Anonymous
aio-libs/aiomysql,clark.kang,1,Anonymous
aio-libs/aiomysql,caitinggui,1,User
aio-libs/aiomysql,laozhp,1,User
aio-libs/aiomysql,elBroom,1,User
aio-libs/aiomysql,crvv,1,User
aio-libs/aiomysql,infinitylx,1,User
aio-libs/aiomysql,alefteris,1,User
aio-libs/aiomysql,TarasLevelUp,1,User
aio-libs/aiomysql,sethmurphy,1,User
aio-libs/aiomysql,ValCapri,1,User
aio-libs/aiomysql,Peter200lx,1,User
aio-libs/aiomysql,ghostebony,1,User
aio-libs/aiomysql,Adam Chainz,1,Anonymous
aio-libs/aiomysql,wooptroop,1,User
aio-libs/aiomysql,ttlttl,1,User
aio-libs/aiomysql,Tehtehteh,1,User
aio-libs/aiomysql,silverwind,1,User
aio-libs/aiomysql,scp10011,1,User
aio-libs/aiomysql,Glados567,1,User
aio-libs/aiomysql,petehunt,1,Anonymous
aio-libs/aiomysql,pdunnigan,1,Anonymous
aio-libs/aiomysql,matianjun1,1,User
aio-libs/aiomysql,albertwh1te,1,User
aio-libs/aiomysql,magnamatt,1,User
aio-libs/aiomysql,j0hnsmith,1,User
aio-libs/aiomysql,epooda,1,User
aio-libs/aiomysql,fishballLin,1,User
aio-libs/aiomysql,elij,1,Anonymous
aio-libs/aiomysql,dongweiming,1,User
aio-libs/aiomysql,IdeoG,1,User
aio-libs/aiomysql,alviezhang,1,User
aio-libs/aiomysql,anand2312,1,User
aio-libs/aiomysql,and-semakin,1,User
aio-libs/aiomysql,Ark-lfz,1,User
aio-libs/aiomysql,eirnym,1,User
aio-libs/aiomysql,Askaholic,1,User
aio-libs/aiomysql,BlinkyStitt,1,User
aio-libs/aiomysql,bruth,1,User
aio-libs/aiomysql,charles-dyfis-net,1,User
aio-libs/aiomysql,chrisburr,1,User
aio-libs/aiomysql,collinanderson,1,User
aio-libs/aiomysql,grooverdan,1,User
aio-libs/aiomysql,dannystaple,1,User
aio-libs/aiomysql,David Jetelina,1,Anonymous
aio-libs/aiomysql,davidstory,1,User
aio-libs/aiomysql,emosbaugh,1,User
aio-libs/aiomysql,jakubczaplicki,1,User
aio-libs/aiomysql,exarkun,1,User
aio-libs/aiomysql,"Joshua ""jag"" Ginsberg",1,Anonymous
aio-libs/aiomysql,julien-duponchelle,1,User
aio-libs/aiomysql,KOR-Believer,1,User
aio-libs/aiomysql,KonstantAnxiety,1,User
aio-libs/aiomysql,lgtm-migrator,1,User
aio-libs/aiomysql,CyanBook,1,User
aio-libs/aiomysql,marcoceppi,1,User
aio-libs/aiomysql,Mikkgn,1,User
aio-libs/aiomysql,CypherGrue,1,User
coleifer/peewee,coleifer,4150,User
coleifer/peewee,Charles Leifer,253,Anonymous
coleifer/peewee,Charles Leifer,62,Anonymous
coleifer/peewee,The Dod,16,Anonymous
coleifer/peewee,soasme,7,User
coleifer/peewee,foxx,7,User
coleifer/peewee,Necoro,6,User
coleifer/peewee,bryhoyt,5,User
coleifer/peewee,ronyb29,5,User
coleifer/peewee,klen,4,User
coleifer/peewee,giohappy,4,User
coleifer/peewee,jhorman,4,User
coleifer/peewee,stenci,3,User
coleifer/peewee,maaaks,3,User
coleifer/peewee,jberkel,3,User
coleifer/peewee,felixonmars,3,User
coleifer/peewee,zdxerr,3,User
coleifer/peewee,alexlatchford,3,User
coleifer/peewee,jokull,2,User
coleifer/peewee,Lerry,2,Anonymous
coleifer/peewee,sYnfo,2,User
coleifer/peewee,iBelieve,2,User
coleifer/peewee,mazulo,2,User
coleifer/peewee,conqp,2,User
coleifer/peewee,stt,2,User
coleifer/peewee,Senthil Palanisami,2,Anonymous
coleifer/peewee,Susensio,2,User
coleifer/peewee,tmoertel,2,User
coleifer/peewee,bndr,2,User
coleifer/peewee,wayhome,2,User
coleifer/peewee,p.kamayev,2,Anonymous
coleifer/peewee,rwrigley,2,User
coleifer/peewee,rxcai,2,User
coleifer/peewee,dpep,2,User
coleifer/peewee,shamrin,2,User
coleifer/peewee,akrs,2,User
coleifer/peewee,arpankapoor,2,User
coleifer/peewee,bfontaine,2,User
coleifer/peewee,bakemecookies,2,User
coleifer/peewee,Cal,2,Anonymous
coleifer/peewee,cassidykelly,2,User
coleifer/peewee,stratakis,2,User
coleifer/peewee,Charles Leifer,2,Anonymous
coleifer/peewee,ternus,2,User
coleifer/peewee,dhaase-de,2,User
coleifer/peewee,drewyeaton,2,User
coleifer/peewee,franciscod,2,User
coleifer/peewee,methane,2,User
coleifer/peewee,hogklint,2,User
coleifer/peewee,Josef Lange,2,Anonymous
coleifer/peewee,narusemotoki,1,User
coleifer/peewee,Nguyen Khac Nhat,1,Anonymous
coleifer/peewee,chenwnicole,1,User
coleifer/peewee,Oscar Carballal Prego,1,Anonymous
coleifer/peewee,paulbooth,1,User
coleifer/peewee,Peter Wen,1,Anonymous
coleifer/peewee,rennerocha,1,User
coleifer/peewee,Ricardo Boni,1,Anonymous
coleifer/peewee,vltr,1,User
coleifer/peewee,robertwb,1,User
coleifer/peewee,nilp0inter,1,User
coleifer/peewee,robinnewhouse,1,User
coleifer/peewee,rcarmo,1,User
coleifer/peewee,arrowgamer,1,User
coleifer/peewee,mgalgs,1,User
coleifer/peewee,medwards,1,User
coleifer/peewee,Media,1,Anonymous
coleifer/peewee,mmoisen,1,User
coleifer/peewee,xr09,1,User
coleifer/peewee,maghniem,1,User
coleifer/peewee,malea,1,User
coleifer/peewee,Lucas Marshall,1,Anonymous
coleifer/peewee,lixxu,1,User
coleifer/peewee,jiffies,1,User
coleifer/peewee,lephuongbg,1,User
coleifer/peewee,Laszlo Megyer,1,Anonymous
coleifer/peewee,kipyin,1,User
coleifer/peewee,kevinji,1,User
coleifer/peewee,ymym3412,1,User
coleifer/peewee,wwj718,1,User
coleifer/peewee,shunyi,1,Anonymous
coleifer/peewee,ahessert,1,User
coleifer/peewee,pylipp,1,User
coleifer/peewee,piperck,1,User
coleifer/peewee,pilate,1,User
coleifer/peewee,phanirithvij,1,User
coleifer/peewee,nripesh,1,Anonymous
coleifer/peewee,messense,1,User
coleifer/peewee,lisfer,1,User
coleifer/peewee,kammala,1,User
coleifer/peewee,iurly,1,User
coleifer/peewee,gshmu,1,User
coleifer/peewee,bagel,1,User
coleifer/peewee,alprotasov,1,User
coleifer/peewee,a.pleskanovsky,1,Anonymous
coleifer/peewee,zmwangx,1,User
coleifer/peewee,yohanboniface,1,User
coleifer/peewee,fenngwd,1,User
coleifer/peewee,vkrizan,1,User
coleifer/peewee,Tom Moertel,1,Anonymous
pytest-dev/pytest,nicoddemus,3803,User
pytest-dev/pytest,hpk42,2206,User
pytest-dev/pytest,bluetech,1759,User
pytest-dev/pytest,blueyed,1252,User
pytest-dev/pytest,RonnyPfannschmidt,1149,User
pytest-dev/pytest,asottile,515,User
pytest-dev/pytest,dependabot[bot],302,Bot
pytest-dev/pytest,The-Compiler,298,User
pytest-dev/pytest,benjaminp,226,User
pytest-dev/pytest,pre-commit-ci[bot],226,Bot
pytest-dev/pytest,flub,202,User
pytest-dev/pytest,github-actions[bot],134,Bot
pytest-dev/pytest,pytestbot,113,User
pytest-dev/pytest,Pierre-Sassoulas,111,User
pytest-dev/pytest,Bruno Oliveira,98,Anonymous
pytest-dev/pytest,bubenkoff,97,User
pytest-dev/pytest,Zac-HD,92,User
pytest-dev/pytest,webknjaz,87,User
pytest-dev/pytest,jakkdl,80,User
pytest-dev/pytest,twmr,71,User
pytest-dev/pytest,hackebrot,61,User
pytest-dev/pytest,graingert,48,User
pytest-dev/pytest,jeffreyrack,47,User
pytest-dev/pytest,kalekundert,46,User
pytest-dev/pytest,andras-tim,44,User
pytest-dev/pytest,gnikonorov,43,User
pytest-dev/pytest,feuillemorte,43,User
pytest-dev/pytest,jurko-gospodnetic,41,User
pytest-dev/pytest,symonk,41,User
pytest-dev/pytest,hugovk,36,User
pytest-dev/pytest,turturica,33,Anonymous
pytest-dev/pytest,altendky,30,User
pytest-dev/pytest,jaraco,27,User
pytest-dev/pytest,Victor Maryama,26,Anonymous
pytest-dev/pytest,pfctdayelise,26,User
pytest-dev/pytest,msabramo,25,User
pytest-dev/pytest,Turbo87,25,User
pytest-dev/pytest,Tadaboody,25,User
pytest-dev/pytest,MichaelAquilina,24,User
pytest-dev/pytest,palaviv,24,User
pytest-dev/pytest,davidszotten,23,User
pytest-dev/pytest,tomviner,23,User
pytest-dev/pytest,BenjaminSchubert,21,User
pytest-dev/pytest,lovetheguitar,19,User
pytest-dev/pytest,wimglenn,19,User
pytest-dev/pytest,timhoffm,18,User
pytest-dev/pytest,omarkohl,18,User
pytest-dev/pytest,hroncok,18,User
pytest-dev/pytest,tonybaloney,18,User
pytest-dev/pytest,skylarjhdownes,17,User
pytest-dev/pytest,takluyver,17,User
pytest-dev/pytest,brianmaissy,16,User
pytest-dev/pytest,evildmp,16,User
pytest-dev/pytest,cacoze,15,User
pytest-dev/pytest,Carreau,15,User
pytest-dev/pytest,AvdN,14,User
pytest-dev/pytest,Bruno Oliveira,14,Anonymous
pytest-dev/pytest,s0undt3ch,14,User
pytest-dev/pytest,obestwalter,14,User
pytest-dev/pytest,kvas-it,13,User
pytest-dev/pytest,steffenschroeder,13,User
pytest-dev/pytest,reaganjlee,13,User
pytest-dev/pytest,alysivji,13,User
pytest-dev/pytest,hartym,12,User
pytest-dev/pytest,sallner,12,User
pytest-dev/pytest,stevepiercy,12,User
pytest-dev/pytest,tom-dalton-fanduel,12,User
pytest-dev/pytest,Victor,12,Anonymous
pytest-dev/pytest,crazymerlyn,12,User
pytest-dev/pytest,pedronis,11,User
pytest-dev/pytest,Tyler Goodlet,11,Anonymous
pytest-dev/pytest,hoefling,10,User
pytest-dev/pytest,schmir,10,User
pytest-dev/pytest,antonblr,10,User
pytest-dev/pytest,victor,10,Anonymous
pytest-dev/pytest,mbyt,10,User
pytest-dev/pytest,Elizaveta239,10,User
pytest-dev/pytest,jhunkeler,10,User
pytest-dev/pytest,ionelmc,9,User
pytest-dev/pytest,boris,9,Anonymous
pytest-dev/pytest,segevfiner,9,User
pytest-dev/pytest,matthewhughes934,9,User
pytest-dev/pytest,lesteve,9,User
pytest-dev/pytest,caramelomartins,9,User
pytest-dev/pytest,Gupta Arpit,9,Anonymous
pytest-dev/pytest,Eric Siegerman,9,Anonymous
pytest-dev/pytest,Cyrus Maden,9,Anonymous
pytest-dev/pytest,mcsitter,8,User
pytest-dev/pytest,JulianJvn,8,User
pytest-dev/pytest,FreerGit,8,User
pytest-dev/pytest,piotrhm,8,User
pytest-dev/pytest,Yuval Shimon,8,Anonymous
pytest-dev/pytest,scop,8,User
pytest-dev/pytest,sadra-barikbin,8,User
pytest-dev/pytest,pelme,8,User
pytest-dev/pytest,witsch,8,User
pytest-dev/pytest,cmecklenborg,8,User
pytest-dev/pytest,Dj Gilcrease,8,Anonymous
pytest-dev/pytest,eolo999,8,User
pytest-dev/pytest,fschulze,8,User
mongodb/motor,ajdavis,1058,User
mongodb/motor,A. Jesse Jiryu Davis,361,Anonymous
mongodb/motor,blink1073,142,User
mongodb/motor,ShaneHarvey,80,User
mongodb/motor,prashantmital,60,User
mongodb/motor,asvetlov,28,User
mongodb/motor,dependabot[bot],20,Bot
mongodb/motor,jettify,16,User
mongodb/motor,mongodb-dbx-release-bot[bot],15,Bot
mongodb/motor,juliusgeo,13,User
mongodb/motor,NoahStapp,11,User
mongodb/motor,Jibola,8,User
mongodb/motor,puentesarrin,8,User
mongodb/motor,guanlinzhou,7,User
mongodb/motor,eguven,6,User
mongodb/motor,nickolai-dr,6,User
mongodb/motor,behackett,5,User
mongodb/motor,rejoc,4,User
mongodb/motor,A. Jesse Jiryu Davis,3,Anonymous
mongodb/motor,hellysmile,2,User
mongodb/motor,karolhor,2,User
mongodb/motor,jwilk,2,User
mongodb/motor,Doekeb,2,User
mongodb/motor,frewsxcv,2,User
mongodb/motor,caseyclements,2,User
mongodb/motor,rbalint,2,User
mongodb/motor,SaidBySolo,1,User
mongodb/motor,scottluu,1,User
mongodb/motor,imSniff,1,User
mongodb/motor,Shashankwer,1,User
mongodb/motor,graingert,1,User
mongodb/motor,tusharsnx,1,User
mongodb/motor,sindbach,1,User
mongodb/motor,yezz123,1,User
mongodb/motor,zhongjin616,1,User
mongodb/motor,amongouser,1,User
mongodb/motor,crusaderky,1,User
mongodb/motor,fanjindong,1,User
mongodb/motor,iceboy233,1,User
mongodb/motor,kikones34,1,User
mongodb/motor,nfsknight,1,User
mongodb/motor,vladdoster,1,User
mongodb/motor,xiaoqiang915,1,User
mongodb/motor,Rimuwu,1,User
mongodb/motor,Adam Chainz,1,Anonymous
mongodb/motor,agronholm,1,User
mongodb/motor,Alexander Golin,1,Anonymous
mongodb/motor,aminalaee,1,User
mongodb/motor,jochman,1,User
mongodb/motor,Benedikt Schmitt,1,Anonymous
mongodb/motor,khasanovbi,1,User
mongodb/motor,coderk17,1,User
mongodb/motor,miedzinski,1,User
mongodb/motor,GLEF1X,1,User
mongodb/motor,hamx0r,1,User
mongodb/motor,jeanfrancisroy,1,User
mongodb/motor,10genjen,1,User
mongodb/motor,llirrikk,1,User
mongodb/motor,Marius Kriegerowski,1,Anonymous
mongodb/motor,PabloCastellano,1,User
tortoise/tortoise-orm,grigi,404,User
tortoise/tortoise-orm,long2ice,375,User
tortoise/tortoise-orm,abondar,146,User
tortoise/tortoise-orm,waketzheng,84,User
tortoise/tortoise-orm,long2ice,70,Anonymous
tortoise/tortoise-orm,henadzit,43,User
tortoise/tortoise-orm,hqsz,23,User
tortoise/tortoise-orm,etzelwu,20,User
tortoise/tortoise-orm,mykolasolodukha,20,User
tortoise/tortoise-orm,dependabot[bot],14,Bot
tortoise/tortoise-orm,Abdeldjalil-H,11,User
tortoise/tortoise-orm,elisong,9,User
tortoise/tortoise-orm,markus-96,6,User
tortoise/tortoise-orm,zoliszeredi,6,User
tortoise/tortoise-orm,florimondmanca,5,User
tortoise/tortoise-orm,zmievsa,5,User
tortoise/tortoise-orm,AEnterprise,4,User
tortoise/tortoise-orm,Priestch,4,User
tortoise/tortoise-orm,mojixcoder,3,User
tortoise/tortoise-orm,spacemanspiff2007,3,User
tortoise/tortoise-orm,Yolley,3,User
tortoise/tortoise-orm,revimi,3,User
tortoise/tortoise-orm,Middledot,3,User
tortoise/tortoise-orm,lqmanh,3,User
tortoise/tortoise-orm,Jinlong Peng,3,Anonymous
tortoise/tortoise-orm,FirstKlaas,3,User
tortoise/tortoise-orm,arlyon,3,User
tortoise/tortoise-orm,wallneradam,3,User
tortoise/tortoise-orm,LanceMoe,2,User
tortoise/tortoise-orm,larsschwegmann,2,User
tortoise/tortoise-orm,vinayinvicible,2,User
tortoise/tortoise-orm,lucasbrahm,2,User
tortoise/tortoise-orm,iburadempa,2,User
tortoise/tortoise-orm,dongfangtianyu,2,User
tortoise/tortoise-orm,devsetgo,2,Anonymous
tortoise/tortoise-orm,WizzyGeek,2,User
tortoise/tortoise-orm,SaidBySolo,2,User
tortoise/tortoise-orm,ruitcatarino,2,User
tortoise/tortoise-orm,p7g,2,User
tortoise/tortoise-orm,Olegt0rr,2,User
tortoise/tortoise-orm,K900,2,User
tortoise/tortoise-orm,plusiv,2,User
tortoise/tortoise-orm,jairhenrique,2,User
tortoise/tortoise-orm,emorozov,2,User
tortoise/tortoise-orm,donlon,2,User
tortoise/tortoise-orm,AlwxSin,2,User
tortoise/tortoise-orm,Terrance,1,User
tortoise/tortoise-orm,codacy-badger,1,User
tortoise/tortoise-orm,Vladimir K Urushev,1,Anonymous
tortoise/tortoise-orm,vaal-,1,User
tortoise/tortoise-orm,kigawas,1,User
tortoise/tortoise-orm,C5H12O5,1,User
tortoise/tortoise-orm,yezz123,1,User
tortoise/tortoise-orm,yoann9344,1,User
tortoise/tortoise-orm,yuvalbenarie,1,User
tortoise/tortoise-orm,aledenza,1,User
tortoise/tortoise-orm,ArtemBernatskyy,1,User
tortoise/tortoise-orm,a_bondar,1,Anonymous
tortoise/tortoise-orm,abvf,1,User
tortoise/tortoise-orm,aliwo,1,User
tortoise/tortoise-orm,superloach,1,User
tortoise/tortoise-orm,Chr0nos,1,User
tortoise/tortoise-orm,SyedAhkam,1,User
tortoise/tortoise-orm,privatwolke,1,User
tortoise/tortoise-orm,Ovsyanka83,1,User
tortoise/tortoise-orm,SnkSynthesis,1,User
tortoise/tortoise-orm,sinaso,1,User
tortoise/tortoise-orm,smartexpert,1,User
tortoise/tortoise-orm,seamile,1,User
tortoise/tortoise-orm,RuslanUC,1,User
tortoise/tortoise-orm,Rodrigo Martins de Oliveira,1,Anonymous
tortoise/tortoise-orm,RockeyDon,1,User
tortoise/tortoise-orm,wolph,1,User
tortoise/tortoise-orm,svms1,1,User
tortoise/tortoise-orm,PythonCoderAS,1,User
tortoise/tortoise-orm,kagamir,1,User
tortoise/tortoise-orm,CMHopeSunshine,1,User
tortoise/tortoise-orm,dongweiming,1,User
tortoise/tortoise-orm,zhanghong05,1,Anonymous
tortoise/tortoise-orm,sm0k,1,User
tortoise/tortoise-orm,shkey,1,User
tortoise/tortoise-orm,shaloba,1,User
tortoise/tortoise-orm,s-rakowski,1,User
tortoise/tortoise-orm,93578237,1,User
tortoise/tortoise-orm,urm8,1,User
tortoise/tortoise-orm,mirrorrim,1,User
tortoise/tortoise-orm,luyiming,1,User
tortoise/tortoise-orm,liumuqing,1,User
tortoise/tortoise-orm,thakryptex,1,User
tortoise/tortoise-orm,jiangying000,1,User
tortoise/tortoise-orm,zxj17815,1,User
tortoise/tortoise-orm,hendelbah,1,User
tortoise/tortoise-orm,gh0st-work,1,User
tortoise/tortoise-orm,gck123,1,User
tortoise/tortoise-orm,fraoustin,1,User
tortoise/tortoise-orm,evstratbg,1,User
tortoise/tortoise-orm,enm10k,1,User
tortoise/tortoise-orm,droserasprout,1,User
tortoise/tortoise-orm,drjackild,1,User
tortoise/tortoise-orm,fullonic,1,User
pytest-dev/pytest-cov,ionelmc,542,User
pytest-dev/pytest-cov,schlamar,128,User
pytest-dev/pytest-cov,Meme Dough,84,Anonymous
pytest-dev/pytest-cov,blueyed,42,User
pytest-dev/pytest-cov,graingert,30,User
pytest-dev/pytest-cov,hugovk,22,User
pytest-dev/pytest-cov,davidszotten,14,User
pytest-dev/pytest-cov,nedbat,14,User
pytest-dev/pytest-cov,tsvikas,14,User
pytest-dev/pytest-cov,marcosboger,10,User
pytest-dev/pytest-cov,pre-commit-ci[bot],9,Bot
pytest-dev/pytest-cov,wolph,9,User
pytest-dev/pytest-cov,nicoddemus,8,User
pytest-dev/pytest-cov,cclauss,5,User
pytest-dev/pytest-cov,cleder,4,User
pytest-dev/pytest-cov,Saurabh Kumar,4,Anonymous
pytest-dev/pytest-cov,webknjaz,3,User
pytest-dev/pytest-cov,ssbarnea,3,User
pytest-dev/pytest-cov,Zoltan Kozma,3,Anonymous
pytest-dev/pytest-cov,Yuki Kobayashi,3,Anonymous
pytest-dev/pytest-cov,plannigan,3,User
pytest-dev/pytest-cov,mgorny,3,User
pytest-dev/pytest-cov,adamantike,3,User
pytest-dev/pytest-cov,bukzor,3,User
pytest-dev/pytest-cov,Feilong Niu,3,Anonymous
pytest-dev/pytest-cov,larsoner,2,User
pytest-dev/pytest-cov,terencehonles,2,User
pytest-dev/pytest-cov,tserg,2,User
pytest-dev/pytest-cov,dependabot[bot],2,Bot
pytest-dev/pytest-cov,Zac-HD,2,User
pytest-dev/pytest-cov,sadikkuzu,2,User
pytest-dev/pytest-cov,ryanhiebert,2,User
pytest-dev/pytest-cov,wronglink,2,User
pytest-dev/pytest-cov,msabramo,2,User
pytest-dev/pytest-cov,jstewmon,2,User
pytest-dev/pytest-cov,jmbowman,2,User
pytest-dev/pytest-cov,Urth,2,User
pytest-dev/pytest-cov,MarSoft,1,User
pytest-dev/pytest-cov,matthias-margin,1,User
pytest-dev/pytest-cov,mwg-rea,1,User
pytest-dev/pytest-cov,MatTerra,1,User
pytest-dev/pytest-cov,Martin Gaitan,1,Anonymous
pytest-dev/pytest-cov,Mark Mayo,1,Anonymous
pytest-dev/pytest-cov,Maries,1,Anonymous
pytest-dev/pytest-cov,kianmeng,1,User
pytest-dev/pytest-cov,JulienPalard,1,User
pytest-dev/pytest-cov,smartsammler,1,User
pytest-dev/pytest-cov,xuanxu,1,User
pytest-dev/pytest-cov,joshk,1,User
pytest-dev/pytest-cov,johbo,1,User
pytest-dev/pytest-cov,jean,1,User
pytest-dev/pytest-cov,jezdez,1,User
pytest-dev/pytest-cov,james-smith-za,1,User
pytest-dev/pytest-cov,prologic,1,Anonymous
pytest-dev/pytest-cov,cwithers,1,Anonymous
pytest-dev/pytest-cov,takluyver,1,User
pytest-dev/pytest-cov,svenstaro,1,User
pytest-dev/pytest-cov,s-t-e-v-e-n-k,1,User
pytest-dev/pytest-cov,stdedos,1,User
pytest-dev/pytest-cov,stanislavlevin,1,User
pytest-dev/pytest-cov,Samuel Giffard,1,Anonymous
pytest-dev/pytest-cov,RonnyPfannschmidt,1,User
pytest-dev/pytest-cov,piotrsroka,1,User
pytest-dev/pytest-cov,dvorapa,1,User
pytest-dev/pytest-cov,PamelaM,1,User
pytest-dev/pytest-cov,ofek,1,User
pytest-dev/pytest-cov,mikemanger,1,User
pytest-dev/pytest-cov,D3X,1,User
pytest-dev/pytest-cov,michael-k,1,User
pytest-dev/pytest-cov,bhrutledge,1,User
pytest-dev/pytest-cov,gaborbernat,1,User
pytest-dev/pytest-cov,bnavigator,1,User
pytest-dev/pytest-cov,arthurio,1,User
pytest-dev/pytest-cov,artpelling,1,User
pytest-dev/pytest-cov,andy-slac,1,User
pytest-dev/pytest-cov,radarhere,1,User
pytest-dev/pytest-cov,abrisco,1,User
pytest-dev/pytest-cov,boxed,1,User
pytest-dev/pytest-cov,alisaifee,1,User
pytest-dev/pytest-cov,shadchin,1,User
pytest-dev/pytest-cov,moreati,1,User
pytest-dev/pytest-cov,justanr,1,User
pytest-dev/pytest-cov,atugushev,1,User
pytest-dev/pytest-cov,Adam Chainz,1,Anonymous
pytest-dev/pytest-cov,akx,1,User
pytest-dev/pytest-cov,gliptak,1,User
pytest-dev/pytest-cov,liZe,1,User
pytest-dev/pytest-cov,gyermolenko,1,User
pytest-dev/pytest-cov,gsmethells,1,User
pytest-dev/pytest-cov,gschaffner,1,User
pytest-dev/pytest-cov,The-Compiler,1,User
pytest-dev/pytest-cov,FedericoCeratto,1,User
pytest-dev/pytest-cov,Delgan,1,User
pytest-dev/pytest-cov,dawngerpony,1,User
pytest-dev/pytest-cov,davet2001,1,User
pytest-dev/pytest-cov,Danilo Šegan,1,Anonymous
pytest-dev/pytest-cov,colinodell,1,User
pytest-dev/pytest-cov,Cielquan,1,User
pytest-dev/pytest-cov,fetzerch,1,User
pytest-dev/pytest-cov,csreesan,1,User
pytest-dev/pytest-mock,nicoddemus,446,User
pytest-dev/pytest-mock,pre-commit-ci[bot],159,Bot
pytest-dev/pytest-mock,dependabot[bot],22,Bot
pytest-dev/pytest-mock,Bruno Oliveira,11,Anonymous
pytest-dev/pytest-mock,hugovk,11,User
pytest-dev/pytest-mock,webknjaz,6,User
pytest-dev/pytest-mock,blueyed,5,User
pytest-dev/pytest-mock,inderpreet99,5,User
pytest-dev/pytest-mock,fogo,4,User
pytest-dev/pytest-mock,The-Compiler,3,User
pytest-dev/pytest-mock,graingert,3,User
pytest-dev/pytest-mock,tirkarthi,3,User
pytest-dev/pytest-mock,jurko-gospodnetic,3,User
pytest-dev/pytest-mock,yesthesoup,2,User
pytest-dev/pytest-mock,jhermann,2,User
pytest-dev/pytest-mock,tigarmo,2,User
pytest-dev/pytest-mock,Thiago C. D'Ávila,2,Anonymous
pytest-dev/pytest-mock,asfaltboy,2,User
pytest-dev/pytest-mock,plannigan,2,User
pytest-dev/pytest-mock,Mathieu Leduc-Hamel,2,Anonymous
pytest-dev/pytest-mock,vokracko,2,User
pytest-dev/pytest-mock,kjwilcox,2,User
pytest-dev/pytest-mock,cclauss,2,User
pytest-dev/pytest-mock,rouge8,2,User
pytest-dev/pytest-mock,AlexGascon,2,User
pytest-dev/pytest-mock,srittau,1,User
pytest-dev/pytest-mock,sgaist,1,User
pytest-dev/pytest-mock,RonnyPfannschmidt,1,User
pytest-dev/pytest-mock,PerchunPak,1,User
pytest-dev/pytest-mock,scorphus,1,User
pytest-dev/pytest-mock,Niccolum,1,User
pytest-dev/pytest-mock,attomos,1,User
pytest-dev/pytest-mock,hroncok,1,User
pytest-dev/pytest-mock,mgorny,1,User
pytest-dev/pytest-mock,MatthijsBurgh,1,User
pytest-dev/pytest-mock,mkoeppe,1,User
pytest-dev/pytest-mock,Maciej Katafiasz,1,Anonymous
pytest-dev/pytest-mock,shadycuz,1,User
pytest-dev/pytest-mock,kianmeng,1,User
pytest-dev/pytest-mock,sobolevn,1,User
pytest-dev/pytest-mock,senden9,1,User
pytest-dev/pytest-mock,vincentbernat,1,User
pytest-dev/pytest-mock,wcooley,1,User
pytest-dev/pytest-mock,willfrey,1,User
pytest-dev/pytest-mock,yanqd0,1,User
pytest-dev/pytest-mock,coiax,1,User
pytest-dev/pytest-mock,danigm,1,User
pytest-dev/pytest-mock,frank-lenormand,1,User
pytest-dev/pytest-mock,iforapsy,1,User
pytest-dev/pytest-mock,koutoftimer,1,User
pytest-dev/pytest-mock,marcwebbie,1,User
pytest-dev/pytest-mock,mishaschwartz,1,User
pytest-dev/pytest-mock,sliwkr,1,User
pytest-dev/pytest-mock,Abstract-X,1,User
pytest-dev/pytest-mock,acovaci,1,User
pytest-dev/pytest-mock,daa,1,User
pytest-dev/pytest-mock,alex-marty,1,User
pytest-dev/pytest-mock,Andy Freeland,1,Anonymous
pytest-dev/pytest-mock,satyrius,1,User
pytest-dev/pytest-mock,gruebel,1,User
pytest-dev/pytest-mock,bobwhitelock,1,User
pytest-dev/pytest-mock,quodlibetor,1,User
pytest-dev/pytest-mock,cbouss,1,User
pytest-dev/pytest-mock,Chronial,1,User
pytest-dev/pytest-mock,Dave Peticolas,1,Anonymous
pytest-dev/pytest-mock,edgarrmondragon,1,User
pytest-dev/pytest-mock,egor43,1,User
pytest-dev/pytest-mock,pokidovea,1,User
pytest-dev/pytest-mock,fhightower,1,User
pytest-dev/pytest-mock,frankie567,1,User
pytest-dev/pytest-mock,Kilo59,1,User
pytest-dev/pytest-mock,ghisvail,1,User
pytest-dev/pytest-mock,inikolaev,1,User
pytest-dev/pytest-mock,ikonst,1,User
pytest-dev/pytest-mock,kujyp,1,User
pytest-dev/pytest-mock,jairhenrique,1,User
pytest-dev/pytest-mock,jespino,1,User
pytest-dev/pytest-mock,binarymason,1,User
pytest-dev/pytest-mock,jayvdb,1,User
pytest-dev/pytest-mock,juliangilbey,1,User
pytest-dev/pytest-mock,khink,1,User
pytest-dev/pytest-mock,kraj,1,User
pytest-dev/pytest-asyncio,dependabot[bot],507,Bot
pytest-dev/pytest-asyncio,seifertm,400,User
pytest-dev/pytest-asyncio,Tinche,114,User
pytest-dev/pytest-asyncio,pre-commit-ci[bot],70,Bot
pytest-dev/pytest-asyncio,asvetlov,38,User
pytest-dev/pytest-asyncio,SyntaxColoring,11,User
pytest-dev/pytest-asyncio,Pierre-Sassoulas,11,User
pytest-dev/pytest-asyncio,tjkuson,10,User
pytest-dev/pytest-asyncio,simonfagerholm,7,User
pytest-dev/pytest-asyncio,bcmills,6,User
pytest-dev/pytest-asyncio,nicoddemus,5,User
pytest-dev/pytest-asyncio,cdce8p,5,User
pytest-dev/pytest-asyncio,alblasco,5,User
pytest-dev/pytest-asyncio,bluetech,4,User
pytest-dev/pytest-asyncio,cclauss,4,User
pytest-dev/pytest-asyncio,agronholm,3,User
pytest-dev/pytest-asyncio,Tadaboody,3,User
pytest-dev/pytest-asyncio,joao-faria-dev,3,User
pytest-dev/pytest-asyncio,sashgorokhov,3,User
pytest-dev/pytest-asyncio,kianmeng,2,User
pytest-dev/pytest-asyncio,jakkdl,2,User
pytest-dev/pytest-asyncio,kriek,2,User
pytest-dev/pytest-asyncio,Zac-HD,2,User
pytest-dev/pytest-asyncio,smagafurov,2,User
pytest-dev/pytest-asyncio,Romain Létendart,2,Anonymous
pytest-dev/pytest-asyncio,minrk,2,User
pytest-dev/pytest-asyncio,mgorny,2,User
pytest-dev/pytest-asyncio,ka28kumar,2,User
pytest-dev/pytest-asyncio,JoseKilo,2,User
pytest-dev/pytest-asyncio,jonafato,2,User
pytest-dev/pytest-asyncio,hynek,2,User
pytest-dev/pytest-asyncio,Angel Luis Blasco,2,Anonymous
pytest-dev/pytest-asyncio,dirn,2,User
pytest-dev/pytest-asyncio,webknjaz,1,User
pytest-dev/pytest-asyncio,robsdedude,1,User
pytest-dev/pytest-asyncio,RobertCraigie,1,User
pytest-dev/pytest-asyncio,pipermerriam,1,User
pytest-dev/pytest-asyncio,ZeroIntensity,1,User
pytest-dev/pytest-asyncio,sanders41,1,User
pytest-dev/pytest-asyncio,pankaj-bind,1,User
pytest-dev/pytest-asyncio,opoplawski,1,User
pytest-dev/pytest-asyncio,sobolevn,1,User
pytest-dev/pytest-asyncio,hroncok,1,User
pytest-dev/pytest-asyncio,tamird,1,User
pytest-dev/pytest-asyncio,graingert,1,User
pytest-dev/pytest-asyncio,TimothyFitz,1,User
pytest-dev/pytest-asyncio,Tin Tvrtković,1,Anonymous
pytest-dev/pytest-asyncio,tusharsadhwani,1,User
pytest-dev/pytest-asyncio,ujjwal123123,1,User
pytest-dev/pytest-asyncio,WillDaSilva,1,User
pytest-dev/pytest-asyncio,ziyao233,1,User
pytest-dev/pytest-asyncio,hauntsaninja,1,User
pytest-dev/pytest-asyncio,zed,1,User
pytest-dev/pytest-asyncio,void-jie,1,User
pytest-dev/pytest-asyncio,wjsi,1,User
pytest-dev/pytest-asyncio,atugushev,1,User
pytest-dev/pytest-asyncio,cstruct,1,User
pytest-dev/pytest-asyncio,a7p,1,User
pytest-dev/pytest-asyncio,akeeman,1,User
pytest-dev/pytest-asyncio,Cito,1,User
pytest-dev/pytest-asyncio,DanCardin,1,User
pytest-dev/pytest-asyncio,lbt,1,User
pytest-dev/pytest-asyncio,dbuse,1,User
pytest-dev/pytest-asyncio,fahhem,1,User
pytest-dev/pytest-asyncio,The-Compiler,1,User
pytest-dev/pytest-asyncio,imranity,1,User
pytest-dev/pytest-asyncio,JP-Ellis,1,User
pytest-dev/pytest-asyncio,provinzkraut,1,User
pytest-dev/pytest-asyncio,JayBazuzi,1,User
pytest-dev/pytest-asyncio,jcrist,1,User
pytest-dev/pytest-asyncio,Leifur Halldor Asgeirsson,1,Anonymous
pytest-dev/pytest-asyncio,Lucretiel,1,User
pytest-dev/pytest-asyncio,ludovic-gasc,1,User
pytest-dev/pytest-asyncio,Novakov,1,User
pytest-dev/pytest-asyncio,MarkusBiggus,1,User
pytest-dev/pytest-asyncio,mjpieters,1,User
pytest-dev/pytest-asyncio,gazorby,1,User
pytest-dev/pytest-xdist,nicoddemus,492,User
pytest-dev/pytest-xdist,hpk42,169,User
pytest-dev/pytest-xdist,pre-commit-ci[bot],155,Bot
pytest-dev/pytest-xdist,RonnyPfannschmidt,129,User
pytest-dev/pytest-xdist,bluetech,65,User
pytest-dev/pytest-xdist,Bruno Oliveira,27,Anonymous
pytest-dev/pytest-xdist,dependabot[bot],26,Bot
pytest-dev/pytest-xdist,hugovk,24,User
pytest-dev/pytest-xdist,wronglink,15,User
pytest-dev/pytest-xdist,blueyed,14,User
pytest-dev/pytest-xdist,amezin,12,User
pytest-dev/pytest-xdist,webknjaz,10,User
pytest-dev/pytest-xdist,flub,10,User
pytest-dev/pytest-xdist,bubenkoff,9,User
pytest-dev/pytest-xdist,bwilson,8,Anonymous
pytest-dev/pytest-xdist,BrandonHoffman,7,User
pytest-dev/pytest-xdist,svenstaro,7,User
pytest-dev/pytest-xdist,graingert,7,User
pytest-dev/pytest-xdist,aadamson,6,User
pytest-dev/pytest-xdist,feuillemorte,6,User
pytest-dev/pytest-xdist,thou,6,Anonymous
pytest-dev/pytest-xdist,reginaldl,5,User
pytest-dev/pytest-xdist,jjh42,5,User
pytest-dev/pytest-xdist,emmatyping,5,User
pytest-dev/pytest-xdist,adamchainz,4,User
pytest-dev/pytest-xdist,Alon-L,4,User
pytest-dev/pytest-xdist,asottile,4,User
pytest-dev/pytest-xdist,utapyngo,4,User
pytest-dev/pytest-xdist,mgorny,4,User
pytest-dev/pytest-xdist,verdesmarald,4,User
pytest-dev/pytest-xdist,Zac-HD,4,User
pytest-dev/pytest-xdist,xoviat,3,User
pytest-dev/pytest-xdist,baekdohyeop,3,User
pytest-dev/pytest-xdist,TBoshoven,3,User
pytest-dev/pytest-xdist,Steven Hazel,3,Anonymous
pytest-dev/pytest-xdist,skirpichev,3,User
pytest-dev/pytest-xdist,Meme Dough,3,Anonymous
pytest-dev/pytest-xdist,luisincrespo,3,User
pytest-dev/pytest-xdist,carlos-jenkins,3,User
pytest-dev/pytest-xdist,yili1992,2,User
pytest-dev/pytest-xdist,iansharkey,2,User
pytest-dev/pytest-xdist,zmedico,2,User
pytest-dev/pytest-xdist,scop,2,User
pytest-dev/pytest-xdist,smarie,2,User
pytest-dev/pytest-xdist,encukou,2,User
pytest-dev/pytest-xdist,pristupa,2,User
pytest-dev/pytest-xdist,hroncok,2,User
pytest-dev/pytest-xdist,jayvdb,2,User
pytest-dev/pytest-xdist,jirikuncar,2,User
pytest-dev/pytest-xdist,jeremy-hiatt,2,User
pytest-dev/pytest-xdist,edgarrmondragon,2,User
pytest-dev/pytest-xdist,Dmitrijs Milajevs,2,Anonymous
pytest-dev/pytest-xdist,Cornelius Riemenschneider,2,Anonymous
pytest-dev/pytest-xdist,Bruno Oliveira,2,Anonymous
pytest-dev/pytest-xdist,ssbarnea,1,User
pytest-dev/pytest-xdist,sshane,1,User
pytest-dev/pytest-xdist,sertonix,1,User
pytest-dev/pytest-xdist,swt2c,1,User
pytest-dev/pytest-xdist,robertschweizer,1,User
pytest-dev/pytest-xdist,yphillip,1,User
pytest-dev/pytest-xdist,pombredanne,1,User
pytest-dev/pytest-xdist,messa,1,User
pytest-dev/pytest-xdist,07pepa,1,User
pytest-dev/pytest-xdist,paul-ollis,1,User
pytest-dev/pytest-xdist,patthiel,1,User
pytest-dev/pytest-xdist,namurphy,1,User
pytest-dev/pytest-xdist,nchammas,1,User
pytest-dev/pytest-xdist,BoboTiG,1,User
pytest-dev/pytest-xdist,akx,1,User
pytest-dev/pytest-xdist,ralokt,1,User
pytest-dev/pytest-xdist,Tim Hou,1,Anonymous
pytest-dev/pytest-xdist,timj,1,User
pytest-dev/pytest-xdist,Tor Colvin,1,Anonymous
pytest-dev/pytest-xdist,westhomas,1,User
pytest-dev/pytest-xdist,ygorpontelo,1,User
pytest-dev/pytest-xdist,Yoan Blanc,1,Anonymous
pytest-dev/pytest-xdist,auziel,1,User
pytest-dev/pytest-xdist,dohyeop-sub,1,User
pytest-dev/pytest-xdist,darwintree,1,User
pytest-dev/pytest-xdist,hellmanj,1,Anonymous
pytest-dev/pytest-xdist,lmtierney,1,User
pytest-dev/pytest-xdist,pelmini,1,User
pytest-dev/pytest-xdist,staticdev,1,Anonymous
pytest-dev/pytest-xdist,tzickel,1,User
pytest-dev/pytest-xdist,atugushev,1,User
pytest-dev/pytest-xdist,allanlewis,1,User
pytest-dev/pytest-xdist,ashokdelphia,1,User
pytest-dev/pytest-xdist,bbrown1867,1,User
pytest-dev/pytest-xdist,BreadGenie,1,User
pytest-dev/pytest-xdist,cclauss,1,User
pytest-dev/pytest-xdist,cmecklenborg,1,User
pytest-dev/pytest-xdist,ComradeDOS,1,User
pytest-dev/pytest-xdist,danielquinn,1,User
pytest-dev/pytest-xdist,eqvinox,1,User
pytest-dev/pytest-xdist,n8creator,1,User
pytest-dev/pytest-xdist,EdwardBetts,1,User
pytest-dev/pytest-xdist,The-Compiler,1,User
pytest-dev/pytest-xdist,cryvate,1,User
pytest-dev/pytest-xdist,ygzgxyz,1,User
pytest-dev/pytest-xdist,ionelmc,1,User
HypothesisWorks/hypothesis,DRMacIver,7323,User
HypothesisWorks/hypothesis,Zac-HD,3762,User
HypothesisWorks/hypothesis,Liam-DeVoe,2124,User
HypothesisWorks/hypothesis,pyup-bot,429,User
HypothesisWorks/hypothesis,alexwlchan,388,User
HypothesisWorks/hypothesis,jobh,374,User
HypothesisWorks/hypothesis,honno,240,User
HypothesisWorks/hypothesis,Zalathar,179,User
HypothesisWorks/hypothesis,rsokl,165,User
HypothesisWorks/hypothesis,sobolevn,125,User
HypothesisWorks/hypothesis,Cheukting,108,User
HypothesisWorks/hypothesis,amw-zero,63,User
HypothesisWorks/hypothesis,dchudz,59,User
HypothesisWorks/hypothesis,reaganjlee,50,User
HypothesisWorks/hypothesis,agucova,48,User
HypothesisWorks/hypothesis,J.J. Green,46,Anonymous
HypothesisWorks/hypothesis,jwg4,45,User
HypothesisWorks/hypothesis,moreati,40,User
HypothesisWorks/hypothesis,keewis,36,User
HypothesisWorks/hypothesis,JonathanPlasse,35,User
HypothesisWorks/hypothesis,pschanely,31,User
HypothesisWorks/hypothesis,Stranger6667,31,User
HypothesisWorks/hypothesis,felixdivo,29,User
HypothesisWorks/hypothesis,itsrifat,29,User
HypothesisWorks/hypothesis,Reeve,28,Anonymous
HypothesisWorks/hypothesis,nmbrgts,27,User
HypothesisWorks/hypothesis,Shaun Read,27,Anonymous
HypothesisWorks/hypothesis,kreeve,22,User
HypothesisWorks/hypothesis,grigoriosgiann,21,User
HypothesisWorks/hypothesis,ThunderKey,21,User
HypothesisWorks/hypothesis,adriangb,20,User
HypothesisWorks/hypothesis,touilleMan,20,User
HypothesisWorks/hypothesis,sam-watts,20,User
HypothesisWorks/hypothesis,mulkieran,20,User
HypothesisWorks/hypothesis,radix,18,User
HypothesisWorks/hypothesis,jams2,18,User
HypothesisWorks/hypothesis,jakkdl,16,User
HypothesisWorks/hypothesis,vreuter,16,User
HypothesisWorks/hypothesis,Tyler Gibbons,16,Anonymous
HypothesisWorks/hypothesis,jerith,16,User
HypothesisWorks/hypothesis,claude,15,User
HypothesisWorks/hypothesis,The-Compiler,15,User
HypothesisWorks/hypothesis,thismatters,14,User
HypothesisWorks/hypothesis,brandon-leapyear,13,User
HypothesisWorks/hypothesis,Felix Grünewald,13,Anonymous
HypothesisWorks/hypothesis,JensHeinrich,13,Anonymous
HypothesisWorks/hypothesis,SuperStormer,12,User
HypothesisWorks/hypothesis,rcarriga,12,User
HypothesisWorks/hypothesis,agriyakhetarpal,12,User
HypothesisWorks/hypothesis,kxepal,12,User
HypothesisWorks/hypothesis,Jack Massey,12,Anonymous
HypothesisWorks/hypothesis,evantey14,11,User
HypothesisWorks/hypothesis,Viicos,11,User
HypothesisWorks/hypothesis,Bachmann1234,10,User
HypothesisWorks/hypothesis,davidmascharka,10,User
HypothesisWorks/hypothesis,aarchiba,10,User
HypothesisWorks/hypothesis,tomprince,10,User
HypothesisWorks/hypothesis,math2001,10,User
HypothesisWorks/hypothesis,Julian-O,10,Anonymous
HypothesisWorks/hypothesis,dwest-netflix,10,User
HypothesisWorks/hypothesis,Lukasa,9,User
HypothesisWorks/hypothesis,00willo,9,User
HypothesisWorks/hypothesis,rdturnermtl,9,User
HypothesisWorks/hypothesis,spon-ww,9,User
HypothesisWorks/hypothesis,wk,9,User
HypothesisWorks/hypothesis,leaprovenzano,9,User
HypothesisWorks/hypothesis,takluyver,8,User
HypothesisWorks/hypothesis,sclamons,8,User
HypothesisWorks/hypothesis,patchedwork,7,User
HypothesisWorks/hypothesis,akash-suresh,7,User
HypothesisWorks/hypothesis,rboulton,7,User
HypothesisWorks/hypothesis,nicksspirit,7,User
HypothesisWorks/hypothesis,jomuel,7,User
HypothesisWorks/hypothesis,kir0ul,7,User
HypothesisWorks/hypothesis,cjolowicz,7,User
HypothesisWorks/hypothesis,doismellburning,6,User
HypothesisWorks/hypothesis,edrogers,6,User
HypothesisWorks/hypothesis,theSage21,6,User
HypothesisWorks/hypothesis,sushobhit27,6,User
HypothesisWorks/hypothesis,ben,6,Anonymous
HypothesisWorks/hypothesis,pckroon,6,User
HypothesisWorks/hypothesis,Paul Amazona,6,Anonymous
HypothesisWorks/hypothesis,ngoldbaum,6,User
HypothesisWorks/hypothesis,francesc-elies-mbbm-ast-com,6,User
HypothesisWorks/hypothesis,CharString,6,User
HypothesisWorks/hypothesis,td-anne,6,User
HypothesisWorks/hypothesis,maxnordlund,5,User
HypothesisWorks/hypothesis,hugovk,5,User
HypothesisWorks/hypothesis,PurpleDevAu,5,User
HypothesisWorks/hypothesis,conradho,5,User
HypothesisWorks/hypothesis,drvinceknight,5,User
HypothesisWorks/hypothesis,paxcodes,5,User
HypothesisWorks/hypothesis,mgorny,5,User
HypothesisWorks/hypothesis,untitaker,5,User
HypothesisWorks/hypothesis,mjsir911,5,User
HypothesisWorks/hypothesis,benanhalt,5,User
HypothesisWorks/hypothesis,ajdavis,5,User
HypothesisWorks/hypothesis,Adam Chainz,5,Anonymous
HypothesisWorks/hypothesis,killthrush,5,User
HypothesisWorks/hypothesis,Carl Meyer,5,Anonymous
tox-dev/tox,gaborbernat,530,User
tox-dev/tox,pre-commit-ci[bot],94,Bot
tox-dev/tox,jugmac00,46,User
tox-dev/tox,dependabot[bot],37,Bot
tox-dev/tox,masenf,18,User
tox-dev/tox,ssbarnea,18,User
tox-dev/tox,hroncok,11,User
tox-dev/tox,eumiro,10,User
tox-dev/tox,webknjaz,9,User
tox-dev/tox,kurtmckee,9,User
tox-dev/tox,0cjs,9,User
tox-dev/tox,93578237,8,User
tox-dev/tox,stephenfin,7,User
tox-dev/tox,hexagonrecursion,5,User
tox-dev/tox,gnikonorov,5,User
tox-dev/tox,ziima,5,User
tox-dev/tox,robsdedude,5,User
tox-dev/tox,hugovk,4,User
tox-dev/tox,stefanor,4,User
tox-dev/tox,mgorny,4,User
tox-dev/tox,paravoid,4,User
tox-dev/tox,sk1p,4,User
tox-dev/tox,adamchainz,3,User
tox-dev/tox,hashar,3,User
tox-dev/tox,jamesbraza,3,User
tox-dev/tox,sirosen,3,User
tox-dev/tox,Tbruno25,3,User
tox-dev/tox,asottile,2,User
tox-dev/tox,rpatterson,2,User
tox-dev/tox,Stefanhg,2,User
tox-dev/tox,tusharsadhwani,2,User
tox-dev/tox,scop,2,User
tox-dev/tox,vytas7,2,User
tox-dev/tox,seyidaniels,2,User
tox-dev/tox,ericzolf,2,User
tox-dev/tox,jamwil,2,User
tox-dev/tox,posita,2,User
tox-dev/tox,cclauss,2,User
tox-dev/tox,31z4,2,User
tox-dev/tox,ferdnyc,2,User
tox-dev/tox,gschaffner,2,User
tox-dev/tox,pdecat,2,User
tox-dev/tox,obestwalter,2,User
tox-dev/tox,mimre25,2,User
tox-dev/tox,mgedmin,2,User
tox-dev/tox,Czaki,2,User
tox-dev/tox,tipabu,1,User
tox-dev/tox,tibortakacs,1,User
tox-dev/tox,jodal,1,User
tox-dev/tox,bryant1410,1,User
tox-dev/tox,reinout,1,User
tox-dev/tox,chipot,1,User
tox-dev/tox,zhanpon,1,User
tox-dev/tox,shenxianpeng,1,User
tox-dev/tox,paveldikov,1,User
tox-dev/tox,ptmcg,1,User
tox-dev/tox,AdrianCert,1,User
tox-dev/tox,nschloe,1,User
tox-dev/tox,nedbat,1,User
tox-dev/tox,nhtsai,1,User
tox-dev/tox,mbra,1,User
tox-dev/tox,Max Droy,1,Anonymous
tox-dev/tox,srenfo,1,User
tox-dev/tox,realitycheck,1,User
tox-dev/tox,kdestin,1,User
tox-dev/tox,graingert-coef,1,User
tox-dev/tox,faph,1,User
tox-dev/tox,droctothorpe,1,User
tox-dev/tox,dconathan,1,User
tox-dev/tox,comabrewer,1,User
tox-dev/tox,clint-lawrence,1,User
tox-dev/tox,aelray,1,User
tox-dev/tox,Viicos,1,User
tox-dev/tox,VedantMadane,1,User
tox-dev/tox,tjsmart,1,User
tox-dev/tox,Tom01098,1,User
tox-dev/tox,wooshaun53,1,User
tox-dev/tox,thatch,1,User
tox-dev/tox,timfel,1,User
tox-dev/tox,ElBe-Plaq,1,User
tox-dev/tox,edgarrmondragon,1,User
tox-dev/tox,f3flight,1,User
tox-dev/tox,David Mendek,1,Anonymous
tox-dev/tox,daniilgankov,1,User
tox-dev/tox,living180,1,User
tox-dev/tox,César Román,1,Anonymous
tox-dev/tox,neutrinoceros,1,User
tox-dev/tox,lamby,1,User
tox-dev/tox,carltongibson,1,User
tox-dev/tox,sillydan1,1,User
tox-dev/tox,amitschang,1,User
tox-dev/tox,AntoineD,1,User
tox-dev/tox,abravalheri,1,User
tox-dev/tox,lengau,1,User
tox-dev/tox,albertodonato,1,User
tox-dev/tox,sparkiegeek,1,User
tox-dev/tox,marcosboger,1,User
tox-dev/tox,lczyk,1,User
tox-dev/tox,mj0nez,1,User
tox-dev/tox,schlamar,1,User
coveragepy/coveragepy,nedbat,6815,User
coveragepy/coveragepy,dependabot[bot],91,Bot
coveragepy/coveragepy,strichter,21,User
coveragepy/coveragepy,loic@dachary.org,17,Anonymous
coveragepy/coveragepy,blueyed,15,User
coveragepy/coveragepy,devdanzin,15,User
coveragepy/coveragepy,hugovk,13,User
coveragepy/coveragepy,ionelmc,12,User
coveragepy/coveragepy,dstanek,11,User
coveragepy/coveragepy,Ben Finney,9,Anonymous
coveragepy/coveragepy,brettcannon,8,User
coveragepy/coveragepy,jdufresne,8,User
coveragepy/coveragepy,msabramo,6,User
coveragepy/coveragepy,Danny Allen,6,Anonymous
coveragepy/coveragepy,Buck Golemon,6,Anonymous
coveragepy/coveragepy,AndrewHoos,6,User
coveragepy/coveragepy,alex,6,User
coveragepy/coveragepy,Ben Finney,5,Anonymous
coveragepy/coveragepy,Dan Wandschneider,5,Anonymous
coveragepy/coveragepy,mgorny,5,User
coveragepy/coveragepy,Ned Batchelder,5,Anonymous
coveragepy/coveragepy,ogrisel,5,User
coveragepy/coveragepy,rozza@x103086.gcapmedia.com,5,Anonymous
coveragepy/coveragepy,hpk42,4,User
coveragepy/coveragepy,xsleonard,4,User
coveragepy/coveragepy,mattboehm,4,User
coveragepy/coveragepy,clytwynec,4,User
coveragepy/coveragepy,Chris Rose,4,Anonymous
coveragepy/coveragepy,pankajp,3,User
coveragepy/coveragepy,scop,3,User
coveragepy/coveragepy,graingert,3,User
coveragepy/coveragepy,webknjaz,3,User
coveragepy/coveragepy,Stan Hu,3,Anonymous
coveragepy/coveragepy,simonw,3,User
coveragepy/coveragepy,Ned Batchelder,3,Anonymous
coveragepy/coveragepy,marcgibbons,3,User
coveragepy/coveragepy,kumaraditya303,3,User
coveragepy/coveragepy,sjustas,2,User
coveragepy/coveragepy,garar,2,User
coveragepy/coveragepy,lepistone,2,User
coveragepy/coveragepy,Mariatta,2,User
coveragepy/coveragepy,Bachmann1234,2,User
coveragepy/coveragepy,naveensrinivasan,2,User
coveragepy/coveragepy,nickdrozd,2,User
coveragepy/coveragepy,Rodrigue Cloutier,2,Anonymous
coveragepy/coveragepy,freakboy3742,2,User
coveragepy/coveragepy,Ryuta1005,2,User
coveragepy/coveragepy,thijstriemstra,2,User
coveragepy/coveragepy,vaab,2,User
coveragepy/coveragepy,vsalvino,2,User
coveragepy/coveragepy,DRMacIver,2,User
coveragepy/coveragepy,zackw,2,User
coveragepy/coveragepy,KotlinIsland,2,User
coveragepy/coveragepy,alga,2,User
coveragepy/coveragepy,AA-Turner,2,User
coveragepy/coveragepy,atodorov,2,User
coveragepy/coveragepy,asottile,2,User
coveragepy/coveragepy,ark-g,2,User
coveragepy/coveragepy,agriffis,2,User
coveragepy/coveragepy,brandon-rhodes,2,User
coveragepy/coveragepy,cfbolz,2,User
coveragepy/coveragepy,acdha,2,User
coveragepy/coveragepy,cclauss,2,User
coveragepy/coveragepy,danriti,2,User
coveragepy/coveragepy,dannya,2,User
coveragepy/coveragepy,RazerM,2,User
coveragepy/coveragepy,jftsang,2,User
coveragepy/coveragepy,jch-gh,2,User
coveragepy/coveragepy,Julian Berman,2,Anonymous
coveragepy/coveragepy,storymode7,1,User
coveragepy/coveragepy,newbery,1,User
coveragepy/coveragepy,enrh,1,User
coveragepy/coveragepy,allrob23,1,User
coveragepy/coveragepy,rogerhu,1,User
coveragepy/coveragepy,rillig,1,User
coveragepy/coveragepy,sylee957,1,User
coveragepy/coveragepy,Salvatore Zagaria,1,Anonymous
coveragepy/coveragepy,tiangolo,1,User
coveragepy/coveragepy,septatrix,1,User
coveragepy/coveragepy,hauntsaninja,1,User
coveragepy/coveragepy,viraptor,1,User
coveragepy/coveragepy,stephenfin,1,User
coveragepy/coveragepy,zooba,1,User
coveragepy/coveragepy,Teake Nutma,1,Anonymous
coveragepy/coveragepy,Ted Wexler,1,Anonymous
coveragepy/coveragepy,Mickie Betz,1,Anonymous
coveragepy/coveragepy,miketheman,1,User
coveragepy/coveragepy,minho42,1,User
coveragepy/coveragepy,ngoldbaum,1,User
coveragepy/coveragepy,nnadeau,1,User
coveragepy/coveragepy,nbfalcon,1,User
coveragepy/coveragepy,sobolevn,1,User
coveragepy/coveragepy,colorlace,1,User
coveragepy/coveragepy,hoefling,1,User
coveragepy/coveragepy,abo-abo,1,User
coveragepy/coveragepy,OlenaYefymenko,1,User
coveragepy/coveragepy,Olexandr88,1,User
coveragepy/coveragepy,Ori Avtalion,1,Anonymous
coveragepy/coveragepy,paveltsialnou,1,User
coveragepy/coveragepy,pebers,1,User
joke2k/faker,fcurella,2179,User
joke2k/faker,joke2k,198,User
joke2k/faker,jremes-foss,85,User
joke2k/faker,mdxs,52,User
joke2k/faker,illia-v,38,User
joke2k/faker,reverbc,36,User
joke2k/faker,malefice,29,User
joke2k/faker,george0st,28,User
joke2k/faker,jdufresne,26,User
joke2k/faker,grantbachman,24,User
joke2k/faker,mondeja,20,User
joke2k/faker,dependabot[bot],20,Bot
joke2k/faker,chrisvoncsefalvay,20,User
joke2k/faker,crd,19,User
joke2k/faker,Kevin Deldycke,18,Anonymous
joke2k/faker,vema,18,User
joke2k/faker,clarmso,18,User
joke2k/faker,confirmationbias616,17,User
joke2k/faker,ZuluPro,15,User
joke2k/faker,kity-linuxero,15,User
joke2k/faker,guinslym,12,User
joke2k/faker,kdeldycke,12,User
joke2k/faker,Mislav Cimperšak,12,Anonymous
joke2k/faker,kungfu71186,11,Anonymous
joke2k/faker,changelog-bot,11,Anonymous
joke2k/faker,sanga,11,User
joke2k/faker,bact,11,User
joke2k/faker,iamjazzar,10,User
joke2k/faker,eumiro,10,User
joke2k/faker,zerogonal,10,Anonymous
joke2k/faker,pdaw,9,User
joke2k/faker,github actions,9,Anonymous
joke2k/faker,Tome Cvitan,9,Anonymous
joke2k/faker,MetcalfeTom,9,User
joke2k/faker,pishchalnikov,9,User
joke2k/faker,item4,9,User
joke2k/faker,zeal18,9,User
joke2k/faker,153957,8,User
joke2k/faker,Christopher Baines,8,Anonymous
joke2k/faker,davebulaval,8,User
joke2k/faker,edxnull,8,User
joke2k/faker,zgoda,8,User
joke2k/faker,LautaroPalma,8,User
joke2k/faker,ppeemk,8,User
joke2k/faker,lozik4,7,User
joke2k/faker,maticomp,7,User
joke2k/faker,marctc,7,User
joke2k/faker,barseghyanartur,7,User
joke2k/faker,ProvoK,6,User
joke2k/faker,Artmorse,6,User
joke2k/faker,edgarrmondragon,6,User
joke2k/faker,kaflesudip,6,User
joke2k/faker,starenka,6,User
joke2k/faker,ivankosz,6,User
joke2k/faker,bearnun,6,Anonymous
joke2k/faker,zafarali,6,User
joke2k/faker,nikosmichas,6,User
joke2k/faker,mgorny,6,User
joke2k/faker,chobeat,6,User
joke2k/faker,francoisfreitag,6,User
joke2k/faker,esparta,6,User
joke2k/faker,cdaller,6,User
joke2k/faker,Brobin,6,User
joke2k/faker,Bernhard Essl,6,Anonymous
joke2k/faker,nicarl,5,User
joke2k/faker,micahstrube,5,User
joke2k/faker,vasilesmartup,5,User
joke2k/faker,twkrol,5,User
joke2k/faker,Space,5,Anonymous
joke2k/faker,cyanghsieh,5,User
joke2k/faker,takis,5,User
joke2k/faker,mikkhola,5,User
joke2k/faker,gliptak,5,User
joke2k/faker,gfavre,5,User
joke2k/faker,Cat Lee Ball,5,Anonymous
joke2k/faker,bretjb,5,User
joke2k/faker,Boban Spiroski,5,Anonymous
joke2k/faker,andrzej3393,5,User
joke2k/faker,rodrigobnogueira,4,User
joke2k/faker,coiax,4,User
joke2k/faker,johnbrandborg,4,User
joke2k/faker,prescod,4,Anonymous
joke2k/faker,pyup-bot,4,User
joke2k/faker,swilcox,4,User
joke2k/faker,wh0th3h3llam1,4,User
joke2k/faker,sbboakye,4,User
joke2k/faker,frangiz,4,User
joke2k/faker,gplgps,4,User
joke2k/faker,SaulTigh,4,User
joke2k/faker,elahmo,4,User
joke2k/faker,Adam Chainz,4,Anonymous
joke2k/faker,AlexLitvino,4,User
joke2k/faker,JIghtuse,4,User
joke2k/faker,browniebroke,4,User
joke2k/faker,cuducos,4,User
joke2k/faker,kivipe,4,User
joke2k/faker,Pandede,4,User
joke2k/faker,mportesdev,4,User
joke2k/faker,MarcelRobeer,4,User
joke2k/faker,oeuftete,4,User
FactoryBoy/factory_boy,rbarrois,583,User
FactoryBoy/factory_boy,francoisfreitag,154,User
FactoryBoy/factory_boy,jdufresne,42,User
FactoryBoy/factory_boy,kingbuzzman,36,User
FactoryBoy/factory_boy,federicobond,16,User
FactoryBoy/factory_boy,jeffwidman,13,User
FactoryBoy/factory_boy,cclauss,10,User
FactoryBoy/factory_boy,Tyarran,7,User
FactoryBoy/factory_boy,carljm,6,User
FactoryBoy/factory_boy,kamotos,6,User
FactoryBoy/factory_boy,last-partizan,5,User
FactoryBoy/factory_boy,dnerdy,4,User
FactoryBoy/factory_boy,tomleo,3,User
FactoryBoy/factory_boy,kmike,3,User
FactoryBoy/factory_boy,kevin-brown,3,User
FactoryBoy/factory_boy,demonno,3,User
FactoryBoy/factory_boy,gotgenes,3,User
FactoryBoy/factory_boy,zetsub0u,3,User
FactoryBoy/factory_boy,rrauenza,2,User
FactoryBoy/factory_boy,tsouvarev,2,User
FactoryBoy/factory_boy,sarahboyce,2,User
FactoryBoy/factory_boy,gregoiredx,2,Anonymous
FactoryBoy/factory_boy,dependabot[bot],2,Bot
FactoryBoy/factory_boy,anentropic,2,User
FactoryBoy/factory_boy,youssefm,2,User
FactoryBoy/factory_boy,vbmendes,2,User
FactoryBoy/factory_boy,Viicos,2,User
FactoryBoy/factory_boy,s16h,2,User
FactoryBoy/factory_boy,PFStein,2,User
FactoryBoy/factory_boy,aledejesus,2,User
FactoryBoy/factory_boy,koterpillar,2,User
FactoryBoy/factory_boy,Antoine LAURENT,2,Anonymous
FactoryBoy/factory_boy,bagerard,2,User
FactoryBoy/factory_boy,ben-hampson,2,User
FactoryBoy/factory_boy,charlax,2,User
FactoryBoy/factory_boy,Grégoire ROCHER,2,Anonymous
FactoryBoy/factory_boy,Hervé Cauwelier,2,Anonymous
FactoryBoy/factory_boy,ilya-pirogov,2,User
FactoryBoy/factory_boy,jrobichaud,2,User
FactoryBoy/factory_boy,msabramo,2,User
FactoryBoy/factory_boy,michaeljoseph,2,User
FactoryBoy/factory_boy,fenwar,1,User
FactoryBoy/factory_boy,petedmarsh,1,User
FactoryBoy/factory_boy,sideris,1,User
FactoryBoy/factory_boy,punchagan,1,User
FactoryBoy/factory_boy,QuantumGhost,1,User
FactoryBoy/factory_boy,Richard Moch,1,Anonymous
FactoryBoy/factory_boy,Ritesh Kadmawala,1,Anonymous
FactoryBoy/factory_boy,zyskowsk,1,User
FactoryBoy/factory_boy,Robrecht De Rouck,1,Anonymous
FactoryBoy/factory_boy,sampaccoud,1,User
FactoryBoy/factory_boy,skarzi,1,User
FactoryBoy/factory_boy,Omer,1,Anonymous
FactoryBoy/factory_boy,olegpidsadnyi,1,User
FactoryBoy/factory_boy,sobolevn,1,User
FactoryBoy/factory_boy,splatEric,1,User
FactoryBoy/factory_boy,MRigal,1,User
FactoryBoy/factory_boy,mattduck,1,User
FactoryBoy/factory_boy,mattmahowald,1,User
FactoryBoy/factory_boy,Matt Hughes,1,Anonymous
FactoryBoy/factory_boy,Mateusz Marczak,1,Anonymous
FactoryBoy/factory_boy,mbaechtold,1,User
FactoryBoy/factory_boy,Markus Amalthea Magnuson,1,Anonymous
FactoryBoy/factory_boy,lukegb,1,User
FactoryBoy/factory_boy,yamaneko1212,1,User
FactoryBoy/factory_boy,wimglenn,1,User
FactoryBoy/factory_boy,paulonteri,1,User
FactoryBoy/factory_boy,obiwanus,1,User
FactoryBoy/factory_boy,nkryptic,1,User
FactoryBoy/factory_boy,maximeconnolly,1,User
FactoryBoy/factory_boy,mluszczyk,1,User
FactoryBoy/factory_boy,kobayashi,1,User
FactoryBoy/factory_boy,Gonzasestopal,1,User
FactoryBoy/factory_boy,dafinguzman,1,User
FactoryBoy/factory_boy,Antoliny0919,1,User
FactoryBoy/factory_boy,alex-netquity,1,Anonymous
FactoryBoy/factory_boy,YPCrumble,1,Anonymous
FactoryBoy/factory_boy,tony,1,User
FactoryBoy/factory_boy,timgates42,1,User
FactoryBoy/factory_boy,thtomate,1,User
FactoryBoy/factory_boy,sdreher,1,User
FactoryBoy/factory_boy,Simen Heggestøyl,1,Anonymous
FactoryBoy/factory_boy,SeanBE,1,User
FactoryBoy/factory_boy,Sean Harrington,1,Anonymous
FactoryBoy/factory_boy,schwart,1,User
FactoryBoy/factory_boy,saulshanabrook,1,User
FactoryBoy/factory_boy,samueljsb,1,User
FactoryBoy/factory_boy,ghickman,1,User
FactoryBoy/factory_boy,fcurella,1,User
FactoryBoy/factory_boy,evgenymozhaev,1,User
FactoryBoy/factory_boy,estyxx,1,User
FactoryBoy/factory_boy,nanuxbe,1,User
FactoryBoy/factory_boy,EdwardBetts,1,User
FactoryBoy/factory_boy,ediskandarov,1,User
FactoryBoy/factory_boy,singingwolfboy,1,User
FactoryBoy/factory_boy,Daniel Leal,1,Anonymous
FactoryBoy/factory_boy,Christoph Sieghart,1,Anonymous
FactoryBoy/factory_boy,chrisseto,1,User
FactoryBoy/factory_boy,mike-oakley,1,User
FactoryBoy/factory_boy,meshy,1,User
wntrblm/nox,henryiii,168,User
wntrblm/nox,theacodes,141,User
wntrblm/nox,Jon Wayne Parrott,62,Anonymous
wntrblm/nox,FollowTheProcess,41,User
wntrblm/nox,dhermes,24,User
wntrblm/nox,cjolowicz,24,User
wntrblm/nox,DiddiLeija,20,User
wntrblm/nox,stsewd,19,User
wntrblm/nox,mayeut,11,User
wntrblm/nox,dependabot[bot],11,Bot
wntrblm/nox,crwilcox,11,User
wntrblm/nox,Chad Smith,10,Anonymous
wntrblm/nox,johnthagen,8,User
wntrblm/nox,lukesneeringer,7,User
wntrblm/nox,edgarrmondragon,7,User
wntrblm/nox,Tolker-KU,6,User
wntrblm/nox,Peilonrayz,6,User
wntrblm/nox,s0undt3ch,6,User
wntrblm/nox,Claudio Jolowicz,5,Anonymous
wntrblm/nox,paw-lu,5,User
wntrblm/nox,tswast,5,User
wntrblm/nox,schuderer,4,User
wntrblm/nox,Luke Sneeringer,4,Anonymous
wntrblm/nox,obestwalter,4,User
wntrblm/nox,smarie,4,User
wntrblm/nox,maciej-lech,3,User
wntrblm/nox,gschaffner,3,User
wntrblm/nox,saucoide,3,User
wntrblm/nox,layday,3,User
wntrblm/nox,scop,3,User
wntrblm/nox,stasfilin,3,User
wntrblm/nox,kkirsche,3,User
wntrblm/nox,ktbarrett,3,User
wntrblm/nox,jdufresne,3,User
wntrblm/nox,Danny Hermes,3,Anonymous
wntrblm/nox,samypr100,2,User
wntrblm/nox,mostealth,2,User
wntrblm/nox,chirizxc,2,User
wntrblm/nox,V1NAY8,2,User
wntrblm/nox,omry,2,User
wntrblm/nox,tonnico,2,User
wntrblm/nox,TheKevJames,2,User
wntrblm/nox,jayvdb,2,User
wntrblm/nox,franekmagiera,2,User
wntrblm/nox,dpalmasan,2,User
wntrblm/nox,living180,2,User
wntrblm/nox,bmccutchon,2,User
wntrblm/nox,brettcannon,2,User
wntrblm/nox,stefanv,1,User
wntrblm/nox,hauntsaninja,1,User
wntrblm/nox,sethmlarson,1,User
wntrblm/nox,srstevenson,1,User
wntrblm/nox,rmorshea,1,User
wntrblm/nox,raddessi,1,User
wntrblm/nox,RobertCraigie,1,User
wntrblm/nox,pradyunsg,1,User
wntrblm/nox,pfmoore,1,User
wntrblm/nox,reaperhulk,1,User
wntrblm/nox,patrick91,1,User
wntrblm/nox,oliversen,1,User
wntrblm/nox,nawatts,1,User
wntrblm/nox,Fleker,1,User
wntrblm/nox,moshez,1,User
wntrblm/nox,Spacetown,1,User
wntrblm/nox,zzzeek,1,User
wntrblm/nox,zhanpon,1,User
wntrblm/nox,wu-zhao-min,1,User
wntrblm/nox,tueksta,1,User
wntrblm/nox,srenfo,1,User
wntrblm/nox,shenxianpeng,1,User
wntrblm/nox,93578237,1,User
wntrblm/nox,nhtsai,1,User
wntrblm/nox,dukecat0,1,User
wntrblm/nox,hmd101,1,User
wntrblm/nox,ember91,1,User
wntrblm/nox,chrysle,1,User
wntrblm/nox,cclauss,1,Anonymous
wntrblm/nox,wholtz,1,User
wntrblm/nox,vikrambhat11,1,User
wntrblm/nox,tbpg,1,User
wntrblm/nox,tseaver,1,User
wntrblm/nox,tcbegley,1,User
wntrblm/nox,hynek,1,User
wntrblm/nox,Erin Wild,1,Anonymous
wntrblm/nox,software-dov,1,User
wntrblm/nox,Douglas Greiman,1,Anonymous
wntrblm/nox,NickleDave,1,User
wntrblm/nox,davidhewitt,1,User
wntrblm/nox,drhagen,1,User
wntrblm/nox,dcermak,1,User
wntrblm/nox,Claudio Jolowicz,1,Anonymous
wntrblm/nox,Cielquan,1,User
wntrblm/nox,CN-M,1,User
wntrblm/nox,nicoddemus,1,User
wntrblm/nox,brechtm,1,User
wntrblm/nox,btemplep,1,User
wntrblm/nox,nydelzaf,1,User
wntrblm/nox,airtower-luna,1,User
wntrblm/nox,agriyakhetarpal,1,User
wntrblm/nox,MicaelJarniac,1,User
kevin1024/vcrpy,kevin1024,338,User
kevin1024/vcrpy,colonelpanic8,161,User
kevin1024/vcrpy,hartwork,124,User
kevin1024/vcrpy,lamenezes,69,User
kevin1024/vcrpy,mshytikov,62,User
kevin1024/vcrpy,jairhenrique,51,User
kevin1024/vcrpy,graingert,49,User
kevin1024/vcrpy,arthurHamon2,37,User
kevin1024/vcrpy,agriffis,33,User
kevin1024/vcrpy,dependabot[bot],26,Bot
kevin1024/vcrpy,neozenith,25,User
kevin1024/vcrpy,pre-commit,24,Anonymous
kevin1024/vcrpy,hugovk,24,User
kevin1024/vcrpy,pauloromeira,23,User
kevin1024/vcrpy,abhinav,10,User
kevin1024/vcrpy,Thomas Grainger,9,Anonymous
kevin1024/vcrpy,Samuel Fekete,9,Anonymous
kevin1024/vcrpy,herdigiorgi,9,User
kevin1024/vcrpy,msabramo,8,User
kevin1024/vcrpy,gazpachoking,7,User
kevin1024/vcrpy,danielnsilva,7,User
kevin1024/vcrpy,Nick DiRienzo,7,Anonymous
kevin1024/vcrpy,parkerhancock,7,User
kevin1024/vcrpy,jayvdb,6,User
kevin1024/vcrpy,j-funk,6,User
kevin1024/vcrpy,Terseus,5,User
kevin1024/vcrpy,steinnes,5,User
kevin1024/vcrpy,Petr Bulusek,5,Anonymous
kevin1024/vcrpy,mgorny,5,User
kevin1024/vcrpy,valgur,5,User
kevin1024/vcrpy,MaartenKos,5,User
kevin1024/vcrpy,lmazuel,4,User
kevin1024/vcrpy,gwillem,4,User
kevin1024/vcrpy,Thomas Grainger,4,Anonymous
kevin1024/vcrpy,2m,4,User
kevin1024/vcrpy,Diaoul,4,Anonymous
kevin1024/vcrpy,allisson,4,User
kevin1024/vcrpy,the-allanc,4,User
kevin1024/vcrpy,immerrr,3,User
kevin1024/vcrpy,browniebroke,3,User
kevin1024/vcrpy,sirpengi,3,User
kevin1024/vcrpy,aisch,3,Anonymous
kevin1024/vcrpy,scop,3,User
kevin1024/vcrpy,Rodrigo Taboada,3,Anonymous
kevin1024/vcrpy,Olutobi Owoputi,3,Anonymous
kevin1024/vcrpy,matt-thomson,3,User
kevin1024/vcrpy,Aaron Bannin,3,Anonymous
kevin1024/vcrpy,adamchainz,3,User
kevin1024/vcrpy,blv-andreboechat,3,User
kevin1024/vcrpy,carsonyl,3,User
kevin1024/vcrpy,cclauss,3,User
kevin1024/vcrpy,dedsm,3,User
kevin1024/vcrpy,derekbekoe,3,User
kevin1024/vcrpy,eadmundo,3,User
kevin1024/vcrpy,jaysonsantos,3,User
kevin1024/vcrpy,rishab121,2,User
kevin1024/vcrpy,Mr0grog,2,User
kevin1024/vcrpy,seowalex,2,User
kevin1024/vcrpy,shifqu,2,User
kevin1024/vcrpy,Stefan Tjarks,2,Anonymous
kevin1024/vcrpy,timgates42,2,User
kevin1024/vcrpy,Tye Wang,2,Anonymous
kevin1024/vcrpy,VerosK,2,User
kevin1024/vcrpy,vitormazzi,2,User
kevin1024/vcrpy,yarikoptic,2,User
kevin1024/vcrpy,foobarna,2,User
kevin1024/vcrpy,jxltom,2,User
kevin1024/vcrpy,smallcode,2,User
kevin1024/vcrpy,stj,2,User
kevin1024/vcrpy,Albertas Agejevas,2,Anonymous
kevin1024/vcrpy,alga,2,User
kevin1024/vcrpy,bryanhelmig,2,User
kevin1024/vcrpy,marusich,2,User
kevin1024/vcrpy,Dan Lecocq,2,Anonymous
kevin1024/vcrpy,dan-passaro,2,User
kevin1024/vcrpy,felixonmars,2,User
kevin1024/vcrpy,gciding,2,User
kevin1024/vcrpy,Greg Ward,2,Anonymous
kevin1024/vcrpy,1oglop1,2,User
kevin1024/vcrpy,MrJohz,2,User
kevin1024/vcrpy,keithprickett,2,User
kevin1024/vcrpy,madninja,2,User
kevin1024/vcrpy,mghantous,2,User
kevin1024/vcrpy,Nithin Reddy,2,Anonymous
kevin1024/vcrpy,matthiasschaub,1,User
kevin1024/vcrpy,quasimik,1,User
kevin1024/vcrpy,mikaeilorfanian,1,User
kevin1024/vcrpy,Mohammad Razavi,1,Anonymous
kevin1024/vcrpy,morganwahl,1,User
kevin1024/vcrpy,nickdirienzo,1,User
kevin1024/vcrpy,puiterwijk,1,User
kevin1024/vcrpy,pjonsson,1,User
kevin1024/vcrpy,PiDelport,1,User
kevin1024/vcrpy,Åsmund Grammeltvedt,1,Anonymous
kevin1024/vcrpy,tito,1,User
kevin1024/vcrpy,sathieu,1,User
kevin1024/vcrpy,deronnax,1,User
kevin1024/vcrpy,mbrunthaler,1,User
kevin1024/vcrpy,FooBarQuaxx,1,User
kevin1024/vcrpy,leorochael,1,User
psf/black,ambv,372,User
psf/black,JelleZijlstra,193,User
psf/black,dependabot[bot],139,Bot
psf/black,ichard26,131,User
psf/black,hauntsaninja,111,User
psf/black,zsol,79,User
psf/black,cooperlees,74,User
psf/black,hugovk,52,User
psf/black,cobaltt7,51,User
psf/black,yilei,42,User
psf/black,MeGaGiGaGon,36,User
psf/black,felix-hilden,25,User
psf/black,isidentical,25,User
psf/black,MarcoGorelli,21,User
psf/black,jayaddison,16,User
psf/black,bbugyi200,14,User
psf/black,pre-commit-ci[bot],14,Bot
psf/black,msullivan,12,User
psf/black,tusharsadhwani,12,User
psf/black,jdufresne,11,User
psf/black,jpy-git,10,User
psf/black,henriholopainen,10,User
psf/black,asottile,9,User
psf/black,rdrll,9,User
psf/black,nipunn1313,8,User
psf/black,Jackenmen,8,User
psf/black,AlexWaygood,7,User
psf/black,willingc,7,User
psf/black,saroad2,7,User
psf/black,onerandomusername,6,User
psf/black,Zac-HD,6,User
psf/black,jgirardet,6,User
psf/black,uriyyo,6,User
psf/black,Shivansh-007,6,User
psf/black,jakkdl,6,User
psf/black,Jma353,6,User
psf/black,tiran,6,User
psf/black,aaossa,6,User
psf/black,davidszotten,5,User
psf/black,AleksMat,5,User
psf/black,ranjodhsingh1729,5,User
psf/black,autophagy,5,User
psf/black,KotlinIsland,4,User
psf/black,woodruffw,4,User
psf/black,graingert,4,User
psf/black,sgaist,4,User
psf/black,Pedro-Muller29,4,User
psf/black,Nikhil172913832,4,User
psf/black,hadialqattan,4,User
psf/black,aneeshusa,3,User
psf/black,shaoran,3,User
psf/black,pszlazak,3,User
psf/black,yhoiseth,3,User
psf/black,csurfer,3,User
psf/black,TomFryers,3,User
psf/black,hukkin,3,User
psf/black,dankrzeminski32,3,User
psf/black,henryiii,3,User
psf/black,ojii,3,User
psf/black,cdce8p,3,User
psf/black,Mariatta,3,User
psf/black,MarkCBell,3,User
psf/black,hroncok,3,User
psf/black,raybellwaves,3,User
psf/black,Abdur-rahmaanJ,2,User
psf/black,mcsitter,2,User
psf/black,meliache,2,User
psf/black,mr-c,2,User
psf/black,ofek,2,User
psf/black,TBBle,2,User
psf/black,Peter Bengtsson,2,Anonymous
psf/black,bluetech,2,User
psf/black,Shota Ray Imaki,2,Anonymous
psf/black,stinodego,2,User
psf/black,scop,2,User
psf/black,vemel,2,User
psf/black,johnthagen,2,User
psf/black,mainj12,2,User
psf/black,vezeli,2,User
psf/black,freud14,2,User
psf/black,gunungpw,2,User
psf/black,treuherz,2,User
psf/black,sobolevn,2,User
psf/black,programmer04,2,User
psf/black,sumezulike,2,User
psf/black,allhailwesttexas,2,User
psf/black,av-runner,2,User
psf/black,Ankitsinghsisodya,2,User
psf/black,tyilo,2,User
psf/black,bgw,2,User
psf/black,brandtbucher,2,User
psf/black,bryanforbes,2,User
psf/black,carljm,2,User
psf/black,neutrinoceros,2,User
psf/black,cxong,2,User
psf/black,polyzen,2,User
psf/black,keysmashes,2,User
psf/black,itsayellow,2,User
psf/black,ktbarrett,2,User
psf/black,BeyondEvil,2,User
getsentry/responses,markstory,218,User
getsentry/responses,beliaev-maksim,143,User
getsentry/responses,dcramer,128,User
getsentry/responses,getsentry-bot,22,User
getsentry/responses,hramezani,21,User
getsentry/responses,getsentry-bot,21,Anonymous
getsentry/responses,samrussell,13,User
getsentry/responses,David Cramer,8,Anonymous
getsentry/responses,karls,7,User
getsentry/responses,Farhan Kathawala,7,Anonymous
getsentry/responses,adamchainz,6,User
getsentry/responses,Bartłomiej Wójcicki,6,Anonymous
getsentry/responses,chadwhitacre,5,User
getsentry/responses,retracile,5,User
getsentry/responses,jdufresne,5,User
getsentry/responses,asottile-sentry,5,User
getsentry/responses,hummus,4,User
getsentry/responses,sbdchd,4,User
getsentry/responses,ryaanwells,4,User
getsentry/responses,OldhamMade,4,User
getsentry/responses,Pawel Dobrowolski,4,Anonymous
getsentry/responses,cournape,4,User
getsentry/responses,mdtro,3,User
getsentry/responses,graingert,3,User
getsentry/responses,okomestudio,3,User
getsentry/responses,iamrajjoshi,3,User
getsentry/responses,phillipuniverse,3,User
getsentry/responses,Nicolas Delaby,3,Anonymous
getsentry/responses,Matt Wright,3,Anonymous
getsentry/responses,florentx,3,User
getsentry/responses,mromagnoli,2,User
getsentry/responses,mattgauntseo-sentry,2,User
getsentry/responses,danihodovic,2,User
getsentry/responses,xmo-odoo,2,User
getsentry/responses,wimglenn,2,User
getsentry/responses,github-actions[bot],2,Bot
getsentry/responses,tony,2,User
getsentry/responses,StephenBrown2,2,User
getsentry/responses,rmad17,2,User
getsentry/responses,Pete Tinkler,2,Anonymous
getsentry/responses,ngaya-ll,2,User
getsentry/responses,singingwolfboy,2,User
getsentry/responses,carloshorn,2,User
getsentry/responses,willcodefortea,2,User
getsentry/responses,dfc,2,User
getsentry/responses,Ed Morley,2,Anonymous
getsentry/responses,fabian-gentner,2,User
getsentry/responses,TheJacobWalters,2,User
getsentry/responses,Jeffreyhung,2,User
getsentry/responses,jsirois,2,User
getsentry/responses,joscarsson,2,User
getsentry/responses,jllorencetti,2,User
getsentry/responses,kurtmckee,2,User
getsentry/responses,pfhawkins,1,User
getsentry/responses,inglesp,1,User
getsentry/responses,PiDelport,1,User
getsentry/responses,Priyansh121096,1,User
getsentry/responses,Rob Golding,1,Anonymous
getsentry/responses,rbu,1,User
getsentry/responses,Robert Grant,1,Anonymous
getsentry/responses,romuald,1,User
getsentry/responses,Sean Gillies,1,Anonymous
getsentry/responses,dwt,1,User
getsentry/responses,ticosax,1,User
getsentry/responses,niccokunzmann,1,User
getsentry/responses,mirober,1,User
getsentry/responses,mgorny,1,User
getsentry/responses,michael-k,1,User
getsentry/responses,wronglink,1,User
getsentry/responses,MichaelAquilina,1,User
getsentry/responses,djmattyg007,1,User
getsentry/responses,Bachmann1234,1,User
getsentry/responses,kleptog,1,User
getsentry/responses,mgaligniana,1,User
getsentry/responses,woodyza,1,User
getsentry/responses,tiqwab,1,User
getsentry/responses,joshuarli,1,User
getsentry/responses,jvanasco,1,User
getsentry/responses,j0hnsmith,1,User
getsentry/responses,askrpc,1,User
getsentry/responses,dmitrypolo,1,User
getsentry/responses,ddarricau,1,User
getsentry/responses,cash,1,User
getsentry/responses,codeasashu,1,User
getsentry/responses,yprez,1,User
getsentry/responses,YonatanGreenfeld,1,User
getsentry/responses,ziima,1,User
getsentry/responses,vbro,1,User
getsentry/responses,tomviner,1,User
getsentry/responses,tobinus,1,User
getsentry/responses,Thomas Grainger,1,Anonymous
getsentry/responses,SylvainDe,1,User
getsentry/responses,zeezdev,1,User
getsentry/responses,sputt,1,User
getsentry/responses,svisser,1,User
getsentry/responses,SergiyKolesnikov,1,User
getsentry/responses,whs,1,User
getsentry/responses,edgarrmondragon,1,User
getsentry/responses,hiisi13,1,User
getsentry/responses,Dillon Dixon,1,Anonymous
pylint-dev/pylint,PCManticore,1945,User
pylint-dev/pylint,Pierre-Sassoulas,1605,User
pylint-dev/pylint,DanielNoord,708,User
pylint-dev/pylint,Sylvain Thénault,625,Anonymous
pylint-dev/pylint,jacobtylerwalls,519,User
pylint-dev/pylint,dependabot[bot],407,Bot
pylint-dev/pylint,cdce8p,364,User
pylint-dev/pylint,Emile Anclin,278,Anonymous
pylint-dev/pylint,pre-commit-ci[bot],209,Bot
pylint-dev/pylint,hippo91,177,User
pylint-dev/pylint,mbyrnepr2,143,User
pylint-dev/pylint,github-actions[bot],122,Bot
pylint-dev/pylint,DudeNr33,99,User
pylint-dev/pylint,godfryd,98,User
pylint-dev/pylint,matusvalo,93,User
pylint-dev/pylint,torstenmarek,90,User
pylint-dev/pylint,clavedeluna,85,User
pylint-dev/pylint,tmarek-google,66,User
pylint-dev/pylint,rogalski,61,User
pylint-dev/pylint,nickdrozd,58,User
pylint-dev/pylint,AWhetter,53,User
pylint-dev/pylint,brycepg,51,User
pylint-dev/pylint,julthep,50,User
pylint-dev/pylint,yushao2,47,User
pylint-dev/pylint,bdanielby,44,User
pylint-dev/pylint,sushobhit27,41,User
pylint-dev/pylint,brettcannon,40,User
pylint-dev/pylint,harupy,37,User
pylint-dev/pylint,gurneyalex,37,User
pylint-dev/pylint,Laura Médioni,36,Anonymous
pylint-dev/pylint,Dmitry Pribysh,35,Anonymous
pylint-dev/pylint,pylint-backport[bot],33,Bot
pylint-dev/pylint,zenlyj,32,User
pylint-dev/pylint,scop,28,User
pylint-dev/pylint,jcristau,28,User
pylint-dev/pylint,sthenault,27,User
pylint-dev/pylint,adimasci,27,User
pylint-dev/pylint,moylop260,27,User
pylint-dev/pylint,doublethefish,26,User
pylint-dev/pylint,dashea,21,User
pylint-dev/pylint,Pierre-Yves David,21,Anonymous
pylint-dev/pylint,degustaf,19,User
pylint-dev/pylint,gunungpw,19,User
pylint-dev/pylint,jpy-git,18,User
pylint-dev/pylint,Cezar,18,Anonymous
pylint-dev/pylint,timmartin,17,User
pylint-dev/pylint,The-Compiler,17,User
pylint-dev/pylint,Julfried,16,User
pylint-dev/pylint,ollie-iterators,15,User
pylint-dev/pylint,rowillia,14,User
pylint-dev/pylint,orSolocate,14,User
pylint-dev/pylint,nchauvat,13,User
pylint-dev/pylint,HolgerPeters,12,User
pylint-dev/pylint,rciorba,12,User
pylint-dev/pylint,Cosmin Poieana,12,Anonymous
pylint-dev/pylint,yilei,11,User
pylint-dev/pylint,myint,11,User
pylint-dev/pylint,luigibertaco,11,User
pylint-dev/pylint,asottile,10,User
pylint-dev/pylint,Lothiraldan,10,User
pylint-dev/pylint,Julien Jehannet,10,Anonymous
pylint-dev/pylint,pkolbus,10,User
pylint-dev/pylint,correctmost,10,User
pylint-dev/pylint,crazybolillo,10,User
pylint-dev/pylint,nelfin,10,User
pylint-dev/pylint,atodorov,10,User
pylint-dev/pylint,vtemian,10,User
pylint-dev/pylint,hugovk,9,User
pylint-dev/pylint,djgoldsmith,9,User
pylint-dev/pylint,david-yz-liu,9,User
pylint-dev/pylint,glennmatthews,9,User
pylint-dev/pylint,s0undt3ch,9,User
pylint-dev/pylint,JulienPalard,9,User
pylint-dev/pylint,jwilk,8,User
pylint-dev/pylint,hofrob,8,User
pylint-dev/pylint,tushar-deepsource,8,User
pylint-dev/pylint,Mariatta,8,User
pylint-dev/pylint,areveny,7,User
pylint-dev/pylint,emile@crater.logilab.fr,7,Anonymous
pylint-dev/pylint,Pavel Roskin,7,Anonymous
pylint-dev/pylint,dgilman,7,User
pylint-dev/pylint,Lucas-C,6,User
pylint-dev/pylint,Hee-San,6,User
pylint-dev/pylint,ethan-leba,6,User
pylint-dev/pylint,twmr,6,User
pylint-dev/pylint,Marianna Polatoglou,6,Anonymous
pylint-dev/pylint,mvaled,6,User
pylint-dev/pylint,Luis Escobar,6,Anonymous
pylint-dev/pylint,ksaketou,6,User
pylint-dev/pylint,Konstantin,6,Anonymous
pylint-dev/pylint,jrobertson98atx,6,User
pylint-dev/pylint,ngie-eign,6,User
pylint-dev/pylint,David Lindquist,6,Anonymous
pylint-dev/pylint,Anthony Truchet,6,Anonymous
pylint-dev/pylint,MarkCBell,5,User
pylint-dev/pylint,qequ,5,User
pylint-dev/pylint,fureigh,5,User
pylint-dev/pylint,arusahni,5,User
pylint-dev/pylint,webknjaz,5,User
pylint-dev/pylint,theirix,5,User
pycqa/flake8,sigmavirus24,1062,User
pycqa/flake8,asottile,728,User
pycqa/flake8,tarekziade,104,User
pycqa/flake8,pre-commit-ci[bot],100,Bot
pycqa/flake8,florentx,84,User
pycqa/flake8,ericvw,68,User
pycqa/flake8,xZise,10,User
pycqa/flake8,jdufresne,10,User
pycqa/flake8,scop,10,User
pycqa/flake8,carljm,9,User
pycqa/flake8,christianmlong,9,User
pycqa/flake8,kynan,9,User
pycqa/flake8,Tadaboody,8,User
pycqa/flake8,Tarek Ziadé,8,Anonymous
pycqa/flake8,lost-theory,8,User
pycqa/flake8,jogo,8,User
pycqa/flake8,pteichman,6,User
pycqa/flake8,mrtheb,6,Anonymous
pycqa/flake8,peterjc,6,User
pycqa/flake8,isac322,5,User
pycqa/flake8,jezdez,5,User
pycqa/flake8,jfhc,5,User
pycqa/flake8,mxr,5,User
pycqa/flake8,megies,5,User
pycqa/flake8,geonu,5,User
pycqa/flake8,schlamar,4,User
pycqa/flake8,rkm,4,User
pycqa/flake8,Viicos,4,User
pycqa/flake8,jasonamyers,4,User
pycqa/flake8,msabramo,4,User
pycqa/flake8,mrlabbe,4,Anonymous
pycqa/flake8,ymdatta,4,User
pycqa/flake8,tylerwince,3,User
pycqa/flake8,cyberdelia,3,User
pycqa/flake8,atugushev,3,User
pycqa/flake8,lukmdo,3,User
pycqa/flake8,Martin Domke,3,Anonymous
pycqa/flake8,phdru,3,User
pycqa/flake8,hroncok,3,User
pycqa/flake8,mforbes,3,User
pycqa/flake8,mpenkov,3,User
pycqa/flake8,tomprince,2,User
pycqa/flake8,graingert,2,User
pycqa/flake8,Tamás Gulácsi,2,Anonymous
pycqa/flake8,pythoniste,2,User
pycqa/flake8,Stefan Scherfke,2,Anonymous
pycqa/flake8,shkw,2,User
pycqa/flake8,tyrelsouza,2,User
pycqa/flake8,onovy,2,User
pycqa/flake8,sobolevn,2,User
pycqa/flake8,nicdumz,2,User
pycqa/flake8,MGrishkin,2,User
pycqa/flake8,magopian,2,User
pycqa/flake8,Martijn Faassen,2,Anonymous
pycqa/flake8,MarkusPiotrowski,2,User
pycqa/flake8,wbolster,2,User
pycqa/flake8,Adam Chainz,2,Anonymous
pycqa/flake8,alex,2,User
pycqa/flake8,Ask Solem,2,Anonymous
pycqa/flake8,codedstructure,2,User
pycqa/flake8,charlesfrye,2,User
pycqa/flake8,csilvers,2,User
pycqa/flake8,diogobaeder,2,User
pycqa/flake8,FichteFoll,2,User
pycqa/flake8,nim65s,2,User
pycqa/flake8,methane,2,User
pycqa/flake8,IanLee1521,2,User
pycqa/flake8,Joseph Kahn,2,Anonymous
pycqa/flake8,kasium,2,User
pycqa/flake8,koepsell,2,User
pycqa/flake8,leorochael,2,User
pycqa/flake8,mrtheb,2,User
pycqa/flake8,das-g,1,User
pycqa/flake8,robhudson,1,User
pycqa/flake8,smuhit,1,User
pycqa/flake8,sambrightman,1,User
pycqa/flake8,sargunv,1,User
pycqa/flake8,Spectre5,1,User
pycqa/flake8,skovorodkin,1,User
pycqa/flake8,ssbarnea,1,User
pycqa/flake8,stdedos,1,User
pycqa/flake8,sscherfke,1,User
pycqa/flake8,stephane-klein,1,User
pycqa/flake8,matrixise,1,User
pycqa/flake8,stephenfin,1,User
pycqa/flake8,Илья Лебедев,1,Anonymous
pycqa/flake8,PFischbeck,1,User
pycqa/flake8,philwitty,1,User
pycqa/flake8,paulhfischer,1,User
pycqa/flake8,Nekokatt,1,Anonymous
pycqa/flake8,nedbat,1,User
pycqa/flake8,tebeka,1,User
pycqa/flake8,rubik,1,User
pycqa/flake8,mgorny,1,User
pycqa/flake8,Menno Liefstingh,1,Anonymous
pycqa/flake8,Anthchirp,1,User
pycqa/flake8,mandarvaze,1,User
pycqa/flake8,spookylukey,1,User
pycqa/flake8,Lukasz Langa,1,Anonymous
pycqa/flake8,wwuck,1,User
RobertCraigie/pyright-python,RobertCraigie,291,User
RobertCraigie/pyright-python,kianmeng,2,User
RobertCraigie/pyright-python,aidandj,1,User
RobertCraigie/pyright-python,debonte,1,User
RobertCraigie/pyright-python,FrancescElies,1,User
RobertCraigie/pyright-python,GoogolGenius,1,User
RobertCraigie/pyright-python,JacobHayes,1,User
RobertCraigie/pyright-python,lukebakken,1,User
RobertCraigie/pyright-python,matthewlloyd,1,User
RobertCraigie/pyright-python,ndryden,1,User
RobertCraigie/pyright-python,Tim Bre,1,Anonymous
RobertCraigie/pyright-python,bersbersbers,1,User
RobertCraigie/pyright-python,demberto,1,User
RobertCraigie/pyright-python,mjkramer,1,User
RobertCraigie/pyright-python,93578237,1,User
RobertCraigie/pyright-python,rbizos,1,User
astral-sh/ruff,charliermarsh,3626,User
astral-sh/ruff,MichaReiser,1268,User
astral-sh/ruff,renovate[bot],1056,Bot
astral-sh/ruff,AlexWaygood,904,User
astral-sh/ruff,dhruvmanila,590,User
astral-sh/ruff,sharkdp,499,User
astral-sh/ruff,BurntSushi,320,User
astral-sh/ruff,ntBre,320,User
astral-sh/ruff,zanieb,271,User
astral-sh/ruff,carljm,250,User
astral-sh/ruff,konstin,235,User
astral-sh/ruff,harupy,213,User
astral-sh/ruff,not-my-profile,211,User
astral-sh/ruff,dylwil3,184,User
astral-sh/ruff,dependabot[bot],183,Bot
astral-sh/ruff,InSyncWithFoo,173,User
astral-sh/ruff,dcreager,142,User
astral-sh/ruff,tjkuson,115,User
astral-sh/ruff,JonathanPlasse,107,User
astral-sh/ruff,andersk,91,User
astral-sh/ruff,sbrugman,91,User
astral-sh/ruff,danparizher,89,User
astral-sh/ruff,MatthewMckee4,79,User
astral-sh/ruff,Gankra,78,User
astral-sh/ruff,ibraheemdev,72,User
astral-sh/ruff,Lee-W,72,User
astral-sh/ruff,MeGaGiGaGon,69,User
astral-sh/ruff,diceroll123,67,User
astral-sh/ruff,LaBatata101,65,User
astral-sh/ruff,chirizxc,64,User
astral-sh/ruff,snowsignal,64,User
astral-sh/ruff,akx,57,User
astral-sh/ruff,augustelalande,51,User
astral-sh/ruff,mtshiba,50,User
astral-sh/ruff,github-actions[bot],50,Bot
astral-sh/ruff,qdegraaf,43,User
astral-sh/ruff,evanrittenhouse,38,User
astral-sh/ruff,amyreese,36,User
astral-sh/ruff,VascoSch92,34,User
astral-sh/ruff,colin99d,32,User
astral-sh/ruff,edgarrmondragon,29,User
astral-sh/ruff,squiddy,29,User
astral-sh/ruff,TaKO8Ki,29,User
astral-sh/ruff,Charles Marsh,26,Anonymous
astral-sh/ruff,calumy,26,User
astral-sh/ruff,11happy,25,User
astral-sh/ruff,Glyphack,24,User
astral-sh/ruff,cnpryer,23,User
astral-sh/ruff,oconnor663,23,User
astral-sh/ruff,saadmk11,23,User
astral-sh/ruff,messense,23,User
astral-sh/ruff,spaceone,22,User
astral-sh/ruff,Daverball,21,User
astral-sh/ruff,cake-monotone,19,User
astral-sh/ruff,davidszotten,18,User
astral-sh/ruff,hoel-bagard,18,User
astral-sh/ruff,RasmusNygren,18,User
astral-sh/ruff,scop,17,User
astral-sh/ruff,thejchap,17,User
astral-sh/ruff,UnboundVariable,16,User
astral-sh/ruff,sciyoshi,16,User
astral-sh/ruff,maxmynter,16,User
astral-sh/ruff,mkniewallner,16,User
astral-sh/ruff,alex-700,14,User
astral-sh/ruff,ericmarkmartin,14,User
astral-sh/ruff,Kalmaegi,14,User
astral-sh/ruff,robsdedude,14,User
astral-sh/ruff,trag1c,14,User
astral-sh/ruff,youknowone,14,User
astral-sh/ruff,TomerBin,13,User
astral-sh/ruff,T-256,13,User
astral-sh/ruff,density,13,User
astral-sh/ruff,woodruffw,12,User
astral-sh/ruff,DimitriPapadopoulos,12,User
astral-sh/ruff,hauntsaninja,12,User
astral-sh/ruff,JelleZijlstra,11,User
astral-sh/ruff,bluetech,11,User
astral-sh/ruff,abhijeetbodas2001,11,User
astral-sh/ruff,Stranger6667,10,User
astral-sh/ruff,mishamsk,10,User
astral-sh/ruff,mikeleppane,10,User
astral-sh/ruff,plredmond,10,User
astral-sh/ruff,chammika,10,User
astral-sh/ruff,carlosmiei,9,User
astral-sh/ruff,henryiii,9,User
astral-sh/ruff,Slyces,9,User
astral-sh/ruff,sobolevn,9,User
astral-sh/ruff,hugovk,9,User
astral-sh/ruff,IDrokin117,9,User
astral-sh/ruff,hikaru-kajita,9,User
astral-sh/ruff,CodeMan62,8,User
astral-sh/ruff,w0nder1ng,8,User
astral-sh/ruff,chanman3388,8,User
astral-sh/ruff,chriskrycho,8,User
astral-sh/ruff,Jkhall81,8,User
astral-sh/ruff,njhearp,8,User
astral-sh/ruff,Thomas de Zeeuw,8,Anonymous
astral-sh/ruff,denyszhak,7,User
astral-sh/ruff,leandrobbraga,7,User
astral-sh/ruff,lkh42t,7,User
hhatto/autopep8,myint,1004,User
hhatto/autopep8,myint,731,Anonymous
hhatto/autopep8,hhatto,686,User
hhatto/autopep8,myint,161,Anonymous
hhatto/autopep8,bwendling,108,User
hhatto/autopep8,Hideo Hattori,102,Anonymous
hhatto/autopep8,hayd,23,User
hhatto/autopep8,Edwin Shepherd,10,Anonymous
hhatto/autopep8,hugovk,10,User
hhatto/autopep8,dependabot[bot],8,Bot
hhatto/autopep8,PeterJCLaw,7,User
hhatto/autopep8,heavenshell,7,User
hhatto/autopep8,asottile,6,User
hhatto/autopep8,MinekPo1,6,User
hhatto/autopep8,tomscytale,5,User
hhatto/autopep8,twmr,5,User
hhatto/autopep8,khairihafsham,5,User
hhatto/autopep8,Hanaasagi,5,User
hhatto/autopep8,mgorny,4,User
hhatto/autopep8,keriksson-rosenqvist-oqc,3,User
hhatto/autopep8,myint,3,Anonymous
hhatto/autopep8,clach04,3,Anonymous
hhatto/autopep8,cclauss,3,Anonymous
hhatto/autopep8,yamt,3,User
hhatto/autopep8,soypsi,3,User
hhatto/autopep8,samv,3,User
hhatto/autopep8,neilsh,3,User
hhatto/autopep8,msabramo,3,User
hhatto/autopep8,florentx,3,User
hhatto/autopep8,fabioz,2,User
hhatto/autopep8,gmbnomis,2,User
hhatto/autopep8,Sam Vilain,2,Anonymous
hhatto/autopep8,SPKorhonen,2,User
hhatto/autopep8,nicolasbonifas,2,User
hhatto/autopep8,mvo5,2,User
hhatto/autopep8,peritus,2,User
hhatto/autopep8,Christopher Medrela,2,Anonymous
hhatto/autopep8,mrichtarsky,1,User
hhatto/autopep8,novadev94,1,User
hhatto/autopep8,Peter Nardi,1,Anonymous
hhatto/autopep8,slel,1,User
hhatto/autopep8,Social Game Developer,1,Anonymous
hhatto/autopep8,timgates42,1,User
hhatto/autopep8,vphilippon,1,User
hhatto/autopep8,j-z10,1,User
hhatto/autopep8,dongweiming,1,User
hhatto/autopep8,dongweiming,1,Anonymous
hhatto/autopep8,jnozsc,1,User
hhatto/autopep8,paugier,1,User
hhatto/autopep8,schlamar,1,User
hhatto/autopep8,spaceone,1,User
hhatto/autopep8,kx-chen,1,User
hhatto/autopep8,pvxe,1,User
hhatto/autopep8,evenicoulddoit,1,User
hhatto/autopep8,Hideo Hattori,1,Anonymous
hhatto/autopep8,Hnasar,1,User
hhatto/autopep8,embray,1,User
hhatto/autopep8,emanuele6,1,User
hhatto/autopep8,shardros,1,User
hhatto/autopep8,dellis23,1,User
hhatto/autopep8,bigredengineer,1,User
hhatto/autopep8,cp-bagerard,1,User
hhatto/autopep8,howeaj,1,User
hhatto/autopep8,andras-tim,1,User
python/mypy,JukkaL,5241,User
python/mypy,ilevkivskyi,880,User
python/mypy,msullivan,863,User
python/mypy,hauntsaninja,678,User
python/mypy,gvanrossum,354,User
python/mypy,Guido van Rossum,298,Anonymous
python/mypy,sobolevn,295,User
python/mypy,cdce8p,257,User
python/mypy,spkersten,202,User
python/mypy,AlexWaygood,166,User
python/mypy,ddfisher,166,User
python/mypy,Michael0x2a,155,User
python/mypy,ivuk,147,User
python/mypy,Michael Pokorny,125,Anonymous
python/mypy,emmatyping,115,User
python/mypy,elazarg,114,User
python/mypy,sterliakov,105,User
python/mypy,jhance,102,User
python/mypy,TH3CHARLie,99,User
python/mypy,JelleZijlstra,95,User
python/mypy,97littleleaf11,80,User
python/mypy,ecprice,68,User
python/mypy,ikonst,67,User
python/mypy,ilinum,58,User
python/mypy,gnprice,56,User
python/mypy,rwbarton,55,User
python/mypy,brianschubert,48,User
python/mypy,github-actions[bot],47,Bot
python/mypy,hamdanal,40,User
python/mypy,BobTheBuidler,40,User
python/mypy,Jared Pochtar,38,Anonymous
python/mypy,wyattscarpenter,38,User
python/mypy,svalentin,36,User
python/mypy,pkch,35,User
python/mypy,o11c,34,User
python/mypy,pranavrajpal,34,User
python/mypy,tyralla,33,User
python/mypy,p-sawicki,31,User
python/mypy,Wen Zhang,30,Anonymous
python/mypy,srittau,28,User
python/mypy,hughhan1,27,User
python/mypy,matthiaskramm,27,User
python/mypy,ichard26,26,User
python/mypy,A5rocks,24,User
python/mypy,rockneurotiko,23,User
python/mypy,Keith Philpott,22,Anonymous
python/mypy,KotlinIsland,22,User
python/mypy,wesleywright,22,User
python/mypy,jingw,21,User
python/mypy,hoefling,20,User
python/mypy,etrepum,19,User
python/mypy,refi64,18,User
python/mypy,SanjitKal,18,User
python/mypy,chadrik,18,User
python/mypy,dosisod,17,User
python/mypy,euresti,17,User
python/mypy,ashleyh,16,User
python/mypy,zhangwen0411,16,User
python/mypy,koogoro,16,User
python/mypy,onlined,15,User
python/mypy,JamesGuthrie,15,User
python/mypy,mareksapota-fb,15,User
python/mypy,mr-c,15,User
python/mypy,kirbyfan64,15,User
python/mypy,ambv,15,User
python/mypy,dixith,15,User
python/mypy,kylec1,15,User
python/mypy,yczhu,14,User
python/mypy,afrieder,14,User
python/mypy,sixolet,14,User
python/mypy,jswalden,14,User
python/mypy,asottile,14,User
python/mypy,hugues-aff,13,User
python/mypy,advait-dixit,13,User
python/mypy,Sanjit Kalapatapu,13,Anonymous
python/mypy,brandtbucher,12,User
python/mypy,freundTech,12,User
python/mypy,miedzinski,12,User
python/mypy,r3m0t,11,User
python/mypy,nipunn1313,11,User
python/mypy,iankronquist,11,User
python/mypy,randolf-scholz,10,User
python/mypy,rowillia,10,User
python/mypy,Schuyler Smith,10,Anonymous
python/mypy,ceh,10,User
python/mypy,intgr,9,User
python/mypy,ed1d1a8d,9,User
python/mypy,bluetech,8,User
python/mypy,wittekm,8,User
python/mypy,bzoracler,8,User
python/mypy,tungol,8,User
python/mypy,jorenham,8,User
python/mypy,wizzardx,8,User
python/mypy,Akuli,8,User
python/mypy,carljm,8,User
python/mypy,jstasiak,7,User
python/mypy,graingert,7,User
python/mypy,scop,7,User
python/mypy,davidfstr,7,User
python/mypy,gaborbernat,7,User
PyCQA/isort,timothycrosley,3150,User
PyCQA/isort,staticdev,201,User
PyCQA/isort,DanielNoord,119,User
PyCQA/isort,jdufresne,73,User
PyCQA/isort,anirudnits,68,User
PyCQA/isort,sztamas,45,User
PyCQA/isort,mkurnikov,29,User
PyCQA/isort,Timothy Crosley,24,Anonymous
PyCQA/isort,dependabot[bot],22,Bot
PyCQA/isort,matthewhughes934,22,User
PyCQA/isort,blueyed,19,User
PyCQA/isort,hugovk,18,User
PyCQA/isort,orsinium,17,User
PyCQA/isort,gofr,15,User
PyCQA/isort,cclauss,13,User
PyCQA/isort,akonsta,12,User
PyCQA/isort,ucodery,11,User
PyCQA/isort,legau,10,User
PyCQA/isort,r-richmond,10,User
PyCQA/isort,mkniewallner,8,User
PyCQA/isort,Zarathustra2,7,User
PyCQA/isort,deepsource-autofix[bot],7,Bot
PyCQA/isort,shotat,7,User
PyCQA/isort,MarcoGorelli,6,User
PyCQA/isort,wim glenn,6,Anonymous
PyCQA/isort,pik.paval,6,Anonymous
PyCQA/isort,bp72,6,User
PyCQA/isort,lukbrew25,6,User
PyCQA/isort,jsoref,6,User
PyCQA/isort,bootandy,5,User
PyCQA/isort,mattbennett,5,User
PyCQA/isort,ruro,5,User
PyCQA/isort,hyeonjames,5,User
PyCQA/isort,scop,5,User
PyCQA/isort,timqsh,5,User
PyCQA/isort,richardlthomas,5,User
PyCQA/isort,kurtmckee,5,User
PyCQA/isort,parafoxia,5,User
PyCQA/isort,akx,5,User
PyCQA/isort,alexwlchan,5,User
PyCQA/isort,sobolevn,4,User
PyCQA/isort,dmanikowski-reef,4,User
PyCQA/isort,sgaist,4,User
PyCQA/isort,kaste,4,User
PyCQA/isort,graingert,4,User
PyCQA/isort,Helveg,4,User
PyCQA/isort,NeilGirdhar,4,User
PyCQA/isort,mgorny,4,User
PyCQA/isort,msabramo,4,User
PyCQA/isort,lundberg,4,User
PyCQA/isort,Tenzer,4,User
PyCQA/isort,dpetzold,4,User
PyCQA/isort,FuegoFro,4,User
PyCQA/isort,chrisdecker1201,4,User
PyCQA/isort,habnabit,4,User
PyCQA/isort,NorthIsUp,4,User
PyCQA/isort,bryant1410,3,User
PyCQA/isort,GeyseR,3,User
PyCQA/isort,StephenBrown2,3,User
PyCQA/isort,tegkhanna,3,User
PyCQA/isort,astrofrog,3,User
PyCQA/isort,hakancelikdev,3,User
PyCQA/isort,jasonbrackman,3,User
PyCQA/isort,jaydesl,3,User
PyCQA/isort,joao-faria-dev,3,User
PyCQA/isort,kenoss,3,User
PyCQA/isort,mayty,3,User
PyCQA/isort,sbtries,3,User
PyCQA/isort,Plazmaz,3,User
PyCQA/isort,LEW21,3,User
PyCQA/isort,robsdedude,3,User
PyCQA/isort,bsamseth,3,User
PyCQA/isort,asottile,3,User
PyCQA/isort,AnkurDedania,3,User
PyCQA/isort,andersk,3,User
PyCQA/isort,bmalehorn,3,User
PyCQA/isort,Siecje,3,User
PyCQA/isort,Dan Davison,3,Anonymous
PyCQA/isort,danpalmer,3,User
PyCQA/isort,Dan W Anderson,3,Anonymous
PyCQA/isort,dvarrazzo,3,User
PyCQA/isort,deepsourcebot,3,User
PyCQA/isort,di,3,User
PyCQA/isort,geryogam,3,User
PyCQA/isort,mitar,3,User
PyCQA/isort,Patrick Gerken,3,Anonymous
PyCQA/isort,hqsz,3,User
PyCQA/isort,timgraham,2,User
PyCQA/isort,timgates42,2,User
PyCQA/isort,Thomas Grainger,2,Anonymous
PyCQA/isort,thijsdezoete,2,User
PyCQA/isort,hukkinj1,2,User
PyCQA/isort,infinityxxx,2,User
PyCQA/isort,stefmolin,2,User
PyCQA/isort,stweil,2,User
PyCQA/isort,hartwork,2,User
PyCQA/isort,SauravMaheshkar,2,User
PyCQA/isort,slai,2,User
PyCQA/isort,sergeant-wizard,2,User
PyCQA/isort,XuehaiPan,2,User
pre-commit/pre-commit,asottile,2233,User
pre-commit/pre-commit,pre-commit-ci[bot],141,Bot
pre-commit/pre-commit,struys,36,User
pre-commit/pre-commit,chriskuehl,23,User
pre-commit/pre-commit,geieredgar,15,User
pre-commit/pre-commit,lorenzwalthert,15,User
pre-commit/pre-commit,tdeo,12,User
pre-commit/pre-commit,scop,11,User
pre-commit/pre-commit,m-rsha,11,User
pre-commit/pre-commit,DanielChabrowski,10,User
pre-commit/pre-commit,Ben Picolo,9,Anonymous
pre-commit/pre-commit,georgeyk,9,User
pre-commit/pre-commit,expobrain,8,User
pre-commit/pre-commit,KevinHock,8,User
pre-commit/pre-commit,blarghmatey,7,User
pre-commit/pre-commit,yoavcaspi,7,User
pre-commit/pre-commit,s0undt3ch,7,User
pre-commit/pre-commit,benasher44,7,User
pre-commit/pre-commit,Anthony Sottile,7,Anonymous
pre-commit/pre-commit,Lucas-C,6,User
pre-commit/pre-commit,hackedd,6,User
pre-commit/pre-commit,jalessio,6,User
pre-commit/pre-commit,mblayman,5,User
pre-commit/pre-commit,mxr,5,User
pre-commit/pre-commit,paulhfischer,5,User
pre-commit/pre-commit,rkm,5,User
pre-commit/pre-commit,marqueewinq,4,User
pre-commit/pre-commit,mjay-taskize,4,User
pre-commit/pre-commit,jessebona,4,User
pre-commit/pre-commit,jeffreyrack,4,User
pre-commit/pre-commit,Jacob Scott,4,Anonymous
pre-commit/pre-commit,myrheimb,4,User
pre-commit/pre-commit,barrysteyn,4,User
pre-commit/pre-commit,adamchainz,4,User
pre-commit/pre-commit,taoufik07,3,User
pre-commit/pre-commit,rp-tanium,3,User
pre-commit/pre-commit,runz0rd,3,User
pre-commit/pre-commit,Mickaël Schoentgen,3,Anonymous
pre-commit/pre-commit,mandarvaze,3,User
pre-commit/pre-commit,Laurent Sigal,3,Anonymous
pre-commit/pre-commit,javabrett,3,User
pre-commit/pre-commit,Brett,3,Anonymous
pre-commit/pre-commit,ashanbrown,3,User
pre-commit/pre-commit,Tristan Carel,2,Anonymous
pre-commit/pre-commit,xhochy,2,User
pre-commit/pre-commit,alzeih,2,User
pre-commit/pre-commit,chrisRedwine,2,User
pre-commit/pre-commit,marsha,2,Anonymous
pre-commit/pre-commit,orcutt989,2,User
pre-commit/pre-commit,trbs,2,User
pre-commit/pre-commit,caffodian,2,User
pre-commit/pre-commit,fsouza,2,User
pre-commit/pre-commit,vinayinvicible,2,User
pre-commit/pre-commit,revolter,2,User
pre-commit/pre-commit,ModischFabrications,2,User
pre-commit/pre-commit,tonyrla,2,User
pre-commit/pre-commit,ryanrhee,2,User
pre-commit/pre-commit,Michael Adkins,2,Anonymous
pre-commit/pre-commit,MarcoGorelli,2,User
pre-commit/pre-commit,jdb8,2,User
pre-commit/pre-commit,Holzhaus,2,User
pre-commit/pre-commit,gaige,2,User
pre-commit/pre-commit,philipgian,2,User
pre-commit/pre-commit,bc-lee,2,User
pre-commit/pre-commit,absassi,2,User
pre-commit/pre-commit,Buck Golemon,2,Anonymous
pre-commit/pre-commit,Cimon Lucas (LCM),2,Anonymous
pre-commit/pre-commit,minrk,1,User
pre-commit/pre-commit,hroncok,1,User
pre-commit/pre-commit,okainov,1,User
pre-commit/pre-commit,narpfel,1,User
pre-commit/pre-commit,Paul Hooijenga,1,Anonymous
pre-commit/pre-commit,Paweł Sacawa,1,Anonymous
pre-commit/pre-commit,Pierre-Sassoulas,1,User
pre-commit/pre-commit,br-rhrbacek,1,User
pre-commit/pre-commit,radek-sprta,1,User
pre-commit/pre-commit,rafikdraoui,1,User
pre-commit/pre-commit,Michael Vincent,1,Anonymous
pre-commit/pre-commit,schiermike,1,User
pre-commit/pre-commit,mcsitter,1,User
pre-commit/pre-commit,matthewhughes934,1,User
pre-commit/pre-commit,M-Whitaker,1,User
pre-commit/pre-commit,mattp-,1,User
pre-commit/pre-commit,gagern,1,User
pre-commit/pre-commit,untitaker,1,User
pre-commit/pre-commit,mrogaski,1,User
pre-commit/pre-commit,magicmark,1,User
pre-commit/pre-commit,kmARC,1,User
pre-commit/pre-commit,emzeat,1,User
pre-commit/pre-commit,Marco Gorelli,1,Anonymous
pre-commit/pre-commit,sophgn,1,User
pre-commit/pre-commit,zimbatm,1,User
pre-commit/pre-commit,coldnight,1,User
pre-commit/pre-commit,surafelabebe,1,Anonymous
pre-commit/pre-commit,mishaschwartz,1,User
pre-commit/pre-commit,int3l,1,User
pre-commit/pre-commit,dongweiming,1,User
pre-commit/pre-commit,ddelange,1,User
pre-commit/pre-commit,yhoiseth,1,User
pre-commit/pre-commit,wting,1,User
PyCQA/bandit,ericwb,324,User
PyCQA/bandit,Jenkins,259,Anonymous
PyCQA/bandit,Tim Kelsey,96,Anonymous
PyCQA/bandit,Jamie Finnigan,88,Anonymous
PyCQA/bandit,Travis McPeak,72,Anonymous
PyCQA/bandit,dependabot[bot],57,Bot
PyCQA/bandit,lukehinds,44,User
PyCQA/bandit,OpenStack Proposal Bot,33,Anonymous
PyCQA/bandit,viraptor,32,User
PyCQA/bandit,ehooo,29,User
PyCQA/bandit,pre-commit-ci[bot],20,Bot
PyCQA/bandit,finnigja,20,User
PyCQA/bandit,cjschaef,16,User
PyCQA/bandit,Timothy Kelsey,16,Anonymous
PyCQA/bandit,Zuul,16,Anonymous
PyCQA/bandit,Brant Knudson,14,Anonymous
PyCQA/bandit,mportesdev,13,User
PyCQA/bandit,Ian Cordasco,12,Anonymous
PyCQA/bandit,stannum-l,12,User
PyCQA/bandit,sigmavirus24,12,User
PyCQA/bandit,lhinds,10,Anonymous
PyCQA/bandit,Travis McPeak,8,Anonymous
PyCQA/bandit,Rob Fletcher,8,Anonymous
PyCQA/bandit,David Wyde,8,Anonymous
PyCQA/bandit,Dave Belcher,7,Anonymous
PyCQA/bandit,ljfisher,7,User
PyCQA/bandit,mkniewallner,7,User
PyCQA/bandit,zhangyanxian,6,Anonymous
PyCQA/bandit,ushyd202,6,User
PyCQA/bandit,Daviey,6,User
PyCQA/bandit,baranpirincal,5,User
PyCQA/bandit,elmiko,5,User
PyCQA/bandit,chair6,5,Anonymous
PyCQA/bandit,tylerwince,5,User
PyCQA/bandit,ajaeger,4,User
PyCQA/bandit,evqna,4,User
PyCQA/bandit,CyrilRoelandteNovance,4,User
PyCQA/bandit,nkinder,4,User
PyCQA/bandit,Travis McPeak,4,Anonymous
PyCQA/bandit,victor_torre,4,Anonymous
PyCQA/bandit,ghugo,4,User
PyCQA/bandit,nickthetait,3,Anonymous
PyCQA/bandit,Tim Kelsey,3,Anonymous
PyCQA/bandit,rajathagasthya,3,User
PyCQA/bandit,costaparas,3,User
PyCQA/bandit,MrDolev,2,User
PyCQA/bandit,zhangyanxian,2,Anonymous
PyCQA/bandit,sudhiragarwal098,2,User
PyCQA/bandit,qinchunhua,2,User
PyCQA/bandit,lioplhp,2,Anonymous
PyCQA/bandit,glyphack,2,Anonymous
PyCQA/bandit,gecong1973,2,User
PyCQA/bandit,Travis McPeak,2,Anonymous
PyCQA/bandit,pgjones,2,User
PyCQA/bandit,bittner,2,User
PyCQA/bandit,tonybaloney,2,User
PyCQA/bandit,Cao Xuan Hoang,2,Anonymous
PyCQA/bandit,dave-mccowan,2,User
PyCQA/bandit,Jamie Finnigan,2,Anonymous
PyCQA/bandit,jelly,2,User
PyCQA/bandit,kfrydel,2,User
PyCQA/bandit,maciejstromich,2,User
PyCQA/bandit,Marek Cermak,2,Anonymous
PyCQA/bandit,Michael Spallino,2,Anonymous
PyCQA/bandit,BoboTiG,2,User
PyCQA/bandit,pabelanger,2,User
PyCQA/bandit,domanchi,1,User
PyCQA/bandit,rajaramsrn,1,User
PyCQA/bandit,raj3shp,1,User
PyCQA/bandit,look4regev,1,User
PyCQA/bandit,SugarP1g,1,User
PyCQA/bandit,RobbeSneyders,1,User
PyCQA/bandit,hyakuhei,1,User
PyCQA/bandit,rtfpessoa,1,User
PyCQA/bandit,Klavionik,1,User
PyCQA/bandit,sgaist,1,User
PyCQA/bandit,Shuquan Huang,1,Anonymous
PyCQA/bandit,Soumitr,1,Anonymous
PyCQA/bandit,purplezimmermann,1,User
PyCQA/bandit,kajinamit,1,User
PyCQA/bandit,taybin,1,User
PyCQA/bandit,Thibaut Le Page,1,Anonymous
PyCQA/bandit,graingert,1,User
PyCQA/bandit,Matthew Egan,1,Anonymous
PyCQA/bandit,Shortfinga,1,User
PyCQA/bandit,mikespallino,1,User
PyCQA/bandit,exhuma,1,User
PyCQA/bandit,mikelolasagasti,1,User
PyCQA/bandit,mschfh,1,User
PyCQA/bandit,hnwolf,1,User
PyCQA/bandit,noliverio,1,User
PyCQA/bandit,Pablo Woolvett,1,Anonymous
PyCQA/bandit,phofl,1,User
PyCQA/bandit,paulopontesm,1,User
PyCQA/bandit,pshchelo,1,User
PyCQA/bandit,PermanAtayev,1,User
PyCQA/bandit,nixphix,1,User
PyCQA/bandit,florczakraf,1,User
PyCQA/bandit,rahulunair,1,User
PyCQA/bandit,daniel-mohr,1,User
pallets/click,davidism,849,User
pallets/click,mitsuhiko,593,User
pallets/click,Rowlando13,205,User
pallets/click,untitaker,151,User
pallets/click,dependabot-preview[bot],106,Bot
pallets/click,kdeldycke,68,User
pallets/click,dependabot[bot],60,Bot
pallets/click,denuoweb,52,User
pallets/click,sirosen,33,User
pallets/click,Nicholas Wiles,32,Anonymous
pallets/click,Dan Sully,30,Anonymous
pallets/click,pre-commit-ci[bot],26,Bot
pallets/click,julen,21,User
pallets/click,iKevinY,18,User
pallets/click,jcrotts,18,User
pallets/click,zacbir,13,User
pallets/click,jab,11,User
pallets/click,AndreasBackx,10,User
pallets/click,jdufresne,10,User
pallets/click,Edward Girling,10,Anonymous
pallets/click,janluke,8,User
pallets/click,Joshua Storck,8,Anonymous
pallets/click,Veebaa,8,User
pallets/click,epequeno,8,User
pallets/click,Saif807380,8,User
pallets/click,amy-lei,8,User
pallets/click,msaipraneeth,8,User
pallets/click,JosiahDub,7,User
pallets/click,pre-commit-ci-lite[bot],7,Bot
pallets/click,cAtaman,7,User
pallets/click,t-payne,6,User
pallets/click,segevfiner,6,User
pallets/click,gene1wood,6,User
pallets/click,Brett Bethke,6,Anonymous
pallets/click,adamtheturtle,5,User
pallets/click,Claudio Bandera,5,Anonymous
pallets/click,smurfix,5,User
pallets/click,ofek,5,User
pallets/click,rsiemens,5,User
pallets/click,stopthatcow,5,User
pallets/click,Yourun-proger,5,User
pallets/click,jwodder,5,User
pallets/click,blueyed,4,User
pallets/click,slafs,4,User
pallets/click,sjagoe,4,User
pallets/click,Jazzinghen,4,User
pallets/click,mjpieters,4,User
pallets/click,LokiHokie,4,Anonymous
pallets/click,altendky,4,User
pallets/click,kporangehat,4,User
pallets/click,quobit,4,User
pallets/click,jzengg,4,User
pallets/click,greyli,4,User
pallets/click,truthdoug,4,User
pallets/click,RonnyPfannschmidt,3,User
pallets/click,kieranyyu,3,User
pallets/click,dougharris,3,User
pallets/click,timgates42,3,User
pallets/click,jodal,3,User
pallets/click,rhgrant10,3,User
pallets/click,rpgraham84,3,User
pallets/click,pwlandoll,3,User
pallets/click,bittner,3,User
pallets/click,pfmoore,3,User
pallets/click,markbt,3,User
pallets/click,pocek,3,User
pallets/click,ericfrederich,3,User
pallets/click,DenisCarriere,3,User
pallets/click,dawranliou,3,User
pallets/click,paxnovem,3,User
pallets/click,neutrinoceros,3,User
pallets/click,BALaka-18,3,User
pallets/click,Sam Schott,2,Anonymous
pallets/click,TDaglis,2,User
pallets/click,tyler-eto,2,User
pallets/click,ulope,2,User
pallets/click,vphilippon,2,User
pallets/click,aaronsarna,2,User
pallets/click,axu2,2,Anonymous
pallets/click,her0e1c1,2,User
pallets/click,SWu,2,User
pallets/click,russkel,2,User
pallets/click,vmalloc,2,User
pallets/click,bast,2,User
pallets/click,pombredanne,2,User
pallets/click,pgkelley4,2,User
pallets/click,peterdragun,2,User
pallets/click,takistakis,2,User
pallets/click,a1exsh,2,User
pallets/click,stefreak,2,User
pallets/click,fdavis,2,User
pallets/click,srafi1,2,User
pallets/click,saroad2,2,User
pallets/click,jacobtolar,2,User
pallets/click,yashrathi-git,2,User
pallets/click,antazoey,2,User
pallets/click,dzcode,2,User
pallets/click,Jayin,2,User
pallets/click,con-f-use,2,User
pallets/click,IamCathal,2,User
tqdm/tqdm,casperdcl,1541,User
tqdm/tqdm,lrq3000,203,User
tqdm/tqdm,altendky,31,User
tqdm/tqdm,hadim,31,User
tqdm/tqdm,richardsheridan,23,User
tqdm/tqdm,Guangshuo Chen,14,Anonymous
tqdm/tqdm,kmike,11,User
tqdm/tqdm,noamraph,11,User
tqdm/tqdm,obiwanus,9,User
tqdm/tqdm,mbargull,6,User
tqdm/tqdm,nishnash54,5,User
tqdm/tqdm,chengs,4,User
tqdm/tqdm,mihaild,3,User
tqdm/tqdm,mgorny,3,User
tqdm/tqdm,mjstevens777,3,User
tqdm/tqdm,MPagel,3,User
tqdm/tqdm,martinzugnoni,3,User
tqdm/tqdm,Joshua Coales,3,Anonymous
tqdm/tqdm,CrazyPython,3,User
tqdm/tqdm,charlienewey,3,User
tqdm/tqdm,anntzer,3,User
tqdm/tqdm,pgajdos,2,User
tqdm/tqdm,toddrme2178,2,User
tqdm/tqdm,staffanm,2,User
tqdm/tqdm,Socialery,2,Anonymous
tqdm/tqdm,redbug312,2,User
tqdm/tqdm,Peter Hansen,2,Anonymous
tqdm/tqdm,orivej,2,User
tqdm/tqdm,kolayne,2,User
tqdm/tqdm,moble,2,User
tqdm/tqdm,maxnordlund,2,User
tqdm/tqdm,MapleCCC,2,User
tqdm/tqdm,cancan101,2,User
tqdm/tqdm,aplavin,2,User
tqdm/tqdm,Daniel Panteleit,2,Anonymous
tqdm/tqdm,Berserker66,2,User
tqdm/tqdm,FichteFoll,2,User
tqdm/tqdm,grst,2,User
tqdm/tqdm,guigoruiz1,2,User
tqdm/tqdm,heoh,2,User
tqdm/tqdm,hugovk,2,User
tqdm/tqdm,Ivan Ivanov,2,Anonymous
tqdm/tqdm,JackMc,2,User
tqdm/tqdm,shirish93,1,User
tqdm/tqdm,sizmailov,1,User
tqdm/tqdm,Separius,1,User
tqdm/tqdm,robertzk,1,User
tqdm/tqdm,volans-,1,User
tqdm/tqdm,ReadmeCritic,1,User
tqdm/tqdm,rlmaers,1,User
tqdm/tqdm,pjvandehaar,1,User
tqdm/tqdm,asfaltboy,1,User
tqdm/tqdm,elsonidoq,1,User
tqdm/tqdm,ofek,1,User
tqdm/tqdm,hroncok,1,User
tqdm/tqdm,minho42,1,User
tqdm/tqdm,mikekutzma,1,User
tqdm/tqdm,LucaCappelletti94,1,User
tqdm/tqdm,AbysmalBiscuit,1,User
tqdm/tqdm,leotac,1,User
tqdm/tqdm,lpsinger,1,User
tqdm/tqdm,kcwu,1,User
tqdm/tqdm,littlezz,1,User
tqdm/tqdm,zed,1,User
tqdm/tqdm,wingding12,1,User
tqdm/tqdm,github-actions[bot],1,Bot
tqdm/tqdm,stonebig,1,Anonymous
tqdm/tqdm,songololo,1,User
tqdm/tqdm,raulsaavedr,1,Anonymous
tqdm/tqdm,melnikovsky,1,User
tqdm/tqdm,mariosasko,1,User
tqdm/tqdm,jamate16,1,User
tqdm/tqdm,immerrr,1,User
tqdm/tqdm,yarikoptic,1,User
tqdm/tqdm,willtrnr,1,User
tqdm/tqdm,RunOrVeith,1,User
tqdm/tqdm,to266,1,User
tqdm/tqdm,tacaswell,1,User
tqdm/tqdm,syzzer,1,User
tqdm/tqdm,greshilov,1,User
tqdm/tqdm,ghltshubh,1,User
tqdm/tqdm,EdwardBetts,1,User
tqdm/tqdm,deeenes,1,User
tqdm/tqdm,dyno,1,User
tqdm/tqdm,dwhswenson,1,User
tqdm/tqdm,davidbau,1,User
tqdm/tqdm,kraptor,1,User
tqdm/tqdm,darindf,1,User
tqdm/tqdm,danking,1,User
tqdm/tqdm,de-code,1,User
tqdm/tqdm,Daniel Armbruster,1,Anonymous
tqdm/tqdm,cheng10,1,User
tqdm/tqdm,carlinmack,1,User
tqdm/tqdm,arunpersaud,1,User
tqdm/tqdm,geekypandey,1,User
tqdm/tqdm,andportnoy,1,User
tqdm/tqdm,Ahsoka,1,User
tqdm/tqdm,arkottke,1,User
tqdm/tqdm,AlJohri,1,User
tqdm/tqdm,uadnan,1,User
Textualize/rich,willmcgugan,2934,User
Textualize/rich,darrenburns,315,User
Textualize/rich,dependabot[bot],113,Bot
Textualize/rich,Nathan Page,97,Anonymous
Textualize/rich,davep,42,User
Textualize/rich,hedyhli,39,User
Textualize/rich,Olivier Philippon,37,Anonymous
Textualize/rich,althonos,29,User
Textualize/rich,toto6038,17,User
Textualize/rich,amartya-dev,16,User
Textualize/rich,TomJGooding,16,User
Textualize/rich,evantkchong,14,User
Textualize/rich,ptmcg,14,User
Textualize/rich,Isaac Wahhab,11,Anonymous
Textualize/rich,taliraj,11,User
Textualize/rich,oleksis,11,User
Textualize/rich,henryiii,11,User
Textualize/rich,sureshdsk,11,User
Textualize/rich,rodrigogiraoserrao,11,User
Textualize/rich,motahharm,9,User
Textualize/rich,v0lp3,9,User
Textualize/rich,megaserg,9,User
Textualize/rich,patrick91,9,User
Textualize/rich,Aaron Stephens,8,Anonymous
Textualize/rich,Adilius,8,User
Textualize/rich,seapagan,8,User
Textualize/rich,hadialqattan,8,User
Textualize/rich,realnitinworks,8,User
Textualize/rich,tusharsadhwani,8,User
Textualize/rich,chthollyphile,8,User
Textualize/rich,sondrelg,8,User
Textualize/rich,jayaddison,8,User
Textualize/rich,wasi-master,7,User
Textualize/rich,carltongibson,7,User
Textualize/rich,Pim,7,Anonymous
Textualize/rich,GBeauregard,7,User
Textualize/rich,boegel,7,User
Textualize/rich,paw-lu,7,User
Textualize/rich,pd93,7,User
Textualize/rich,PyWoody,6,User
Textualize/rich,Jackenmen,6,User
Textualize/rich,antonymilne,6,User
Textualize/rich,andrehora,6,User
Textualize/rich,notatallshaw,6,User
Textualize/rich,schneiderfelipe,6,User
Textualize/rich,mgorny,6,User
Textualize/rich,saulshanabrook,6,User
Textualize/rich,bhrutledge,5,User
Textualize/rich,brakhane,5,User
Textualize/rich,joehalliwell,5,User
Textualize/rich,honno,5,User
Textualize/rich,nathanpage-credo,5,User
Textualize/rich,tonybaloney,5,User
Textualize/rich,youngchaena,5,User
Textualize/rich,askras,5,User
Textualize/rich,theDreamer911,4,User
Textualize/rich,timsavage,4,User
Textualize/rich,jdvanwijk,4,User
Textualize/rich,kilacoda,4,User
Textualize/rich,p0lux,4,User
Textualize/rich,phase06,4,User
Textualize/rich,ubaumann,4,User
Textualize/rich,Coderbeep,4,User
Textualize/rich,davised,4,User
Textualize/rich,hugovk,4,User
Textualize/rich,yashrathi-git,4,User
Textualize/rich,DarkCode01,4,User
Textualize/rich,lqhuang,4,User
Textualize/rich,The-Compiler,4,User
Textualize/rich,Edward-Knight,4,User
Textualize/rich,daddycocoaman,4,User
Textualize/rich,LukeSavefrogs,4,User
Textualize/rich,luigibertaco,4,User
Textualize/rich,minrk,4,User
Textualize/rich,sobolevn,4,User
Textualize/rich,ofek,4,User
Textualize/rich,sanders41,4,User
Textualize/rich,ssbarnea,4,User
Textualize/rich,pawamoy,3,User
Textualize/rich,vitorbaraujo,3,User
Textualize/rich,XuehaiPan,3,User
Textualize/rich,onlyacat,3,User
Textualize/rich,akettmann-e24,3,User
Textualize/rich,chincherpa,3,User
Textualize/rich,johnthagen,3,User
Textualize/rich,polyedre,3,User
Textualize/rich,xadrianzetx,3,User
Textualize/rich,Zephyrkul,3,User
Textualize/rich,TomerYogev,3,User
Textualize/rich,noklam,3,User
Textualize/rich,neutrinoceros,3,User
Textualize/rich,cclauss,3,User
Textualize/rich,calumy,3,User
Textualize/rich,Avrohom Perl,3,Anonymous
Textualize/rich,ionite34,3,User
Textualize/rich,jwilk,3,User
Textualize/rich,jstvz,3,User
Textualize/rich,JettChenT,3,User
Textualize/rich,joelostblom,3,User
Textualize/rich,JoshKarpel,3,User
fastapi/typer,tiangolo,456,User
fastapi/typer,dependabot[bot],138,Bot
fastapi/typer,github-actions[bot],137,Bot
fastapi/typer,svlandeg,53,User
fastapi/typer,pre-commit-ci[bot],48,Bot
fastapi/typer,YuriiMotov,10,User
fastapi/typer,patrick91,4,User
fastapi/typer,mariacamilagl,3,User
fastapi/typer,ivantodorovich,3,User
fastapi/typer,mrcartoonster,3,User
fastapi/typer,alejsdev,2,User
fastapi/typer,gar1t,2,User
fastapi/typer,victorphoenix3,2,User
fastapi/typer,kinuax,2,User
fastapi/typer,theMarix,2,User
fastapi/typer,savannahostrowski,2,User
fastapi/typer,nathanjmcdougall,2,User
fastapi/typer,OhioDschungel6,1,User
fastapi/typer,gjolga,1,User
fastapi/typer,plannigan,1,User
fastapi/typer,paulo-raca,1,User
fastapi/typer,PokkaKiyo,1,User
fastapi/typer,rickwporter,1,User
fastapi/typer,RmStorm,1,User
fastapi/typer,rkbeatss,1,User
fastapi/typer,ryangalamb,1,User
fastapi/typer,ryanstreur,1,User
fastapi/typer,septatrix,1,User
fastapi/typer,softwarebloat,1,User
fastapi/typer,n1ckdm,1,User
fastapi/typer,neirzhei,1,User
fastapi/typer,MorgenPronk,1,User
fastapi/typer,michaelriri,1,User
fastapi/typer,mgielda,1,User
fastapi/typer,racinmat,1,User
fastapi/typer,mattmess1221,1,User
fastapi/typer,yassu,1,User
fastapi/typer,theowisear,1,User
fastapi/typer,patricksurry,1,User
fastapi/typer,mjodmj,1,User
fastapi/typer,m9810223,1,User
fastapi/typer,runofthemill,1,User
fastapi/typer,graue70,1,User
fastapi/typer,goraje,1,User
fastapi/typer,gkeuccsr,1,User
fastapi/typer,arjenzorgdoc,1,User
fastapi/typer,blackary,1,User
fastapi/typer,huxuan,1,User
fastapi/typer,Valentin Calomme,1,Anonymous
fastapi/typer,tvoirand,1,User
fastapi/typer,TheTechromancer,1,User
fastapi/typer,teymour-aldridge,1,User
fastapi/typer,targhs,1,User
fastapi/typer,tadasgedgaudas,1,User
fastapi/typer,ssbarnea,1,User
fastapi/typer,mccarthysean,1,User
fastapi/typer,DiegoPiloni,1,User
fastapi/typer,dennis-rall,1,User
fastapi/typer,emfdavid,1,User
fastapi/typer,dmontagu,1,User
fastapi/typer,davidbgk,1,User
fastapi/typer,horta,1,User
fastapi/typer,colin-nolan,1,User
fastapi/typer,cgabard,1,User
fastapi/typer,chrisburr,1,User
fastapi/typer,mrchrisadams,1,User
fastapi/typer,IamCathal,1,User
fastapi/typer,bckohan,1,User
fastapi/typer,briancohan,1,User
fastapi/typer,bwagner,1,User
fastapi/typer,musicinmybrain,1,User
fastapi/typer,Asthestarsfalll,1,User
fastapi/typer,AryazE,1,User
fastapi/typer,avaldebe,1,User
fastapi/typer,asieira,1,User
fastapi/typer,alexjurkiewicz,1,User
fastapi/typer,menzenski,1,User
fastapi/typer,snapbug,1,User
fastapi/typer,oefe,1,User
fastapi/typer,daddycocoaman,1,User
fastapi/typer,kianmeng,1,User
fastapi/typer,kkirsche,1,User
fastapi/typer,heckad,1,User
fastapi/typer,DoctorJohn,1,User
fastapi/typer,machml,1,User
fastapi/typer,jonaslb,1,User
fastapi/typer,jpurviance,1,User
fastapi/typer,javier171188,1,User
fastapi/typer,Kobu,1,User
fastapi/typer,hellowhistler,1,User
fastapi/typer,g-arjones,1,User
fastapi/typer,fepegar,1,User
fastapi/typer,fsramalho,1,User
fastapi/typer,estebanx64,1,User
fastapi/typer,edgarrmondragon,1,User
fastapi/typer,solesensei,1,User
google/python-fire,dbieber,204,User
google/python-fire,dependabot[bot],29,Bot
google/python-fire,joejoevictor,28,User
google/python-fire,jacobaustin123,6,User
google/python-fire,Borda,6,User
google/python-fire,saurabhkpatel,4,User
google/python-fire,jtratner,4,User
google/python-fire,rchen152,3,User
google/python-fire,MichaelCG8,3,User
google/python-fire,cclauss,2,Anonymous
google/python-fire,wchliao,2,User
google/python-fire,vbarbaresi,2,User
google/python-fire,nealmcb,2,User
google/python-fire,meshde,2,User
google/python-fire,gruberma,2,User
google/python-fire,jaredtrog,2,User
google/python-fire,jgarst,2,User
google/python-fire,hugovk,2,User
google/python-fire,BasedDepartment1,1,User
google/python-fire,timgates42,1,User
google/python-fire,elaatifi,1,User
google/python-fire,roopeshvs,1,User
google/python-fire,robweiss,1,User
google/python-fire,tux-00,1,User
google/python-fire,r0fls,1,User
google/python-fire,Pratyush Raj,1,Anonymous
google/python-fire,pranavgupta1234,1,User
google/python-fire,sp1thas,1,User
google/python-fire,nfultz,1,User
google/python-fire,BoboTiG,1,User
google/python-fire,jaesbit,1,User
google/python-fire,wdhongtw,1,User
google/python-fire,xavierfigueroav,1,User
google/python-fire,yarikoptic,1,User
google/python-fire,yilei,1,User
google/python-fire,ubershmekel,1,User
google/python-fire,excript,1,User
google/python-fire,greenmoon55,1,User
google/python-fire,keatinge,1,User
google/python-fire,khodadadp,1,User
google/python-fire,mbarkhau,1,User
google/python-fire,uburuntu,1,User
google/python-fire,williamfzc,1,User
google/python-fire,ajomadlabs,1,User
google/python-fire,alexshadley,1,User
google/python-fire,amy-lei,1,User
google/python-fire,cshung,1,User
google/python-fire,beasteers,1,User
google/python-fire,bradleydamato,1,User
google/python-fire,kinow,1,User
google/python-fire,CJ-Wright,1,User
google/python-fire,ConorSheehan1,1,User
google/python-fire,daikikatsuragawa,1,User
google/python-fire,dzheng256,1,User
google/python-fire,David Caron,1,Anonymous
google/python-fire,EvanJuV,1,User
google/python-fire,floscha,1,User
google/python-fire,geoffbacon,1,User
google/python-fire,cocolato,1,User
google/python-fire,Ellmen,1,User
google/python-fire,Jackevansevo,1,User
google/python-fire,jamesgeorge007,1,User
google/python-fire,jbampton,1,User
google/python-fire,jorrinpollard,1,User
google/python-fire,bonfy,1,User
google/python-fire,mhimanshu0101,1,User
google/python-fire,maximehk,1,User
prompt-toolkit/python-prompt-toolkit,jonathanslenders,2288,User
prompt-toolkit/python-prompt-toolkit,delirious-lettuce,84,User
prompt-toolkit/python-prompt-toolkit,Carreau,21,User
prompt-toolkit/python-prompt-toolkit,MrMino,13,User
prompt-toolkit/python-prompt-toolkit,amjith,10,User
prompt-toolkit/python-prompt-toolkit,vxgmichel,9,User
prompt-toolkit/python-prompt-toolkit,techtonik,8,User
prompt-toolkit/python-prompt-toolkit,asmeurer,7,User
prompt-toolkit/python-prompt-toolkit,msabramo,7,User
prompt-toolkit/python-prompt-toolkit,byrro,7,User
prompt-toolkit/python-prompt-toolkit,Ken Odegard,6,Anonymous
prompt-toolkit/python-prompt-toolkit,randy3k,6,User
prompt-toolkit/python-prompt-toolkit,vicalloy,6,User
prompt-toolkit/python-prompt-toolkit,danirus,6,User
prompt-toolkit/python-prompt-toolkit,gpotter2,5,User
prompt-toolkit/python-prompt-toolkit,pythonpsql,5,User
prompt-toolkit/python-prompt-toolkit,decentral1se,5,User
prompt-toolkit/python-prompt-toolkit,joouha,5,User
prompt-toolkit/python-prompt-toolkit,donnemartin,4,User
prompt-toolkit/python-prompt-toolkit,melund,4,User
prompt-toolkit/python-prompt-toolkit,plotski,4,Anonymous
prompt-toolkit/python-prompt-toolkit,tsvenson,3,User
prompt-toolkit/python-prompt-toolkit,pgy,3,User
prompt-toolkit/python-prompt-toolkit,niklasf,3,User
prompt-toolkit/python-prompt-toolkit,hugovk,3,User
prompt-toolkit/python-prompt-toolkit,farisachugthai,3,User
prompt-toolkit/python-prompt-toolkit,infmagic2047,3,User
prompt-toolkit/python-prompt-toolkit,tony,3,User
prompt-toolkit/python-prompt-toolkit,tapple,3,User
prompt-toolkit/python-prompt-toolkit,sinic,3,User
prompt-toolkit/python-prompt-toolkit,kitterma,3,User
prompt-toolkit/python-prompt-toolkit,PQYPLZXHGF,3,User
prompt-toolkit/python-prompt-toolkit,bitkeen,3,User
prompt-toolkit/python-prompt-toolkit,Adam Chainz,3,Anonymous
prompt-toolkit/python-prompt-toolkit,amotl,3,User
prompt-toolkit/python-prompt-toolkit,alexrudd2,3,User
prompt-toolkit/python-prompt-toolkit,Amjith Ramanujam,3,Anonymous
prompt-toolkit/python-prompt-toolkit,cclauss,3,User
prompt-toolkit/python-prompt-toolkit,mbarkhau,2,User
prompt-toolkit/python-prompt-toolkit,jbm950,2,User
prompt-toolkit/python-prompt-toolkit,henryiii,2,User
prompt-toolkit/python-prompt-toolkit,doronz88,2,User
prompt-toolkit/python-prompt-toolkit,cppguru,2,User
prompt-toolkit/python-prompt-toolkit,Zearin,2,User
prompt-toolkit/python-prompt-toolkit,timgates42,2,User
prompt-toolkit/python-prompt-toolkit,thomasrockhu,2,User
prompt-toolkit/python-prompt-toolkit,Stephan Weller,2,Anonymous
prompt-toolkit/python-prompt-toolkit,hartwork,2,User
prompt-toolkit/python-prompt-toolkit,plotski,2,User
prompt-toolkit/python-prompt-toolkit,qweeze,2,Anonymous
prompt-toolkit/python-prompt-toolkit,ryneeverett,2,User
prompt-toolkit/python-prompt-toolkit,scoennz,2,User
prompt-toolkit/python-prompt-toolkit,dblN,2,User
prompt-toolkit/python-prompt-toolkit,stonebig,2,User
prompt-toolkit/python-prompt-toolkit,subuTestGH,2,User
prompt-toolkit/python-prompt-toolkit,v.garkaviy,2,Anonymous
prompt-toolkit/python-prompt-toolkit,zzl0,2,User
prompt-toolkit/python-prompt-toolkit,vaaaaanquish,2,User
prompt-toolkit/python-prompt-toolkit,matiuszka,2,User
prompt-toolkit/python-prompt-toolkit,motty-mio2,2,User
prompt-toolkit/python-prompt-toolkit,6r1d,2,User
prompt-toolkit/python-prompt-toolkit,gridhead,2,User
prompt-toolkit/python-prompt-toolkit,warner,2,User
prompt-toolkit/python-prompt-toolkit,Chris3606,2,User
prompt-toolkit/python-prompt-toolkit,darikg,2,User
prompt-toolkit/python-prompt-toolkit,davidbrochart,2,User
prompt-toolkit/python-prompt-toolkit,davidszotten,2,User
prompt-toolkit/python-prompt-toolkit,dsblank,2,User
prompt-toolkit/python-prompt-toolkit,tornaria,2,User
prompt-toolkit/python-prompt-toolkit,j-bennet,2,User
prompt-toolkit/python-prompt-toolkit,irismessage,2,User
prompt-toolkit/python-prompt-toolkit,stsewd,2,User
prompt-toolkit/python-prompt-toolkit,rmccampbell,2,User
prompt-toolkit/python-prompt-toolkit,Rigo Da Silva,2,Anonymous
prompt-toolkit/python-prompt-toolkit,renanivo,2,User
prompt-toolkit/python-prompt-toolkit,cool-RR,2,User
prompt-toolkit/python-prompt-toolkit,xiaq,2,User
prompt-toolkit/python-prompt-toolkit,jnoortheen,2,User
prompt-toolkit/python-prompt-toolkit,termim,2,User
prompt-toolkit/python-prompt-toolkit,BoboTiG,2,User
prompt-toolkit/python-prompt-toolkit,mfussenegger,2,User
prompt-toolkit/python-prompt-toolkit,kiancross,2,User
prompt-toolkit/python-prompt-toolkit,Jamie-,2,User
prompt-toolkit/python-prompt-toolkit,imomaliev,1,User
prompt-toolkit/python-prompt-toolkit,SaraFarinya,1,User
prompt-toolkit/python-prompt-toolkit,sthibaul,1,User
prompt-toolkit/python-prompt-toolkit,samisalkosuo,1,User
prompt-toolkit/python-prompt-toolkit,gousaiyang,1,User
prompt-toolkit/python-prompt-toolkit,ilius,1,User
prompt-toolkit/python-prompt-toolkit,SqrtRyan,1,User
prompt-toolkit/python-prompt-toolkit,Ronan Pigott,1,Anonymous
prompt-toolkit/python-prompt-toolkit,rbw,1,User
prompt-toolkit/python-prompt-toolkit,daskol,1,User
prompt-toolkit/python-prompt-toolkit,sethwoodworth,1,User
prompt-toolkit/python-prompt-toolkit,shabda,1,User
prompt-toolkit/python-prompt-toolkit,devshawn,1,User
prompt-toolkit/python-prompt-toolkit,silvus,1,User
prompt-toolkit/python-prompt-toolkit,simobasso,1,User
prompt-toolkit/python-prompt-toolkit,Stephen Brennan,1,Anonymous
prompt-toolkit/python-prompt-toolkit,stloma,1,User
tartley/colorama,tartley,128,User
tartley/colorama,Arnon Yaari,67,Anonymous
tartley/colorama,wiggin15,43,User
tartley/colorama,hugovk,26,User
tartley/colorama,njsmith,17,User
tartley/colorama,jdufresne,13,User
tartley/colorama,merriam,8,User
tartley/colorama,Zearin,5,User
tartley/colorama,wiggin15,4,Anonymous
tartley/colorama,remram44,4,User
tartley/colorama,ofek,4,User
tartley/colorama,digwanderlust,4,User
tartley/colorama,msabramo,4,User
tartley/colorama,jszakmeister,4,User
tartley/colorama,cclauss,4,User
tartley/colorama,andyneff,3,User
tartley/colorama,veleek,3,User
tartley/colorama,dloez,3,User
tartley/colorama,Delgan,3,User
tartley/colorama,hoefling,3,User
tartley/colorama,mondeja,2,User
tartley/colorama,RDIL,2,User
tartley/colorama,Timokasse,2,User
tartley/colorama,svisser,2,User
tartley/colorama,segevfiner,2,User
tartley/colorama,3tilley,2,User
tartley/colorama,jurko-gospodnetic,2,User
tartley/colorama,Bernardo Sulzbach,2,Anonymous
tartley/colorama,clenk,2,User
tartley/colorama,odidev,1,User
tartley/colorama,scop,1,User
tartley/colorama,timgates42,1,User
tartley/colorama,weinimo,1,User
tartley/colorama,paweljasinski,1,User
tartley/colorama,minho42,1,User
tartley/colorama,mgorny,1,User
tartley/colorama,schlamar,1,User
tartley/colorama,LqdBcnAtWork,1,User
tartley/colorama,neirbowj,1,User
tartley/colorama,ImgBotApp,1,User
tartley/colorama,George-Ogden,1,User
tartley/colorama,The-Compiler,1,User
tartley/colorama,eyaltrabelsi,1,User
tartley/colorama,donkopotamus,1,User
tartley/colorama,DavidHowlett,1,User
tartley/colorama,DanielNoord,1,User
tartley/colorama,dannguyen,1,User
tartley/colorama,Arnon Yaari,1,Anonymous
tartley/colorama,anntzer,1,User
tartley/colorama,Andre Caron,1,Anonymous
tartley/colorama,boxed,1,User
tartley/colorama,Aadi Bajpai,1,Anonymous
python-trio/trio,njsmith,1705,User
python-trio/trio,dependabot-preview[bot],815,Bot
python-trio/trio,pquentin,580,User
python-trio/trio,dependabot[bot],437,Bot
python-trio/trio,A5rocks,372,User
python-trio/trio,jakkdl,310,User
python-trio/trio,oremanj,290,User
python-trio/trio,CoolCat467,252,User
python-trio/trio,dependabot-support,144,User
python-trio/trio,graingert,126,User
python-trio/trio,pre-commit-ci[bot],115,Bot
python-trio/trio,Fuyukai,115,User
python-trio/trio,richardsheridan,109,User
python-trio/trio,agronholm,105,User
python-trio/trio,github-actions[bot],91,Bot
python-trio/trio,buhman,63,User
python-trio/trio,altendky,60,User
python-trio/trio,jmfrank63,60,User
python-trio/trio,Zac-HD,59,User
python-trio/trio,harahu,50,User
python-trio/trio,belm0,50,User
python-trio/trio,smurfix,49,User
python-trio/trio,TeamSpen210,37,User
python-trio/trio,tiangolo,31,User
python-trio/trio,tjstum,29,User
python-trio/trio,sorcio,24,User
python-trio/trio,brettcannon,18,User
python-trio/trio,webknjaz,18,User
python-trio/trio,Guillermo Rodriguez,16,Anonymous
python-trio/trio,jxub,15,User
python-trio/trio,almarklein,13,User
python-trio/trio,AbduazizZiyodov,12,User
python-trio/trio,epellis,12,User
python-trio/trio,ziirish,12,User
python-trio/trio,touilleMan,11,User
python-trio/trio,wgwz,11,User
python-trio/trio,gschaffner,10,User
python-trio/trio,smason,10,User
python-trio/trio,leojay,9,User
python-trio/trio,zthompson47,8,User
python-trio/trio,lewoudar,6,Anonymous
python-trio/trio,mikenerone,6,User
python-trio/trio,Michael Arad,6,Anonymous
python-trio/trio,Carreau,6,User
python-trio/trio,RazerM,6,User
python-trio/trio,RatanShreshtha,5,User
python-trio/trio,gesslerpd,5,User
python-trio/trio,rednafi,5,User
python-trio/trio,jab,5,User
python-trio/trio,bengartner,5,User
python-trio/trio,renovate-bot,5,User
python-trio/trio,Brian Merrell,5,Anonymous
python-trio/trio,pmav99,5,User
python-trio/trio,andersea,4,User
python-trio/trio,VincentVanlaer,4,User
python-trio/trio,monobot,4,User
python-trio/trio,hjbyt,4,User
python-trio/trio,takluyver,4,User
python-trio/trio,nmalaguti,4,User
python-trio/trio,ncollins,4,User
python-trio/trio,etianen,4,User
python-trio/trio,musicinmybrain,4,User
python-trio/trio,brl1906,4,User
python-trio/trio,RmStorm,3,User
python-trio/trio,remleduff,3,User
python-trio/trio,kachida,3,User
python-trio/trio,palkeo,3,Anonymous
python-trio/trio,lojack5,3,User
python-trio/trio,timgates42,3,User
python-trio/trio,tkerwin,3,User
python-trio/trio,TheBashar,3,User
python-trio/trio,Stephen Schroeder,3,Anonymous
python-trio/trio,encukou,3,User
python-trio/trio,McSinyx,3,User
python-trio/trio,hroncok,3,User
python-trio/trio,MicahLyle,3,User
python-trio/trio,mjpieters,3,User
python-trio/trio,klen,3,User
python-trio/trio,Jörn Heissler,3,Anonymous
python-trio/trio,kyrias,3,User
python-trio/trio,Giacomo Camporini,3,Anonymous
python-trio/trio,oakal510,3,User
python-trio/trio,cslecrone,3,User
python-trio/trio,nicoddemus,3,User
python-trio/trio,vxgmichel,2,User
python-trio/trio,WindSoilder,2,User
python-trio/trio,azure-pipelines[bot],2,Bot
python-trio/trio,jtrakk,2,User
python-trio/trio,kaldown,2,User
python-trio/trio,lyphrowny,2,User
python-trio/trio,scottbelden,2,User
python-trio/trio,yayoiukai,2,User
python-trio/trio,Adrien-Luxey,2,User
python-trio/trio,shuckc,2,User
python-trio/trio,linkdd,2,User
python-trio/trio,David Hirschfeld,2,Anonymous
python-trio/trio,gfarcasiu,2,User
python-trio/trio,kbiggers,2,User
python-trio/trio,decentral1se,2,User
python-trio/trio,Tyler Goodlet,2,Anonymous
MagicStack/uvloop,1st1,771,User
MagicStack/uvloop,fantix,72,User
MagicStack/uvloop,elprans,28,User
MagicStack/uvloop,jlaine,7,User
MagicStack/uvloop,graingert,7,User
MagicStack/uvloop,tarasko,4,User
MagicStack/uvloop,claws,4,User
MagicStack/uvloop,jensbjorgensen,4,User
MagicStack/uvloop,cclauss,3,User
MagicStack/uvloop,shadchin,3,User
MagicStack/uvloop,Jackenmen,3,User
MagicStack/uvloop,jakirkham,2,User
MagicStack/uvloop,YoSTEALTH,2,User
MagicStack/uvloop,niklasr22,2,User
MagicStack/uvloop,asvetlov,2,User
MagicStack/uvloop,vodik,1,User
MagicStack/uvloop,Nothing4You,1,User
MagicStack/uvloop,pranavtbhat,1,User
MagicStack/uvloop,tardyp,1,User
MagicStack/uvloop,ptribble,1,User
MagicStack/uvloop,petriborg,1,User
MagicStack/uvloop,asfaltboy,1,User
MagicStack/uvloop,pfreixes,1,User
MagicStack/uvloop,lovasoa,1,User
MagicStack/uvloop,ofek,1,User
MagicStack/uvloop,hroncok,1,User
MagicStack/uvloop,MatthieuDartiailh,1,User
MagicStack/uvloop,mtorromeo,1,User
MagicStack/uvloop,aeros,1,User
MagicStack/uvloop,grungy-ado,1,User
MagicStack/uvloop,shuuji3,1,User
MagicStack/uvloop,tturnerdev,1,User
MagicStack/uvloop,Tobotimus,1,User
MagicStack/uvloop,versusvoid,1,User
MagicStack/uvloop,vladima,1,User
MagicStack/uvloop,kaniini,1,User
MagicStack/uvloop,alan-brooks,1,User
MagicStack/uvloop,avkarenow,1,User
MagicStack/uvloop,ciscorn,1,User
MagicStack/uvloop,hikoz,1,User
MagicStack/uvloop,horpto,1,User
MagicStack/uvloop,jhance,1,User
MagicStack/uvloop,jimmylai,1,Anonymous
MagicStack/uvloop,monosans,1,User
MagicStack/uvloop,jackcvr,1,User
MagicStack/uvloop,martyanov,1,User
MagicStack/uvloop,pax0r,1,User
MagicStack/uvloop,Ben Jolitz,1,Anonymous
MagicStack/uvloop,ben9923,1,User
MagicStack/uvloop,byllyfish,1,User
MagicStack/uvloop,bryanforbes,1,User
MagicStack/uvloop,cjwatson,1,User
MagicStack/uvloop,cmcqueen,1,User
MagicStack/uvloop,kfur,1,User
MagicStack/uvloop,dulmandakh,1,User
MagicStack/uvloop,edgarrmondragon,1,User
MagicStack/uvloop,EdwardBetts,1,User
MagicStack/uvloop,zeroday0619,1,User
MagicStack/uvloop,felixonmars,1,User
MagicStack/uvloop,Frederik Aalund,1,Anonymous
MagicStack/uvloop,giuliobenetti,1,User
MagicStack/uvloop,x42005e1f,1,User
MagicStack/uvloop,jpbede,1,User
MagicStack/uvloop,JelleZijlstra,1,User
MagicStack/uvloop,Jens Jorgensen,1,Anonymous
MagicStack/uvloop,Gelbpunkt,1,User
MagicStack/uvloop,achimnol,1,User
MagicStack/uvloop,befeleme,1,User
MagicStack/uvloop,kianmeng,1,User
MagicStack/uvloop,zchee,1,User
MagicStack/uvloop,kumaraditya303,1,User
MagicStack/uvloop,altendky,1,User
agronholm/anyio,agronholm,960,User
agronholm/anyio,pre-commit-ci[bot],111,Bot
agronholm/anyio,graingert,32,User
agronholm/anyio,gschaffner,26,User
agronholm/anyio,davidbrochart,13,User
agronholm/anyio,smurfix,9,User
agronholm/anyio,uSpike,6,User
agronholm/anyio,dependabot[bot],5,Bot
agronholm/anyio,belm0,4,User
agronholm/anyio,cclauss,4,User
agronholm/anyio,jhominal,3,User
agronholm/anyio,daa,3,User
agronholm/anyio,11kkw,3,User
agronholm/anyio,tapetersen,2,User
agronholm/anyio,waketzheng,2,User
agronholm/anyio,hroncok,2,User
agronholm/anyio,mgorny,2,User
agronholm/anyio,mjwestcott,2,User
agronholm/anyio,lewoudar,2,User
agronholm/anyio,Enegg,2,User
agronholm/anyio,danielhasan1,2,User
agronholm/anyio,cjntaylor,2,User
agronholm/anyio,cbornet,2,User
agronholm/anyio,musicinmybrain,2,User
agronholm/anyio,jmehnle,1,User
agronholm/anyio,injust,1,User
agronholm/anyio,Wankupi,1,User
agronholm/anyio,altendky,1,User
agronholm/anyio,Fuyukai,1,User
agronholm/anyio,maartenbreddels,1,User
agronholm/anyio,Kludex,1,User
agronholm/anyio,marcinbarczynski,1,User
agronholm/anyio,saper,1,User
agronholm/anyio,mila,1,User
agronholm/anyio,sobolevn,1,User
agronholm/anyio,nikicat,1,User
agronholm/anyio,tiangolo,1,User
agronholm/anyio,hauntsaninja,1,User
agronholm/anyio,tapple,1,User
agronholm/anyio,tkukushkin,1,User
agronholm/anyio,Vizonex,1,User
agronholm/anyio,ermakov-oleg,1,User
agronholm/anyio,richardsheridan,1,User
agronholm/anyio,vimfun,1,User
agronholm/anyio,NorthIsUp,1,User
agronholm/anyio,adriangb,1,User
agronholm/anyio,AnaelGorfinkel,1,User
agronholm/anyio,standy66,1,User
agronholm/anyio,ayussh-verma,1,User
agronholm/anyio,byronformwalt,1,User
agronholm/anyio,c-fjord,1,User
agronholm/anyio,cjmartian,1,User
agronholm/anyio,ConorStevenson,1,User
agronholm/anyio,D4N,1,User
agronholm/anyio,lordmauve,1,User
agronholm/anyio,Danipulok,1,User
agronholm/anyio,DavidJiricek,1,User
agronholm/anyio,dominik-schwabe,1,User
agronholm/anyio,gwk,1,User
agronholm/anyio,discdiver,1,User
agronholm/anyio,JelleZijlstra,1,User
agronholm/anyio,jirislaby,1,User
agronholm/anyio,jwodder,1,User
agronholm/anyio,JonathanPlasse,1,User
agronholm/anyio,jonathanslenders,1,User
gevent/gevent,jamadden,2860,User
gevent/gevent,denik,2849,User
gevent/gevent,schmir,105,User
gevent/gevent,fantix,41,User
gevent/gevent,toffaletti,20,User
gevent/gevent,ento,16,User
gevent/gevent,Denis Bilenko,14,Anonymous
gevent/gevent,felixonmars,14,User
gevent/gevent,Ivoz,14,User
gevent/gevent,Eddi Linder,13,Anonymous
gevent/gevent,RonRothman,10,User
gevent/gevent,snaury,9,User
gevent/gevent,dependabot[bot],7,Bot
gevent/gevent,Brandon Carpenter,6,Anonymous
gevent/gevent,1st1,6,User
gevent/gevent,hashbrowncipher,5,User
gevent/gevent,Oz Tiram,5,Anonymous
gevent/gevent,saghul,4,User
gevent/gevent,Peter Renström,4,Anonymous
gevent/gevent,mbarkhau,4,User
gevent/gevent,Jay Oster,4,Anonymous
gevent/gevent,sublee,4,User
gevent/gevent,Arnon Yaari,4,Anonymous
gevent/gevent,arcivanov,3,User
gevent/gevent,jayalane,3,User
gevent/gevent,arlaneenalra,3,User
gevent/gevent,Denis Bilenko,3,Anonymous
gevent/gevent,geertj,3,User
gevent/gevent,Ruben De Visscher,3,Anonymous
gevent/gevent,vstinner,2,User
gevent/gevent,carsonip,2,User
gevent/gevent,adieu,2,User
gevent/gevent,m4yfly,2,User
gevent/gevent,junnplus,2,User
gevent/gevent,Tom Lynn,2,Anonymous
gevent/gevent,Daverball,2,User
gevent/gevent,bpowers,2,User
gevent/gevent,Eugeny,2,User
gevent/gevent,ralt,2,User
gevent/gevent,jgehrcke,2,User
gevent/gevent,lericson,2,User
gevent/gevent,mgorny,2,User
gevent/gevent,pajod,2,User
gevent/gevent,Sneha Kanekar1,1,Anonymous
gevent/gevent,simonzheng,1,User
gevent/gevent,sbohrer,1,User
gevent/gevent,Shaun Crampton,1,Anonymous
gevent/gevent,romuald,1,User
gevent/gevent,riannucci,1,User
gevent/gevent,Ricardo Kirkner,1,Anonymous
gevent/gevent,encukou,1,User
gevent/gevent,awsum,1,User
gevent/gevent,pshc,1,User
gevent/gevent,segfault87,1,User
gevent/gevent,obeattie,1,User
gevent/gevent,Nathan Hoad,1,Anonymous
gevent/gevent,mayflaver,1,User
gevent/gevent,smurfix,1,User
gevent/gevent,mtelka,1,User
gevent/gevent,sibson,1,User
gevent/gevent,lw,1,User
gevent/gevent,navytux,1,User
gevent/gevent,smallfish,1,User
gevent/gevent,Örjan Persson,1,Anonymous
gevent/gevent,tzickel,1,User
gevent/gevent,philipaconrad,1,User
gevent/gevent,mouadino,1,User
gevent/gevent,mikemccabe,1,User
gevent/gevent,damnever,1,User
gevent/gevent,ashutosh-mishra,1,Anonymous
gevent/gevent,alba.ramos,1,Anonymous
gevent/gevent,aathan,1,Anonymous
gevent/gevent,yprez,1,User
gevent/gevent,yuyichao,1,User
gevent/gevent,goal,1,User
gevent/gevent,Vitaly Kruglikov,1,Anonymous
gevent/gevent,lichfiet,1,User
gevent/gevent,tomislater,1,User
gevent/gevent,timgates42,1,User
gevent/gevent,sprin,1,User
gevent/gevent,sopel,1,User
gevent/gevent,czarkoff,1,User
gevent/gevent,Daniel Farina,1,Anonymous
gevent/gevent,danc86,1,User
gevent/gevent,salqueng,1,User
gevent/gevent,ClaudioHoffmann,1,User
gevent/gevent,spang,1,User
gevent/gevent,c4rlo,1,User
gevent/gevent,Berk Akinci,1,Anonymous
gevent/gevent,apatrushev,1,User
gevent/gevent,asottile,1,User
gevent/gevent,Andrew Tarzwell,1,Anonymous
gevent/gevent,Andrew Athan,1,Anonymous
gevent/gevent,ruxkor,1,User
gevent/gevent,amitsaha,1,User
gevent/gevent,alex,1,User
gevent/gevent,adk-swisstopo,1,User
gevent/gevent,Adam Chainz,1,Anonymous
gevent/gevent,aisk,1,User
gevent/gevent,A. Jesse Jiryu Davis,1,Anonymous
python-greenlet/greenlet,jamadden,583,User
python-greenlet/greenlet,snaury,232,User
python-greenlet/greenlet,schmir,97,User
python-greenlet/greenlet,Kyle Ambroff,66,Anonymous
python-greenlet/greenlet,vstinner,21,User
python-greenlet/greenlet,mdboom,11,User
python-greenlet/greenlet,bob@16b7edcf-4bd7-0310-b1c2-f8d8cf7ab505,11,Anonymous
python-greenlet/greenlet,brandtbucher,7,User
python-greenlet/greenlet,Matt Madison,6,Anonymous
python-greenlet/greenlet,oremanj,6,User
python-greenlet/greenlet,hashbrowncipher,6,User
python-greenlet/greenlet,dependabot[bot],5,Bot
python-greenlet/greenlet,hugovk,5,User
python-greenlet/greenlet,1.v3m,4,Anonymous
python-greenlet/greenlet,BengtOFFIS,4,User
python-greenlet/greenlet,flub,4,User
python-greenlet/greenlet,samschlegel,3,User
python-greenlet/greenlet,andreas-schwab,3,User
python-greenlet/greenlet,barracuda156,3,User
python-greenlet/greenlet,niyas-sait,3,User
python-greenlet/greenlet,mgorny,3,User
python-greenlet/greenlet,msabramo,3,User
python-greenlet/greenlet,kraj,3,User
python-greenlet/greenlet,muggenhor,3,User
python-greenlet/greenlet,BoonsNaibot,3,User
python-greenlet/greenlet,ulgens,2,User
python-greenlet/greenlet,pkubaj,2,User
python-greenlet/greenlet,timgates42,2,User
python-greenlet/greenlet,Yhg1s,2,User
python-greenlet/greenlet,tacaswell,2,User
python-greenlet/greenlet,RonnyPfannschmidt,2,User
python-greenlet/greenlet,basak,2,User
python-greenlet/greenlet,feisuzhu,2,User
python-greenlet/greenlet,susematz,2,User
python-greenlet/greenlet,mattst88,2,User
python-greenlet/greenlet,ThePrez,2,User
python-greenlet/greenlet,clin1234,2,User
python-greenlet/greenlet,glongwave,2,User
python-greenlet/greenlet,Bengt,2,User
python-greenlet/greenlet,skoslowski,1,User
python-greenlet/greenlet,neheb,1,User
python-greenlet/greenlet,rahulunair,1,User
python-greenlet/greenlet,Pietro Monteiro,1,Anonymous
python-greenlet/greenlet,pkol,1,User
python-greenlet/greenlet,SnirBroshi,1,User
python-greenlet/greenlet,mpe,1,User
python-greenlet/greenlet,schlamar,1,User
python-greenlet/greenlet,Mao Han,1,Anonymous
python-greenlet/greenlet,gcsideal,1,User
python-greenlet/greenlet,Kyle Ambroff,1,Anonymous
python-greenlet/greenlet,Adam Chainz,1,Anonymous
python-greenlet/greenlet,blink1073,1,User
python-greenlet/greenlet,tbreeds,1,User
python-greenlet/greenlet,Trevor Bowen,1,Anonymous
python-greenlet/greenlet,tuliom,1,User
python-greenlet/greenlet,Ulrich Weigand,1,Anonymous
python-greenlet/greenlet,guillaumep,1,User
python-greenlet/greenlet,kskuhlman,1,User
python-greenlet/greenlet,mrbean-bremen,1,User
python-greenlet/greenlet,alarixnia,1,User
python-greenlet/greenlet,ossdev07,1,User
python-greenlet/greenlet,unixtool1192,1,User
python-greenlet/greenlet,AddisonG,1,User
python-greenlet/greenlet,bigcat88,1,User
python-greenlet/greenlet,Alexander Schmidt,1,Anonymous
python-greenlet/greenlet,rectalogic,1,User
python-greenlet/greenlet,Biswa96,1,User
python-greenlet/greenlet,frewsxcv,1,User
python-greenlet/greenlet,CyberSaxosTiGER,1,Anonymous
python-greenlet/greenlet,daxtens,1,User
python-greenlet/greenlet,denik,1,User
python-greenlet/greenlet,edgarrmondragon,1,User
python-greenlet/greenlet,fantix,1,User
python-greenlet/greenlet,CaselIT,1,User
python-greenlet/greenlet,fygao-wish,1,User
python-greenlet/greenlet,fornwall,1,User
python-greenlet/greenlet,grzn,1,User
python-greenlet/greenlet,gokhanettin,1,User
python-greenlet/greenlet,xzl01,1,User
python-greenlet/greenlet,he32,1,User
python-greenlet/greenlet,xypron,1,User
python-greenlet/greenlet,Enkidu-Aururu,1,User
python-greenlet/greenlet,kianmeng,1,User
python-greenlet/greenlet,navytux,1,User
marshmallow-code/marshmallow,sloria,2163,User
marshmallow-code/marshmallow,lafrech,491,User
marshmallow-code/marshmallow,dependabot[bot],145,Bot
marshmallow-code/marshmallow,philtay,85,Anonymous
marshmallow-code/marshmallow,pre-commit-ci[bot],76,Bot
marshmallow-code/marshmallow,dependabot-preview[bot],66,Bot
marshmallow-code/marshmallow,dependabot-support,49,User
marshmallow-code/marshmallow,Jared Deckard,38,Anonymous
marshmallow-code/marshmallow,deckar01,28,User
marshmallow-code/marshmallow,taion,28,User
marshmallow-code/marshmallow,mgetka,26,User
marshmallow-code/marshmallow,zblz,20,User
marshmallow-code/marshmallow,sirosen,15,User
marshmallow-code/marshmallow,pyup-bot,14,User
marshmallow-code/marshmallow,Sven-Hendrik Haase,10,Anonymous
marshmallow-code/marshmallow,eprikazc,9,User
marshmallow-code/marshmallow,arbor-dwatson,8,User
marshmallow-code/marshmallow,Max Orhai,8,Anonymous
marshmallow-code/marshmallow,Cyril Thomas,7,Anonymous
marshmallow-code/marshmallow,imhoffd,7,User
marshmallow-code/marshmallow,vgavro,7,User
marshmallow-code/marshmallow,hugovk,7,User
marshmallow-code/marshmallow,Alex Morken,6,Anonymous
marshmallow-code/marshmallow,rooterkyberian,6,User
marshmallow-code/marshmallow,hukkinj1,6,User
marshmallow-code/marshmallow,aganezov,6,User
marshmallow-code/marshmallow,jmcarp,6,User
marshmallow-code/marshmallow,YuriHeupa,5,User
marshmallow-code/marshmallow,mahenzon,5,User
marshmallow-code/marshmallow,frol,5,User
marshmallow-code/marshmallow,3rdcycle,5,User
marshmallow-code/marshmallow,sayanarijit,5,User
marshmallow-code/marshmallow,Dunstrom,5,User
marshmallow-code/marshmallow,kelvinhammond,5,User
marshmallow-code/marshmallow,Kostas Konstantopoulos,5,Anonymous
marshmallow-code/marshmallow,ecarreras,4,User
marshmallow-code/marshmallow,Jimmy Jia,4,Anonymous
marshmallow-code/marshmallow,Fedalto,4,User
marshmallow-code/marshmallow,marcosatti,4,User
marshmallow-code/marshmallow,Roy Williams,4,Anonymous
marshmallow-code/marshmallow,tvuotila,4,User
marshmallow-code/marshmallow,tuukkamustonen,4,User
marshmallow-code/marshmallow,alefnula,4,User
marshmallow-code/marshmallow,yoichi,4,User
marshmallow-code/marshmallow,nbanmp,3,User
marshmallow-code/marshmallow,sduthil,3,User
marshmallow-code/marshmallow,timgates42,3,User
marshmallow-code/marshmallow,Archelyst,3,User
marshmallow-code/marshmallow,iiogmgo,3,User
marshmallow-code/marshmallow,immerrr,3,User
marshmallow-code/marshmallow,podhmo,3,User
marshmallow-code/marshmallow,fuhrysteve,3,User
marshmallow-code/marshmallow,stj,3,User
marshmallow-code/marshmallow,DamianHeard,3,User
marshmallow-code/marshmallow,ccrisan,3,User
marshmallow-code/marshmallow,0xDCA,3,User
marshmallow-code/marshmallow,daniloakamine,3,User
marshmallow-code/marshmallow,evgeny-sureev,3,User
marshmallow-code/marshmallow,franciscod,3,User
marshmallow-code/marshmallow,ramnes,3,User
marshmallow-code/marshmallow,Isira-Seneviratne,3,User
marshmallow-code/marshmallow,JeffBerger,3,User
marshmallow-code/marshmallow,kalasjocke,3,User
marshmallow-code/marshmallow,Nick Timkovich,2,Anonymous
marshmallow-code/marshmallow,hakjoon,2,User
marshmallow-code/marshmallow,somethingnew2-0,2,User
marshmallow-code/marshmallow,jeetjitsu,2,User
marshmallow-code/marshmallow,praveen-p,2,User
marshmallow-code/marshmallow,rileyjohngibbs,2,User
marshmallow-code/marshmallow,Resinderate,2,User
marshmallow-code/marshmallow,Ryan Lowe,2,Anonymous
marshmallow-code/marshmallow,ryanlowe0,2,User
marshmallow-code/marshmallow,scottwernervt,2,User
marshmallow-code/marshmallow,sklarsa,2,User
marshmallow-code/marshmallow,Taylan Develioglu,2,Anonymous
marshmallow-code/marshmallow,magul,2,User
marshmallow-code/marshmallow,vesauimonen,2,User
marshmallow-code/marshmallow,vuonghv,2,User
marshmallow-code/marshmallow,T90REAL,2,User
marshmallow-code/marshmallow,cristi23,2,User
marshmallow-code/marshmallow,dnguyen0304,2,User
marshmallow-code/marshmallow,ebargtuo,2,User
marshmallow-code/marshmallow,thanhlecongg,2,User
marshmallow-code/marshmallow,felixonmars,2,User
marshmallow-code/marshmallow,snjypl,2,User
marshmallow-code/marshmallow,adyouri,2,User
marshmallow-code/marshmallow,iakbar,2,User
marshmallow-code/marshmallow,atugushev,2,User
marshmallow-code/marshmallow,justanr,2,User
marshmallow-code/marshmallow,amikholap,2,User
marshmallow-code/marshmallow,4lissonsilveira,2,User
marshmallow-code/marshmallow,asteinlein,2,User
marshmallow-code/marshmallow,nelfin,2,User
marshmallow-code/marshmallow,d-sutherland,2,User
marshmallow-code/marshmallow,David Bertouille,2,Anonymous
marshmallow-code/marshmallow,David Thornton,2,Anonymous
marshmallow-code/marshmallow,gothill,2,User
marshmallow-code/marshmallow,Mikael Setterberg,2,Anonymous
marshmallow-code/marshmallow,Maximilian Albert,2,Anonymous
marshmallow-code/marshmallow,maximkulkin,2,User
pydantic/pydantic,samuelcolvin,1170,User
pydantic/pydantic,Viicos,512,User
pydantic/pydantic,sydney-runkle,453,User
pydantic/pydantic,dependabot[bot],388,Bot
pydantic/pydantic,dmontagu,351,User
pydantic/pydantic,davidhewitt,307,User
pydantic/pydantic,adriangb,300,User
pydantic/pydantic,hramezani,179,User
pydantic/pydantic,PrettyWood,143,User
pydantic/pydantic,Kludex,105,User
pydantic/pydantic,dependabot-preview[bot],75,Bot
pydantic/pydantic,tpdorsey,72,User
pydantic/pydantic,lig,63,User
pydantic/pydantic,pyup-bot,46,User
pydantic/pydantic,tiangolo,26,User
pydantic/pydantic,Bobronium,26,User
pydantic/pydantic,alexmojaki,20,User
pydantic/pydantic,koxudaxi,18,User
pydantic/pydantic,Gr1N,18,User
pydantic/pydantic,github-actions[bot],18,Bot
pydantic/pydantic,messense,17,User
pydantic/pydantic,uriyyo,17,User
pydantic/pydantic,misrasaurabh1,16,User
pydantic/pydantic,pilosus,12,User
pydantic/pydantic,yezz123,12,User
pydantic/pydantic,kc0506,12,User
pydantic/pydantic,aminalaee,10,User
pydantic/pydantic,NeevCohen,10,User
pydantic/pydantic,StephenBrown2,10,User
pydantic/pydantic,JeanArhancet,10,User
pydantic/pydantic,ollz272,9,User
pydantic/pydantic,daviskirk,7,User
pydantic/pydantic,cdce8p,7,User
pydantic/pydantic,tlambert03,7,User
pydantic/pydantic,layday,7,User
pydantic/pydantic,DouweM,7,User
pydantic/pydantic,mgorny,6,User
pydantic/pydantic,changhc,6,User
pydantic/pydantic,David Montague,6,Anonymous
pydantic/pydantic,cclauss,6,User
pydantic/pydantic,AdolfoVillalobos,6,User
pydantic/pydantic,art049,6,User
pydantic/pydantic,josh-newman,5,User
pydantic/pydantic,nuno-andre,5,User
pydantic/pydantic,ornariece,5,User
pydantic/pydantic,czotomo,5,User
pydantic/pydantic,karta9821,5,User
pydantic/pydantic,BoxyUwU,5,User
pydantic/pydantic,MarkusSintonen,5,User
pydantic/pydantic,ofek,5,User
pydantic/pydantic,mschoettle,5,User
pydantic/pydantic,nix010,4,User
pydantic/pydantic,astei,4,User
pydantic/pydantic,commonism,4,User
pydantic/pydantic,YassinNouh21,4,User
pydantic/pydantic,LasseGravesenSaxo,4,User
pydantic/pydantic,therefromhere,4,User
pydantic/pydantic,hmvp,4,User
pydantic/pydantic,dgasmith,4,User
pydantic/pydantic,petyosi,3,User
pydantic/pydantic,philhchen,3,User
pydantic/pydantic,s-rigaud,3,User
pydantic/pydantic,skewty,3,User
pydantic/pydantic,selimb,3,User
pydantic/pydantic,CloseChoice,3,User
pydantic/pydantic,ybressler,3,User
pydantic/pydantic,yohanvalencia,3,User
pydantic/pydantic,Youssefares,3,User
pydantic/pydantic,yurikhan,3,User
pydantic/pydantic,dAIsySHEng1,3,User
pydantic/pydantic,florianfischer91,3,User
pydantic/pydantic,retnikt,3,User
pydantic/pydantic,zakstucke,3,User
pydantic/pydantic,dcHHH,3,User
pydantic/pydantic,msimacek,3,User
pydantic/pydantic,antonagestam,3,User
pydantic/pydantic,DetachHead,3,User
pydantic/pydantic,AlessandroMiola,3,User
pydantic/pydantic,realDragonium,3,User
pydantic/pydantic,edoakes,3,User
pydantic/pydantic,oldPadavan,3,User
pydantic/pydantic,Czaki,3,User
pydantic/pydantic,candleindark,3,User
pydantic/pydantic,paxcodes,3,User
pydantic/pydantic,OhioDschungel6,3,User
pydantic/pydantic,pmmmwh,3,User
pydantic/pydantic,mikeedjones,3,User
pydantic/pydantic,rekyungmin,3,User
pydantic/pydantic,kinuax,3,User
pydantic/pydantic,jusexton,3,User
pydantic/pydantic,JelleZijlstra,3,User
pydantic/pydantic,JacobHayes,3,User
pydantic/pydantic,gem7318,2,User
pydantic/pydantic,tanmaymunjal,2,User
pydantic/pydantic,tkasuz,2,User
pydantic/pydantic,alexdrydew,2,User
pydantic/pydantic,s-t-e-v-e-n-k,2,User
pydantic/pydantic,austinyu,2,User
pydantic/pydantic,SergeyTsaplin,2,User
pydantic/pydantic,13sin,2,User
msgpack/msgpack-python,methane,655,User
msgpack/msgpack-python,Naoki INADA,28,Anonymous
msgpack/msgpack-python,bwesterb,23,User
msgpack/msgpack-python,jnothman,21,User
msgpack/msgpack-python,Naoki INADA,15,Anonymous
msgpack/msgpack-python,Naoki INADA,13,Anonymous
msgpack/msgpack-python,antocuni,12,User
msgpack/msgpack-python,jfolz,9,User
msgpack/msgpack-python,ThomasWaldmann,8,User
msgpack/msgpack-python,yamt,7,User
msgpack/msgpack-python,drednout,5,User
msgpack/msgpack-python,Naoki INADA,5,Anonymous
msgpack/msgpack-python,palaviv,4,User
msgpack/msgpack-python,steeve,4,User
msgpack/msgpack-python,hugovk,4,User
msgpack/msgpack-python,hexagonrecursion,4,User
msgpack/msgpack-python,moreati,3,User
msgpack/msgpack-python,pramukta,3,User
msgpack/msgpack-python,seliopou,3,User
msgpack/msgpack-python,inada-n,3,Anonymous
msgpack/msgpack-python,frsyuki,2,User
msgpack/msgpack-python,tailhook,2,Anonymous
msgpack/msgpack-python,faerot,2,User
msgpack/msgpack-python,wbolster,2,User
msgpack/msgpack-python,jbzhur,2,User
msgpack/msgpack-python,yanlend,2,User
msgpack/msgpack-python,Naoki INADA,2,Anonymous
msgpack/msgpack-python,brmmm3,2,User
msgpack/msgpack-python,msabramo,2,User
msgpack/msgpack-python,kjim,2,User
msgpack/msgpack-python,INADA Naoki,2,Anonymous
msgpack/msgpack-python,Alexey Popravka,2,Anonymous
msgpack/msgpack-python,alex,2,User
msgpack/msgpack-python,pohlt,1,User
msgpack/msgpack-python,TobiasSimon,1,Anonymous
msgpack/msgpack-python,tcyrus,1,User
msgpack/msgpack-python,tacaswell,1,User
msgpack/msgpack-python,terencehonles,1,User
msgpack/msgpack-python,Steffen Siering,1,Anonymous
msgpack/msgpack-python,hauntsaninja,1,User
msgpack/msgpack-python,devendor,1,User
msgpack/msgpack-python,paulmelis,1,User
msgpack/msgpack-python,mayeut,1,User
msgpack/msgpack-python,mbr0wn,1,User
msgpack/msgpack-python,shadchin,1,User
msgpack/msgpack-python,tsahee,1,User
msgpack/msgpack-python,vstinner,1,User
msgpack/msgpack-python,vladima,1,User
msgpack/msgpack-python,JasonXJ,1,User
msgpack/msgpack-python,aaronjheng,1,User
msgpack/msgpack-python,hakanakyurek,1,User
msgpack/msgpack-python,inada-n,1,Anonymous
msgpack/msgpack-python,jkorvin,1,User
msgpack/msgpack-python,laike9m,1,User
msgpack/msgpack-python,ossdev07,1,User
msgpack/msgpack-python,sblondon,1,User
msgpack/msgpack-python,tbeu,1,User
msgpack/msgpack-python,andrewrabert,1,User
msgpack/msgpack-python,AvdN,1,User
msgpack/msgpack-python,begelundmuller,1,User
msgpack/msgpack-python,charlax,1,User
msgpack/msgpack-python,Contextualist,1,User
msgpack/msgpack-python,sa7mon,1,User
msgpack/msgpack-python,wolever,1,User
msgpack/msgpack-python,edgarrmondragon,1,User
msgpack/msgpack-python,eb-emilio,1,User
msgpack/msgpack-python,ecederstrand,1,User
msgpack/msgpack-python,evgenymarkov,1,User
msgpack/msgpack-python,FelixSchwarz,1,User
msgpack/msgpack-python,GuyTuval,1,User
msgpack/msgpack-python,huguesb,1,User
msgpack/msgpack-python,kulikjak,1,User
msgpack/msgpack-python,Johannes Dollinger,1,Anonymous
msgpack/msgpack-python,ktdreyer,1,User
msgpack/msgpack-python,lewoudar,1,User
msgpack/msgpack-python,Laerte,1,User
msgpack/msgpack-python,lgov,1,User
msgpack/msgpack-python,lbolla,1,User
msgpack/msgpack-python,Greenie0701,1,User
msgpack/msgpack-python,decaz,1,User
msgpack/msgpack-python,Anthchirp,1,User
python-attrs/attrs,hynek,1336,User
python-attrs/attrs,Tinche,51,User
python-attrs/attrs,pre-commit-ci[bot],32,Bot
python-attrs/attrs,euresti,18,User
python-attrs/attrs,webknjaz,14,User
python-attrs/attrs,dependabot[bot],13,Bot
python-attrs/attrs,radix,9,User
python-attrs/attrs,altendky,8,User
python-attrs/attrs,wbolster,7,User
python-attrs/attrs,sscherfke,7,User
python-attrs/attrs,cournape,7,User
python-attrs/attrs,filbranden,5,User
python-attrs/attrs,chrysle,5,User
python-attrs/attrs,Ryan Gabbard,4,Anonymous
python-attrs/attrs,Samuel A. Falvo II,4,Anonymous
python-attrs/attrs,graingert,4,User
python-attrs/attrs,pganssle,3,User
python-attrs/attrs,thetorpedodog,3,User
python-attrs/attrs,timgates42,3,User
python-attrs/attrs,oremanj,3,User
python-attrs/attrs,belm0,3,User
python-attrs/attrs,glyph,3,User
python-attrs/attrs,dlax,3,User
python-attrs/attrs,botant,3,User
python-attrs/attrs,aaronst,3,User
python-attrs/attrs,asford,3,User
python-attrs/attrs,alexwlchan,2,User
python-attrs/attrs,williamjamir,2,User
python-attrs/attrs,Zac-HD,2,User
python-attrs/attrs,davfsa,2,User
python-attrs/attrs,diabolo-dan,2,User
python-attrs/attrs,layday,2,User
python-attrs/attrs,rtoijala,2,Anonymous
python-attrs/attrs,ambv,2,User
python-attrs/attrs,mikejturner,2,User
python-attrs/attrs,KevinMGranger,2,User
python-attrs/attrs,frenzymadness,2,User
python-attrs/attrs,econchick,2,User
python-attrs/attrs,pombredanne,2,User
python-attrs/attrs,obestwalter,2,User
python-attrs/attrs,NI1993,2,User
python-attrs/attrs,ngnpope,2,User
python-attrs/attrs,Drino,2,User
python-attrs/attrs,rouge8,2,User
python-attrs/attrs,carltongibson,2,User
python-attrs/attrs,chadrik,2,User
python-attrs/attrs,eltoder,2,User
python-attrs/attrs,geofft,2,User
python-attrs/attrs,gmacon,2,User
python-attrs/attrs,kwist-sgr,2,User
python-attrs/attrs,indigoviolet,2,User
python-attrs/attrs,mithrandi,2,User
python-attrs/attrs,sloria,2,User
python-attrs/attrs,rdpate,2,User
python-attrs/attrs,eendebakpt,2,User
python-attrs/attrs,mattsb42-aws,2,User
python-attrs/attrs,Julian,2,User
python-attrs/attrs,hugovk,2,User
python-attrs/attrs,p-leger,1,User
python-attrs/attrs,tacaswell,1,User
python-attrs/attrs,tbodt,1,User
python-attrs/attrs,taleinat,1,User
python-attrs/attrs,torque,1,User
python-attrs/attrs,step-security-bot,1,User
python-attrs/attrs,skorokithakis,1,User
python-attrs/attrs,trendels,1,User
python-attrs/attrs,redruin1,1,User
python-attrs/attrs,chobeat,1,User
python-attrs/attrs,Simon Willison,1,Anonymous
python-attrs/attrs,superbobry,1,User
python-attrs/attrs,saginadir,1,User
python-attrs/attrs,ryanvolpe,1,User
python-attrs/attrs,christophe-riolo,1,User
python-attrs/attrs,rjw57,1,User
python-attrs/attrs,richardsheridan,1,User
python-attrs/attrs,serge-sans-paille,1,User
python-attrs/attrs,9999years,1,User
python-attrs/attrs,OneRaynyDay,1,User
python-attrs/attrs,ramatevish,1,User
python-attrs/attrs,serhii73,1,User
python-attrs/attrs,lancelote,1,User
python-attrs/attrs,tailhook,1,User
python-attrs/attrs,smarie,1,User
python-attrs/attrs,l1storez,1,User
python-attrs/attrs,djipko,1,User
python-attrs/attrs,sobolevn,1,User
python-attrs/attrs,ckutlu,1,User
python-attrs/attrs,nicktimko,1,User
python-attrs/attrs,ngie-eign,1,User
python-attrs/attrs,my1e5,1,User
python-attrs/attrs,piglei,1,User
python-attrs/attrs,mlongtin0,1,User
python-attrs/attrs,koenigdavidmj,1,User
python-attrs/attrs,jmglogow,1,User
python-attrs/attrs,nyanpasu64,1,User
python-attrs/attrs,zed,1,User
python-attrs/attrs,iron3oxide,1,User
python-attrs/attrs,Insoleet,1,User
python-attrs/attrs,hkclark,1,User
python-attrs/attrs,gopackgo90,1,User
python-attrs/cattrs,Tinche,717,User
python-attrs/cattrs,bluetech,19,User
python-attrs/cattrs,hynek,18,User
python-attrs/cattrs,toumorokoshi,17,User
python-attrs/cattrs,bibajz,11,User
python-attrs/cattrs,adetokunbo,9,User
python-attrs/cattrs,Cameron Hurst,7,Anonymous
python-attrs/cattrs,raabf,7,User
python-attrs/cattrs,dswistowski,6,User
python-attrs/cattrs,MicaelJarniac,6,User
python-attrs/cattrs,dependabot[bot],5,Bot
python-attrs/cattrs,layday,5,User
python-attrs/cattrs,AlexWaygood,5,User
python-attrs/cattrs,jap,4,User
python-attrs/cattrs,Tin Tvrtkovic,4,Anonymous
python-attrs/cattrs,Peter Gaultney,4,Anonymous
python-attrs/cattrs,mgorny,4,User
python-attrs/cattrs,rollyjoel,4,User
python-attrs/cattrs,Shweta Sharma,3,Anonymous
python-attrs/cattrs,Tin Tvrtkovic,3,Anonymous
python-attrs/cattrs,Tin Tvrtkovic,3,Anonymous
python-attrs/cattrs,PIG208,3,User
python-attrs/cattrs,AdrianSosic,3,User
python-attrs/cattrs,madig,2,User
python-attrs/cattrs,natemcmaster,2,User
python-attrs/cattrs,kaxil,2,User
python-attrs/cattrs,henryiii,2,User
python-attrs/cattrs,ericbn,2,User
python-attrs/cattrs,brakhane,2,User
python-attrs/cattrs,asford,2,User
python-attrs/cattrs,aarnphm,2,User
python-attrs/cattrs,adamchainz,1,User
python-attrs/cattrs,sobolevn,1,User
python-attrs/cattrs,natsukium,1,User
python-attrs/cattrs,Peter554,1,User
python-attrs/cattrs,petergaultney,1,User
python-attrs/cattrs,pombredanne,1,User
python-attrs/cattrs,JarnoRFB,1,User
python-attrs/cattrs,sahu-sunil,1,User
python-attrs/cattrs,tjni,1,User
python-attrs/cattrs,tdsmith,1,User
python-attrs/cattrs,pohlt,1,User
python-attrs/cattrs,viccie30,1,User
python-attrs/cattrs,VincentVanlaer,1,User
python-attrs/cattrs,xaviergmail,1,User
python-attrs/cattrs,alexomics,1,User
python-attrs/cattrs,bkurtz,1,User
python-attrs/cattrs,brendan-simon-indt,1,User
python-attrs/cattrs,bzoracler,1,User
python-attrs/cattrs,declaresub,1,User
python-attrs/cattrs,getglad,1,User
python-attrs/cattrs,kkg-else42,1,User
python-attrs/cattrs,reversefold,1,User
python-attrs/cattrs,wbolster,1,User
python-attrs/cattrs,zhukovgreen,1,User
python-attrs/cattrs,lukaszgo1,1,User
python-attrs/cattrs,alexwlchan,1,User
python-attrs/cattrs,antony-frolov,1,User
python-attrs/cattrs,BEllis,1,User
python-attrs/cattrs,calebj,1,User
python-attrs/cattrs,carltongibson,1,User
python-attrs/cattrs,anthrotype,1,User
python-attrs/cattrs,cmaddalozzo,1,User
python-attrs/cattrs,danarmak,1,User
python-attrs/cattrs,f3flight,1,User
python-attrs/cattrs,A5rocks,1,User
python-attrs/cattrs,EFord36,1,User
python-attrs/cattrs,hoodmane,1,User
python-attrs/cattrs,ikonst,1,User
python-attrs/cattrs,jason-myers-klaviyo,1,User
python-attrs/cattrs,jevhen-ponomarenko,1,User
python-attrs/cattrs,JelleZijlstra,1,User
python-attrs/cattrs,jonathanberthias,1,User
python-attrs/cattrs,JWCook,1,User
python-attrs/cattrs,jdoiro3,1,User
python-attrs/cattrs,lqhuang,1,User
python-attrs/cattrs,EpicWink,1,User
python-attrs/cattrs,madsmtm,1,User
python-attrs/cattrs,Matt-Deacalion,1,User
python-attrs/cattrs,matmel,1,User
python-attrs/cattrs,mikelane,1,User
ijl/orjson,ijl,726,User
ijl/orjson,andersk,5,User
ijl/orjson,akx,4,User
ijl/orjson,messense,3,User
ijl/orjson,Aviram Hassan,2,Anonymous
ijl/orjson,inevity,2,User
ijl/orjson,PrettyWood,2,User
ijl/orjson,bdraco,2,User
ijl/orjson,cdce8p,2,User
ijl/orjson,sd2k,1,User
ijl/orjson,Ben Sully,1,Anonymous
ijl/orjson,musicinmybrain,1,User
ijl/orjson,dtolnay,1,User
ijl/orjson,dlobue,1,User
ijl/orjson,jamadeo,1,User
ijl/orjson,jakob-keller,1,User
ijl/orjson,marcoffee,1,User
ijl/orjson,NazarKostetskiy,1,User
ijl/orjson,pskopnik,1,User
ijl/orjson,necaris,1,User
ijl/orjson,vivainio,1,User
ijl/orjson,Dr-Emann,1,User
ijl/orjson,konstin,1,User
ijl/orjson,ermakov-oleg,1,User
ultrajson/ultrajson,hugovk,396,User
ultrajson/ultrajson,bwoodsend,99,User
ultrajson/ultrajson,Jonas T�rnstr�m,62,Anonymous
ultrajson/ultrajson,Jonas Tärnström,54,Anonymous
ultrajson/ultrajson,Jahaja,42,User
ultrajson/ultrajson,JustAnotherArchivist,39,User
ultrajson/ultrajson,Jonas Tarnstrom,33,Anonymous
ultrajson/ultrajson,pre-commit-ci[bot],32,Bot
ultrajson/ultrajson,renovate[bot],31,Bot
ultrajson/ultrajson,Erotemic,18,User
ultrajson/ultrajson,Jonas Tarnstrom,15,Anonymous
ultrajson/ultrajson,jtarnstrom,14,Anonymous
ultrajson/ultrajson,unknown,14,Anonymous
ultrajson/ultrajson,Komnomnomnom,13,User
ultrajson/ultrajson,elelay,8,User
ultrajson/ultrajson,dahlia,7,User
ultrajson/ultrajson,Joakim Hamren,7,Anonymous
ultrajson/ultrajson,MikeAthene,7,User
ultrajson/ultrajson,timdawborn,6,User
ultrajson/ultrajson,dwhswenson,6,User
ultrajson/ultrajson,Mario Garcia-Armas,4,Anonymous
ultrajson/ultrajson,romuloceccon,4,User
ultrajson/ultrajson,unknown,4,Anonymous
ultrajson/ultrajson,eltoder,3,User
ultrajson/ultrajson,jmoiron,3,User
ultrajson/ultrajson,Jonas Trnstrm,3,Anonymous
ultrajson/ultrajson,mgorny,3,User
ultrajson/ultrajson,NaN-git,3,User
ultrajson/ultrajson,timfel,3,User
ultrajson/ultrajson,kevin birch,3,Anonymous
ultrajson/ultrajson,musicinmybrain,3,User
ultrajson/ultrajson,methane,3,User
ultrajson/ultrajson,WillAyd,3,User
ultrajson/ultrajson,Sami Salonen,2,Anonymous
ultrajson/ultrajson,Nik,2,Anonymous
ultrajson/ultrajson,borman,2,User
ultrajson/ultrajson,Mike Krieger,2,Anonymous
ultrajson/ultrajson,Xorcerer,2,User
ultrajson/ultrajson,RouquinBlanc,1,User
ultrajson/ultrajson,rdpate,1,User
ultrajson/ultrajson,richafrank,1,User
ultrajson/ultrajson,orivej,1,User
ultrajson/ultrajson,niyas-sait,1,User
ultrajson/ultrajson,ngandhy,1,User
ultrajson/ultrajson,nickva,1,User
ultrajson/ultrajson,ncopa,1,User
ultrajson/ultrajson,mitar,1,User
ultrajson/ultrajson,mbra,1,User
ultrajson/ultrajson,JTJL,1,User
ultrajson/ultrajson,tekknolagi,1,User
ultrajson/ultrajson,leplatrem,1,User
ultrajson/ultrajson,mvismonte,1,User
ultrajson/ultrajson,gsnedders,1,User
ultrajson/ultrajson,timgates42,1,User
ultrajson/ultrajson,wagenrace,1,User
ultrajson/ultrajson,mark-kubacki,1,User
ultrajson/ultrajson,WGH-,1,User
ultrajson/ultrajson,anthraxx,1,User
ultrajson/ultrajson,verhovsky,1,User
ultrajson/ultrajson,fcicq,1,User
ultrajson/ultrajson,garenchan,1,User
ultrajson/ultrajson,georgy,1,Anonymous
ultrajson/ultrajson,grandnew,1,User
ultrajson/ultrajson,markpiekarz,1,User
ultrajson/ultrajson,majormaximo,1,User
ultrajson/ultrajson,easonlin,1,User
ultrajson/ultrajson,adamchainz,1,User
ultrajson/ultrajson,aebrahim,1,User
ultrajson/ultrajson,AvdN,1,User
ultrajson/ultrajson,tonybaloney,1,User
ultrajson/ultrajson,bbangert,1,User
ultrajson/ultrajson,BenjaminSchubert,1,User
ultrajson/ultrajson,b4hand,1,User
ultrajson/ultrajson,cgbystrom,1,User
ultrajson/ultrajson,chenhan1218,1,User
ultrajson/ultrajson,Chris Huang,1,Anonymous
ultrajson/ultrajson,CozyDoomer,1,User
ultrajson/ultrajson,DimitriPapadopoulos,1,User
ultrajson/ultrajson,das-intensity,1,User
ultrajson/ultrajson,blag,1,User
ultrajson/ultrajson,filipsalo,1,User
ultrajson/ultrajson,geoffreyblake,1,User
ultrajson/ultrajson,Georgy Kibardin,1,Anonymous
ultrajson/ultrajson,grzn,1,User
ultrajson/ultrajson,tclh123,1,User
ultrajson/ultrajson,iskra,1,User
ultrajson/ultrajson,joemarshall,1,User
ultrajson/ultrajson,Jonas,1,Anonymous
ultrajson/ultrajson,joshkel,1,User
ultrajson/ultrajson,stantonk,1,User
ultrajson/ultrajson,kszucs,1,User
ultrajson/ultrajson,MarcoGorelli,1,User
ultrajson/ultrajson,mbish,1,User
ultrajson/ultrajson,segfault,1,User
yaml/pyyaml,xitology,175,User
yaml/pyyaml,ingydotnet,28,User
yaml/pyyaml,perlpunk,28,User
yaml/pyyaml,nitzmahone,26,User
yaml/pyyaml,Thom1729,10,User
yaml/pyyaml,jdufresne,6,User
yaml/pyyaml,peterkmurphy,5,User
yaml/pyyaml,pantoniou,4,User
yaml/pyyaml,dstufft,4,User
yaml/pyyaml,cclauss,4,User
yaml/pyyaml,alex,4,User
yaml/pyyaml,hugovk,3,User
yaml/pyyaml,anishathalye,2,User
yaml/pyyaml,ovv,1,User
yaml/pyyaml,scorphus,1,User
yaml/pyyaml,psphicas,1,User
yaml/pyyaml,ret2libc,1,User
yaml/pyyaml,GeyseR,1,User
yaml/pyyaml,timgates42,1,User
yaml/pyyaml,timhoffm,1,User
yaml/pyyaml,bondarevts,1,User
yaml/pyyaml,convert-repo,1,Anonymous
yaml/pyyaml,hsmtkk,1,User
yaml/pyyaml,ossdev07,1,User
yaml/pyyaml,psanchezeverhealth,1,User
yaml/pyyaml,sblondon,1,User
yaml/pyyaml,scauligi,1,Anonymous
yaml/pyyaml,akaIDIOT,1,User
yaml/pyyaml,mayeut,1,User
yaml/pyyaml,jwilk,1,User
yaml/pyyaml,sigmavirus24,1,User
yaml/pyyaml,fchapoton,1,User
yaml/pyyaml,The-Compiler,1,User
yaml/pyyaml,filipsalo,1,User
yaml/pyyaml,Dwight Guth,1,Anonymous
yaml/pyyaml,dthkao,1,User
yaml/pyyaml,dbeer1,1,User
yaml/pyyaml,bsolomon1124,1,User
yaml/pyyaml,asottile,1,User
yaml/pyyaml,asomov,1,User
hukkin/tomli,hukkin,184,User
hukkin/tomli,hukkinj1,116,User
hukkin/tomli,pre-commit-ci[bot],12,Bot
hukkin/tomli,hauntsaninja,3,User
hukkin/tomli,hugovk,2,User
hukkin/tomli,DimitriPapadopoulos,1,User
hukkin/tomli,finnagin,1,User
hukkin/tomli,goodmami,1,User
hukkin/tomli,ofek,1,User
hukkin/tomli,takluyver,1,User
hukkin/tomli,layday,1,User
hukkin/tomli,oittaa,1,User
hukkin/tomli,sobolevn,1,User
hukkin/tomli-w,hukkin,81,User
hukkin/tomli-w,pre-commit-ci[bot],9,Bot
hukkin/tomli-w,abravalheri,1,User
hukkin/tomli-w,mgorny,1,User
hukkin/tomli-w,SpecLad,1,User
hukkin/tomli-w,heavywatal,1,User
hukkin/tomli-w,wimglenn,1,User
uiri/toml,uiri,207,User
uiri/toml,samvasko,14,User
uiri/toml,jdufresne,11,User
uiri/toml,progval,9,User
uiri/toml,Jenselme,8,User
uiri/toml,thombashi,5,User
uiri/toml,mraspberry,4,User
uiri/toml,tharvik,4,User
uiri/toml,x10an14,4,User
uiri/toml,César Rojas,3,Anonymous
uiri/toml,arp242,3,User
uiri/toml,nateprewitt,3,User
uiri/toml,zed,2,User
uiri/toml,pearcedavis,2,User
uiri/toml,ryanhiebert,2,User
uiri/toml,PrajwalM2212,2,User
uiri/toml,nikolas,2,User
uiri/toml,nicoe,2,User
uiri/toml,Jack Evans,2,Anonymous
uiri/toml,Warchant,2,User
uiri/toml,jsancio,1,User
uiri/toml,jpsca,1,User
uiri/toml,KosukeMizuno,1,User
uiri/toml,mottosso,1,User
uiri/toml,sivel,1,User
uiri/toml,Matthew Thomas,1,Anonymous
uiri/toml,seifertm,1,User
uiri/toml,mgorny,1,User
uiri/toml,BoboTiG,1,User
uiri/toml,Miles Lucas,1,Anonymous
uiri/toml,NiklasRosenstein,1,User
uiri/toml,abred,1,User
uiri/toml,huangsam,1,User
uiri/toml,tmose1106,1,User
uiri/toml,takluyver,1,User
uiri/toml,dirkphilip,1,User
uiri/toml,nabbisen,1,User
uiri/toml,gerrymanoim,1,User
uiri/toml,salmangano,1,User
uiri/toml,abrahammurciano,1,User
uiri/toml,amjith,1,User
uiri/toml,BurntSushi,1,User
uiri/toml,erkyrath,1,User
uiri/toml,benjaminp,1,User
uiri/toml,chriskuehl,1,User
uiri/toml,ocsw,1,User
uiri/toml,dbohdan,1,User
uiri/toml,Dave Poulter,1,Anonymous
uiri/toml,EdwardBetts,1,User
uiri/toml,filippo82,1,User
uiri/toml,noqqe,1,User
uiri/toml,hliang,1,User
uiri/toml,hugovk,1,User
uiri/toml,Jackevansevo,1,User
uiri/toml,jrabbit,1,User
uiri/toml,jasonwilliams,1,User
uiri/toml,grimpy,1,User
uiri/toml,jayvdb,1,User
jaraco/configparser,jaraco,649,User
jaraco/configparser,ambv,43,User
jaraco/configparser,DimitriPapadopoulos,9,User
jaraco/configparser,Avasam,7,User
jaraco/configparser,abravalheri,6,User
jaraco/configparser,webknjaz,6,User
jaraco/configparser,hugovk,4,User
jaraco/configparser,johnslavik,3,User
jaraco/configparser,cclauss,2,User
jaraco/configparser,asottile,2,User
jaraco/configparser,darkvertex,1,User
jaraco/configparser,bhrutledge,1,User
jaraco/configparser,hartzell,1,User
jaraco/configparser,joycebrum,1,User
jaraco/configparser,KOLANICH,1,User
jaraco/configparser,skriems,1,User
jaraco/configparser,vfazio,1,User
jaraco/configparser,Zach Burnett,1,Anonymous
jaraco/configparser,johnthagen,1,User
jaraco/configparser,layday,1,User
jaraco/configparser,wimglenn,1,User
theskumar/python-dotenv,bbc2,80,User
theskumar/python-dotenv,theskumar,75,User
theskumar/python-dotenv,Saurabh Kumar,68,Anonymous
theskumar/python-dotenv,Saurabh Kumar,47,Anonymous
theskumar/python-dotenv,ulyssessouza,5,User
theskumar/python-dotenv,Hugo Chinchilla Carbonell,4,Anonymous
theskumar/python-dotenv,jacobian,4,User
theskumar/python-dotenv,Saurabh Kumar,4,Anonymous
theskumar/python-dotenv,smsearcy,4,User
theskumar/python-dotenv,Nougat-Waffle,3,User
theskumar/python-dotenv,dependabot[bot],3,Bot
theskumar/python-dotenv,tedtieken,3,User
theskumar/python-dotenv,mgorny,3,User
theskumar/python-dotenv,pjona,3,User
theskumar/python-dotenv,altendky,3,User
theskumar/python-dotenv,greyli,3,User
theskumar/python-dotenv,cclauss,3,User
theskumar/python-dotenv,venthur,3,User
theskumar/python-dotenv,ticosax,2,User
theskumar/python-dotenv,sergeyklay,2,User
theskumar/python-dotenv,theGOTOguy,2,User
theskumar/python-dotenv,23f3001135,2,User
theskumar/python-dotenv,Flimm,2,User
theskumar/python-dotenv,timthelion,1,User
theskumar/python-dotenv,timhughes,1,User
theskumar/python-dotenv,tedmiston,1,User
theskumar/python-dotenv,sloria,1,User
theskumar/python-dotenv,sidharth-sudhir,1,User
theskumar/python-dotenv,earlbread,1,User
theskumar/python-dotenv,Saurabh Kumar,1,Anonymous
theskumar/python-dotenv,samwyma,1,User
theskumar/python-dotenv,sammck,1,User
theskumar/python-dotenv,jr-minnaar,1,User
theskumar/python-dotenv,chapeupreto,1,User
theskumar/python-dotenv,rabinadk1,1,User
theskumar/python-dotenv,Qwerty-133,1,User
theskumar/python-dotenv,Praveensenpai,1,User
theskumar/python-dotenv,PiDelport,1,User
theskumar/python-dotenv,philippeluickx,1,User
theskumar/python-dotenv,peymanslh,1,User
theskumar/python-dotenv,paulochf,1,User
theskumar/python-dotenv,milonimrod,1,User
theskumar/python-dotenv,sobolevn,1,User
theskumar/python-dotenv,NSpehler,1,User
theskumar/python-dotenv,saimehsan,1,User
theskumar/python-dotenv,zueve,1,User
theskumar/python-dotenv,tillahoffmann,1,User
theskumar/python-dotenv,randomseed42,1,User
theskumar/python-dotenv,pyup-bot,1,User
theskumar/python-dotenv,orthographic-pedant,1,User
theskumar/python-dotenv,matthewfranglen,1,User
theskumar/python-dotenv,jctanner,1,User
theskumar/python-dotenv,jadutter,1,User
theskumar/python-dotenv,harveer07,1,User
theskumar/python-dotenv,gongqingkui,1,Anonymous
theskumar/python-dotenv,eggplants,1,User
theskumar/python-dotenv,eekstunt,1,User
theskumar/python-dotenv,cpackham-atlnz,1,User
theskumar/python-dotenv,ausaki,1,Anonymous
theskumar/python-dotenv,Young Lee,1,Anonymous
theskumar/python-dotenv,yannham,1,User
theskumar/python-dotenv,waketzheng,1,User
theskumar/python-dotenv,pilosus,1,User
theskumar/python-dotenv,scop,1,User
theskumar/python-dotenv,cybercoded,1,User
theskumar/python-dotenv,tomviner,1,User
theskumar/python-dotenv,Nicals,1,User
theskumar/python-dotenv,Hugo Chinchilla Carbonell,1,Anonymous
theskumar/python-dotenv,gergelyk,1,User
theskumar/python-dotenv,gsong,1,User
theskumar/python-dotenv,freddyaboulton,1,User
theskumar/python-dotenv,proinsias,1,User
theskumar/python-dotenv,ekohl,1,User
theskumar/python-dotenv,iameugenejo,1,User
theskumar/python-dotenv,edgarrmondragon,1,User
theskumar/python-dotenv,eaftan,1,User
theskumar/python-dotenv,David Wesby,1,Anonymous
theskumar/python-dotenv,danielquinn,1,User
theskumar/python-dotenv,techalchemy,1,User
theskumar/python-dotenv,cjauvin,1,User
theskumar/python-dotenv,rochacbruno,1,User
theskumar/python-dotenv,burnout-projects,1,User
theskumar/python-dotenv,ArtemAngelchev,1,User
theskumar/python-dotenv,Alexander Baker,1,Anonymous
theskumar/python-dotenv,alanjds,1,User
theskumar/python-dotenv,snobu,1,User
theskumar/python-dotenv,itaditya,1,User
theskumar/python-dotenv,elbehery95,1,User
theskumar/python-dotenv,naorlivne,1,User
theskumar/python-dotenv,eumiro,1,User
theskumar/python-dotenv,BoboTiG,1,User
theskumar/python-dotenv,Michael V. DePalatis,1,Anonymous
theskumar/python-dotenv,qnighy,1,User
theskumar/python-dotenv,maxkoryukov,1,User
theskumar/python-dotenv,lsmith77,1,User
theskumar/python-dotenv,transcranial,1,User
theskumar/python-dotenv,EpicWink,1,User
theskumar/python-dotenv,larsks,1,User
theskumar/python-dotenv,cypreess,1,User
theskumar/python-dotenv,kcarnold,1,User
pyca/cryptography,alex,4679,User
pyca/cryptography,reaperhulk,3899,User
pyca/cryptography,dependabot[bot],2428,Bot
pyca/cryptography,pyca-boringbot[bot],1241,Bot
pyca/cryptography,dreid,303,User
pyca/cryptography,public,285,User
pyca/cryptography,Ayrx,176,User
pyca/cryptography,dstufft,162,User
pyca/cryptography,woodruffw,84,User
pyca/cryptography,facutuesca,68,User
pyca/cryptography,lvh,60,User
pyca/cryptography,cipherself,59,User
pyca/cryptography,hynek,46,User
pyca/cryptography,sigmavirus24,44,User
pyca/cryptography,AndreLouisCaron,41,User
pyca/cryptography,exarkun,41,User
pyca/cryptography,cyli,37,User
pyca/cryptography,etrauschke,32,User
pyca/cryptography,Lukasa,32,User
pyca/cryptography,glyph,31,User
pyca/cryptography,hoefling,28,User
pyca/cryptography,michael-hart,28,User
pyca/cryptography,tiran,28,User
pyca/cryptography,davidben,25,User
pyca/cryptography,nbastin,22,User
pyca/cryptography,deivse,21,User
pyca/cryptography,mathiasertl,20,User
pyca/cryptography,mhils,17,User
pyca/cryptography,palaviv,17,User
pyca/cryptography,simo5,16,User
pyca/cryptography,queenp,15,User
pyca/cryptography,Alex Stapleton,14,Anonymous
pyca/cryptography,greghaynes,11,User
pyca/cryptography,ashfall,10,User
pyca/cryptography,xolox,10,User
pyca/cryptography,ngoldbaum,10,User
pyca/cryptography,markokr,10,User
pyca/cryptography,Julian Krause,10,Anonymous
pyca/cryptography,eeshangarg,10,User
pyca/cryptography,jlaine,9,User
pyca/cryptography,tonyseek,9,User
pyca/cryptography,ofek,9,User
pyca/cryptography,intgr,9,User
pyca/cryptography,cedk,8,User
pyca/cryptography,mark-adams,8,User
pyca/cryptography,nitneuqr,8,User
pyca/cryptography,webknjaz,7,User
pyca/cryptography,Ivoz,7,User
pyca/cryptography,wallrj,7,User
pyca/cryptography,DimitriPapadopoulos,7,User
pyca/cryptography,benjaminp,6,User
pyca/cryptography,felixfontein,6,User
pyca/cryptography,Ian Cordasco,6,Anonymous
pyca/cryptography,phibos,6,User
pyca/cryptography,viraptor,6,User
pyca/cryptography,ddcc,6,User
pyca/cryptography,chellygel,5,User
pyca/cryptography,jaredmessenger,5,User
pyca/cryptography,tuxxy,5,User
pyca/cryptography,Tim Kelsey,5,Anonymous
pyca/cryptography,sbuss,5,User
pyca/cryptography,atombrella,5,User
pyca/cryptography,hannob,5,User
pyca/cryptography,EnTeQuAk,5,User
pyca/cryptography,chrisglass,5,User
pyca/cryptography,Chirag Jog,5,Anonymous
pyca/cryptography,april,4,User
pyca/cryptography,gesslerpd,4,User
pyca/cryptography,0xaead,4,User
pyca/cryptography,koobs,4,User
pyca/cryptography,mithrandi,4,User
pyca/cryptography,Steven McDonald,4,Anonymous
pyca/cryptography,PeterHamilton,4,User
pyca/cryptography,mattsb42-aws,4,User
pyca/cryptography,kouk,4,User
pyca/cryptography,jcrowgey,4,User
pyca/cryptography,jameshilliard,4,User
pyca/cryptography,gorisaka,4,User
pyca/cryptography,tonyo,4,User
pyca/cryptography,ehrenkret,4,User
pyca/cryptography,DavidBuchanan314,4,User
pyca/cryptography,vishwin,4,User
pyca/cryptography,Adam Goodman,3,Anonymous
pyca/cryptography,magnuswatn,3,User
pyca/cryptography,Michael,3,Anonymous
pyca/cryptography,nryoung,3,User
pyca/cryptography,sholsapp,3,User
pyca/cryptography,graingert,3,User
pyca/cryptography,kjav,3,User
pyca/cryptography,timic,3,Anonymous
pyca/cryptography,unknown,3,Anonymous
pyca/cryptography,gpotter2,3,User
pyca/cryptography,jeanpaulgalea,3,User
pyca/cryptography,amauryfa,3,User
pyca/cryptography,Carlos D. Garza,3,Anonymous
pyca/cryptography,Daniele Sluijters,3,Anonymous
pyca/cryptography,djc,3,User
pyca/cryptography,fedor-brunner,3,User
pyca/cryptography,frasertweedale,3,User
pyca/cryptography,gonatienza,3,User
python-jsonschema/jsonschema,Julian,2317,User
python-jsonschema/jsonschema,pre-commit-ci[bot],107,Bot
python-jsonschema/jsonschema,gazpachoking,99,User
python-jsonschema/jsonschema,dependabot[bot],38,Bot
python-jsonschema/jsonschema,RomainTT,38,User
python-jsonschema/jsonschema,nezhar,35,User
python-jsonschema/jsonschema,sirosen,18,User
python-jsonschema/jsonschema,Norman Hooper,17,Anonymous
python-jsonschema/jsonschema,willson-chen,16,User
python-jsonschema/jsonschema,DavidKorczynski,14,User
python-jsonschema/jsonschema,opethe1st,13,User
python-jsonschema/jsonschema,zewt,12,User
python-jsonschema/jsonschema,V02460,12,User
python-jsonschema/jsonschema,bsmithers,10,User
python-jsonschema/jsonschema,martinzugnoni,10,User
python-jsonschema/jsonschema,cdunklau,9,User
python-jsonschema/jsonschema,helrond,8,User
python-jsonschema/jsonschema,dnephin,7,User
python-jsonschema/jsonschema,Stranger6667,6,User
python-jsonschema/jsonschema,DanielNoord,6,User
python-jsonschema/jsonschema,Bouke,5,User
python-jsonschema/jsonschema,sontek,5,User
python-jsonschema/jsonschema,lennartk,5,Anonymous
python-jsonschema/jsonschema,ApamNapat,5,User
python-jsonschema/jsonschema,johnthagen,4,User
python-jsonschema/jsonschema,apiraino,4,User
python-jsonschema/jsonschema,Talha Malik,4,Anonymous
python-jsonschema/jsonschema,naimetti,4,User
python-jsonschema/jsonschema,joepvandijken,4,User
python-jsonschema/jsonschema,hynek,4,User
python-jsonschema/jsonschema,gudnimg,4,User
python-jsonschema/jsonschema,GabLeRoux,4,User
python-jsonschema/jsonschema,bayandin,4,User
python-jsonschema/jsonschema,ankostis,3,User
python-jsonschema/jsonschema,Zac-HD,3,User
python-jsonschema/jsonschema,jdmoorman,3,User
python-jsonschema/jsonschema,ad-m,3,User
python-jsonschema/jsonschema,William Speirs,3,Anonymous
python-jsonschema/jsonschema,vladmunteanu,3,User
python-jsonschema/jsonschema,Sebastian Mika,3,Anonymous
python-jsonschema/jsonschema,Padmashree06,3,User
python-jsonschema/jsonschema,omarryhan,3,User
python-jsonschema/jsonschema,ikonst,3,User
python-jsonschema/jsonschema,kurtmckee,3,User
python-jsonschema/jsonschema,EpicWink,3,User
python-jsonschema/jsonschema,mdboom,3,User
python-jsonschema/jsonschema,pgjones,2,User
python-jsonschema/jsonschema,aromanovich,2,User
python-jsonschema/jsonschema,TiborVoelcker,2,User
python-jsonschema/jsonschema,stuarteberg,2,User
python-jsonschema/jsonschema,ssbarnea,2,User
python-jsonschema/jsonschema,sir-sigurd,2,User
python-jsonschema/jsonschema,robherring,2,User
python-jsonschema/jsonschema,AndrewSC,2,Anonymous
python-jsonschema/jsonschema,asottile,2,User
python-jsonschema/jsonschema,DrGFreeman,2,User
python-jsonschema/jsonschema,hugovk,2,User
python-jsonschema/jsonschema,playpauseandstop,2,User
python-jsonschema/jsonschema,Itamar Turner-Trauring,2,Anonymous
python-jsonschema/jsonschema,raphendyr,2,User
python-jsonschema/jsonschema,jkowalleck,2,User
python-jsonschema/jsonschema,sevein,2,User
python-jsonschema/jsonschema,Jon Staab,2,Anonymous
python-jsonschema/jsonschema,heckj,2,User
python-jsonschema/jsonschema,Samarjeet,1,Anonymous
python-jsonschema/jsonschema,LebedevRI,1,User
python-jsonschema/jsonschema,rominf,1,User
python-jsonschema/jsonschema,rsternagel,1,User
python-jsonschema/jsonschema,pawl,1,User
python-jsonschema/jsonschema,hackowitz-af,1,User
python-jsonschema/jsonschema,Kojoley,1,User
python-jsonschema/jsonschema,Milly,1,User
python-jsonschema/jsonschema,kiall,1,User
python-jsonschema/jsonschema,tirkarthi,1,User
python-jsonschema/jsonschema,jvtm,1,User
python-jsonschema/jsonschema,julesjulian,1,User
python-jsonschema/jsonschema,uSpike,1,User
python-jsonschema/jsonschema,jhashkes,1,User
python-jsonschema/jsonschema,sim642,1,User
python-jsonschema/jsonschema,Sonny,1,Anonymous
python-jsonschema/jsonschema,swaeberle,1,User
python-jsonschema/jsonschema,eloraburns,1,User
python-jsonschema/jsonschema,TakesxiSximada,1,User
python-jsonschema/jsonschema,TakingItCasual,1,User
python-jsonschema/jsonschema,tmontes,1,User
python-jsonschema/jsonschema,timgates42,1,User
python-jsonschema/jsonschema,hrnciar,1,User
python-jsonschema/jsonschema,thombashi,1,User
python-jsonschema/jsonschema,vpelletier,1,User
python-jsonschema/jsonschema,immerrr,1,User
python-jsonschema/jsonschema,rbtcollins,1,User
python-jsonschema/jsonschema,linuxholic,1,User
python-jsonschema/jsonschema,Adam Chainz,1,Anonymous
python-jsonschema/jsonschema,AleksaC,1,User
python-jsonschema/jsonschema,alex-hofsteede,1,User
python-jsonschema/jsonschema,lurch,1,User
python-jsonschema/jsonschema,agoose77,1,User
python-jsonschema/jsonschema,aryanA101a,1,User
python-jsonschema/jsonschema,shinnar,1,User
python-jsonschema/jsonschema,Bastien Vallet,1,Anonymous
jpadilla/pyjwt,jpadilla,264,User
jpadilla/pyjwt,mark-adams,163,User
jpadilla/pyjwt,pre-commit-ci[bot],79,Bot
jpadilla/pyjwt,jdufresne,55,User
jpadilla/pyjwt,progrium,33,User
jpadilla/pyjwt,wbolster-eiq,18,User
jpadilla/pyjwt,dependabot[bot],17,Bot
jpadilla/pyjwt,kurtmckee,14,User
jpadilla/pyjwt,vimalloc,13,User
jpadilla/pyjwt,dajiaji,12,User
jpadilla/pyjwt,skion,10,User
jpadilla/pyjwt,sullivanmatt,10,User
jpadilla/pyjwt,Lothiraldan,9,User
jpadilla/pyjwt,pachewise,7,User
jpadilla/pyjwt,Michael Davis,7,Anonymous
jpadilla/pyjwt,mandus,6,User
jpadilla/pyjwt,akx,5,User
jpadilla/pyjwt,alexm92,5,User
jpadilla/pyjwt,auvipy,5,User
jpadilla/pyjwt,sirosen,5,User
jpadilla/pyjwt,Viicos,5,User
jpadilla/pyjwt,michael-k,4,User
jpadilla/pyjwt,esneider,4,User
jpadilla/pyjwt,luhn,4,User
jpadilla/pyjwt,mike9005,4,User
jpadilla/pyjwt,mindw,4,User
jpadilla/pyjwt,hugovk,3,User
jpadilla/pyjwt,woodruffw,3,User
jpadilla/pyjwt,purificant,3,User
jpadilla/pyjwt,chillipino,3,User
jpadilla/pyjwt,ralphbean,3,User
jpadilla/pyjwt,maoaiz,3,User
jpadilla/pyjwt,JulianMaurin,3,User
jpadilla/pyjwt,gullpong,3,User
jpadilla/pyjwt,daviddavis,3,User
jpadilla/pyjwt,peter279k,3,User
jpadilla/pyjwt,cleder,3,User
jpadilla/pyjwt,Adam Chainz,2,Anonymous
jpadilla/pyjwt,Justin Karneges,2,Anonymous
jpadilla/pyjwt,kkirsche,2,User
jpadilla/pyjwt,Kevin Kirsche,2,Anonymous
jpadilla/pyjwt,mrsarm,2,User
jpadilla/pyjwt,mgorny,2,User
jpadilla/pyjwt,patrys,2,User
jpadilla/pyjwt,bluetech,2,User
jpadilla/pyjwt,stevenpitts,2,User
jpadilla/pyjwt,timgates42,2,User
jpadilla/pyjwt,wbolster,2,User
jpadilla/pyjwt,Andy Zhang,2,Anonymous
jpadilla/pyjwt,Djailla,2,User
jpadilla/pyjwt,benvdh,2,User
jpadilla/pyjwt,cjlarose,2,User
jpadilla/pyjwt,blueyed,2,User
jpadilla/pyjwt,dbinetti,2,User
jpadilla/pyjwt,djw8605,2,User
jpadilla/pyjwt,Gabriel Gironda,2,Anonymous
jpadilla/pyjwt,gthb,2,User
jpadilla/pyjwt,jacopofar,2,User
jpadilla/pyjwt,jaraco,2,User
jpadilla/pyjwt,johachi,2,User
jpadilla/pyjwt,RbnRncn,1,User
jpadilla/pyjwt,r-springer,1,User
jpadilla/pyjwt,riconnon,1,User
jpadilla/pyjwt,russellcardullo,1,User
jpadilla/pyjwt,bavetta,1,User
jpadilla/pyjwt,Natim,1,User
jpadilla/pyjwt,Sambego,1,User
jpadilla/pyjwt,sampwing,1,User
jpadilla/pyjwt,Someguy123,1,User
jpadilla/pyjwt,sriharan16,1,User
jpadilla/pyjwt,StefanBruens,1,User
jpadilla/pyjwt,c0state,1,User
jpadilla/pyjwt,stephenpaulger,1,User
jpadilla/pyjwt,rayluo,1,User
jpadilla/pyjwt,suligap,1,User
jpadilla/pyjwt,psafont,1,User
jpadilla/pyjwt,PatrikBillgren,1,User
jpadilla/pyjwt,xupefei,1,User
jpadilla/pyjwt,Nutchanon Ninyawee,1,Anonymous
jpadilla/pyjwt,nikitagashkov,1,User
jpadilla/pyjwt,Niels Draaisma,1,Anonymous
jpadilla/pyjwt,Neuman Vong,1,Anonymous
jpadilla/pyjwt,nijel,1,User
jpadilla/pyjwt,thundercat1,1,User
jpadilla/pyjwt,irdkwmnsb,1,User
jpadilla/pyjwt,Froilan Irizarry,1,Anonymous
jpadilla/pyjwt,vanzi,1,User
jpadilla/pyjwt,corlinp,1,User
jpadilla/pyjwt,sseering,1,User
jpadilla/pyjwt,shuhaib-aot,1,User
jpadilla/pyjwt,qqii,1,User
jpadilla/pyjwt,moomoolive,1,User
jpadilla/pyjwt,leftovervirus,1,User
jpadilla/pyjwt,kreutz-hs,1,User
jpadilla/pyjwt,kepkin,1,User
jpadilla/pyjwt,kenkoooo,1,User
jpadilla/pyjwt,kadabusha,1,User
jpadilla/pyjwt,juur,1,User
jpadilla/pyjwt,justinbaur,1,User
jpadilla/pyjwt,guneybilen,1,User
certifi/python-certifi,dependabot[bot],98,Bot
certifi/python-certifi,Lukasa,86,User
certifi/python-certifi,Kenneth Reitz,36,Anonymous
certifi/python-certifi,alex,24,User
certifi/python-certifi,github-actions[bot],14,Bot
certifi/python-certifi,sigmavirus24,13,User
certifi/python-certifi,jdufresne,11,User
certifi/python-certifi,hugovk,5,User
certifi/python-certifi,kennethreitz,5,User
certifi/python-certifi,jakirkham,3,User
certifi/python-certifi,joycebrum,3,User
certifi/python-certifi,pzrq,2,User
certifi/python-certifi,jflemer-ndp,2,User
certifi/python-certifi,meshy,2,User
certifi/python-certifi,zed,1,User
certifi/python-certifi,luccabb,1,User
certifi/python-certifi,gopackgo90,1,User
certifi/python-certifi,divbzero,1,User
certifi/python-certifi,woodruffw,1,User
certifi/python-certifi,tsibley,1,User
certifi/python-certifi,ichard26,1,User
certifi/python-certifi,PythonCoderAS,1,User
certifi/python-certifi,pgrimaud,1,User
certifi/python-certifi,fetep,1,User
certifi/python-certifi,Nirzak,1,User
certifi/python-certifi,milos-korenciak,1,User
certifi/python-certifi,hickford,1,User
certifi/python-certifi,glyph,1,User
certifi/python-certifi,EwoutH,1,User
certifi/python-certifi,edgarrmondragon,1,User
certifi/python-certifi,dstufft,1,User
certifi/python-certifi,diogoteles08,1,User
certifi/python-certifi,cclauss,1,User
certifi/python-certifi,jeamland,1,User
certifi/python-certifi,Ayrx,1,User
certifi/python-certifi,neoshrew,1,User
certifi/python-certifi,Alexander Lisianoi,1,Anonymous
certifi/python-certifi,adferrand,1,User
certifi/python-certifi,adamchainz,1,User
certifi/python-certifi,2-5,1,User
pyca/bcrypt,dependabot[bot],596,Bot
pyca/bcrypt,alex,165,User
pyca/bcrypt,reaperhulk,87,User
pyca/bcrypt,dstufft,50,User
pyca/bcrypt,ngoldbaum,8,User
pyca/bcrypt,jdufresne,4,User
pyca/bcrypt,odidev,3,User
pyca/bcrypt,webknjaz,3,User
pyca/bcrypt,dreid,2,User
pyca/bcrypt,hugovk,2,User
pyca/bcrypt,jazzyb,2,User
pyca/bcrypt,chris-erickson,2,User
pyca/bcrypt,alexandernst,2,User
pyca/bcrypt,markround,1,User
pyca/bcrypt,RS-Gits,1,User
pyca/bcrypt,Sergey Zolotorev,1,Anonymous
pyca/bcrypt,slingamn,1,User
pyca/bcrypt,sbdchd,1,User
pyca/bcrypt,Ayrx,1,User
pyca/bcrypt,timgraham,1,User
pyca/bcrypt,Tom Callaway,1,Anonymous
pyca/bcrypt,WAKayser,1,User
pyca/bcrypt,crazygolem,1,User
pyca/bcrypt,k3it,1,User
pyca/bcrypt,paketb0te,1,User
pyca/bcrypt,sblondon,1,User
pyca/bcrypt,sbrunel,1,User
pyca/bcrypt,vargenau,1,User
pyca/bcrypt,lgommans,1,User
pyca/bcrypt,hynek,1,User
pyca/bcrypt,Fogapod,1,User
pyca/bcrypt,EllieJeong,1,User
pyca/bcrypt,eduzen,1,User
pyca/bcrypt,Dr-Bean,1,User
pyca/bcrypt,glitched-w0rld,1,User
pyca/bcrypt,manthey,1,User
pyca/bcrypt,dhduvall,1,User
pyca/bcrypt,cpburnz,1,User
pyca/bcrypt,bsoyka,1,User
pyca/bcrypt,AleksaMCode,1,User
paramiko/paramiko,bitprophet,2752,User
paramiko/paramiko,Robey Pointer,457,Anonymous
paramiko/paramiko,alex,117,User
paramiko/paramiko,lndbrg,68,User
paramiko/paramiko,scottkmaxwell,60,User
paramiko/paramiko,Robey Pointer,48,Anonymous
paramiko/paramiko,ploxiln,33,User
paramiko/paramiko,jaraco,28,User
paramiko/paramiko,Robey Pointer,27,Anonymous
paramiko/paramiko,Anselm Kruis,22,Anonymous
paramiko/paramiko,dorianpula,16,User
paramiko/paramiko,mwilliamson,14,User
paramiko/paramiko,Robey Pointer,11,Anonymous
paramiko/paramiko,offbyone,11,User
paramiko/paramiko,bskinn,10,User
paramiko/paramiko,bz2,10,User
paramiko/paramiko,Sebastian Deiss,10,Anonymous
paramiko/paramiko,jaredhobbs,9,User
paramiko/paramiko,Sebastian Deiss,8,Anonymous
paramiko/paramiko,pghmcfc,8,User
paramiko/paramiko,akruis,7,User
paramiko/paramiko,alexdotc,7,User
paramiko/paramiko,zamiam69,6,User
paramiko/paramiko,tomerfiliba,6,User
paramiko/paramiko,edgsousa,5,User
paramiko/paramiko,KalleDK,5,User
paramiko/paramiko,edgsousa,5,Anonymous
paramiko/paramiko,yarikoptic,5,User
paramiko/paramiko,Tim Savage,5,Anonymous
paramiko/paramiko,reaperhulk,5,User
paramiko/paramiko,radssh,5,User
paramiko/paramiko,sunweaver,5,User
paramiko/paramiko,mgedmin,5,User
paramiko/paramiko,jbrand42,5,User
paramiko/paramiko,glasserc,5,User
paramiko/paramiko,h4ck3rm1k3,4,User
paramiko/paramiko,ykalchevskiy,4,User
paramiko/paramiko,sbz,4,User
paramiko/paramiko,akx,4,User
paramiko/paramiko,alanyee,4,User
paramiko/paramiko,rectalogic,4,User
paramiko/paramiko,Mika Pflüger,4,Anonymous
paramiko/paramiko,shashankv02,4,User
paramiko/paramiko,Lukasa,3,User
paramiko/paramiko,achapp,3,User
paramiko/paramiko,[Stephen D. Van Hooser],3,Anonymous
paramiko/paramiko,ameily,3,User
paramiko/paramiko,rkojedzinszky,3,User
paramiko/paramiko,Olle Lundberg,3,Anonymous
paramiko/paramiko,mssalvatore,3,User
paramiko/paramiko,Michal Kuffa,3,Anonymous
paramiko/paramiko,Andrew,3,Anonymous
paramiko/paramiko,jun66j5,3,User
paramiko/paramiko,jawnb,3,User
paramiko/paramiko,seveas,3,User
paramiko/paramiko,bwinston-sdp,2,User
paramiko/paramiko,repl-mike-roest,2,User
paramiko/paramiko,Nathan Scowcroft,2,Anonymous
paramiko/paramiko,omeranson,2,User
paramiko/paramiko,xolox,2,User
paramiko/paramiko,lorenzph,2,User
paramiko/paramiko,poleguy,2,User
paramiko/paramiko,Sebastian Deiss,2,Anonymous
paramiko/paramiko,shikhar,2,User
paramiko/paramiko,Stephen C. Pope,2,Anonymous
paramiko/paramiko,brainwane,2,User
paramiko/paramiko,timsavage,2,User
paramiko/paramiko,Tim Stolarski,2,Anonymous
paramiko/paramiko,torkil,2,User
paramiko/paramiko,ulope,2,User
paramiko/paramiko,aszlig,2,User
paramiko/paramiko,qqo,2,User
paramiko/paramiko,yoav,2,Anonymous
paramiko/paramiko,commonism,2,User
paramiko/paramiko,bdrung,2,User
paramiko/paramiko,jeamland,2,User
paramiko/paramiko,bobbyi,2,User
paramiko/paramiko,cmason3,2,User
paramiko/paramiko,DrNeutron,2,User
paramiko/paramiko,dylanahsmith,2,User
paramiko/paramiko,felixonmars,2,User
paramiko/paramiko,hugovk,2,User
paramiko/paramiko,Jacob Beck,2,Anonymous
paramiko/paramiko,Jan Brauer,2,Anonymous
paramiko/paramiko,jquast,2,User
paramiko/paramiko,jelmer,2,User
paramiko/paramiko,Ken Jordan,2,Anonymous
paramiko/paramiko,kschoelhorn,2,User
paramiko/paramiko,Lans Zhang,2,Anonymous
paramiko/paramiko,mwatts15,2,User
paramiko/paramiko,Marwan Rabbâa,2,Anonymous
paramiko/paramiko,Rezney,2,User
paramiko/paramiko,nikolaik,1,User
paramiko/paramiko,Noah Pederson,1,Anonymous
paramiko/paramiko,parantapa,1,User
paramiko/paramiko,Paul Kapp,1,Anonymous
paramiko/paramiko,perryjrandall,1,User
paramiko/paramiko,pheller,1,User
paramiko/paramiko,Prasanna Santhanam,1,Anonymous
paramiko/paramiko,ewxrjk,1,User
sethmlarson/truststore,sethmlarson,74,User
sethmlarson/truststore,davisagli,22,User
sethmlarson/truststore,stefanor,6,User
sethmlarson/truststore,DimitriPapadopoulos,5,User
sethmlarson/truststore,hroncok,2,User
sethmlarson/truststore,ichard26,2,User
sethmlarson/truststore,mayeut,2,User
sethmlarson/truststore,adriangb,1,User
sethmlarson/truststore,David Glick,1,Anonymous
sethmlarson/truststore,hugovk,1,User
sethmlarson/truststore,mgorny,1,User
sethmlarson/truststore,guerda,1,User
sethmlarson/truststore,webknjaz,1,User
sethmlarson/truststore,timo-reymann,1,User
sethmlarson/truststore,yeraydiazdiaz,1,User
pyca/pyopenssl,Jean-Paul Calderone,483,Anonymous
pyca/pyopenssl,exarkun,432,User
pyca/pyopenssl,alex,367,User
pyca/pyopenssl,hynek,219,User
pyca/pyopenssl,reaperhulk,150,User
pyca/pyopenssl,Jean-Paul Calderone,91,Anonymous
pyca/pyopenssl,lvh,89,User
pyca/pyopenssl,Lukasa,79,User
pyca/pyopenssl,dependabot[bot],64,Bot
pyca/pyopenssl,ihamburglar,42,User
pyca/pyopenssl,rick-dean,30,User
pyca/pyopenssl,mhils,18,User
pyca/pyopenssl,alexwlchan,18,User
pyca/pyopenssl,zseil,17,User
pyca/pyopenssl,davidben,17,User
pyca/pyopenssl,jlaine,14,User
pyca/pyopenssl,Jean-Paul Calderone,13,Anonymous
pyca/pyopenssl,sholsapp,13,User
pyca/pyopenssl,multani,11,User
pyca/pyopenssl,kjav,10,User
pyca/pyopenssl,jgiannuzzi,9,User
pyca/pyopenssl,Rick Dean,9,Anonymous
pyca/pyopenssl,lovetox,7,User
pyca/pyopenssl,Jean-Paul Calderone,7,Anonymous
pyca/pyopenssl,facutuesca,7,User
pyca/pyopenssl,amluto,7,User
pyca/pyopenssl,abrahammartin,7,User
pyca/pyopenssl,glyph,6,User
pyca/pyopenssl,njsmith,6,User
pyca/pyopenssl,Akihiro Yamazaki,5,Anonymous
pyca/pyopenssl,bgaifullin,5,User
pyca/pyopenssl,fedor-brunner,5,User
pyca/pyopenssl,kouk,5,User
pyca/pyopenssl,Jean-Paul Calderone,4,Anonymous
pyca/pyopenssl,hugovk,4,User
pyca/pyopenssl,dreid,3,User
pyca/pyopenssl,julianz-,3,User
pyca/pyopenssl,darkrain42,3,User
pyca/pyopenssl,mrjefftang,3,User
pyca/pyopenssl,methane,3,User
pyca/pyopenssl,schwabe,3,User
pyca/pyopenssl,woodruffw,2,User
pyca/pyopenssl,whiteowl3,2,User
pyca/pyopenssl,U-YOUR-FA38FA253F\Zooko Brillnonywonx,2,Anonymous
pyca/pyopenssl,orosam,2,User
pyca/pyopenssl,SamWhited,2,User
pyca/pyopenssl,neheb,2,User
pyca/pyopenssl,ngoldbaum,2,User
pyca/pyopenssl,untitaker,2,User
pyca/pyopenssl,markrwilliams,2,User
pyca/pyopenssl,aalba6675,2,User
pyca/pyopenssl,benjaminp,2,User
pyca/pyopenssl,cclauss,2,User
pyca/pyopenssl,stocyr,2,User
pyca/pyopenssl,Spindel,2,User
pyca/pyopenssl,dholth,2,User
pyca/pyopenssl,ddcc,2,User
pyca/pyopenssl,Jean-Paul Calderone,2,Anonymous
pyca/pyopenssl,Jens Timmerman,2,Anonymous
pyca/pyopenssl,jeremycline,2,User
pyca/pyopenssl,ltworf,1,User
pyca/pyopenssl,romuald,1,User
pyca/pyopenssl,Roland Hedberg,1,Anonymous
pyca/pyopenssl,richmoore,1,User
pyca/pyopenssl,oscarmattsson,1,User
pyca/pyopenssl,onovy,1,User
pyca/pyopenssl,ohe,1,User
pyca/pyopenssl,sobolevn,1,User
pyca/pyopenssl,nikaro,1,User
pyca/pyopenssl,Mrmaxmeier,1,User
pyca/pyopenssl,moriyoshi,1,User
pyca/pyopenssl,michael-lazar,1,User
pyca/pyopenssl,smurfix,1,User
pyca/pyopenssl,Gallaecio,1,User
pyca/pyopenssl,ShaneHarvey,1,User
pyca/pyopenssl,tjni,1,User
pyca/pyopenssl,tsileo,1,User
pyca/pyopenssl,toddabrams,1,User
pyca/pyopenssl,chakatodd,1,User
pyca/pyopenssl,waynew,1,User
pyca/pyopenssl,catern,1,User
pyca/pyopenssl,jalberdi004,1,User
pyca/pyopenssl,lymanZerga11,1,User
pyca/pyopenssl,vEpiphyte,1,User
pyca/pyopenssl,zooko,1,Anonymous
pyca/pyopenssl,chienfuchen32,1,User
pyca/pyopenssl,webknjaz,1,User
pyca/pyopenssl,aaomidi,1,User
pyca/pyopenssl,andrew-d,1,User
pyca/pyopenssl,andriyor,1,User
pyca/pyopenssl,dataway,1,User
pyca/pyopenssl,arthurzam,1,User
pyca/pyopenssl,hellais,1,User
pyca/pyopenssl,aykevl,1,User
pyca/pyopenssl,bnavigator,1,User
pyca/pyopenssl,brettcannon,1,User
pyca/pyopenssl,cmurphy,1,User
pyca/pyopenssl,Dan Sully,1,Anonymous
pyca/pyopenssl,dveeden,1,User
pyca/pyopenssl,David Brodsky,1,Anonymous
googleapis/python-storage,tseaver,174,User
googleapis/python-storage,cojenco,130,User
googleapis/python-storage,dhermes,97,User
googleapis/python-storage,renovate-bot,94,User
googleapis/python-storage,chandra-siri,79,User
googleapis/python-storage,gcf-owl-bot[bot],75,Bot
googleapis/python-storage,andrewsg,71,User
googleapis/python-storage,release-please[bot],64,Bot
googleapis/python-storage,HemangChothani,55,User
googleapis/python-storage,crwilcox,38,User
googleapis/python-storage,Pulkit0110,32,User
googleapis/python-storage,Gurov Ilya,26,Anonymous
googleapis/python-storage,parthea,22,User
googleapis/python-storage,Jon Wayne Parrott,19,Anonymous
googleapis/python-storage,daspecster,19,User
googleapis/python-storage,busunkim96,16,User
googleapis/python-storage,lukesneeringer,11,User
googleapis/python-storage,tswast,11,User
googleapis/python-storage,yoshi-automation,10,User
googleapis/python-storage,dandhlee,10,User
googleapis/python-storage,frankyn,9,User
googleapis/python-storage,Aaron Gabriel Neyer,8,Anonymous
googleapis/python-storage,tritone,8,User
googleapis/python-storage,shaffeeullah,6,User
googleapis/python-storage,jkwlui,5,User
googleapis/python-storage,chemelnucfin,5,User
googleapis/python-storage,shubham-up-47,3,User
googleapis/python-storage,lbristol88,3,User
googleapis/python-storage,plamut,3,User
googleapis/python-storage,MiaCY,3,User
googleapis/python-storage,dependabot[bot],2,Bot
googleapis/python-storage,ddelange,2,User
googleapis/python-storage,arithmetic1728,2,User
googleapis/python-storage,william-silversmith,2,User
googleapis/python-storage,wyardley,2,User
googleapis/python-storage,emar-kar,2,User
googleapis/python-storage,SurferJeffAtGoogle,2,User
googleapis/python-storage,daniellehanks,2,User
googleapis/python-storage,McBrainy,2,User
googleapis/python-storage,alanyee,2,User
googleapis/python-storage,Aaron Gabriel Neyer,2,Anonymous
googleapis/python-storage,zulkifal07-stack,1,User
googleapis/python-storage,SeanBE,1,User
googleapis/python-storage,samos123,1,User
googleapis/python-storage,ryanyuan,1,User
googleapis/python-storage,rcleveng,1,User
googleapis/python-storage,richardevs,1,User
googleapis/python-storage,rjw57,1,User
googleapis/python-storage,Rich Kadel,1,Anonymous
googleapis/python-storage,lambainsaan,1,User
googleapis/python-storage,MartinKilonzo,1,User
googleapis/python-storage,rebecca-pete,1,User
googleapis/python-storage,rajeevpodar,1,User
googleapis/python-storage,rafalh,1,User
googleapis/python-storage,pravindahal,1,User
googleapis/python-storage,zabop,1,User
googleapis/python-storage,bivald,1,User
googleapis/python-storage,mfschwartz,1,User
googleapis/python-storage,ylil93,1,User
googleapis/python-storage,y33zhang,1,User
googleapis/python-storage,rsaksham,1,User
googleapis/python-storage,michaelawyu,1,Anonymous
googleapis/python-storage,lucmult,1,User
googleapis/python-storage,jingtaow,1,User
googleapis/python-storage,javisantana,1,User
googleapis/python-storage,gurusai-voleti,1,User
googleapis/python-storage,guillaumeblaquiere,1,User
googleapis/python-storage,google-cloud-policy-bot[bot],1,Bot
googleapis/python-storage,aabbccddeeffgghhii1438,1,User
googleapis/python-storage,agrawalradhika-cell,1,User
googleapis/python-storage,vegarsti,1,User
googleapis/python-storage,tillahoffmann,1,User
googleapis/python-storage,anguillanneuf,1,User
googleapis/python-storage,sydney-munro,1,User
googleapis/python-storage,mlissner,1,User
googleapis/python-storage,erikwebb,1,User
googleapis/python-storage,Dmytro Kasianov,1,Anonymous
googleapis/python-storage,xnox,1,User
googleapis/python-storage,DiegoQueiroz,1,User
googleapis/python-storage,ddelgrosso1,1,User
googleapis/python-storage,davidebelloni,1,User
googleapis/python-storage,daniel-sanche,1,User
googleapis/python-storage,danielbankhead,1,User
googleapis/python-storage,danielduhh,1,User
googleapis/python-storage,chie8842,1,User
googleapis/python-storage,chalmerlowe,1,User
googleapis/python-storage,czahedi,1,User
googleapis/python-storage,cbonnie,1,User
googleapis/python-storage,ThatsAMorais,1,User
googleapis/python-storage,adamchainz,1,User
googleapis/python-storage,Ace Nassri,1,Anonymous
googleapis/python-storage,micahjsmith,1,User
googleapis/python-storage,MattIrv,1,User
googleapis/python-storage,kelvins,1,User
googleapis/python-storage,JustinBeckwith,1,User
googleapis/python-storage,Julian Early,1,Anonymous
googleapis/python-storage,JonathanHourany,1,User
googleapis/python-storage,JesseLovelace,1,User
googleapis/python-storage,jeanbza,1,User
googleapis/python-storage,janlugt,1,User
boto/boto3,aws-sdk-python-automation,5200,User
boto/boto3,awstools,580,User
boto/boto3,kyleknap,306,User
boto/boto3,danielgtaylor,266,User
boto/boto3,jamesls,200,User
boto/boto3,nateprewitt,176,User
boto/boto3,JordonPhillips,115,User
boto/boto3,dependabot[bot],39,Bot
boto/boto3,AWS,34,Anonymous
boto/boto3,joguSD,34,User
boto/boto3,hssyoo,27,User
boto/boto3,rayluo,23,User
boto/boto3,jonathan343,21,User
boto/boto3,shepazon,20,User
boto/boto3,SCalwas,15,User
boto/boto3,kdaily,15,User
boto/boto3,mtdowling,14,User
boto/boto3,sweta,14,Anonymous
boto/boto3,tim-finnigan,14,User
boto/boto3,stealthycoin,11,User
boto/boto3,thomas-barton,10,User
boto/boto3,jschwarzwalder,10,User
boto/boto3,adev-code,10,User
boto/boto3,RyanFitzSimmonsAK,9,User
boto/boto3,shigemk2,8,User
boto/boto3,dstufft,7,User
boto/boto3,aBurmeseDev,7,User
boto/boto3,alexgromero,6,User
boto/boto3,SamRemis,5,User
boto/boto3,dlm6693,5,User
boto/boto3,Jim Horng,4,Anonymous
boto/boto3,jdufresne,4,User
boto/boto3,swetashre,4,User
boto/boto3,jonemo,4,User
boto/boto3,aemous,3,User
boto/boto3,ubaskota,3,User
boto/boto3,sir-sigurd,3,User
boto/boto3,Paul Cornell,3,Anonymous
boto/boto3,Laren-AWS,3,User
boto/boto3,jonathanwcrane,3,User
boto/boto3,hyandell,3,User
boto/boto3,mrburrito,3,User
boto/boto3,akx,3,User
boto/boto3,pkulev,2,User
boto/boto3,mattsb42-aws,2,User
boto/boto3,DenverJ,2,User
boto/boto3,bstrand,2,User
boto/boto3,kellertk,2,User
boto/boto3,timgates42,2,User
boto/boto3,stobrien89,2,User
boto/boto3,ScriptSmith,2,User
boto/boto3,SamRemis,2,Anonymous
boto/boto3,sanyer,2,User
boto/boto3,adamatan,2,User
boto/boto3,alanyee,2,User
boto/boto3,BastianZim,2,User
boto/boto3,chadwhitacre,2,User
boto/boto3,bisdavid,2,User
boto/boto3,felixonmars,2,User
boto/boto3,jvirtanen,2,User
boto/boto3,kmosher,2,User
boto/boto3,mbarrien,2,User
boto/boto3,rochacon,2,User
boto/boto3,Sam-Martin,1,User
boto/boto3,sgillies,1,User
boto/boto3,sblauman,1,User
boto/boto3,siddhantgoel,1,User
boto/boto3,simonw,1,User
boto/boto3,SomayaB,1,User
boto/boto3,Steven Richards,1,Anonymous
boto/boto3,Teun Zengerink,1,Anonymous
boto/boto3,timoteostewart,1,User
boto/boto3,orf,1,User
boto/boto3,tschoonj,1,User
boto/boto3,rybaktomasz,1,User
boto/boto3,tyldavis,1,User
boto/boto3,tobhai,1,Anonymous
boto/boto3,ryansonshine,1,User
boto/boto3,rvandegrift,1,User
boto/boto3,Robert Devereux,1,Anonymous
boto/boto3,robbiet480,1,User
boto/boto3,ronin13,1,User
boto/boto3,rlhagerm,1,User
boto/boto3,pspoffice,1,User
boto/boto3,ClimbsRocks,1,User
boto/boto3,prayagverma,1,User
boto/boto3,patrickpierson,1,User
boto/boto3,glerb,1,User
boto/boto3,ofekashery,1,User
boto/boto3,nsano-rururu,1,User
boto/boto3,stealthycoin,1,Anonymous
boto/boto3,skillup,1,Anonymous
boto/boto3,pgajdos,1,User
boto/boto3,nishigori,1,User
boto/boto3,nago3,1,User
boto/boto3,moalexmonk,1,User
boto/boto3,jonathancrane,1,Anonymous
boto/boto3,jcarlyl,1,Anonymous
boto/boto3,ittus,1,User
boto/boto3,illtellyoulater,1,User
boto/botocore,aws-sdk-python-automation,6361,User
boto/botocore,jamesls,1567,User
boto/botocore,awstools,1031,User
boto/botocore,kyleknap,634,User
boto/botocore,AWS,552,Anonymous
boto/botocore,JordonPhillips,418,User
boto/botocore,garnaat,378,User
boto/botocore,nateprewitt,334,User
boto/botocore,joguSD,330,User
boto/botocore,stealthycoin,138,User
boto/botocore,rayluo,123,User
boto/botocore,danielgtaylor,110,User
boto/botocore,mtdowling,56,User
boto/botocore,dependabot[bot],52,Bot
boto/botocore,kdaily,47,User
boto/botocore,jonathan343,42,User
boto/botocore,jonemo,39,User
boto/botocore,SamRemis,38,User
boto/botocore,toastdriven,36,User
boto/botocore,dlm6693,35,User
boto/botocore,dstufft,32,User
boto/botocore,Zidaan Dutta,27,Anonymous
boto/botocore,ubaskota,25,User
boto/botocore,hssyoo,21,User
boto/botocore,quiver,18,User
boto/botocore,alexgromero,17,User
boto/botocore,jcarlyl,16,Anonymous
boto/botocore,sweta,13,Anonymous
boto/botocore,Illia Batozskyi,12,Anonymous
boto/botocore,adev-code,9,User
boto/botocore,swetashre,8,User
boto/botocore,tim-finnigan,7,User
boto/botocore,SamRemis,7,Anonymous
boto/botocore,jdufresne,7,User
boto/botocore,aBurmeseDev,7,User
boto/botocore,arandito,7,User
boto/botocore,aemous,7,User
boto/botocore,drocamor,6,User
boto/botocore,sujaymansingh,5,User
boto/botocore,Will Bengtson,5,Anonymous
boto/botocore,AndrewAsseily,5,User
boto/botocore,Jc2k,5,User
boto/botocore,stealthycoin,4,Anonymous
boto/botocore,mfulleratlassian,4,User
boto/botocore,Carlyle,4,Anonymous
boto/botocore,ashovlin,4,User
boto/botocore,Adam Chainz,4,Anonymous
boto/botocore,akx,4,User
boto/botocore,Fale,3,User
boto/botocore,wimglenn,3,User
boto/botocore,eukaryote,3,User
boto/botocore,foobarna,3,User
boto/botocore,tcc-jenkins,3,User
boto/botocore,Nathan DELHAYE,3,Anonymous
boto/botocore,migtor,3,User
boto/botocore,mjschultz,3,User
boto/botocore,ewbankkit,3,User
boto/botocore,justindho,3,User
boto/botocore,jlafon,3,User
boto/botocore,vz10,3,User
boto/botocore,gene1wood,3,User
boto/botocore,dslackw,3,User
boto/botocore,David Miller,3,Anonymous
boto/botocore,kislyuk,3,User
boto/botocore,Steven Richards,2,Anonymous
boto/botocore,Sebastian Norling,2,Anonymous
boto/botocore,slai,2,User
boto/botocore,Sam Curren,2,Anonymous
boto/botocore,philfreo,2,User
boto/botocore,mgorny,2,User
boto/botocore,mtoothman,2,User
boto/botocore,lsegal,2,User
boto/botocore,JulienPalard,2,User
boto/botocore,terencehonles,2,User
boto/botocore,Teun Zengerink,2,Anonymous
boto/botocore,abhinav-upadhyay,2,User
boto/botocore,balihoo-gens,2,User
boto/botocore,mafrosis,2,User
boto/botocore,nlw0,2,User
boto/botocore,przemyslawj,2,User
boto/botocore,ziyanli-amazon,2,User
boto/botocore,adamchainz,2,User
boto/botocore,Alec Clowes,2,Anonymous
boto/botocore,Posnet,2,User
boto/botocore,Alex Brandt,2,Anonymous
boto/botocore,Andrey-mp,2,User
boto/botocore,ashishdhingra,2,User
boto/botocore,blairdrummond,2,User
boto/botocore,Chris AtLee,2,Anonymous
boto/botocore,darjus-amzn,2,User
boto/botocore,hyandell,2,User
boto/botocore,hprudent,2,User
boto/botocore,hugovk,2,User
boto/botocore,ikonst,2,User
boto/botocore,jtdoepke,2,User
boto/botocore,ShotgunCrocodile,2,User
boto/botocore,jkinred,2,User
boto/botocore,Jonathan Stewmon,2,Anonymous
boto/botocore,biochimia,2,User
boto/botocore,RyanFitzSimmonsAK,1,User
googleapis/google-auth-library-python,Jon Wayne Parrott,147,Anonymous
googleapis/google-auth-library-python,release-please[bot],141,Bot
googleapis/google-auth-library-python,arithmetic1728,133,User
googleapis/google-auth-library-python,busunkim96,69,User
googleapis/google-auth-library-python,sai-sunder-s,56,User
googleapis/google-auth-library-python,clundin25,45,User
googleapis/google-auth-library-python,BigTailWolf,41,User
googleapis/google-auth-library-python,gcf-owl-bot[bot],30,Bot
googleapis/google-auth-library-python,parthea,24,User
googleapis/google-auth-library-python,tseaver,21,User
googleapis/google-auth-library-python,daniel-sanche,16,User
googleapis/google-auth-library-python,bojeil-google,16,User
googleapis/google-auth-library-python,theacodes,11,User
googleapis/google-auth-library-python,renovate-bot,11,User
googleapis/google-auth-library-python,dhermes,10,User
googleapis/google-auth-library-python,harkamaljot,10,User
googleapis/google-auth-library-python,ScruffyProdigy,10,User
googleapis/google-auth-library-python,ohmayr,10,User
googleapis/google-auth-library-python,crwilcox,9,User
googleapis/google-auth-library-python,aeitzman,7,User
googleapis/google-auth-library-python,google-labs-jules[bot],7,Bot
googleapis/google-auth-library-python,yoshi-automation,6,User
googleapis/google-auth-library-python,nbayati,6,User
googleapis/google-auth-library-python,Linchin,5,User
googleapis/google-auth-library-python,akx,4,User
googleapis/google-auth-library-python,andyrzhao,4,User
googleapis/google-auth-library-python,plamut,4,User
googleapis/google-auth-library-python,Timur Sadykov,4,Anonymous
googleapis/google-auth-library-python,agrawalradhika-cell,4,User
googleapis/google-auth-library-python,liuchaoren,3,User
googleapis/google-auth-library-python,salrashid123,3,User
googleapis/google-auth-library-python,Ryan Kohler,3,Anonymous
googleapis/google-auth-library-python,nolanleastin,3,User
googleapis/google-auth-library-python,hiranya911,3,User
googleapis/google-auth-library-python,davidwtbuxton,3,User
googleapis/google-auth-library-python,dandhlee,3,User
googleapis/google-auth-library-python,juzna,2,User
googleapis/google-auth-library-python,lidizheng,2,User
googleapis/google-auth-library-python,matthewhughes934,2,User
googleapis/google-auth-library-python,wangyutongg,2,User
googleapis/google-auth-library-python,cpisunyer,2,User
googleapis/google-auth-library-python,chenyumic,2,Anonymous
googleapis/google-auth-library-python,amtk3,2,User
googleapis/google-auth-library-python,ikimonogakari,2,User
googleapis/google-auth-library-python,hilts-vaughan,2,User
googleapis/google-auth-library-python,anguillanneuf,2,User
googleapis/google-auth-library-python,Renovate Bot,2,Anonymous
googleapis/google-auth-library-python,JustinBeckwith,2,User
googleapis/google-auth-library-python,felixonmars,2,User
googleapis/google-auth-library-python,craigcitro,2,User
googleapis/google-auth-library-python,kryzthov,2,User
googleapis/google-auth-library-python,bshaffer,2,User
googleapis/google-auth-library-python,chalmerlowe,2,User
googleapis/google-auth-library-python,GeyseR,1,User
googleapis/google-auth-library-python,Sita04,1,User
googleapis/google-auth-library-python,greshilov,1,User
googleapis/google-auth-library-python,CodingFanSteve,1,User
googleapis/google-auth-library-python,stewartmiles,1,User
googleapis/google-auth-library-python,Solumin,1,User
googleapis/google-auth-library-python,thilo-maurer,1,User
googleapis/google-auth-library-python,tswast,1,User
googleapis/google-auth-library-python,tommilligan,1,User
googleapis/google-auth-library-python,scarabeusiv,1,User
googleapis/google-auth-library-python,ureyes84,1,User
googleapis/google-auth-library-python,ylil93,1,User
googleapis/google-auth-library-python,RohanTalip,1,User
googleapis/google-auth-library-python,rmbarron,1,User
googleapis/google-auth-library-python,ret2libc,1,User
googleapis/google-auth-library-python,rgryta,1,User
googleapis/google-auth-library-python,pietrodn,1,User
googleapis/google-auth-library-python,PicardParis,1,User
googleapis/google-auth-library-python,xmedeko,1,User
googleapis/google-auth-library-python,nkuik,1,User
googleapis/google-auth-library-python,mrvarmazyar,1,User
googleapis/google-auth-library-python,mbrancato,1,User
googleapis/google-auth-library-python,mbmccoy,1,User
googleapis/google-auth-library-python,gromag,1,User
googleapis/google-auth-library-python,wyattscarpenter,1,User
googleapis/google-auth-library-python,wj-chen,1,User
googleapis/google-auth-library-python,wescpy,1,User
googleapis/google-auth-library-python,vverman,1,User
googleapis/google-auth-library-python,weitaiting,1,User
googleapis/google-auth-library-python,shengjiang3,1,User
googleapis/google-auth-library-python,patkasper,1,Anonymous
googleapis/google-auth-library-python,nicain,1,User
googleapis/google-auth-library-python,michaelawyu,1,Anonymous
googleapis/google-auth-library-python,kdeniz-git,1,User
googleapis/google-auth-library-python,k-yone,1,User
googleapis/google-auth-library-python,johnkrah-aws,1,User
googleapis/google-auth-library-python,jangjunha,1,User
googleapis/google-auth-library-python,google-cloud-policy-bot[bot],1,Bot
googleapis/google-auth-library-python,dependabot[bot],1,Bot
googleapis/google-auth-library-python,darkfeline,1,User
googleapis/google-auth-library-python,con-f-use,1,User
googleapis/google-auth-library-python,chuanr,1,Anonymous
googleapis/google-auth-library-python,benedicteslee,1,User
googleapis/google-auth-library-python,alvyjudy,1,User
googleapis/google-auth-library-python,zevdg,1,User
googleapis/google-auth-library-python,somay,1,User
googleapis/google-auth-library-python,k4nar,1,User
docker/docker-py,shin-,1716,User
docker/docker-py,shin-,142,Anonymous
docker/docker-py,aanand,118,User
docker/docker-py,bfirsh,76,User
docker/docker-py,thaJeztah,73,User
docker/docker-py,mpetazzoni,60,User
docker/docker-py,milas,59,User
docker/docker-py,Ulysses Souza,58,Anonymous
docker/docker-py,aiordache,50,User
docker/docker-py,aiordache,33,Anonymous
docker/docker-py,dnephin,23,User
docker/docker-py,ulyssessouza,23,User
docker/docker-py,akx,22,User
docker/docker-py,little-dude,20,User
docker/docker-py,hannseman,19,User
docker/docker-py,feliperuhland,15,User
docker/docker-py,denibertovic,14,User
docker/docker-py,TomasTomecek,14,User
docker/docker-py,rycus86,12,User
docker/docker-py,ricobl,11,User
docker/docker-py,chris-crone,11,User
docker/docker-py,funkyfuture,10,User
docker/docker-py,Skazza94,10,User
docker/docker-py,Nicolas Delaby,10,Anonymous
docker/docker-py,nir0s,10,User
docker/docker-py,micahhausler,9,Anonymous
docker/docker-py,rumpl,9,User
docker/docker-py,ibuildthecloud,9,User
docker/docker-py,yukw777,8,User
docker/docker-py,tarnfeld,8,User
docker/docker-py,riedel,8,User
docker/docker-py,vvoland,8,User
docker/docker-py,phensley,8,User
docker/docker-py,Matthieu Nottale,8,Anonymous
docker/docker-py,terminalmage,8,User
docker/docker-py,Anca Iordache,8,Anonymous
docker/docker-py,dependabot[bot],7,Bot
docker/docker-py,mnowster,6,User
docker/docker-py,cyli,6,User
docker/docker-py,mefyl,6,User
docker/docker-py,yograterol,6,User
docker/docker-py,Ulises Reyes,6,Anonymous
docker/docker-py,StefanScherer,6,User
docker/docker-py,mildlyincompetent,6,User
docker/docker-py,hugovk,6,User
docker/docker-py,lots0logs,6,User
docker/docker-py,ggtools,6,User
docker/docker-py,rutsky,5,User
docker/docker-py,laurazard,5,User
docker/docker-py,yuval-k,5,User
docker/docker-py,Thomas Grainger,5,Anonymous
docker/docker-py,Sam Thursfield,5,Anonymous
docker/docker-py,janLo,5,User
docker/docker-py,asottile,5,User
docker/docker-py,akalipetis,5,User
docker/docker-py,felixfontein,5,User
docker/docker-py,krissetto,5,User
docker/docker-py,fermayo,4,User
docker/docker-py,dlorenc,4,User
docker/docker-py,scop,4,User
docker/docker-py,ssanderson,4,User
docker/docker-py,Sam Alba,4,Anonymous
docker/docker-py,NikolayMurha,4,User
docker/docker-py,mmerickel,4,User
docker/docker-py,fluetm,4,User
docker/docker-py,leonidlm,4,User
docker/docker-py,jorisvddonk,4,User
docker/docker-py,ijc,4,User
docker/docker-py,cclauss,4,User
docker/docker-py,akerouanton,4,User
docker/docker-py,cpuguy83,4,User
docker/docker-py,rca,3,User
docker/docker-py,robmry,3,User
docker/docker-py,ndeloof,3,User
docker/docker-py,speedplane,3,User
docker/docker-py,michaelhankin,3,User
docker/docker-py,Matthias Erll,3,Anonymous
docker/docker-py,kiorky,3,User
docker/docker-py,Khushiyant,3,User
docker/docker-py,aaronthebaron,3,User
docker/docker-py,stevenewey,3,User
docker/docker-py,Stephen Newey,3,Anonymous
docker/docker-py,Sumit Sahrawat,3,Anonymous
docker/docker-py,sgjesse,3,User
docker/docker-py,Yuval Goldberg,3,Anonymous
docker/docker-py,adw1n,3,User
docker/docker-py,aebm,3,User
docker/docker-py,qazbnm456,3,User
docker/docker-py,abanna,3,User
docker/docker-py,crierr,3,User
docker/docker-py,adamtheturtle,3,User
docker/docker-py,AlexeyRokhin,3,User
docker/docker-py,Barry Shapira,3,Anonymous
docker/docker-py,BenDoan,3,User
docker/docker-py,Bernardo,3,Anonymous
docker/docker-py,Chris Ottinger,3,Anonymous
docker/docker-py,ColinHuang,3,User
docker/docker-py,blackrobot,3,User
docker/docker-py,dangra,3,User
docker/docker-py,Davanum Srinivas,3,Anonymous
Azure/azure-sdk-for-python,azure-sdk,3010,User
Azure/azure-sdk-for-python,lmazuel,2646,User
Azure/azure-sdk-for-python,kristapratico,867,User
Azure/azure-sdk-for-python,xiangyan99,818,User
Azure/azure-sdk-for-python,scbedd,706,User
Azure/azure-sdk-for-python,msyyc,653,User
Azure/azure-sdk-for-python,mccoyp,482,User
Azure/azure-sdk-for-python,iscai-msft,427,User
Azure/azure-sdk-for-python,pvaneck,418,User
Azure/azure-sdk-for-python,AutorestCI,411,User
Azure/azure-sdk-for-python,swathipil,390,User
Azure/azure-sdk-for-python,chlowell,377,User
Azure/azure-sdk-for-python,catalinaperalta,249,User
Azure/azure-sdk-for-python,huguesv,243,User
Azure/azure-sdk-for-python,seankane-msft,239,User
Azure/azure-sdk-for-python,Yalin Li,236,Anonymous
Azure/azure-sdk-for-python,Rakshith Bhyravabhotla,232,Anonymous
Azure/azure-sdk-for-python,l0lawrence,231,User
Azure/azure-sdk-for-python,annatisch,229,User
Azure/azure-sdk-for-python,lzchen,206,User
Azure/azure-sdk-for-python,vincenttran-msft,199,User
Azure/azure-sdk-for-python,Azure CLI Bot,194,Anonymous
Azure/azure-sdk-for-python,SwaggerToSDK Automation,184,Anonymous
Azure/azure-sdk-for-python,00Kai0,177,User
Azure/azure-sdk-for-python,yunhaoling,176,User
Azure/azure-sdk-for-python,jalauzon-msft,162,User
Azure/azure-sdk-for-python,praveenkuttappan,159,User
Azure/azure-sdk-for-python,simorenoh,143,User
Azure/azure-sdk-for-python,Scott Schaab,142,Anonymous
Azure/azure-sdk-for-python,huguesv,139,Anonymous
Azure/azure-sdk-for-python,BigCat20196,130,User
Azure/azure-sdk-for-python,azclibot,121,User
Azure/azure-sdk-for-python,kdestin,121,User
Azure/azure-sdk-for-python,dargilco,114,User
Azure/azure-sdk-for-python,xiafu-msft,114,User
Azure/azure-sdk-for-python,needuv,108,User
Azure/azure-sdk-for-python,Zim Kalinowski,104,Anonymous
Azure/azure-sdk-for-python,tasherif-msft,103,User
Azure/azure-sdk-for-python,YijunXieMS,102,User
Azure/azure-sdk-for-python,jeremydvoss,100,User
Azure/azure-sdk-for-python,KieranBrantnerMagee,98,User
Azure/azure-sdk-for-python,weirongw23-msft,97,User
Azure/azure-sdk-for-python,Hugues Valois,93,Anonymous
Azure/azure-sdk-for-python,mrm9084,89,User
Azure/azure-sdk-for-python,slister1001,88,User
Azure/azure-sdk-for-python,MilesHolland,87,User
Azure/azure-sdk-for-python,kashifkhan,87,User
Azure/azure-sdk-for-python,elliotzh,86,User
Azure/azure-sdk-for-python,diondrapeck,85,User
Azure/azure-sdk-for-python,singankit,78,User
Azure/azure-sdk-for-python,danieljurek,76,User
Azure/azure-sdk-for-python,nagkumar91,73,User
Azure/azure-sdk-for-python,chidozieononiwu,68,User
Azure/azure-sdk-for-python,scottaddie,66,User
Azure/azure-sdk-for-python,rnagpal,65,User
Azure/azure-sdk-for-python,rads-1996,64,User
Azure/azure-sdk-for-python,crwilcox,64,User
Azure/azure-sdk-for-python,rakshith91,62,User
Azure/azure-sdk-for-python,weshaggard,59,User
Azure/azure-sdk-for-python,benbp,57,User
Azure/azure-sdk-for-python,zhengfeiwang,57,User
Azure/azure-sdk-for-python,luigiw,56,User
Azure/azure-sdk-for-python,bryevdv,55,User
Azure/azure-sdk-for-python,ChenxiJiang333,54,User
Azure/azure-sdk-for-python,mitchdenny,54,User
Azure/azure-sdk-for-python,tjprescott,51,User
Azure/azure-sdk-for-python,nemanjarajic,49,User
Azure/azure-sdk-for-python,w-javed,46,User
Azure/azure-sdk-for-python,achauhan-scc,46,User
Azure/azure-sdk-for-python,howieleung,45,User
Azure/azure-sdk-for-python,banibrata-de,43,User
Azure/azure-sdk-for-python,bambriz,42,User
Azure/azure-sdk-for-python,Copilot,42,Bot
Azure/azure-sdk-for-python,JennyPng,41,User
Azure/azure-sdk-for-python,sima-zhu,41,User
Azure/azure-sdk-for-python,changlong-liu,39,User
Azure/azure-sdk-for-python,RAY-316,39,User
Azure/azure-sdk-for-python,sarkar-rajarshi,35,User
Azure/azure-sdk-for-python,Srinath Narayanan,35,Anonymous
Azure/azure-sdk-for-python,tvaron3,35,User
Azure/azure-sdk-for-python,D-W-,34,User
Azure/azure-sdk-for-python,JimSuplizio,34,User
Azure/azure-sdk-for-python,jbeauregardb,34,User
Azure/azure-sdk-for-python,SwaggerToSDK Automation,34,Anonymous
Azure/azure-sdk-for-python,begoldsm,34,Anonymous
Azure/azure-sdk-for-python,Wzb123456789,34,User
Azure/azure-sdk-for-python,lsundaralingam,33,User
Azure/azure-sdk-for-python,TajiHarrisMicrosoft,32,User
Azure/azure-sdk-for-python,wonhyeongseo,32,User
Azure/azure-sdk-for-python,shipunyc,31,User
Azure/azure-sdk-for-python,joshharrin,30,User
Azure/azure-sdk-for-python,M-Hietala,30,User
Azure/azure-sdk-for-python,jayesh-tanna,30,User
Azure/azure-sdk-for-python,Ian McCowan,30,Anonymous
Azure/azure-sdk-for-python,PratibhaShrivastav18,29,User
Azure/azure-sdk-for-python,xitzhang,29,User
Azure/azure-sdk-for-python,nick863,29,User
Azure/azure-sdk-for-python,nancy-mejia,28,User
Azure/azure-sdk-for-python,Lakicar95,27,User
Azure/azure-sdk-for-python,ninghu,27,User
fabric/fabric,bitprophet,1577,User
fabric/fabric,davidjmemmett,6,User
fabric/fabric,offbyone,4,User
fabric/fabric,RupeshPatro,3,User
fabric/fabric,acdha,2,User
fabric/fabric,karlcow,2,User
fabric/fabric,web3-tony,1,User
fabric/fabric,omadjoudj,1,User
fabric/fabric,bhrutledge,1,User
fabric/fabric,dsch,1,User
fabric/fabric,henryh9n,1,User
fabric/fabric,fruch,1,User
fabric/fabric,jscissr,1,User
fabric/fabric,kyrias,1,User
fabric/fabric,kyleam,1,User
fabric/fabric,bossjones,1,User
fabric/fabric,RedKrieg,1,User
fabric/fabric,Ryan P Kilby,1,Anonymous
fabric/fabric,Trevor Morgan,1,Anonymous
pyinvoke/invoke,bitprophet,3543,User
pyinvoke/invoke,kuwv,46,User
pyinvoke/invoke,myusuf3,18,User
pyinvoke/invoke,dstufft,13,User
pyinvoke/invoke,pfmoore,11,User
pyinvoke/invoke,nhoening,10,User
pyinvoke/invoke,Maciej Kusz,7,Anonymous
pyinvoke/invoke,akitada,6,User
pyinvoke/invoke,florisla,6,User
pyinvoke/invoke,alex,5,User
pyinvoke/invoke,Ryan P Kilby,5,Anonymous
pyinvoke/invoke,hirokiky,4,User
pyinvoke/invoke,Ivoz,4,User
pyinvoke/invoke,coderanger,3,User
pyinvoke/invoke,sobolevn,3,User
pyinvoke/invoke,fndari,3,User
pyinvoke/invoke,haydenflinner,3,User
pyinvoke/invoke,mkusz,2,User
pyinvoke/invoke,jeamland,2,User
pyinvoke/invoke,loulecrivain,2,User
pyinvoke/invoke,Matthias Lehmann,2,Anonymous
pyinvoke/invoke,jjmaestro,2,User
pyinvoke/invoke,singingwolfboy,2,User
pyinvoke/invoke,Bay Grabowski,2,Anonymous
pyinvoke/invoke,aroberts,2,User
pyinvoke/invoke,omadjoudj,2,User
pyinvoke/invoke,Aiky30,1,User
pyinvoke/invoke,lsaffre,1,User
pyinvoke/invoke,msabramo,1,User
pyinvoke/invoke,mattrobenolt,1,User
pyinvoke/invoke,ryanwang520,1,User
pyinvoke/invoke,presidento,1,User
pyinvoke/invoke,Nicolas Cosnard,1,Anonymous
pyinvoke/invoke,nkantar,1,User
pyinvoke/invoke,lmiphay,1,User
pyinvoke/invoke,pghmcfc,1,User
pyinvoke/invoke,kenden,1,User
pyinvoke/invoke,techniq,1,User
pyinvoke/invoke,SylvainDe,1,User
pyinvoke/invoke,Tye Wang,1,Anonymous
pyinvoke/invoke,Virgil Dupras,1,Anonymous
pyinvoke/invoke,philtay,1,Anonymous
pyinvoke/invoke,thebjorn,1,User
pyinvoke/invoke,yoshiya0503,1,User
pyinvoke/invoke,andir,1,User
pyinvoke/invoke,cytadela8,1,User
pyinvoke/invoke,benbridts,1,User
pyinvoke/invoke,brousch,1,User
pyinvoke/invoke,collinanderson,1,User
pyinvoke/invoke,frewsxcv,1,User
pyinvoke/invoke,davidjmemmett,1,User
pyinvoke/invoke,rathann,1,User
pyinvoke/invoke,Floris Lambrechts,1,Anonymous
pyinvoke/invoke,gtback,1,User
pyinvoke/invoke,hugovk,1,User
pyinvoke/invoke,fruch,1,User
pyinvoke/invoke,revolter,1,User
pyinvoke/invoke,jaimeMF,1,User
pyinvoke/invoke,jezdez,1,User
pyinvoke/invoke,Jeff Forcier,1,Anonymous
pyinvoke/invoke,code-tree,1,User
pyinvoke/invoke,jordoncm,1,User
urllib3/urllib3,shazow,1078,User
urllib3/urllib3,Lukasa,485,User
urllib3/urllib3,sethmlarson,363,User
urllib3/urllib3,pquentin,288,User
urllib3/urllib3,t-8ch,138,User
urllib3/urllib3,dependabot[bot],128,Bot
urllib3/urllib3,hramezani,112,User
urllib3/urllib3,sigmavirus24,98,User
urllib3/urllib3,SethMichaelLarson,84,User
urllib3/urllib3,illia-v,82,User
urllib3/urllib3,Kevin Burke,78,Anonymous
urllib3/urllib3,Michael Löffler,59,Anonymous
urllib3/urllib3,haikuginger,51,User
urllib3/urllib3,alexwlchan,36,User
urllib3/urllib3,Jon Wayne Parrott,34,Anonymous
urllib3/urllib3,kevinburke,34,User
urllib3/urllib3,schlamar,29,User
urllib3/urllib3,hodbn,27,User
urllib3/urllib3,Thomas Weißschuh,27,Anonymous
urllib3/urllib3,jschneier,27,User
urllib3/urllib3,graingert,26,User
urllib3/urllib3,stanvit,24,User
urllib3/urllib3,Ian Cordasco,22,Anonymous
urllib3/urllib3,palaviv,22,User
urllib3/urllib3,jdufresne,20,User
urllib3/urllib3,nateprewitt,20,User
urllib3/urllib3,takluyver,19,User
urllib3/urllib3,eteq,19,User
urllib3/urllib3,mattbillenstein,18,User
urllib3/urllib3,bluetech,17,User
urllib3/urllib3,jeremycline,16,User
urllib3/urllib3,hugovk,16,User
urllib3/urllib3,wbond,15,User
urllib3/urllib3,bui,14,User
urllib3/urllib3,scop,14,User
urllib3/urllib3,venthur,12,User
urllib3/urllib3,ecerulm,12,User
urllib3/urllib3,Disassem,11,User
urllib3/urllib3,theacodes,11,User
urllib3/urllib3,alex,11,User
urllib3/urllib3,krishnaiitd,10,User
urllib3/urllib3,jalopezsilva,10,User
urllib3/urllib3,kirkeby,10,User
urllib3/urllib3,Jon Wayne Parrott,10,Anonymous
urllib3/urllib3,georgemarshall,10,User
urllib3/urllib3,abadger,10,User
urllib3/urllib3,jmoldow,9,User
urllib3/urllib3,gruns,9,User
urllib3/urllib3,brandon-rhodes,9,User
urllib3/urllib3,Shige Takeda,8,Anonymous
urllib3/urllib3,theonewolf,8,User
urllib3/urllib3,asmeurer,8,User
urllib3/urllib3,RatanShreshtha,8,User
urllib3/urllib3,franekmagiera,7,User
urllib3/urllib3,gagern,7,User
urllib3/urllib3,seocam,7,User
urllib3/urllib3,ijcoe6ru,7,User
urllib3/urllib3,jimi,7,Anonymous
urllib3/urllib3,crwilcox,6,User
urllib3/urllib3,Yi EungJun,6,Anonymous
urllib3/urllib3,Shivan Sornarajah,6,Anonymous
urllib3/urllib3,pwaller,6,User
urllib3/urllib3,reaperhulk,6,User
urllib3/urllib3,Antti Häyrynen,6,Anonymous
urllib3/urllib3,Alexandre Dias,6,Anonymous
urllib3/urllib3,ubdussamad,5,User
urllib3/urllib3,bryanhelmig,5,User
urllib3/urllib3,matejcik,5,User
urllib3/urllib3,jiangk,5,User
urllib3/urllib3,euri10,5,User
urllib3/urllib3,Piotr Dobrogost,5,Anonymous
urllib3/urllib3,Pavel Kirichenko,5,Anonymous
urllib3/urllib3,joined,5,User
urllib3/urllib3,jayvdb,5,User
urllib3/urllib3,felixonmars,5,User
urllib3/urllib3,dstufft,5,User
urllib3/urllib3,davidfstr,5,User
urllib3/urllib3,dbrgn,5,User
urllib3/urllib3,bboe,5,User
urllib3/urllib3,imkaka,4,User
urllib3/urllib3,cfs-pure,4,User
urllib3/urllib3,moin18,4,User
urllib3/urllib3,etbuira,4,User
urllib3/urllib3,alecz20,4,User
urllib3/urllib3,abebeos,4,Anonymous
urllib3/urllib3,ta1hia,4,User
urllib3/urllib3,darkrain42,4,User
urllib3/urllib3,Nicolas Delaby,4,Anonymous
urllib3/urllib3,njsmith,4,User
urllib3/urllib3,mikeage,4,User
urllib3/urllib3,msabramo,4,User
urllib3/urllib3,Kenneth Reitz,4,Anonymous
urllib3/urllib3,joneskoo,4,User
urllib3/urllib3,joemarshall,4,User
urllib3/urllib3,CipherChen,4,User
urllib3/urllib3,jlaine,4,User
urllib3/urllib3,David Andrzejewski,4,Anonymous
urllib3/urllib3,savarin,4,User
urllib3/urllib3,arkpog,3,User
urllib3/urllib3,slingamn,3,User
chardet/chardet,dan-blanchard,350,User
chardet/chardet,sigmavirus24,48,User
chardet/chardet,jdufresne,28,User
chardet/chardet,puzzlet,9,User
chardet/chardet,erikrose,6,User
chardet/chardet,rsnair2,6,User
chardet/chardet,dcramer,5,User
chardet/chardet,queeup,5,Anonymous
chardet/chardet,DRMacIver,4,User
chardet/chardet,abadger,4,User
chardet/chardet,hugovk,4,User
chardet/chardet,zmedico,2,User
chardet/chardet,yhay81,2,User
chardet/chardet,mdamien,2,User
chardet/chardet,musicinmybrain,2,User
chardet/chardet,rrthomas,1,User
chardet/chardet,Rob Speer,1,Anonymous
chardet/chardet,KRVPerera,1,User
chardet/chardet,snoack,1,User
chardet/chardet,SimonWaldherr,1,User
chardet/chardet,roskakori,1,User
chardet/chardet,graingert,1,User
chardet/chardet,hrnciar,1,User
chardet/chardet,a1346054,1,User
chardet/chardet,aaaxx,1,User
chardet/chardet,atbest,1,User
chardet/chardet,deedy5,1,User
chardet/chardet,dependabot[bot],1,Bot
chardet/chardet,hashy,1,User
chardet/chardet,johnthagen,1,User
chardet/chardet,HelloWorld017,1,User
chardet/chardet,oxygen-dioxide,1,User
chardet/chardet,akiomik,1,User
chardet/chardet,kxepal,1,User
chardet/chardet,domdfcoding,1,User
chardet/chardet,felixonmars,1,User
chardet/chardet,saintamh,1,User
chardet/chardet,JaimieMurdock,1,User
chardet/chardet,jwilk,1,User
chardet/chardet,jpz,1,User
chardet/chardet,byroot,1,User
chardet/chardet,edumco,1,User
chardet/chardet,xeor,1,User
chardet/chardet,lpsinger,1,User
chardet/chardet,hickford,1,User
chardet/chardet,hroncok,1,User
chardet/chardet,nkanaev,1,User
chardet/chardet,Nirzak,1,User
chardet/chardet,oparrish,1,User
chardet/chardet,qfan,1,User
kjd/idna,kjd,300,User
kjd/idna,Jon Ribbens,15,Anonymous
kjd/idna,hugovk,12,User
kjd/idna,jdufresne,11,User
kjd/idna,jribbens,10,User
kjd/idna,slingamn,5,User
kjd/idna,elliotwutingfeng,5,User
kjd/idna,sethmlarson,5,User
kjd/idna,waketzheng,3,User
kjd/idna,diogoteles08,3,User
kjd/idna,Derek Wilson,3,Anonymous
kjd/idna,tomprince,2,User
kjd/idna,verhovsky,1,User
kjd/idna,sreekanth370,1,User
kjd/idna,j-bernard,1,User
kjd/idna,sisp,1,User
kjd/idna,SpecLad,1,User
kjd/idna,OrianeK,1,User
kjd/idna,mgorny,1,User
kjd/idna,mayeut,1,User
kjd/idna,mplonka,1,User
kjd/idna,jschueller,1,User
kjd/idna,jayaddison,1,User
kjd/idna,cornmander,1,User
kjd/idna,EwoutH,1,User
kjd/idna,underrun,1,User
kjd/idna,cclauss,1,User
kjd/idna,alex,1,User
grpc/grpc,ctiller,10504,User
grpc/grpc,jtattermusch,5598,User
grpc/grpc,markdroth,2926,User
grpc/grpc,vjpai,2147,User
grpc/grpc,yashykt,2089,User
grpc/grpc,murgatroid99,2006,User
grpc/grpc,nicolasnoble,1804,User
grpc/grpc,dgquintas,1674,User
grpc/grpc,yang-g,1662,User
grpc/grpc,Muxi Yan,1451,Anonymous
grpc/grpc,lidizheng,1406,User
grpc/grpc,veblush,1336,User
grpc/grpc,ncteisen,1250,User
grpc/grpc,apolcyn,1109,User
grpc/grpc,gnossen,1022,User
grpc/grpc,sreecha,952,User
grpc/grpc,stanley-cheung,853,User
grpc/grpc,y-zeng,677,User
grpc/grpc,jcanizales,632,User
grpc/grpc,mehrdada,619,User
grpc/grpc,drfloob,609,User
grpc/grpc,kpayson64,571,User
grpc/grpc,tanvi-jagtap,571,User
grpc/grpc,nathanielmanistaatgoogle,519,User
grpc/grpc,karthikravis,505,User
grpc/grpc,muxi,446,User
grpc/grpc,donnadionne,441,User
grpc/grpc,ericgribkoff,432,User
grpc/grpc,AspirinSJL,364,User
grpc/grpc,Tim Emiola,332,Anonymous
grpc/grpc,matt-kwong,325,User
grpc/grpc,tbetbetbe,323,User
grpc/grpc,sergiitk,301,User
grpc/grpc,Julien Boeuf,291,Anonymous
grpc/grpc,adelez,272,User
grpc/grpc,makdharma,248,User
grpc/grpc,soltanmm,247,User
grpc/grpc,Vignesh2208,242,User
grpc/grpc,soheilhy,225,User
grpc/grpc,soltanmm-google,219,User
grpc/grpc,matthewstevenson88,217,User
grpc/grpc,hcaseyal,211,User
grpc/grpc,srini100,194,User
grpc/grpc,HannahShiSFB,184,User
grpc/grpc,XuanWang-Amos,172,User
grpc/grpc,Eugene Ostroukhov,161,Anonymous
grpc/grpc,ejona86,154,User
grpc/grpc,billfeng327,151,User
grpc/grpc,yihuazhang,149,User
grpc/grpc,ac-patel,138,User
grpc/grpc,a-veitch,136,User
grpc/grpc,rmstar,132,User
grpc/grpc,nanahpang,128,User
grpc/grpc,LisaFC,126,User
grpc/grpc,yijiem,125,User
grpc/grpc,yunjiaw26,114,User
grpc/grpc,ZhouyihaiDing,113,User
grpc/grpc,ralphchung,112,User
grpc/grpc,ananda1066,110,User
grpc/grpc,yulin-liang,107,User
grpc/grpc,rishesh007,107,User
grpc/grpc,a11r,105,User
grpc/grpc,dklempner,104,User
grpc/grpc,jiangtaoli2016,103,Anonymous
grpc/grpc,arjunroy,101,User
grpc/grpc,menghanl,97,User
grpc/grpc,guantaol,95,User
grpc/grpc,rjshade,94,User
grpc/grpc,ZhenLian,87,User
grpc/grpc,jboeuf,85,User
grpc/grpc,ashithasantosh,82,User
grpc/grpc,paulosjca,81,User
grpc/grpc,Tony Lu,80,Anonymous
grpc/grpc,thinkerou,78,User
grpc/grpc,yousukseung,76,User
grpc/grpc,lyuxuan,74,User
grpc/grpc,mhaidrygoog,72,User
grpc/grpc,sifmelcara,70,User
grpc/grpc,Nicolas Noble,65,Anonymous
grpc/grpc,Jiangtao Li,65,Anonymous
grpc/grpc,hongweiwang,65,User
grpc/grpc,pfreixes,61,User
grpc/grpc,dennycd,57,User
grpc/grpc,Bogdan Drutu,56,Anonymous
grpc/grpc,sidrakesh93,55,User
grpc/grpc,dfawley,52,User
grpc/grpc,JamesNK,52,User
grpc/grpc,Jayant Kolhe,51,Anonymous
grpc/grpc,gtcooke94,50,User
grpc/grpc,voidzcy,48,User
grpc/grpc,Vizerai,46,User
grpc/grpc,iamqizhao,45,User
grpc/grpc,daniel-j-born,44,User
grpc/grpc,carl-mastrangelo,43,User
grpc/grpc,asheshvidyut,40,User
grpc/grpc,vishalpowar,39,User
grpc/grpc,sanjaypujare,38,User
grpc/grpc,dapengzhang0,37,User
grpc/grpc,Mariano Anaya,36,Anonymous
grpc/grpc,MakMukhi,36,User
pallets/jinja,mitsuhiko,1299,User
pallets/jinja,davidism,810,User
pallets/jinja,dependabot-preview[bot],70,Bot
pallets/jinja,untitaker,69,User
pallets/jinja,dependabot[bot],54,Bot
pallets/jinja,ThiefMaster,36,User
pallets/jinja,pre-commit-ci[bot],32,Bot
pallets/jinja,birkenfeld,25,User
pallets/jinja,tux21b,15,User
pallets/jinja,amy-lei,13,User
pallets/jinja,jdufresne,12,User
pallets/jinja,kristi,12,User
pallets/jinja,snoack,12,User
pallets/jinja,jab,12,User
pallets/jinja,kevin-brown,11,User
pallets/jinja,jeffwidman,10,User
pallets/jinja,steelywing,8,User
pallets/jinja,ThomasWaldmann,8,User
pallets/jinja,Lukasa,8,User
pallets/jinja,Benjamin Wiegand,7,Anonymous
pallets/jinja,terminalmage,7,User
pallets/jinja,lkarthee,7,User
pallets/jinja,mkrizek,6,User
pallets/jinja,berkerpeksag,5,User
pallets/jinja,The-Compiler,5,User
pallets/jinja,minho42,5,User
pallets/jinja,rduplain,5,User
pallets/jinja,EtiennePelletier,4,User
pallets/jinja,plaes,4,User
pallets/jinja,msabramo,4,User
pallets/jinja,lakinwecker,4,User
pallets/jinja,kschuetz,4,User
pallets/jinja,yole,4,User
pallets/jinja,adamchainz,3,User
pallets/jinja,sixtyfathoms,3,User
pallets/jinja,graingert,3,User
pallets/jinja,RonnyPfannschmidt,3,User
pallets/jinja,hroncok,3,User
pallets/jinja,mvolfik,3,User
pallets/jinja,jctanner,3,User
pallets/jinja,florentx,3,User
pallets/jinja,blueyed,3,User
pallets/jinja,Christopher Grebs,3,Anonymous
pallets/jinja,drewja,3,User
pallets/jinja,mgax,3,User
pallets/jinja,alexwlchan,3,User
pallets/jinja,akx,2,User
pallets/jinja,Peter Dolak,2,Anonymous
pallets/jinja,boidolr,2,User
pallets/jinja,Naddiseo,2,User
pallets/jinja,SimonSapin,2,User
pallets/jinja,simonw,2,User
pallets/jinja,sdidier-dev,2,User
pallets/jinja,brownterryn,2,User
pallets/jinja,Thomas van Noort,2,Anonymous
pallets/jinja,Tim Hanus,2,Anonymous
pallets/jinja,pawamoy,2,User
pallets/jinja,fengsp,2,User
pallets/jinja,kracekumar,2,User
pallets/jinja,mayur-srivastava,2,User
pallets/jinja,ngr,2,User
pallets/jinja,pgjones,2,User
pallets/jinja,jfinkels,2,User
pallets/jinja,aaronsw,2,User
pallets/jinja,aenglander,2,User
pallets/jinja,bkiu,2,User
pallets/jinja,Cito,2,User
pallets/jinja,dennda,2,User
pallets/jinja,CleoQc,2,User
pallets/jinja,DasIch,2,User
pallets/jinja,apollo13,2,User
pallets/jinja,jkfran,2,User
pallets/jinja,greyli,2,User
pallets/jinja,myii,2,User
pallets/jinja,jackwilsdon,2,User
pallets/jinja,marcelometal,2,User
pallets/jinja,mhansen,2,User
pallets/jinja,sileht,2,User
pallets/jinja,atodorov,2,User
pallets/jinja,njl,2,User
pallets/jinja,rgroothuijsen,1,User
pallets/jinja,René Neumann,1,Anonymous
pallets/jinja,rlafuente,1,User
pallets/jinja,rtorr,1,User
pallets/jinja,gibson042,1,User
pallets/jinja,moraes,1,User
pallets/jinja,ronnix,1,User
pallets/jinja,nabijaczleweli,1,User
pallets/jinja,rleonhardt,1,User
pallets/jinja,tambry,1,User
pallets/jinja,rillian,1,User
pallets/jinja,pbjr23,1,User
pallets/jinja,PinkFloyded,1,User
pallets/jinja,PikachuEXE,1,User
pallets/jinja,pombredanne,1,User
pallets/jinja,pwlandoll,1,User
pallets/jinja,sisp,1,User
pallets/jinja,Sharoon Thomas,1,Anonymous
pallets/jinja,shamsimam,1,User
pallets/jinja,Shaheed Haque,1,Anonymous
python-websockets/websockets,aaugustin,1563,User
python-websockets/websockets,dependabot[bot],31,Bot
python-websockets/websockets,cjerdonek,16,User
python-websockets/websockets,mayeut,10,User
python-websockets/websockets,Jonathan Martin,5,Anonymous
python-websockets/websockets,johnsca,4,User
python-websockets/websockets,RemiCardona,4,User
python-websockets/websockets,SzieberthAdam,3,User
python-websockets/websockets,mgorny,3,User
python-websockets/websockets,benhoyt,2,User
python-websockets/websockets,gthb,2,User
python-websockets/websockets,mehaase,2,User
python-websockets/websockets,cool-RR,2,User
python-websockets/websockets,timgates42,2,User
python-websockets/websockets,cclauss,2,Anonymous
python-websockets/websockets,xuanzhi33,2,User
python-websockets/websockets,bluetech,1,User
python-websockets/websockets,equalsraf,1,User
python-websockets/websockets,Rémy HUBSCHER,1,Anonymous
python-websockets/websockets,Sasja,1,User
python-websockets/websockets,outofnames,1,User
python-websockets/websockets,wojcikstefan,1,User
python-websockets/websockets,jodal,1,User
python-websockets/websockets,parmentelat,1,User
python-websockets/websockets,graingert,1,User
python-websockets/websockets,ptone,1,User
python-websockets/websockets,pablogamboa,1,User
python-websockets/websockets,oliver-zehentleitner,1,User
python-websockets/websockets,kelunik,1,User
python-websockets/websockets,EvieePy,1,User
python-websockets/websockets,MtkN1,1,User
python-websockets/websockets,bajamircea,1,User
python-websockets/websockets,EdwardBetts,1,User
python-websockets/websockets,SmartManoj,1,User
python-websockets/websockets,wwqgtxx,1,User
python-websockets/websockets,shafemtol,1,User
python-websockets/websockets,serozhenka,1,User
python-websockets/websockets,reallinfo,1,User
python-websockets/websockets,lwzm,1,User
python-websockets/websockets,pv2b,1,User
python-websockets/websockets,ooliver1,1,User
python-websockets/websockets,kxxt,1,User
python-websockets/websockets,konichuvak,1,Anonymous
python-websockets/websockets,housleyjk,1,User
python-websockets/websockets,daH005,1,User
python-websockets/websockets,akgnah,1,User
python-websockets/websockets,wilt-vetrec,1,User
python-websockets/websockets,BeLuckyDaf,1,User
python-websockets/websockets,tyehle,1,User
python-websockets/websockets,thomasleveil,1,User
python-websockets/websockets,treylav,1,User
python-websockets/websockets,dsanders11,1,User
python-websockets/websockets,DavidBord,1,User
python-websockets/websockets,Carlos Sobrinho,1,Anonymous
python-websockets/websockets,ceharris,1,User
python-websockets/websockets,dzen,1,User
python-websockets/websockets,Benjamin-Loison,1,User
python-websockets/websockets,ashleysommer,1,User
python-websockets/websockets,ABCurado,1,User
python-websockets/websockets,antohaby,1,User
python-websockets/websockets,antonagestam,1,User
python-websockets/websockets,a-alak,1,User
python-websockets/websockets,almet,1,User
python-websockets/websockets,Alex Coplan,1,Anonymous
python-websockets/websockets,mattyoungberg,1,User
python-websockets/websockets,38elements,1,User
python-websockets/websockets,mikeputnam,1,User
python-websockets/websockets,m1keil,1,User
python-websockets/websockets,Ivoz,1,User
python-websockets/websockets,nalepae,1,User
python-websockets/websockets,lgrahl,1,User
python-websockets/websockets,Jonathan Martin,1,Anonymous
python-websockets/websockets,JohnVillalovos,1,User
python-websockets/websockets,athre0z,1,User
python-websockets/websockets,janaknat,1,User
python-websockets/websockets,bdraco,1,User
python-websockets/websockets,iudeen,1,User
python-websockets/websockets,idlesign,1,User
python-websockets/websockets,hugovk,1,User
python-websockets/websockets,Hauke Lampe,1,Anonymous
python-websockets/websockets,Harmon758,1,User
python-websockets/websockets,floryst,1,User
python-websockets/websockets,evanraalte,1,User
pallets/markupsafe,davidism,509,User
pallets/markupsafe,dependabot-preview[bot],91,Bot
pallets/markupsafe,dependabot[bot],78,Bot
pallets/markupsafe,mitsuhiko,69,User
pallets/markupsafe,pre-commit-ci[bot],36,Bot
pallets/markupsafe,edgarrmondragon,6,User
pallets/markupsafe,methane,3,User
pallets/markupsafe,ThiefMaster,2,User
pallets/markupsafe,amcgregor,2,User
pallets/markupsafe,Buck Golemon,2,Anonymous
pallets/markupsafe,Cito,2,User
pallets/markupsafe,dawranliou,2,User
pallets/markupsafe,gtback,2,User
pallets/markupsafe,greyli,2,User
pallets/markupsafe,hugovk,2,User
pallets/markupsafe,janaknat,2,User
pallets/markupsafe,mthuurne,2,User
pallets/markupsafe,2-5,1,User
pallets/markupsafe,adamchainz,1,User
pallets/markupsafe,AA-Turner,1,User
pallets/markupsafe,pelme,1,User
pallets/markupsafe,tonybaloney,1,User
pallets/markupsafe,cclauss,1,User
pallets/markupsafe,neutrinoceros,1,User
pallets/markupsafe,Ademan,1,User
pallets/markupsafe,Daverball,1,User
pallets/markupsafe,dougthor42,1,User
pallets/markupsafe,esadek,1,User
pallets/markupsafe,finnagin,1,User
pallets/markupsafe,The-Compiler,1,User
pallets/markupsafe,northernSage,1,User
pallets/markupsafe,crusaderky,1,User
pallets/markupsafe,lepture,1,User
pallets/markupsafe,jaraco,1,User
pallets/markupsafe,dairiki,1,User
pallets/markupsafe,jdufresne,1,User
pallets/markupsafe,quobit,1,User
pallets/markupsafe,mart-e,1,User
pallets/markupsafe,vtbassmatt,1,User
pallets/markupsafe,matthew-brett,1,User
pallets/markupsafe,sileht,1,User
pallets/markupsafe,msimacek,1,User
pallets/markupsafe,ZedThree,1,User
pallets/markupsafe,pwlandoll,1,User
pallets/markupsafe,pombredanne,1,User
pallets/markupsafe,Richard O'Dwyer,1,Anonymous
pallets/markupsafe,RonnyPfannschmidt,1,User
pallets/markupsafe,Rust Saiargaliev,1,Anonymous
pallets/markupsafe,rsiemens,1,User
sqlalchemy/mako,zzzeek,760,User
sqlalchemy/mako,pjenvey,39,User
sqlalchemy/mako,bbangert,20,User
sqlalchemy/mako,CaselIT,12,User
sqlalchemy/mako,bourke,11,User
sqlalchemy/mako,Mike Bayer,9,Anonymous
sqlalchemy/mako,vincent-ferotin,8,User
sqlalchemy/mako,olduvaihand,7,User
sqlalchemy/mako,wichert,7,User
sqlalchemy/mako,donkopotamus,7,User
sqlalchemy/mako,cocolato,6,User
sqlalchemy/mako,hugovk,5,User
sqlalchemy/mako,Laurent DAVERIO,5,Anonymous
sqlalchemy/mako,mindw,5,User
sqlalchemy/mako,gagern,4,User
sqlalchemy/mako,scop,4,User
sqlalchemy/mako,CodeMan99,3,Anonymous
sqlalchemy/mako,Laurent DAVERIO,3,Anonymous
sqlalchemy/mako,mgeisler,3,User
sqlalchemy/mako,thorade,3,User
sqlalchemy/mako,jvanasco,3,User
sqlalchemy/mako,ldaverio,2,Anonymous
sqlalchemy/mako,designst,2,User
sqlalchemy/mako,georgexsh,2,User
sqlalchemy/mako,vmagamedov,2,User
sqlalchemy/mako,Sébastien Granjoux,2,Anonymous
sqlalchemy/mako,stevepiercy,2,User
sqlalchemy/mako,Zer0-,2,User
sqlalchemy/mako,mgorny,2,User
sqlalchemy/mako,eevee,2,User
sqlalchemy/mako,CodeMan99,2,User
sqlalchemy/mako,anukaal,2,User
sqlalchemy/mako,mtc-mlx,1,User
sqlalchemy/mako,hroncok,1,User
sqlalchemy/mako,nedbat,1,User
sqlalchemy/mako,nsoranzo,1,User
sqlalchemy/mako,Nishanth Aravamudan,1,Anonymous
sqlalchemy/mako,encukou,1,User
sqlalchemy/mako,baluyotraf,1,User
sqlalchemy/mako,cool-RR,1,User
sqlalchemy/mako,imankulov,1,User
sqlalchemy/mako,atetubou,1,User
sqlalchemy/mako,ygingras,1,User
sqlalchemy/mako,sayap,1,User
sqlalchemy/mako,nowox,1,User
sqlalchemy/mako,patatetom,1,User
sqlalchemy/mako,sinoroc,1,User
sqlalchemy/mako,mondeja,1,User
sqlalchemy/mako,mbakke,1,User
sqlalchemy/mako,marcpare,1,User
sqlalchemy/mako,krysros,1,User
sqlalchemy/mako,tirkarthi,1,User
sqlalchemy/mako,jjgalvez,1,User
sqlalchemy/mako,rindeal,1,User
sqlalchemy/mako,ianjosephwilson,1,User
sqlalchemy/mako,irachex,1,User
sqlalchemy/mako,Daniel Martin,1,Anonymous
sqlalchemy/mako,lazka,1,User
sqlalchemy/mako,LordAro,1,User
sqlalchemy/mako,bjodah,1,User
sqlalchemy/mako,rouge8,1,User
sqlalchemy/mako,ammarnajjar,1,User
sqlalchemy/mako,maxking,1,User
lxml/lxml,scoder,3008,User
lxml/lxml,Stefan Behnel,123,Anonymous
lxml/lxml,dependabot[bot],33,Bot
lxml/lxml,SimonSapin,29,User
lxml/lxml,hugovk,26,User
lxml/lxml,plq,21,User
lxml/lxml,jwilk,20,User
lxml/lxml,doerwalter,19,User
lxml/lxml,opottone,15,User
lxml/lxml,tomkralidis,14,User
lxml/lxml,orf,14,User
lxml/lxml,TBBle,12,User
lxml/lxml,mozbugbox,12,User
lxml/lxml,bkline,9,User
lxml/lxml,hroncok,8,User
lxml/lxml,nwellnhof,7,User
lxml/lxml,msabramo,7,User
lxml/lxml,cclauss,6,User
lxml/lxml,mhils,6,User
lxml/lxml,lrowe,6,User
lxml/lxml,frenzymadness,6,User
lxml/lxml,abepolk,5,User
lxml/lxml,regebro,5,User
lxml/lxml,Pelleplutt,5,User
lxml/lxml,Roger Hu,5,Anonymous
lxml/lxml,rctay,5,User
lxml/lxml,pnacht,5,User
lxml/lxml,xmo-odoo,4,User
lxml/lxml,numshub,4,User
lxml/lxml,perltrustly,4,User
lxml/lxml,niyas-sait,4,User
lxml/lxml,mr-c,4,User
lxml/lxml,kvdveer,4,User
lxml/lxml,djc,4,User
lxml/lxml,cko,4,User
lxml/lxml,masklinn,3,User
lxml/lxml,jab,3,User
lxml/lxml,timmc,3,User
lxml/lxml,sam-m888,3,User
lxml/lxml,jyasskin,3,User
lxml/lxml,dairiki,3,User
lxml/lxml,ferdnyc,3,User
lxml/lxml,EwoutH,3,User
lxml/lxml,rotu,3,User
lxml/lxml,albarrentine,3,User
lxml/lxml,weggerle-a,2,User
lxml/lxml,zzzeek,2,User
lxml/lxml,noahp,2,User
lxml/lxml,nightsailer,2,User
lxml/lxml,TingPing,2,User
lxml/lxml,RainerHausdorf,2,User
lxml/lxml,paparodeo,2,User
lxml/lxml,saschpe,2,User
lxml/lxml,dufferzafar,2,User
lxml/lxml,seelmann,2,User
lxml/lxml,staeff,2,User
lxml/lxml,udifuchs,2,User
lxml/lxml,vibrant,2,User
lxml/lxml,Yelinz,2,User
lxml/lxml,sakurai-youhei,2,User
lxml/lxml,alxistr,2,User
lxml/lxml,hankthetank,2,Anonymous
lxml/lxml,stranac,2,User
lxml/lxml,isatsam,2,User
lxml/lxml,AndreyErmilov,2,User
lxml/lxml,asottile,2,User
lxml/lxml,arigo,2,User
lxml/lxml,Ashish Kulkarni,2,Anonymous
lxml/lxml,cjmayo,2,User
lxml/lxml,chripede,2,User
lxml/lxml,dholth,2,User
lxml/lxml,dgreisen,2,User
lxml/lxml,funkyfuture,2,User
lxml/lxml,mindw,2,User
lxml/lxml,janssenhenning,2,User
lxml/lxml,hjoukl,2,User
lxml/lxml,hughmcmaster,2,User
lxml/lxml,joar,2,User
lxml/lxml,kovidgoyal,2,User
lxml/lxml,MRoci,2,User
lxml/lxml,mgedmin,2,User
lxml/lxml,peterdemin,1,User
lxml/lxml,encukou,1,User
lxml/lxml,flying-sheep,1,User
lxml/lxml,PrimozGodec,1,User
lxml/lxml,fiahil,1,User
lxml/lxml,RaphaelKimmig,1,User
lxml/lxml,riconnon,1,User
lxml/lxml,richardowen,1,User
lxml/lxml,frgtn,1,User
lxml/lxml,stweil,1,User
lxml/lxml,Steve,1,Anonymous
lxml/lxml,zooba,1,User
lxml/lxml,nicolas-DH,1,User
lxml/lxml,npt,1,User
lxml/lxml,nehaljwani,1,User
lxml/lxml,servusdei2018,1,User
lxml/lxml,Mingli-Yu,1,User
lxml/lxml,minho42,1,User
lxml/lxml,mlissner,1,User
html5lib/html5lib-python,gsnedders,418,User
html5lib/html5lib-python,jgraham,336,User
html5lib/html5lib-python,annevk,295,User
html5lib/html5lib-python,rubys,106,User
html5lib/html5lib-python,James Graham,78,Anonymous
html5lib/html5lib-python,tbroyer,71,User
html5lib/html5lib-python,philiptaylor,40,User
html5lib/html5lib-python,willkg,34,User
html5lib/html5lib-python,Mark Pilgrim,29,Anonymous
html5lib/html5lib-python,lantis63,26,Anonymous
html5lib/html5lib-python,ambv,26,User
html5lib/html5lib-python,twm,24,User
html5lib/html5lib-python,jdufresne,19,User
html5lib/html5lib-python,hugovk,17,User
html5lib/html5lib-python,jayvdb,8,User
html5lib/html5lib-python,RitwikGupta,6,User
html5lib/html5lib-python,dstufft,5,User
html5lib/html5lib-python,wingo,4,User
html5lib/html5lib-python,mindw,4,User
html5lib/html5lib-python,lachlanhunt,4,User
html5lib/html5lib-python,foolip,4,User
html5lib/html5lib-python,zcorpan,4,User
html5lib/html5lib-python,Edward Z. Yang ext:(%22),3,Anonymous
html5lib/html5lib-python,Ms2ger,2,User
html5lib/html5lib-python,neumond,2,User
html5lib/html5lib-python,cclauss,2,User
html5lib/html5lib-python,tahajahangir,2,User
html5lib/html5lib-python,Ward Bradt,2,Anonymous
html5lib/html5lib-python,kovidgoyal,2,User
html5lib/html5lib-python,SimonSapin,2,User
html5lib/html5lib-python,sideshowbarker,2,User
html5lib/html5lib-python,zborboa-g,1,User
html5lib/html5lib-python,mvasilkov,1,User
html5lib/html5lib-python,mikewest,1,User
html5lib/html5lib-python,hroncok,1,User
html5lib/html5lib-python,nikolas,1,User
html5lib/html5lib-python,ryanking,1,User
html5lib/html5lib-python,GeyseR,1,User
html5lib/html5lib-python,sigmundch,1,User
html5lib/html5lib-python,stanislavlevin,1,User
html5lib/html5lib-python,Tim Fletcher,1,Anonymous
html5lib/html5lib-python,scop,1,User
html5lib/html5lib-python,idiomaticrefactoring,1,User
html5lib/html5lib-python,edwardzyang@thewritingpot.com,1,Anonymous
html5lib/html5lib-python,jvanasco,1,User
html5lib/html5lib-python,luzpaz,1,User
html5lib/html5lib-python,theRealProHacker,1,User
html5lib/html5lib-python,tonylopes,1,User
html5lib/html5lib-python,5j9,1,User
html5lib/html5lib-python,adamchainz,1,User
html5lib/html5lib-python,alex,1,User
html5lib/html5lib-python,mfa,1,User
html5lib/html5lib-python,moben,1,User
html5lib/html5lib-python,tiran,1,User
html5lib/html5lib-python,adhintz,1,User
html5lib/html5lib-python,Drew Hubl,1,Anonymous
html5lib/html5lib-python,eli-schwartz,1,User
html5lib/html5lib-python,amorde,1,User
html5lib/html5lib-python,paradoxxxzero,1,User
html5lib/html5lib-python,jwilk,1,User
html5lib/html5lib-python,jayaddison,1,User
html5lib/html5lib-python,jcarlosgarciasegovia,1,User
html5lib/html5lib-python,valievkarim,1,User
html5lib/html5lib-python,Kevin,1,Anonymous
html5lib/html5lib-python,msabramo,1,User
html5lib/html5lib-python,Marc DM,1,Anonymous
scrapy/cssselect,SimonSapin,117,User
scrapy/cssselect,wRAR,69,User
scrapy/cssselect,redapple,56,User
scrapy/cssselect,scoder,42,User
scrapy/cssselect,Gallaecio,24,User
scrapy/cssselect,kmike,17,User
scrapy/cssselect,ianb,12,User
scrapy/cssselect,sortafreel,10,User
scrapy/cssselect,elacuesta,7,User
scrapy/cssselect,dangra,6,User
scrapy/cssselect,hugovk,5,User
scrapy/cssselect,lrowe,5,User
scrapy/cssselect,Emmanuel Rondan,3,Anonymous
scrapy/cssselect,sjp,3,User
scrapy/cssselect,pcorpet,3,User
scrapy/cssselect,arthurdarcet,2,User
scrapy/cssselect,scop,2,User
scrapy/cssselect,Akshita Agarwal,2,Anonymous
scrapy/cssselect,James Salter,1,Anonymous
scrapy/cssselect,julius383,1,User
scrapy/cssselect,KOLANICH,1,User
scrapy/cssselect,lopuhin,1,User
scrapy/cssselect,Laerte,1,User
scrapy/cssselect,cdce8p,1,User
scrapy/cssselect,nikolas,1,User
scrapy/cssselect,graingert,1,User
scrapy/cssselect,varialus,1,User
scrapy/cssselect,annbgn,1,User
scrapy/cssselect,whybin,1,User
scrapy/parsel,Gallaecio,125,User
scrapy/parsel,eliasdorneles,106,User
scrapy/parsel,kmike,100,User
scrapy/parsel,wRAR,99,User
scrapy/parsel,pablohoffman,66,User
scrapy/parsel,felipeboffnunes,65,User
scrapy/parsel,redapple,55,User
scrapy/parsel,dangra,52,User
scrapy/parsel,EchoShoot,9,User
scrapy/parsel,Nirzak,9,User
scrapy/parsel,Langdi,9,User
scrapy/parsel,malloxpb,8,User
scrapy/parsel,Laerte,7,User
scrapy/parsel,Digenis,7,User
scrapy/parsel,harshasrinivas,7,User
scrapy/parsel,victor-torres,7,User
scrapy/parsel,golewski,6,User
scrapy/parsel,immerrr,6,User
scrapy/parsel,Emmanuel Rondan,5,Anonymous
scrapy/parsel,void,5,User
scrapy/parsel,stummjr,5,User
scrapy/parsel,elacuesta,5,User
scrapy/parsel,AnthonyChouGit,4,User
scrapy/parsel,starrify,3,User
scrapy/parsel,pcorpet,3,User
scrapy/parsel,IkramKhanNiazi,3,User
scrapy/parsel,lopuhin,3,User
scrapy/parsel,curita,3,User
scrapy/parsel,akshayphilar,3,User
scrapy/parsel,csalazar,2,User
scrapy/parsel,deepakdinesh1123,2,User
scrapy/parsel,hoatle,2,User
scrapy/parsel,lufte,2,User
scrapy/parsel,sortafreel,2,User
scrapy/parsel,stav,2,User
scrapy/parsel,shaneaevans,1,User
scrapy/parsel,DeviousStoat,1,User
scrapy/parsel,alexanderlukanin13,1,User
scrapy/parsel,bagratte,1,User
scrapy/parsel,imba-tjd,1,User
scrapy/parsel,ncp1113,1,User
scrapy/parsel,nyov,1,User
scrapy/parsel,seriyps,1,User
scrapy/parsel,dufferzafar,1,User
scrapy/parsel,michamos,1,User
scrapy/parsel,noviluni,1,User
scrapy/parsel,Klaus Rettinghaus,1,Anonymous
scrapy/parsel,jmherbst,1,User
scrapy/parsel,habib049,1,User
scrapy/parsel,GeorgeA92,1,User
scrapy/parsel,chengxilo,1,User
scrapy/parsel,barraponto,1,User
scrapy/parsel,alexcepoi,1,User
celery/kombu,ask,2040,User
celery/kombu,auvipy,214,User
celery/kombu,Ask Solem,203,Anonymous
celery/kombu,bmbouter,187,User
celery/kombu,matusvalo,85,User
celery/kombu,dependabot[bot],67,Bot
celery/kombu,Nusnus,67,User
celery/kombu,pre-commit-ci[bot],64,Bot
celery/kombu,pyup-bot,42,User
celery/kombu,flaper87,20,User
celery/kombu,diranged,19,User
celery/kombu,daevaorn,18,User
celery/kombu,mher,16,User
celery/kombu,atombrella,15,User
celery/kombu,jdufresne,10,User
celery/kombu,last-g,9,User
celery/kombu,Mahendra M,9,Anonymous
celery/kombu,John Watson,9,Anonymous
celery/kombu,nazavode,9,User
celery/kombu,beav,8,User
celery/kombu,cclauss,8,User
celery/kombu,Kludex,8,User
celery/kombu,rumineykova,8,User
celery/kombu,georgepsarakis,8,User
celery/kombu,alukach,7,User
celery/kombu,jasonwbarnett,7,User
celery/kombu,pawl,6,User
celery/kombu,stegayet,6,User
celery/kombu,ionelmc,6,User
celery/kombu,vinayinvicible,5,User
celery/kombu,woutdenolf,5,User
celery/kombu,FrankK-1234,5,User
celery/kombu,alanjds,5,User
celery/kombu,eadgbear,5,User
celery/kombu,adamn,5,User
celery/kombu,priteau,5,User
celery/kombu,Michael Nelson,5,Anonymous
celery/kombu,hfern,4,User
celery/kombu,karajan1001,4,User
celery/kombu,Kronuz,4,User
celery/kombu,galCohen88,4,User
celery/kombu,ryanpetrello,4,User
celery/kombu,rogerhu,4,User
celery/kombu,Roger Hu,4,Anonymous
celery/kombu,rafaduran,4,User
celery/kombu,matteius,4,User
celery/kombu,jamesls,4,User
celery/kombu,illia-v,4,User
celery/kombu,hvnsweeting,4,User
celery/kombu,toofishes,4,User
celery/kombu,andviro,4,User
celery/kombu,lithammer,3,User
celery/kombu,tumb1er,3,User
celery/kombu,last-partizan,3,User
celery/kombu,steeve,3,User
celery/kombu,dobosevych,3,User
celery/kombu,sebleier,3,Anonymous
celery/kombu,fatelei,3,User
celery/kombu,olii,3,User
celery/kombu,naomielst,3,User
celery/kombu,spawn-guy,3,User
celery/kombu,ghirailghiro,3,User
celery/kombu,luyun-bot,3,User
celery/kombu,harlowja,3,User
celery/kombu,frehty,3,User
celery/kombu,haimjether,3,User
celery/kombu,gabor-boros,3,User
celery/kombu,felixonmars,3,User
celery/kombu,browniebroke,3,User
celery/kombu,djmitche,3,User
celery/kombu,koorgoo,3,User
celery/kombu,ashb,3,User
celery/kombu,oliverhaas,2,User
celery/kombu,olliewalsh,2,User
celery/kombu,rafidka,2,User
celery/kombu,Randy Barlow,2,Anonymous
celery/kombu,rohanpm,2,User
celery/kombu,rominf,2,User
celery/kombu,hzlmn,2,User
celery/kombu,nicolasmota,2,User
celery/kombu,shoaib-mohd,2,User
celery/kombu,intgr,2,User
celery/kombu,Lucas Wiman,2,Anonymous
celery/kombu,buckensl,2,User
celery/kombu,banksemi,2,User
celery/kombu,saschpe,2,User
celery/kombu,Shane Caraveo,2,Anonymous
celery/kombu,sondrelg,2,User
celery/kombu,ashcrow,2,User
celery/kombu,Tobias Schottdorf,2,Anonymous
celery/kombu,tbarbugli,2,User
celery/kombu,zmsmith,2,User
celery/kombu,franck cuny,2,Anonymous
celery/kombu,j0hnsmith,2,User
celery/kombu,raittes,2,User
celery/kombu,xando,2,User
celery/kombu,mdalp,2,User
celery/kombu,alaminopu,2,User
celery/kombu,meysam81,2,User
celery/kombu,marnikow,2,User
pika/pika,lukebakken,497,User
pika/pika,Gavin M. Roy,485,Anonymous
pika/pika,Gavin M. Roy,336,Anonymous
pika/pika,gmr,256,User
pika/pika,michaelklishin,132,User
pika/pika,vitaly-krugl,131,User
pika/pika,tonyg,96,User
pika/pika,Vitaly Kruglikov,60,Anonymous
pika/pika,geryogam,29,User
pika/pika,abompard,20,User
pika/pika,Michael Laing,20,Anonymous
pika/pika,Darren Demicoli,16,Anonymous
pika/pika,wulczer,15,User
pika/pika,shinji-s,12,User
pika/pika,majek,12,User
pika/pika,bkjones,11,User
pika/pika,Ask Solem,10,Anonymous
pika/pika,hugovk,10,User
pika/pika,ml,10,Anonymous
pika/pika,seenureddy,10,User
pika/pika,wjps,9,User
pika/pika,dave-shawley,8,User
pika/pika,mosquito,8,User
pika/pika,atatsu,8,User
pika/pika,Fredrik Svensson,7,Anonymous
pika/pika,Zephor5,6,User
pika/pika,abranches,6,User
pika/pika,ccmedianetwork,6,User
pika/pika,decaz,6,User
pika/pika,hairyhum,5,User
pika/pika,hcmturner,5,User
pika/pika,Kyösti Herrala,5,Anonymous
pika/pika,charleslaw,4,User
pika/pika,jeremycline,4,User
pika/pika,ingwinlu,4,User
pika/pika,nickcash,4,User
pika/pika,Marek Majkowski,4,Anonymous
pika/pika,Grégory Starck,4,Anonymous
pika/pika,Erik Andersson,4,Anonymous
pika/pika,alexchandel,4,User
pika/pika,karls,3,User
pika/pika,movermeyer,3,User
pika/pika,raphdg,3,User
pika/pika,mprinc,3,User
pika/pika,tristanpenman,3,User
pika/pika,Vitaly Kruglikov,3,Anonymous
pika/pika,avinassh,3,User
pika/pika,eugals,3,User
pika/pika,liortct,3,User
pika/pika,Zerpet,3,User
pika/pika,jve,3,User
pika/pika,rckclmbr,3,User
pika/pika,williamsjj,3,User
pika/pika,jamutton,3,User
pika/pika,lexdene,3,User
pika/pika,cenkalti,3,User
pika/pika,datakurre,3,User
pika/pika,ztane,3,User
pika/pika,anton-ryzhov,3,User
pika/pika,timabbott,2,User
pika/pika,Sergey Kogan,2,Anonymous
pika/pika,bergundy,2,User
pika/pika,cato-,2,User
pika/pika,entropiae,2,User
pika/pika,RasmusWL,2,User
pika/pika,quantum5,2,User
pika/pika,PiotrDabrowskey,2,User
pika/pika,Perttu Ranta-aho,2,Anonymous
pika/pika,Adam Flynn,2,Anonymous
pika/pika,katajakasa,2,User
pika/pika,Vinit Kumar,2,Anonymous
pika/pika,Zhong Jiajia,2,Anonymous
pika/pika,ateska,2,User
pika/pika,bra-fsn,2,Anonymous
pika/pika,amferraz,2,User
pika/pika,cellscape,2,User
pika/pika,mrjefftang,2,User
pika/pika,kherrala,2,User
pika/pika,alfawal,2,User
pika/pika,alex88,2,User
pika/pika,myas,2,User
pika/pika,simplylizz,2,User
pika/pika,davidstrauss,2,User
pika/pika,dgoeries,2,User
pika/pika,eandersson,2,User
pika/pika,Garth Williamson,2,Anonymous
pika/pika,forgerpl,2,User
pika/pika,jackxxu,2,User
pika/pika,johanrhodin,2,User
pika/pika,itwasthespoon,2,User
pika/pika,Jonty,2,User
pika/pika,kendas,2,User
pika/pika,kisielk,2,User
pika/pika,Kane,2,Anonymous
pika/pika,mivade,2,User
pika/pika,paulinus,2,User
pika/pika,rikhul,1,User
pika/pika,rboulton,1,User
pika/pika,nyren,1,User
pika/pika,khadkarajesh,1,User
celery/py-amqp,ask,443,User
celery/py-amqp,barryp@macbook.home,147,Anonymous
celery/py-amqp,auvipy,74,User
celery/py-amqp,matusvalo,47,User
celery/py-amqp,barryp,28,User
celery/py-amqp,barryp@octane.med.und.nodak.edu,11,Anonymous
celery/py-amqp,jdufresne,10,User
celery/py-amqp,barryp@host-145-114-107-208.midco.net,9,Anonymous
celery/py-amqp,Andrea Rosa,9,Anonymous
celery/py-amqp,aguinetqb,8,User
celery/py-amqp,rumineykova,7,User
celery/py-amqp,Adam Wentz,5,Anonymous
celery/py-amqp,Nusnus,5,User
celery/py-amqp,pre-commit-ci[bot],4,Bot
celery/py-amqp,bastb,4,Anonymous
celery/py-amqp,pawl,4,User
celery/py-amqp,4383,4,User
celery/py-amqp,dhananjaysathe,4,User
celery/py-amqp,Craig Jellick,4,Anonymous
celery/py-amqp,arnaudmorin,4,User
celery/py-amqp,moisesguimaraes,3,User
celery/py-amqp,kajinamit,3,User
celery/py-amqp,chungg,3,User
celery/py-amqp,barryp@host-73-231-107-208.midco.net,3,Anonymous
celery/py-amqp,barryp@host-42-60-230-24.midco.net,3,Anonymous
celery/py-amqp,djmitche,3,User
celery/py-amqp,aojea,3,User
celery/py-amqp,alanjds,3,User
celery/py-amqp,tomc-xsec,2,User
celery/py-amqp,thenewguy,2,User
celery/py-amqp,lezeroq,2,User
celery/py-amqp,1st1,2,User
celery/py-amqp,Tommie Gannert,2,Anonymous
celery/py-amqp,timburke,2,User
celery/py-amqp,michael-lazar,2,User
celery/py-amqp,mher,2,User
celery/py-amqp,Matus Valo,2,Anonymous
celery/py-amqp,merll,2,User
celery/py-amqp,JelteF,2,User
celery/py-amqp,flaper87,2,User
celery/py-amqp,evanunderscore,2,User
celery/py-amqp,Dominik Fässler,2,Anonymous
celery/py-amqp,wedamija,2,User
celery/py-amqp,Root,1,Anonymous
celery/py-amqp,zhurongze,1,User
celery/py-amqp,23doors,1,User
celery/py-amqp,RezaSi,1,User
celery/py-amqp,pquentin,1,User
celery/py-amqp,flying-sheep,1,User
celery/py-amqp,clokep,1,User
celery/py-amqp,owaindjones,1,User
celery/py-amqp,slallum,1,User
celery/py-amqp,nburlett,1,User
celery/py-amqp,michael-k,1,User
celery/py-amqp,smurfix,1,User
celery/py-amqp,petrutlucian94,1,User
celery/py-amqp,kianmeng,1,User
celery/py-amqp,jor-rit,1,User
celery/py-amqp,Adam Chainz,1,Anonymous
celery/py-amqp,Rémy Greinhofer,1,Anonymous
celery/py-amqp,stephenahatch,1,User
celery/py-amqp,drscream,1,User
celery/py-amqp,tbreeds,1,User
celery/py-amqp,Tyler James Harden,1,Anonymous
celery/py-amqp,vickumar1981,1,User
celery/py-amqp,VinayGValsaraj,1,User
celery/py-amqp,vovanbo,1,User
celery/py-amqp,avborhanian,1,User
celery/py-amqp,awmackowiak,1,User
celery/py-amqp,blacksmith-sh[bot],1,Bot
celery/py-amqp,cadl,1,User
celery/py-amqp,cclauss,1,Anonymous
celery/py-amqp,dongwm,1,User
celery/py-amqp,eric-eric-eric,1,User
celery/py-amqp,FatalEnigma,1,User
celery/py-amqp,alexdutton,1,User
celery/py-amqp,allan-simon,1,User
celery/py-amqp,Andrew Grangaard,1,Anonymous
celery/py-amqp,bsmithyman,1,User
celery/py-amqp,brennaheaps,1,User
celery/py-amqp,cwill747,1,User
celery/py-amqp,carlhoerberg,1,User
celery/py-amqp,ccorbacho,1,User
celery/py-amqp,glongwave,1,User
celery/py-amqp,christian-blades-cb,1,User
celery/py-amqp,ciaranmcgirl,1,User
celery/py-amqp,coltonbh,1,User
celery/py-amqp,frewsxcv,1,User
celery/py-amqp,Dallas Marlow,1,Anonymous
celery/py-amqp,darkdreamingdan,1,User
celery/py-amqp,dims,1,User
celery/py-amqp,daviskirk,1,User
celery/py-amqp,dirkmueller,1,User
celery/py-amqp,malinoff,1,User
celery/py-amqp,nazavode,1,User
celery/py-amqp,raratiru,1,User
celery/py-amqp,gilbsgilbs,1,User
celery/py-amqp,Ihar Hrachyshka,1,Anonymous
celery/py-amqp,ionelmc,1,User
celery/py-amqp,jacquerie,1,User
scrapy/scrapy,pablohoffman,2148,User
scrapy/scrapy,wRAR,1215,User
scrapy/scrapy,dangra,1125,User
scrapy/scrapy,kmike,881,User
scrapy/scrapy,Gallaecio,618,User
scrapy/scrapy,elacuesta,522,User
scrapy/scrapy,redapple,506,User
scrapy/scrapy,void,250,User
scrapy/scrapy,curita,209,User
scrapy/scrapy,eliasdorneles,173,User
scrapy/scrapy,lopuhin,162,User
scrapy/scrapy,Laerte,121,User
scrapy/scrapy,whalebot-helmsman,72,User
scrapy/scrapy,adityaa30,72,User
scrapy/scrapy,nyov,60,User
scrapy/scrapy,jdemaeyer,59,User
scrapy/scrapy,rmax,56,User
scrapy/scrapy,nramirezuy,43,User
scrapy/scrapy,BroodingKangaroo,42,User
scrapy/scrapy,jxlil,41,User
scrapy/scrapy,victor-torres,39,User
scrapy/scrapy,Georgiy Zatserklianyi,33,Anonymous
scrapy/scrapy,alexpdev,33,User
scrapy/scrapy,AphonicChaos,32,User
scrapy/scrapy,anubhavp28,31,User
scrapy/scrapy,Digenis,30,User
scrapy/scrapy,pawelmhm,30,User
scrapy/scrapy,GeorgeA92,30,User
scrapy/scrapy,maramsumanth,29,User
scrapy/scrapy,stummjr,29,User
scrapy/scrapy,alexcepoi,29,User
scrapy/scrapy,omab,27,User
scrapy/scrapy,jsoref,27,User
scrapy/scrapy,noviluni,26,User
scrapy/scrapy,OmarFarrag,21,User
scrapy/scrapy,starrify,20,User
scrapy/scrapy,bulatbulat48,20,User
scrapy/scrapy,further-reading,20,User
scrapy/scrapy,stav,20,User
scrapy/scrapy,pkufranky,19,User
scrapy/scrapy,StasDeep,19,User
scrapy/scrapy,andrix,19,User
scrapy/scrapy,ammarnajjar,18,User
scrapy/scrapy,purvaudai,18,User
scrapy/scrapy,ArturGaspar,17,User
scrapy/scrapy,Emmanuel Rondan,16,Anonymous
scrapy/scrapy,kalessin,15,User
scrapy/scrapy,duendex,15,User
scrapy/scrapy,harshasrinivas,15,User
scrapy/scrapy,Daniel Grana,14,Anonymous
scrapy/scrapy,alexanderlukanin13,14,User
scrapy/scrapy,chekunkov,14,User
scrapy/scrapy,shaneaevans,14,User
scrapy/scrapy,mabelvj,13,User
scrapy/scrapy,kasun,13,User
scrapy/scrapy,ejulio,13,User
scrapy/scrapy,mtabbasi,12,User
scrapy/scrapy,guillermo-bondonno,12,User
scrapy/scrapy,dswij,12,User
scrapy/scrapy,ajaymittur28,12,Anonymous
scrapy/scrapy,Pedro Faustino,12,Anonymous
scrapy/scrapy,max-arnold,12,User
scrapy/scrapy,mdonoughe,12,User
scrapy/scrapy,Martin Olveyra,12,Anonymous
scrapy/scrapy,Granitosaurus,12,User
scrapy/scrapy,barraponto,11,User
scrapy/scrapy,felixonmars,11,User
scrapy/scrapy,Joakim Uddholm,11,Anonymous
scrapy/scrapy,Rotzbua,11,User
scrapy/scrapy,drs-11,11,User
scrapy/scrapy,rhoboro,10,User
scrapy/scrapy,BurnzZ,10,User
scrapy/scrapy,feliperuhland,10,User
scrapy/scrapy,jay24rajput,10,User
scrapy/scrapy,sibiryakov,9,User
scrapy/scrapy,lucywang000,9,User
scrapy/scrapy,Matthijsy,9,User
scrapy/scrapy,eLRuLL,9,User
scrapy/scrapy,sbartlett97,9,User
scrapy/scrapy,tpeng,9,User
scrapy/scrapy,grammy-jiang,9,User
scrapy/scrapy,ivanprado,9,User
scrapy/scrapy,umairnsr87,9,User
scrapy/scrapy,djunzu,8,User
scrapy/scrapy,loucash,8,User
scrapy/scrapy,jesuslosada,8,User
scrapy/scrapy,DamianCanabal,8,User
scrapy/scrapy,Andrew Baxter,8,Anonymous
scrapy/scrapy,maranqz,7,User
scrapy/scrapy,aaron-tan,7,User
scrapy/scrapy,tonal,7,User
scrapy/scrapy,cclauss,7,Anonymous
scrapy/scrapy,MattyMay,7,User
scrapy/scrapy,Leonid Amirov,7,Anonymous
scrapy/scrapy,hcoura,7,User
scrapy/scrapy,csalazar,7,User
scrapy/scrapy,codeaditya,7,User
scrapy/scrapy,jazzthief,6,User
scrapy/scrapy,felipeboffnunes,6,User
scrapy/scrapy,testingcan,6,User
sdispater/pendulum,sdispater,645,User
sdispater/pendulum,Secrus,47,User
sdispater/pendulum,Sébastien Eustace,18,Anonymous
sdispater/pendulum,ashb,7,User
sdispater/pendulum,altendky,7,User
sdispater/pendulum,pre-commit-ci[bot],7,Bot
sdispater/pendulum,eumiro,6,User
sdispater/pendulum,edgarrmondragon,6,User
sdispater/pendulum,bryanforbes,5,User
sdispater/pendulum,redlickigrzegorz,5,User
sdispater/pendulum,Michele Comitini,4,Anonymous
sdispater/pendulum,dependabot[bot],4,Bot
sdispater/pendulum,NickFabry,4,User
sdispater/pendulum,guyzmo,3,User
sdispater/pendulum,maedox,3,User
sdispater/pendulum,Jesse Harwin,3,Anonymous
sdispater/pendulum,pR0Ps,3,User
sdispater/pendulum,erosennin,3,User
sdispater/pendulum,aploium,2,User
sdispater/pendulum,Minku-Koo,2,User
sdispater/pendulum,willtheorangeguy,2,User
sdispater/pendulum,tomage,2,User
sdispater/pendulum,njsmith,2,User
sdispater/pendulum,senpos,2,User
sdispater/pendulum,kleschenko,2,User
sdispater/pendulum,WeepingClown13,2,User
sdispater/pendulum,Arie Bovenberg,2,Anonymous
sdispater/pendulum,wonkyoc,2,User
sdispater/pendulum,jmcarp,2,User
sdispater/pendulum,klardotsh,2,User
sdispater/pendulum,Delgan,2,User
sdispater/pendulum,hugovk,2,User
sdispater/pendulum,regnarock,1,User
sdispater/pendulum,gordol,1,User
sdispater/pendulum,tasos-ukko,1,User
sdispater/pendulum,idxn,1,User
sdispater/pendulum,behrtam,1,User
sdispater/pendulum,kangfend,1,User
sdispater/pendulum,Solipsistmonkey,1,User
sdispater/pendulum,rodsenra,1,User
sdispater/pendulum,raysonmeng,1,User
sdispater/pendulum,rahuliyer95,1,User
sdispater/pendulum,rchindris,1,User
sdispater/pendulum,grandant,1,User
sdispater/pendulum,qrnik,1,User
sdispater/pendulum,pauln-relay,1,User
sdispater/pendulum,pganssle,1,User
sdispater/pendulum,ollz272,1,User
sdispater/pendulum,OleksiiGerasymenko,1,User
sdispater/pendulum,ntoll,1,User
sdispater/pendulum,NateScarlet,1,User
sdispater/pendulum,mgorny,1,User
sdispater/pendulum,MichalTHEDUDE,1,User
sdispater/pendulum,mshuffett,1,User
sdispater/pendulum,zdenop,1,User
sdispater/pendulum,za,1,User
sdispater/pendulum,yggdr,1,User
sdispater/pendulum,wakemaster39,1,User
sdispater/pendulum,tempookian,1,User
sdispater/pendulum,taranarmo,1,User
sdispater/pendulum,ssuerbier,1,User
sdispater/pendulum,the-moonwitch,1,User
sdispater/pendulum,rudolfix,1,User
sdispater/pendulum,palotasb-booking,1,User
sdispater/pendulum,mevemo,1,User
sdispater/pendulum,larsrinn,1,User
sdispater/pendulum,jgirardet,1,User
sdispater/pendulum,fyuval,1,User
sdispater/pendulum,cgohlke,1,User
sdispater/pendulum,cclauss,1,Anonymous
sdispater/pendulum,bolkedebruin,1,User
sdispater/pendulum,asrenzo,1,User
sdispater/pendulum,asomethings,1,User
sdispater/pendulum,AhnSeongHyun,1,User
sdispater/pendulum,YomoFuno,1,Anonymous
sdispater/pendulum,baryluk,1,User
sdispater/pendulum,mattwang44,1,User
sdispater/pendulum,timgates42,1,User
sdispater/pendulum,kmario23,1,User
sdispater/pendulum,ericfrederich,1,User
sdispater/pendulum,emmanuel-ferdman,1,User
sdispater/pendulum,engstrom,1,User
sdispater/pendulum,dimostenis,1,User
sdispater/pendulum,cosmix,1,User
sdispater/pendulum,sralloza,1,User
sdispater/pendulum,Diego Alloza González,1,Anonymous
sdispater/pendulum,neonquill,1,User
sdispater/pendulum,cjwatson,1,User
sdispater/pendulum,Benji19967,1,User
sdispater/pendulum,bdrung,1,User
sdispater/pendulum,beci,1,User
sdispater/pendulum,wiget,1,User
sdispater/pendulum,botantony,1,User
sdispater/pendulum,andrewschultz,1,User
sdispater/pendulum,andrewelkins,1,User
sdispater/pendulum,cordery,1,User
sdispater/pendulum,Jamim,1,User
sdispater/pendulum,Alexander,1,Anonymous
sdispater/pendulum,MrAlexBailey,1,User
sdispater/pendulum,aleksey-kutepov,1,User
dateutil/dateutil,pganssle,959,User
dateutil/dateutil,jbrockmendel,79,User
dateutil/dateutil,jarondl,65,User
dateutil/dateutil,mariocj89,40,User
dateutil/dateutil,jdufresne,23,User
dateutil/dateutil,Tomi Pieviläinen,16,Anonymous
dateutil/dateutil,moreati,15,User
dateutil/dateutil,ffe4,11,User
dateutil/dateutil,hugovk,8,User
dateutil/dateutil,Paul G,8,Anonymous
dateutil/dateutil,andrewcbennett,6,User
dateutil/dateutil,jpurviance,6,User
dateutil/dateutil,pablogsal,6,User
dateutil/dateutil,lkollar,5,User
dateutil/dateutil,hjoukl,5,User
dateutil/dateutil,vtbassmatt,5,User
dateutil/dateutil,Tomi Pieviläinen,5,Anonymous
dateutil/dateutil,Tomasz-Kluczkowski,5,User
dateutil/dateutil,MichaelAquilina,5,User
dateutil/dateutil,lucaferocino,5,User
dateutil/dateutil,gaborbernat,5,User
dateutil/dateutil,orsonadams,4,User
dateutil/dateutil,alimcmaster1,4,User
dateutil/dateutil,graingert,4,User
dateutil/dateutil,cssherry,4,User
dateutil/dateutil,ryanpetrello,4,User
dateutil/dateutil,amureki,4,User
dateutil/dateutil,labrys,4,User
dateutil/dateutil,kirit93,4,User
dateutil/dateutil,niemeyer,4,User
dateutil/dateutil,kynan,4,User
dateutil/dateutil,ElliotJH,4,User
dateutil/dateutil,absreim,4,User
dateutil/dateutil,alexchamberlain,4,User
dateutil/dateutil,ms-boom,3,User
dateutil/dateutil,ryanss,3,Anonymous
dateutil/dateutil,bjv,3,Anonymous
dateutil/dateutil,gergondet,3,User
dateutil/dateutil,nherriot,3,User
dateutil/dateutil,anthrotype,3,User
dateutil/dateutil,coreygirard,3,User
dateutil/dateutil,Bergvca,3,User
dateutil/dateutil,Adrien Cossa,2,Anonymous
dateutil/dateutil,mlorant,2,User
dateutil/dateutil,hroncok,2,User
dateutil/dateutil,nimasmi,2,User
dateutil/dateutil,nicoe,2,User
dateutil/dateutil,kootenpv,2,User
dateutil/dateutil,prdickson,2,User
dateutil/dateutil,weatherpattern,2,User
dateutil/dateutil,ridhi1412,2,User
dateutil/dateutil,Robin Henriksson Törnström,2,Anonymous
dateutil/dateutil,Satyabrat35,2,User
dateutil/dateutil,armicron,2,User
dateutil/dateutil,smeng10,2,User
dateutil/dateutil,takluyver,2,User
dateutil/dateutil,Unrud,2,User
dateutil/dateutil,lapointexavier,2,User
dateutil/dateutil,daplantagenet,2,User
dateutil/dateutil,labrys,2,Anonymous
dateutil/dateutil,alexxv,2,User
dateutil/dateutil,Alexander Brugh,2,Anonymous
dateutil/dateutil,shadchin,2,User
dateutil/dateutil,Bradlee Speice,2,Anonymous
dateutil/dateutil,Cheuk Ho,2,Anonymous
dateutil/dateutil,Christopher Cordero,2,Anonymous
dateutil/dateutil,dplepage,2,User
dateutil/dateutil,dekoza,2,User
dateutil/dateutil,Mateusz Dziedzic,2,Anonymous
dateutil/dateutil,koobs,2,User
dateutil/dateutil,jonemo,2,User
dateutil/dateutil,jayschwa,2,User
dateutil/dateutil,kulikjak,2,User
dateutil/dateutil,jakec-github,2,User
dateutil/dateutil,Ho,2,Anonymous
dateutil/dateutil,FakeNameSE,2,User
dateutil/dateutil,GabrielBianconi,2,User
dateutil/dateutil,Fan Huang,2,Anonymous
dateutil/dateutil,pquentin,1,User
dateutil/dateutil,pbiering,1,User
dateutil/dateutil,awsum,1,User
dateutil/dateutil,pawl,1,User
dateutil/dateutil,NicoHood,1,User
dateutil/dateutil,floppym,1,User
dateutil/dateutil,michael-k,1,User
dateutil/dateutil,mjschultz,1,User
dateutil/dateutil,mshenfield,1,User
dateutil/dateutil,schinckel,1,User
dateutil/dateutil,Mateusz Dziedzic,1,Anonymous
dateutil/dateutil,eastface,1,User
dateutil/dateutil,frenzymadness,1,User
dateutil/dateutil,Adam Chainz,1,Anonymous
dateutil/dateutil,Raymond Cha,1,Anonymous
dateutil/dateutil,rowan-walsh,1,User
dateutil/dateutil,Roy Williams,1,Anonymous
dateutil/dateutil,savraj,1,User
dateutil/dateutil,thierryba,1,User
dateutil/dateutil,tacaswell,1,User
dateutil/dateutil,tomchuk,1,User
dateutil/dateutil,timgates42,1,User
arrow-py/arrow,jadchaar,279,User
arrow-py/arrow,crsmithdev,226,User
arrow-py/arrow,Chris Smith,131,Anonymous
arrow-py/arrow,andrewelkins,131,User
arrow-py/arrow,systemcatch,76,User
arrow-py/arrow,krisfremen,51,User
arrow-py/arrow,Sye van der Veen,32,Anonymous
arrow-py/arrow,anishnya,17,User
arrow-py/arrow,cyriaka90,15,User
arrow-py/arrow,Dillon Dixon,12,Anonymous
arrow-py/arrow,Andrew Elkins,11,Anonymous
arrow-py/arrow,dependabot[bot],9,Bot
arrow-py/arrow,zcribe,8,Anonymous
arrow-py/arrow,chrishaines,7,User
arrow-py/arrow,ramonsaraiva,7,User
arrow-py/arrow,Syeberman,7,User
arrow-py/arrow,tirkarthi,6,User
arrow-py/arrow,cleg,6,User
arrow-py/arrow,zakhar,5,User
arrow-py/arrow,ElahehAx,5,User
arrow-py/arrow,kkoziara,5,User
arrow-py/arrow,gruebel,5,User
arrow-py/arrow,andrewchouman,5,User
arrow-py/arrow,beucismis,5,User
arrow-py/arrow,satiani,5,User
arrow-py/arrow,rgbongocan,5,User
arrow-py/arrow,JBKahn,5,User
arrow-py/arrow,hwillard98,5,User
arrow-py/arrow,AnkurDedania,5,User
arrow-py/arrow,Buck Evan,5,Anonymous
arrow-py/arrow,eumiro,4,User
arrow-py/arrow,yichidev,4,User
arrow-py/arrow,sipp11,4,User
arrow-py/arrow,cryogenic-ric,4,User
arrow-py/arrow,pypingou,4,User
arrow-py/arrow,mhworth,4,User
arrow-py/arrow,ygzgxyz,4,User
arrow-py/arrow,shasha79,4,User
arrow-py/arrow,hugovk,3,User
arrow-py/arrow,cynddl,3,User
arrow-py/arrow,techgaun,3,User
arrow-py/arrow,philiptzou,3,User
arrow-py/arrow,macostea,3,User
arrow-py/arrow,bintoro,3,User
arrow-py/arrow,Andre Polykanine A.K.A. Menelion Elensúlë,3,Anonymous
arrow-py/arrow,atmb4u,3,User
arrow-py/arrow,bwells,3,User
arrow-py/arrow,danielcorreia,3,User
arrow-py/arrow,Denis Krienbühl,3,Anonymous
arrow-py/arrow,haneybarg,3,User
arrow-py/arrow,flebel,3,User
arrow-py/arrow,holmars,3,User
arrow-py/arrow,tonyseek,3,User
arrow-py/arrow,bjmc,2,User
arrow-py/arrow,stormpat,2,User
arrow-py/arrow,pganssle,2,User
arrow-py/arrow,Pedrat,2,User
arrow-py/arrow,ralphbean,2,User
arrow-py/arrow,sdispater,2,User
arrow-py/arrow,Sohoryo,2,User
arrow-py/arrow,sirodoht,2,User
arrow-py/arrow,saranti,2,User
arrow-py/arrow,beenje,2,Anonymous
arrow-py/arrow,leChewbacca,2,Anonymous
arrow-py/arrow,mafagafogigante,2,Anonymous
arrow-py/arrow,manlix,2,User
arrow-py/arrow,swistakm,2,User
arrow-py/arrow,root,2,Anonymous
arrow-py/arrow,MaxValue,2,User
arrow-py/arrow,cHYzZQo,2,User
arrow-py/arrow,cpouldev,2,User
arrow-py/arrow,youngminz,2,User
arrow-py/arrow,jose1711,2,User
arrow-py/arrow,emre,2,User
arrow-py/arrow,FHTMitchell,2,User
arrow-py/arrow,brutus,2,User
arrow-py/arrow,ALee008,2,User
arrow-py/arrow,benmathes,2,User
arrow-py/arrow,tamentis,2,User
arrow-py/arrow,augusto2112,2,User
arrow-py/arrow,achembarpu,2,User
arrow-py/arrow,cjrh,2,User
arrow-py/arrow,cshowe,2,User
arrow-py/arrow,haidahaha,2,User
arrow-py/arrow,EvanHahn,2,User
arrow-py/arrow,aivot-on,2,User
arrow-py/arrow,rettinghaus,2,User
arrow-py/arrow,weddige,2,User
arrow-py/arrow,tyrylu,2,User
arrow-py/arrow,manuelcortez,2,User
arrow-py/arrow,mpolden,2,User
arrow-py/arrow,mschwager,2,User
arrow-py/arrow,mchlrhw,2,User
arrow-py/arrow,Mosab Ahmad,2,Anonymous
arrow-py/arrow,NestorTejero,2,User
arrow-py/arrow,pothitos,2,User
arrow-py/arrow,itsmeolivia,2,User
arrow-py/arrow,Slzdude,1,User
arrow-py/arrow,Yiyiyimu,1,User
arrow-py/arrow,Santiago Lapresta,1,Anonymous
networkx/networkx,hagberg,2396,User
networkx/networkx,dschult,808,User
networkx/networkx,jarrodmillman,726,User
networkx/networkx,rossbar,461,User
networkx/networkx,chebee7i,400,User
networkx/networkx,ysitu,292,User
networkx/networkx,MridulS,237,User
networkx/networkx,jtorrents,200,User
networkx/networkx,jfinkels,152,User
networkx/networkx,eriknw,98,User
networkx/networkx,loicseguin,86,User
networkx/networkx,Kemal Maulana,67,Anonymous
networkx/networkx,Peiffap,60,User
networkx/networkx,Chris Ellison,56,Anonymous
networkx/networkx,SanketDG,49,User
networkx/networkx,bjedwards,41,User
networkx/networkx,jg-you,32,User
networkx/networkx,thegreathippo,32,User
networkx/networkx,Schefflera-Arboricola,32,User
networkx/networkx,branliu0,28,User
networkx/networkx,aweinstein,27,User
networkx/networkx,paulitapb,26,User
networkx/networkx,stefanv,26,User
networkx/networkx,amcandio,24,User
networkx/networkx,navyagarwal,21,User
networkx/networkx,wuhaochen,21,User
networkx/networkx,Michael-E-Rose,21,User
networkx/networkx,mjschwenne,19,User
networkx/networkx,theosotr,19,User
networkx/networkx,progval,18,User
networkx/networkx,Niels van Adrichem,18,Anonymous
networkx/networkx,Qudirah,18,User
networkx/networkx,k-karakatsanis,17,User
networkx/networkx,mcognetta,16,User
networkx/networkx,vanshika230,15,User
networkx/networkx,dependabot[bot],14,Bot
networkx/networkx,dtekinoglu,13,User
networkx/networkx,henrikhaugboelle,13,User
networkx/networkx,janmeier,13,User
networkx/networkx,alexbrc,13,User
networkx/networkx,OrkoHunter,13,User
networkx/networkx,Lukong123,13,User
networkx/networkx,SultanOrazbayev,12,User
networkx/networkx,Scinawa,12,Anonymous
networkx/networkx,boothby,12,User
networkx/networkx,Erotemic,12,User
networkx/networkx,wangz10,11,User
networkx/networkx,jamalsenouci,11,User
networkx/networkx,rnelsonchem,11,User
networkx/networkx,z3y50n,11,User
networkx/networkx,uredmond,10,User
networkx/networkx,cpurmessur,10,User
networkx/networkx,Mjh9122,9,User
networkx/networkx,peijenburg,9,Anonymous
networkx/networkx,christian,9,Anonymous
networkx/networkx,NeilGirdhar,9,User
networkx/networkx,mgjoka,9,User
networkx/networkx,Carreau,9,User
networkx/networkx,juanis2112,9,User
networkx/networkx,jklaise,9,User
networkx/networkx,ericmjl,8,User
networkx/networkx,waltherg,8,User
networkx/networkx,NikitaSharma1,8,User
networkx/networkx,huston,8,Anonymous
networkx/networkx,Moradnejad,7,User
networkx/networkx,yaph,7,User
networkx/networkx,akshitasure12,7,User
networkx/networkx,fuglede,7,User
networkx/networkx,ssmolash,7,User
networkx/networkx,salym,7,User
networkx/networkx,Ramil Nugmanov,7,Anonymous
networkx/networkx,jni,7,User
networkx/networkx,aaronzo,7,User
networkx/networkx,nandahkrishna,6,User
networkx/networkx,aryamccarthy,6,User
networkx/networkx,tacaswell,6,User
networkx/networkx,Moritz Emanuel Beber,6,Anonymous
networkx/networkx,elshorbagyx,6,User
networkx/networkx,atombrella,6,User
networkx/networkx,cerquide,6,User
networkx/networkx,papafe,6,User
networkx/networkx,Ben Reilly,6,Anonymous
networkx/networkx,Aka2210,6,User
networkx/networkx,ameligrana,5,User
networkx/networkx,dberenbaum,5,User
networkx/networkx,leotrs,5,User
networkx/networkx,PalAditya,5,User
networkx/networkx,make-github-pseudonymous-again,5,User
networkx/networkx,Vincent Gauthier,5,Anonymous
networkx/networkx,gavento,5,User
networkx/networkx,PurviChaurasia,5,User
networkx/networkx,akshayamadhuri,5,User
networkx/networkx,AndrewEckart,5,User
networkx/networkx,alabarre,5,User
networkx/networkx,arafatkatze,5,User
networkx/networkx,LorentzFactor,5,User
networkx/networkx,matthewfeickert,5,User
networkx/networkx,lucjon,5,User
networkx/networkx,lucasmccabe,5,User
networkx/networkx,gulshan-123,5,User
python-babel/babel,akx,527,User
python-babel/babel,cmlenz,225,User
python-babel/babel,mitsuhiko,216,User
python-babel/babel,mgax,92,User
python-babel/babel,sils,81,User
python-babel/babel,FelixSchwarz,74,User
python-babel/babel,s0undt3ch,62,User
python-babel/babel,ashemedai,61,User
python-babel/babel,pjenvey,28,User
python-babel/babel,benselme,26,User
python-babel/babel,etanol,24,User
python-babel/babel,tomasr8,23,User
python-babel/babel,Turbo87,16,User
python-babel/babel,erickwilder,14,User
python-babel/babel,DenverCoder1,12,User
python-babel/babel,Jonas Borgström,12,Anonymous
python-babel/babel,Michael Birtwell,11,Anonymous
python-babel/babel,jdufresne,10,User
python-babel/babel,scop,10,User
python-babel/babel,hugovk,9,User
python-babel/babel,jun66j5,8,User
python-babel/babel,Kevin Deldycke,6,Anonymous
python-babel/babel,kdeldycke,5,User
python-babel/babel,sublee,5,User
python-babel/babel,moreati,4,User
python-babel/babel,verhovsky,4,User
python-babel/babel,DasIch,4,User
python-babel/babel,yagebu,4,User
python-babel/babel,sachinpali146,4,User
python-babel/babel,jeanas,3,User
python-babel/babel,Changaco,3,User
python-babel/babel,sudheesh001,3,User
python-babel/babel,hroncok,3,User
python-babel/babel,spookylukey,3,User
python-babel/babel,lukasbalaga,3,User
python-babel/babel,jtwang,3,User
python-babel/babel,cedk,3,User
python-babel/babel,rjollos,2,User
python-babel/babel,mondeja,2,User
python-babel/babel,srisankethu,2,Anonymous
python-babel/babel,saurabhiiit,2,User
python-babel/babel,alexbodn,2,User
python-babel/babel,xavfernandez,2,User
python-babel/babel,Sébastien Diemer,2,Anonymous
python-babel/babel,mxsasha,2,User
python-babel/babel,Arturas Moskvinas,2,Anonymous
python-babel/babel,ygzgxyz,2,User
python-babel/babel,karloskar,2,User
python-babel/babel,lepistone,2,User
python-babel/babel,Lukas-B,2,User
python-babel/babel,nh2,2,User
python-babel/babel,philiptzou,1,User
python-babel/babel,codepainters,1,User
python-babel/babel,rnestler,1,User
python-babel/babel,rix0rrr,1,User
python-babel/babel,roramirez,1,User
python-babel/babel,imankulov,1,User
python-babel/babel,rrader,1,User
python-babel/babel,romuald,1,User
python-babel/babel,ronnix,1,User
python-babel/babel,Roy Wellington Ⅳ,1,Anonymous
python-babel/babel,Roy Williams,1,Anonymous
python-babel/babel,Ruff,1,Anonymous
python-babel/babel,regisb,1,User
python-babel/babel,fuzzmz,1,User
python-babel/babel,ljodal,1,User
python-babel/babel,encukou,1,User
python-babel/babel,PTrottier,1,User
python-babel/babel,oprypin,1,User
python-babel/babel,NotAFile,1,User
python-babel/babel,sobolevn,1,User
python-babel/babel,nikifkon,1,User
python-babel/babel,ngrilly,1,User
python-babel/babel,Nick Retallack,1,Anonymous
python-babel/babel,nehaljwani,1,User
python-babel/babel,narendravardi,1,User
python-babel/babel,narayanacharya6,1,User
python-babel/babel,morganwahl,1,User
python-babel/babel,muhamed-hafez,1,User
python-babel/babel,mgorny,1,User
python-babel/babel,mbirtwell,1,User
python-babel/babel,xmo-odoo,1,User
python-babel/babel,xen,1,User
python-babel/babel,wandrew004,1,User
python-babel/babel,sebleblanc,1,User
python-babel/babel,ruro,1,User
python-babel/babel,rachele-collin,1,Anonymous
python-babel/babel,mattdiaz007,1,User
python-babel/babel,masklinn,1,User
python-babel/babel,madduck,1,User
python-babel/babel,uniontech-lilinjie,1,User
python-babel/babel,ldwoolley,1,User
python-babel/babel,shubh1m,1,User
python-babel/babel,farhan5900,1,User
python-babel/babel,clach04,1,User
python-babel/babel,buhtz,1,User
python-babel/babel,astaric,1,User
python-babel/babel,Yuriy Shatrov,1,Anonymous
python-babel/babel,wodo,1,User
python-babel/babel,TkTech,1,User
sympy/sympy,smichr,7222,User
sympy/sympy,asmeurer,4619,User
sympy/sympy,oscarbenjamin,3949,User
sympy/sympy,sylee957,1683,User
sympy/sympy,certik,1490,User
sympy/sympy,mattpap,1450,User
sympy/sympy,Upabjojr,1336,User
sympy/sympy,skirpichev,1087,User
sympy/sympy,Matthew Rocklin,1083,Anonymous
sympy/sympy,oscargus,1077,User
sympy/sympy,moorepants,863,User
sympy/sympy,jksuom,766,User
sympy/sympy,brocksam,725,User
sympy/sympy,jrioux,677,User
sympy/sympy,czgdp1807,582,User
sympy/sympy,Raoul Bourquin,546,Anonymous
sympy/sympy,bjodah,539,User
sympy/sympy,rlamy,481,User
sympy/sympy,Smit-create,460,User
sympy/sympy,gxyd,441,User
sympy/sympy,bertiewooster,415,User
sympy/sympy,ethankward,394,User
sympy/sympy,navytux,374,User
sympy/sympy,sidhu1012,374,User
sympy/sympy,cbm755,372,User
sympy/sympy,haru-44,351,User
sympy/sympy,jegerjensen,351,User
sympy/sympy,JSS95,346,User
sympy/sympy,debugger22,333,User
sympy/sympy,Tom Bachmann,313,Anonymous
sympy/sympy,tjstienstra,312,User
sympy/sympy,aktech,288,User
sympy/sympy,pernici,278,User
sympy/sympy,mijo2,273,User
sympy/sympy,TiloRC,273,User
sympy/sympy,scolobb,260,User
sympy/sympy,srjoglekar246,258,User
sympy/sympy,skieffer,249,User
sympy/sympy,arihantparsoya,240,User
sympy/sympy,Soumi7,237,User
sympy/sympy,drlvk,235,User
sympy/sympy,leosartaj,229,User
sympy/sympy,wermos,229,User
sympy/sympy,Mohitbalwani26,224,User
sympy/sympy,sidhantnagpal,224,User
sympy/sympy,shubhamtibra,211,User
sympy/sympy,valglad,205,User
sympy/sympy,jremes-foss,200,User
sympy/sympy,namannimmo10,199,User
sympy/sympy,sampadsaha5,195,User
sympy/sympy,ellisonbg,194,User
sympy/sympy,saptman,190,User
sympy/sympy,flacjacket,186,User
sympy/sympy,thilinarmtb,186,User
sympy/sympy,akshanshbhatt,181,User
sympy/sympy,jashan498,181,User
sympy/sympy,Jatinbhardwaj-093,175,User
sympy/sympy,siefkenj,174,User
sympy/sympy,jcrist,174,User
sympy/sympy,Krastanov,174,User
sympy/sympy,abh2k,170,User
sympy/sympy,szymag,170,User
sympy/sympy,RituRajSingh878,169,User
sympy/sympy,David Li,166,Anonymous
sympy/sympy,hanspi42,165,User
sympy/sympy,eh111eh,164,User
sympy/sympy,Kishore96in,162,User
sympy/sympy,rpmuller,158,User
sympy/sympy,sachin-4099,158,User
sympy/sympy,faze-geek,147,User
sympy/sympy,Davide-sd,147,User
sympy/sympy,stevenleeS0ht,147,User
sympy/sympy,Yathartha22,145,User
sympy/sympy,Evandro Bernardes,144,Anonymous
sympy/sympy,eagleoflqj,144,User
sympy/sympy,tom-pytel,141,User
sympy/sympy,gschintgen,140,User
sympy/sympy,ylemkimon,140,User
sympy/sympy,arighnac,138,User
sympy/sympy,Timothy Reluga,138,Anonymous
sympy/sympy,vks,138,User
sympy/sympy,gilbertgede,134,User
sympy/sympy,vperic,133,User
sympy/sympy,Divyanshu Thakur,133,Anonymous
sympy/sympy,ashishkg0022,133,User
sympy/sympy,leomanga,132,User
sympy/sympy,twmr,131,User
sympy/sympy,hargup,128,User
sympy/sympy,abhiphile,127,User
sympy/sympy,Raymond Wong,127,Anonymous
sympy/sympy,akash9712,124,User
sympy/sympy,ritesh99rakesh,123,User
sympy/sympy,shivamvats,123,User
sympy/sympy,isuruf,120,User
sympy/sympy,fredrik-johansson,119,User
sympy/sympy,ShubhamKJha,115,User
sympy/sympy,anutosh491,115,User
sympy/sympy,Fabian Pedregosa,114,Anonymous
sympy/sympy,Abdullahjavednesar,113,User
sympy/sympy,friyaz,113,User
igraph/python-igraph,ntamas,1716,User
igraph/python-igraph,Tamas Nepusz,508,Anonymous
igraph/python-igraph,iosonofabio,312,User
igraph/python-igraph,szhorvat,171,User
igraph/python-igraph,Tamas Nepusz,151,Anonymous
igraph/python-igraph,dependabot[bot],70,Bot
igraph/python-igraph,Gabor Csardi,66,Anonymous
igraph/python-igraph,Gomango999,53,User
igraph/python-igraph,gaborcsardi,51,User
igraph/python-igraph,vtraag,25,User
igraph/python-igraph,Nepusz Tamas,15,Anonymous
igraph/python-igraph,deeenes,11,User
igraph/python-igraph,h5jam,7,Anonymous
igraph/python-igraph,luav,6,User
igraph/python-igraph,BeaMarton13,5,User
igraph/python-igraph,SKG24,5,User
igraph/python-igraph,Adriankhl,4,User
igraph/python-igraph,GenieTim,4,User
igraph/python-igraph,Isaac-Lee,4,User
igraph/python-igraph,jboynyc,4,User
igraph/python-igraph,gruebel,3,User
igraph/python-igraph,flying-sheep,3,User
igraph/python-igraph,casperdcl,3,User
igraph/python-igraph,flange-ipb,3,User
igraph/python-igraph,limburgher,3,User
igraph/python-igraph,naviddianati,2,User
igraph/python-igraph,jpowell11,2,Anonymous
igraph/python-igraph,frederik-h,2,User
igraph/python-igraph,ah00ee,2,User
igraph/python-igraph,aothms,2,User
igraph/python-igraph,iggisv9t,2,User
igraph/python-igraph,Sriram-Pattabiraman,2,User
igraph/python-igraph,rmmaf,2,User
igraph/python-igraph,PeterScott,2,User
igraph/python-igraph,nickeubank,2,User
igraph/python-igraph,m1-s,2,User
igraph/python-igraph,Kreijstal,2,User
igraph/python-igraph,jankatins,2,User
igraph/python-igraph,fwitter,2,User
igraph/python-igraph,ebraminio,2,User
igraph/python-igraph,David R Connell,2,Anonymous
igraph/python-igraph,horvatha,2,User
igraph/python-igraph,albertoalcolea,2,User
igraph/python-igraph,thierry-FreeBSD,1,User
igraph/python-igraph,Tamas Nepusz,1,Anonymous
igraph/python-igraph,Tamas Nepusz,1,Anonymous
igraph/python-igraph,Tamas Nepusz,1,Anonymous
igraph/python-igraph,scottgigante,1,User
igraph/python-igraph,sr-murthy,1,User
igraph/python-igraph,PuneethaPai,1,User
igraph/python-igraph,Nick Eubank,1,Anonymous
igraph/python-igraph,mlissner,1,User
igraph/python-igraph,abe-winter,1,User
igraph/python-igraph,willemvandenboom,1,User
igraph/python-igraph,remysucre,1,User
igraph/python-igraph,yy,1,User
igraph/python-igraph,kmankinen,1,User
igraph/python-igraph,odidev,1,User
igraph/python-igraph,pmp-p,1,User
igraph/python-igraph,sombreslames,1,User
igraph/python-igraph,szcf-weiya,1,User
igraph/python-igraph,tristanlatr,1,User
igraph/python-igraph,arivero,1,User
igraph/python-igraph,Ariki,1,User
igraph/python-igraph,cvanelteren,1,User
igraph/python-igraph,cthoyt,1,User
igraph/python-igraph,cgohlke,1,User
igraph/python-igraph,chrisfalter,1,User
igraph/python-igraph,ReblochonMasque,1,User
igraph/python-igraph,friso,1,User
igraph/python-igraph,szarnyasg,1,User
igraph/python-igraph,GaoFangshu,1,User
igraph/python-igraph,gchilczuk,1,User
igraph/python-igraph,xuhdev,1,User
igraph/python-igraph,jhsmith,1,User
igraph/python-igraph,MapleCCC,1,User
igraph/python-igraph,theCapypara,1,User
igraph/python-igraph,elfring,1,User
igraph/python-igraph,MartinoMensio,1,User
igraph/python-igraph,lauzadis,1,User
hynek/structlog,hynek,1534,User
hynek/structlog,pre-commit-ci[bot],52,Bot
hynek/structlog,wbolster-eiq,41,User
hynek/structlog,dependabot[bot],9,Bot
hynek/structlog,aucampia,6,User
hynek/structlog,Callek,6,User
hynek/structlog,leplatrem,6,User
hynek/structlog,Tinche,6,User
hynek/structlog,methane,5,User
hynek/structlog,Lakshmi Kannan,5,Anonymous
hynek/structlog,sscherfke,5,User
hynek/structlog,stevepiercy,5,User
hynek/structlog,gcbirzan,4,User
hynek/structlog,Kludex,4,User
hynek/structlog,Elad Namdar,4,Anonymous
hynek/structlog,gilbsgilbs,3,User
hynek/structlog,sibson,3,User
hynek/structlog,peterschutt,3,User
hynek/structlog,pquentin,2,User
hynek/structlog,radix,2,User
hynek/structlog,pahrohfit,2,User
hynek/structlog,piotr1212,2,User
hynek/structlog,Fran Fitzpatrick,2,Anonymous
hynek/structlog,adamchainz,2,User
hynek/structlog,keongalvin,2,User
hynek/structlog,underyx,2,User
hynek/structlog,daybarr,2,User
hynek/structlog,codeinthehole,2,User
hynek/structlog,quodlibetor,2,User
hynek/structlog,codepainters,1,User
hynek/structlog,mosbasik,1,User
hynek/structlog,impredicative,1,User
hynek/structlog,darklow,1,User
hynek/structlog,l1nd3r0th,1,User
hynek/structlog,ofek,1,User
hynek/structlog,NoamNol,1,User
hynek/structlog,illenseer,1,User
hynek/structlog,mounirmesselmeni,1,User
hynek/structlog,moriyoshi,1,User
hynek/structlog,eumiro,1,User
hynek/structlog,mssalvatore,1,User
hynek/structlog,butla,1,User
hynek/structlog,kain88-de,1,User
hynek/structlog,iffy,1,User
hynek/structlog,msurdi,1,User
hynek/structlog,ZlatyChlapec,1,User
hynek/structlog,MarkusH,1,User
hynek/structlog,m-endra,1,User
hynek/structlog,msabramo,1,User
hynek/structlog,decaz,1,User
hynek/structlog,mmlb,1,User
hynek/structlog,maiamcc,1,User
hynek/structlog,lorenzocestaro,1,User
hynek/structlog,leonardo-panseri,1,User
hynek/structlog,kimsappi,1,User
hynek/structlog,aflukasz,1,User
hynek/structlog,wimglenn,1,User
hynek/structlog,sky-code,1,User
hynek/structlog,sb98052,1,User
hynek/structlog,fbjorn,1,User
hynek/structlog,djeebus,1,User
hynek/structlog,k4nar,1,User
hynek/structlog,yaelmi3,1,User
hynek/structlog,wrouesnel,1,User
hynek/structlog,wilfried-huss,1,User
hynek/structlog,vincentbernat,1,User
hynek/structlog,trim21,1,User
hynek/structlog,Timost,1,User
hynek/structlog,The-Alchemist,1,User
hynek/structlog,syre,1,User
hynek/structlog,webknjaz,1,User
hynek/structlog,step-security-bot,1,User
hynek/structlog,sfermigier,1,User
hynek/structlog,stefanv,1,User
hynek/structlog,Stefan Schneider,1,Anonymous
hynek/structlog,Sam Park,1,Anonymous
hynek/structlog,freakboy3742,1,User
hynek/structlog,coredumperror,1,User
hynek/structlog,rgalanakis,1,User
hynek/structlog,ricardopinto,1,User
hynek/structlog,ttrei,1,User
hynek/structlog,rasto2211,1,User
hynek/structlog,Sh4pe,1,User
hynek/structlog,danchr,1,User
hynek/structlog,basepi,1,User
hynek/structlog,Makaze,1,User
hynek/structlog,cbanek,1,User
hynek/structlog,c-wilson,1,User
hynek/structlog,carsonip,1,User
hynek/structlog,camillol,1,User
hynek/structlog,bruce-szalwinski,1,User
hynek/structlog,brcsw,1,User
hynek/structlog,BradleyKirton,1,User
hynek/structlog,bbeattie-phxlabs,1,User
hynek/structlog,bitdeli-chef,1,User
hynek/structlog,bennuttall,1,User
hynek/structlog,Ben Dickinson,1,Anonymous
hynek/structlog,noirbizarre,1,User
hynek/structlog,Augusto Hack,1,Anonymous
hynek/structlog,arnaudlimbourg,1,User
Delgan/loguru,Delgan,820,User
Delgan/loguru,dependabot[bot],89,Bot
Delgan/loguru,trim21,4,User
Delgan/loguru,hillairet,3,User
Delgan/loguru,blueyed,3,User
Delgan/loguru,mayanyax,3,User
Delgan/loguru,tunaflsh,2,User
Delgan/loguru,ponponon,2,User
Delgan/loguru,layday,2,User
Delgan/loguru,kard3n,2,User
Delgan/loguru,nasyxx,2,User
Delgan/loguru,etianen,2,User
Delgan/loguru,Coumes Quentin,2,Anonymous
Delgan/loguru,t-mart,1,User
Delgan/loguru,timgates42,1,User
Delgan/loguru,ThomasOli,1,User
Delgan/loguru,solt87,1,User
Delgan/loguru,zero-stroke,1,User
Delgan/loguru,snosov1,1,User
Delgan/loguru,ss18,1,User
Delgan/loguru,smsearcy,1,User
Delgan/loguru,sadikkuzu,1,User
Delgan/loguru,dotlambda,1,User
Delgan/loguru,RafaelWO,1,User
Delgan/loguru,bijlpieter,1,User
Delgan/loguru,phillipuniverse,1,User
Delgan/loguru,pylipp,1,User
Delgan/loguru,quantumpacket,1,User
Delgan/loguru,TCatshoek,1,User
Delgan/loguru,kornicameister,1,User
Delgan/loguru,slhck,1,User
Delgan/loguru,tds333,1,User
Delgan/loguru,yechielb2000,1,User
Delgan/loguru,aura-ix,1,User
Delgan/loguru,jessekrubin,1,User
Delgan/loguru,monchin,1,User
Delgan/loguru,ncoudene,1,User
Delgan/loguru,needoptimism,1,User
Delgan/loguru,quadDamaged,1,User
Delgan/loguru,tim-x-y-z,1,User
Delgan/loguru,tyong920,1,User
Delgan/loguru,zakstucke,1,User
Delgan/loguru,znichollscr,1,User
Delgan/loguru,FastestMolasses,1,User
Delgan/loguru,Adrian,1,Anonymous
Delgan/loguru,Alexander Mancevice,1,Anonymous
Delgan/loguru,aedwardstx,1,User
Delgan/loguru,AndrewYakimets,1,User
Delgan/loguru,aparna2198,1,User
Delgan/loguru,benhowes,1,User
Delgan/loguru,gazpachoking,1,User
Delgan/loguru,ckuethe,1,User
Delgan/loguru,CollinHeist,1,User
Delgan/loguru,interrogator,1,User
Delgan/loguru,DeflateAwning,1,User
Delgan/loguru,dougthor42,1,User
Delgan/loguru,gregmuellegger,1,User
Delgan/loguru,turkoid,1,User
Delgan/loguru,jacksmith15,1,User
Delgan/loguru,JensGe,1,User
Delgan/loguru,Borda,1,User
Delgan/loguru,Writtic,1,User
Delgan/loguru,jonashaag,1,User
Delgan/loguru,Josh Alexander,1,Anonymous
Delgan/loguru,joshgordon,1,User
Delgan/loguru,jlugao,1,User
Delgan/loguru,LeonardoFurtado,1,User
Delgan/loguru,dstlmrk,1,User
Delgan/loguru,mariusvniekerk,1,User
Delgan/loguru,nhurden,1,User
Delgan/loguru,Nightblade,1,User
Delgan/loguru,sobolevn,1,User
prometheus/client_python,brian-brazil,206,User
prometheus/client_python,csmarchbanks,95,User
prometheus/client_python,rossigee,25,User
prometheus/client_python,bz2,16,User
prometheus/client_python,akx,14,User
prometheus/client_python,tim-seoss,7,User
prometheus/client_python,asherf,7,User
prometheus/client_python,hugovk,6,User
prometheus/client_python,mmoya,6,User
prometheus/client_python,umax,5,User
prometheus/client_python,xavfernandez,5,User
prometheus/client_python,ethanschen,5,User
prometheus/client_python,juliusv,5,User
prometheus/client_python,beorn7,4,User
prometheus/client_python,bluppfisk,4,User
prometheus/client_python,hynek,4,User
prometheus/client_python,arturhoo,4,User
prometheus/client_python,vesari,4,User
prometheus/client_python,Pliner,3,User
prometheus/client_python,SuperQ,3,User
prometheus/client_python,rafsaf,3,User
prometheus/client_python,yzdann,3,User
prometheus/client_python,Vikas Kumar,3,Anonymous
prometheus/client_python,bloodearnest,3,User
prometheus/client_python,coderanger,3,User
prometheus/client_python,Julien Pivotto,3,Anonymous
prometheus/client_python,alex,3,User
prometheus/client_python,mgorny,2,User
prometheus/client_python,minrk,2,User
prometheus/client_python,pavel-lexyr,2,User
prometheus/client_python,skudriashev,2,User
prometheus/client_python,tomprince,2,User
prometheus/client_python,andreafagan,2,User
prometheus/client_python,ngehrsitz,2,User
prometheus/client_python,ywwg,2,User
prometheus/client_python,prombot,2,User
prometheus/client_python,zhanpon,2,User
prometheus/client_python,ioggstream,2,User
prometheus/client_python,beezz,2,User
prometheus/client_python,Mark Railton,2,Anonymous
prometheus/client_python,marcaurele,2,User
prometheus/client_python,mrueg,2,User
prometheus/client_python,Krukov,2,User
prometheus/client_python,kishan-23,2,User
prometheus/client_python,kajinamit,2,User
prometheus/client_python,hazel-shen,2,User
prometheus/client_python,alexandrul,2,User
prometheus/client_python,cjwatson,2,User
prometheus/client_python,albertodonato,2,User
prometheus/client_python,evgenymarkov,2,User
prometheus/client_python,wolph,1,User
prometheus/client_python,remijouannet,1,User
prometheus/client_python,jezekra1,1,User
prometheus/client_python,suligap,1,User
prometheus/client_python,pietrodn,1,User
prometheus/client_python,robskillington,1,User
prometheus/client_python,rmohr,1,User
prometheus/client_python,romuald,1,User
prometheus/client_python,efiop,1,User
prometheus/client_python,sss-ng,1,User
prometheus/client_python,sbrandtb,1,User
prometheus/client_python,manics,1,User
prometheus/client_python,Hanaasagi,1,User
prometheus/client_python,mfpierre,1,User
prometheus/client_python,Pavel Sapezhka,1,Anonymous
prometheus/client_python,positron96,1,User
prometheus/client_python,logston,1,User
prometheus/client_python,pacoesteban,1,User
prometheus/client_python,noselasd,1,User
prometheus/client_python,njohns-grovo,1,User
prometheus/client_python,nsano-rururu,1,User
prometheus/client_python,machineperson,1,User
prometheus/client_python,mortenlj,1,User
prometheus/client_python,magmax,1,User
prometheus/client_python,mpitt,1,User
prometheus/client_python,ashirviskas,1,User
prometheus/client_python,draftcode,1,User
prometheus/client_python,MartinThoma,1,User
prometheus/client_python,lod,1,User
prometheus/client_python,zhulongcheng,1,User
prometheus/client_python,weidongkl,1,User
prometheus/client_python,tsl-karlp,1,User
prometheus/client_python,ritesh-avesha,1,User
prometheus/client_python,reivilibre,1,User
prometheus/client_python,partcyborg,1,User
prometheus/client_python,kfp,1,User
prometheus/client_python,jxpp,1,Anonymous
prometheus/client_python,jamessewell,1,User
prometheus/client_python,hacksparr0w,1,User
prometheus/client_python,immerrr,1,User
prometheus/client_python,caosiyang,1,User
prometheus/client_python,bnopne,1,User
prometheus/client_python,beorn7,1,Anonymous
prometheus/client_python,antialiasis,1,User
prometheus/client_python,aimestereo,1,User
prometheus/client_python,haizaar,1,User
prometheus/client_python,yuvipanda,1,User
prometheus/client_python,tirkarthi,1,User
prometheus/client_python,wissamir,1,User
prometheus/client_python,hex2dec,1,User
jazzband/pathlib2,mcmtroffaes,293,User
jazzband/pathlib2,pitrou,178,User
jazzband/pathlib2,graingert,4,User
jazzband/pathlib2,rubik,3,User
jazzband/pathlib2,chrysle,3,User
jazzband/pathlib2,hugovk,2,User
jazzband/pathlib2,ppentchev,2,User
jazzband/pathlib2,gaborbernat,1,User
jazzband/pathlib2,clbarnes,1,User
jazzband/pathlib2,jazzband-bot,1,User
jazzband/pathlib2,lelit,1,User
jazzband/pathlib2,pradyunsg,1,User
jazzband/pathlib2,Travis Mosley,1,Anonymous
jazzband/pathlib2,eevee,1,User
jazzband/pathlib2,ossdev07,1,User
jazzband/pathlib2,sirex,1,User
getsentry/sentry-python,untitaker,933,User
getsentry/sentry-python,sentrivana,514,User
getsentry/sentry-python,antonpirker,394,User
getsentry/sentry-python,szokeasaurusrex,197,User
getsentry/sentry-python,getsentry-bot,186,Anonymous
getsentry/sentry-python,getsentry-bot,173,User
getsentry/sentry-python,dependabot[bot],124,Bot
getsentry/sentry-python,alexander-alderman-webb,116,User
getsentry/sentry-python,sl0thentr0py,107,User
getsentry/sentry-python,mitsuhiko,85,User
getsentry/sentry-python,Zylphrex,70,User
getsentry/sentry-python,constantinius,39,User
getsentry/sentry-python,dependabot-preview[bot],35,Bot
getsentry/sentry-python,BYK,35,User
getsentry/sentry-python,lobsterkatie,34,User
getsentry/sentry-python,ahmedetefy,27,User
getsentry/sentry-python,shellmayr,21,User
getsentry/sentry-python,colin-sentry,20,User
getsentry/sentry-python,github-actions[bot],18,Bot
getsentry/sentry-python,AbhiPrasad,18,User
getsentry/sentry-python,rhcarvalho,16,User
getsentry/sentry-python,HazAT,11,User
getsentry/sentry-python,aliu39,9,User
getsentry/sentry-python,tonyo,8,User
getsentry/sentry-python,cmanallen,8,User
getsentry/sentry-python,iker-barriocanal,8,User
getsentry/sentry-python,rominf,7,User
getsentry/sentry-python,mgaligniana,7,User
getsentry/sentry-python,kamilogorek,7,User
getsentry/sentry-python,alexmojaki,7,User
getsentry/sentry-python,vladanpaunovic,6,User
getsentry/sentry-python,shantanu73,6,User
getsentry/sentry-python,cclauss,6,User
getsentry/sentry-python,0Calories,5,User
getsentry/sentry-python,cleptric,5,User
getsentry/sentry-python,asottile-sentry,5,User
getsentry/sentry-python,bluetech,4,User
getsentry/sentry-python,philipphofmann,4,User
getsentry/sentry-python,Zhenay,4,User
getsentry/sentry-python,shenek,4,User
getsentry/sentry-python,czyber,4,User
getsentry/sentry-python,intgr,4,User
getsentry/sentry-python,viglia,3,User
getsentry/sentry-python,hartungstenio,3,User
getsentry/sentry-python,tiangolo,3,User
getsentry/sentry-python,pgjones,3,User
getsentry/sentry-python,mdtro,3,User
getsentry/sentry-python,k-fish,3,User
getsentry/sentry-python,KellyWalker,3,User
getsentry/sentry-python,jan-auer,3,User
getsentry/sentry-python,ahopkins,2,User
getsentry/sentry-python,RDIL,2,User
getsentry/sentry-python,Roman Inflianskas,2,Anonymous
getsentry/sentry-python,targhs,2,User
getsentry/sentry-python,marshall-lee,2,User
getsentry/sentry-python,zsol,2,User
getsentry/sentry-python,elramen,2,User
getsentry/sentry-python,matt-codecov,2,User
getsentry/sentry-python,sentry-bot,2,Anonymous
getsentry/sentry-python,seyoon-lim,2,User
getsentry/sentry-python,svartalf,2,User
getsentry/sentry-python,xavfernandez,2,User
getsentry/sentry-python,vagi8,2,User
getsentry/sentry-python,flyinbutrs,2,User
getsentry/sentry-python,BeryJu,2,User
getsentry/sentry-python,JohnnyDeuss,2,User
getsentry/sentry-python,vrslev,2,User
getsentry/sentry-python,crepererum,2,User
getsentry/sentry-python,MeredithAnya,2,User
getsentry/sentry-python,mattjohnsonpint,2,User
getsentry/sentry-python,Adam Sussman,2,Anonymous
getsentry/sentry-python,dashed,2,User
getsentry/sentry-python,adinauer,2,User
getsentry/sentry-python,musicinmybrain,2,User
getsentry/sentry-python,chadwhitacre,2,User
getsentry/sentry-python,chdsbd,2,User
getsentry/sentry-python,emmanuel-ferdman,2,User
getsentry/sentry-python,fdellekart,2,User
getsentry/sentry-python,gggritso,2,User
getsentry/sentry-python,orhanhenrik,2,User
getsentry/sentry-python,naveensrinivasan,2,User
getsentry/sentry-python,kwnath,2,User
getsentry/sentry-python,Christophe31,2,User
getsentry/sentry-python,beezz,2,User
getsentry/sentry-python,michael-k,2,User
getsentry/sentry-python,arr-ee,2,User
getsentry/sentry-python,md384,2,User
getsentry/sentry-python,mimre25,2,User
getsentry/sentry-python,Gleekzone,2,User
getsentry/sentry-python,leotrubach,2,User
getsentry/sentry-python,n1ngu,1,User
getsentry/sentry-python,Ogaday,1,User
getsentry/sentry-python,Cheapshot003,1,User
getsentry/sentry-python,timdrijvers,1,User
getsentry/sentry-python,olksdr,1,User
getsentry/sentry-python,OndrejIT,1,User
getsentry/sentry-python,tiopi,1,User
getsentry/sentry-python,OutOfFocus4,1,User
getsentry/sentry-python,PakawiNz,1,User
getsentry/sentry-python,sourceful-rob,1,User
open-telemetry/opentelemetry-python,ocelotl,276,User
open-telemetry/opentelemetry-python,alrex,180,Anonymous
open-telemetry/opentelemetry-python,lzchen,146,User
open-telemetry/opentelemetry-python,srikanthccv,116,User
open-telemetry/opentelemetry-python,xrmx,81,User
open-telemetry/opentelemetry-python,c24t,71,User
open-telemetry/opentelemetry-python,aabmass,68,User
open-telemetry/opentelemetry-python,owais,67,User
open-telemetry/opentelemetry-python,mauriciovasquezbernal,62,User
open-telemetry/opentelemetry-python,emdneto,55,User
open-telemetry/opentelemetry-python,Alex Boten,48,Anonymous
open-telemetry/opentelemetry-python,toumorokoshi,40,User
open-telemetry/opentelemetry-python,opentelemetrybot,40,User
open-telemetry/opentelemetry-python,Oberon00,35,User
open-telemetry/opentelemetry-python,dependabot[bot],34,Bot
open-telemetry/opentelemetry-python,NathanielRN,29,User
open-telemetry/opentelemetry-python,hectorhdzg,23,User
open-telemetry/opentelemetry-python,DylanRussell,22,User
open-telemetry/opentelemetry-python,ofek,20,User
open-telemetry/opentelemetry-python,codeboten,20,User
open-telemetry/opentelemetry-python,mariojonke,18,User
open-telemetry/opentelemetry-python,reyang,18,User
open-telemetry/opentelemetry-python,majorgreys,13,User
open-telemetry/opentelemetry-python,Andrew Xue,13,Anonymous
open-telemetry/opentelemetry-python,ffe4,12,User
open-telemetry/opentelemetry-python,musicinmybrain,11,User
open-telemetry/opentelemetry-python,Liudmila Molkova,10,Anonymous
open-telemetry/opentelemetry-python,cnnradams,10,User
open-telemetry/opentelemetry-python,jeremydvoss,10,User
open-telemetry/opentelemetry-python,chalin,9,User
open-telemetry/opentelemetry-python,soumyadeepm04,7,User
open-telemetry/opentelemetry-python,pmcollins,7,User
open-telemetry/opentelemetry-python,tammy-baylis-swi,6,User
open-telemetry/opentelemetry-python,shalevr,6,User
open-telemetry/opentelemetry-python,jomcgi,6,User
open-telemetry/opentelemetry-python,HiveTraum,6,User
open-telemetry/opentelemetry-python,dgzlopes,6,User
open-telemetry/opentelemetry-python,Jamim,5,User
open-telemetry/opentelemetry-python,a-feld,5,User
open-telemetry/opentelemetry-python,robwknox,5,User
open-telemetry/opentelemetry-python,jenshnielsen,4,User
open-telemetry/opentelemetry-python,johananl,4,User
open-telemetry/opentelemetry-python,anton-ryzhov,4,User
open-telemetry/opentelemetry-python,otelbot[bot],4,Bot
open-telemetry/opentelemetry-python,bitspradp,4,User
open-telemetry/opentelemetry-python,alertedsnake,4,User
open-telemetry/opentelemetry-python,pegasas,4,User
open-telemetry/opentelemetry-python,jan25,4,User
open-telemetry/opentelemetry-python,iurisilvio,4,User
open-telemetry/opentelemetry-python,AndrewAXue,4,User
open-telemetry/opentelemetry-python,johnbley,3,User
open-telemetry/opentelemetry-python,eddyleelin,3,User
open-telemetry/opentelemetry-python,ahlaw,3,User
open-telemetry/opentelemetry-python,lizsnyder,3,User
open-telemetry/opentelemetry-python,pridhi-arora,3,User
open-telemetry/opentelemetry-python,nirsky,3,User
open-telemetry/opentelemetry-python,methane,3,User
open-telemetry/opentelemetry-python,ecourreges-orange,3,User
open-telemetry/opentelemetry-python,dmarar,3,User
open-telemetry/opentelemetry-python,dtaniwaki,3,User
open-telemetry/opentelemetry-python,carlosalberto,3,User
open-telemetry/opentelemetry-python,bogdandrutu,3,User
open-telemetry/opentelemetry-python,adriangb,3,User
open-telemetry/opentelemetry-python,Ali-Alnosairi,3,User
open-telemetry/opentelemetry-python,robertsben,3,User
open-telemetry/opentelemetry-python,Arnatious,2,User
open-telemetry/opentelemetry-python,seemk,2,User
open-telemetry/opentelemetry-python,SergeyKanzhelev,2,User
open-telemetry/opentelemetry-python,sk-,2,User
open-telemetry/opentelemetry-python,ramthi,2,User
open-telemetry/opentelemetry-python,nprajilesh,2,User
open-telemetry/opentelemetry-python,overmeulen,2,User
open-telemetry/opentelemetry-python,ngnpope,2,User
open-telemetry/opentelemetry-python,wilguo,2,User
open-telemetry/opentelemetry-python,arunk1988,2,User
open-telemetry/opentelemetry-python,dengliming,2,User
open-telemetry/opentelemetry-python,hyoinandout,2,User
open-telemetry/opentelemetry-python,joshuahlang,2,User
open-telemetry/opentelemetry-python,keithkroeger,2,User
open-telemetry/opentelemetry-python,rads-1996,2,User
open-telemetry/opentelemetry-python,shovnik,2,User
open-telemetry/opentelemetry-python,nstawski,2,User
open-telemetry/opentelemetry-python,mattoberle,2,User
open-telemetry/opentelemetry-python,rbtz-openai,2,User
open-telemetry/opentelemetry-python,clsung,2,User
open-telemetry/opentelemetry-python,Bogdan Drutu,2,Anonymous
open-telemetry/opentelemetry-python,anuraaga,2,User
open-telemetry/opentelemetry-python,kornerc,2,User
open-telemetry/opentelemetry-python,ericmustin,2,User
open-telemetry/opentelemetry-python,zhihali,2,User
open-telemetry/opentelemetry-python,fcollonval,2,User
open-telemetry/opentelemetry-python,gliptak,2,User
open-telemetry/opentelemetry-python,mtwo,2,User
open-telemetry/opentelemetry-python,lizthegrey,2,User
open-telemetry/opentelemetry-python,LetzNico,2,User
open-telemetry/opentelemetry-python,nanfuka,2,User
open-telemetry/opentelemetry-python,howardyoo,2,User
open-telemetry/opentelemetry-python,hawkaa,2,User
open-telemetry/opentelemetry-python,jakemalachowski,2,User
open-telemetry/opentelemetry-python,JamesJHPark,2,User
gorakhargosh/watchdog,gorakhargosh,708,User
gorakhargosh/watchdog,tamland,230,User
gorakhargosh/watchdog,BoboTiG,212,User
gorakhargosh/watchdog,yesudeep,37,User
gorakhargosh/watchdog,danilobellini,22,User
gorakhargosh/watchdog,rrzaripov,22,User
gorakhargosh/watchdog,altendky,17,User
gorakhargosh/watchdog,DonyorM,15,Anonymous
gorakhargosh/watchdog,kurtmckee,14,User
gorakhargosh/watchdog,kreichgauer,12,User
gorakhargosh/watchdog,SamSchott,10,Anonymous
gorakhargosh/watchdog,dependabot[bot],10,Bot
gorakhargosh/watchdog,msabramo,7,User
gorakhargosh/watchdog,CCP-Aporia,7,User
gorakhargosh/watchdog,taleinat,7,User
gorakhargosh/watchdog,txbm,7,User
gorakhargosh/watchdog,Léa Klein,7,Anonymous
gorakhargosh/watchdog,Ormod,7,User
gorakhargosh/watchdog,peritus,7,User
gorakhargosh/watchdog,wbond,6,User
gorakhargosh/watchdog,evilham,4,User
gorakhargosh/watchdog,palfrey,3,User
gorakhargosh/watchdog,z00m1n,3,User
gorakhargosh/watchdog,pilt,3,User
gorakhargosh/watchdog,hathawsh,3,User
gorakhargosh/watchdog,ngoldbaum,3,User
gorakhargosh/watchdog,apieum,3,User
gorakhargosh/watchdog,Corentin-pro,3,User
gorakhargosh/watchdog,bstaletic,3,User
gorakhargosh/watchdog,IlayRosenberg,2,User
gorakhargosh/watchdog,sholsapp,2,User
gorakhargosh/watchdog,samschott,2,User
gorakhargosh/watchdog,nbelakovski,2,User
gorakhargosh/watchdog,maybe-sybr,2,User
gorakhargosh/watchdog,blitztide,2,User
gorakhargosh/watchdog,tony,2,User
gorakhargosh/watchdog,timgates42,2,User
gorakhargosh/watchdog,Sraw,2,Anonymous
gorakhargosh/watchdog,segevfiner,2,User
gorakhargosh/watchdog,QuantumEnergyE,2,Anonymous
gorakhargosh/watchdog,pR0Ps,2,User
gorakhargosh/watchdog,Cosimo Lupo,2,Anonymous
gorakhargosh/watchdog,di,2,User
gorakhargosh/watchdog,ethan-vanderheijden,2,User
gorakhargosh/watchdog,exarkun,2,User
gorakhargosh/watchdog,Peter Wullinger,2,Anonymous
gorakhargosh/watchdog,potrebic,2,User
gorakhargosh/watchdog,Nolan Stover,2,Anonymous
gorakhargosh/watchdog,knobix,2,User
gorakhargosh/watchdog,nhairs,2,User
gorakhargosh/watchdog,nascheme,2,User
gorakhargosh/watchdog,zommuter,1,User
gorakhargosh/watchdog,graingert,1,User
gorakhargosh/watchdog,Theo Spears,1,Anonymous
gorakhargosh/watchdog,Taro Murao,1,Anonymous
gorakhargosh/watchdog,tkf,1,User
gorakhargosh/watchdog,harobed,1,User
gorakhargosh/watchdog,senden9,1,User
gorakhargosh/watchdog,simon04,1,User
gorakhargosh/watchdog,serpulga,1,User
gorakhargosh/watchdog,senko,1,User
gorakhargosh/watchdog,vmalloc,1,User
gorakhargosh/watchdog,CoolCold,1,User
gorakhargosh/watchdog,HaoZeke,1,User
gorakhargosh/watchdog,Robin Becker,1,Anonymous
gorakhargosh/watchdog,Rob McBroom,1,Anonymous
gorakhargosh/watchdog,ShinNoNoir,1,User
gorakhargosh/watchdog,QuantumEnergyE,1,User
gorakhargosh/watchdog,QWERTIOX,1,User
gorakhargosh/watchdog,Prosperibe12,1,User
gorakhargosh/watchdog,Piotr Witoslawski,1,Anonymous
gorakhargosh/watchdog,piotrpdev,1,User
gorakhargosh/watchdog,pypingou,1,User
gorakhargosh/watchdog,pierrepaleo,1,User
gorakhargosh/watchdog,pierregr,1,User
gorakhargosh/watchdog,petrblahos,1,User
gorakhargosh/watchdog,peterhil,1,User
gorakhargosh/watchdog,fanqiuwen,1,User
gorakhargosh/watchdog,oprypin,1,User
gorakhargosh/watchdog,NiklasRosenstein,1,User
gorakhargosh/watchdog,goncalor,1,User
gorakhargosh/watchdog,imba-tjd,1,User
gorakhargosh/watchdog,Àlex Jordà Triginer,1,Anonymous
gorakhargosh/watchdog,Ajordat,1,User
gorakhargosh/watchdog,unique1o1,1,User
gorakhargosh/watchdog,ysard,1,User
gorakhargosh/watchdog,xloem,1,User
gorakhargosh/watchdog,vulpes,1,Anonymous
gorakhargosh/watchdog,vorwrath,1,User
gorakhargosh/watchdog,tehkirill,1,User
gorakhargosh/watchdog,mbakiev,1,User
gorakhargosh/watchdog,last-partizan,1,User
gorakhargosh/watchdog,justin-f-perez,1,User
gorakhargosh/watchdog,jyooru,1,User
gorakhargosh/watchdog,ikokollari,1,User
gorakhargosh/watchdog,hpk42,1,User
gorakhargosh/watchdog,globau,1,User
gorakhargosh/watchdog,gfxmonk,1,Anonymous
gorakhargosh/watchdog,dvogel,1,Anonymous
gorakhargosh/watchdog,dstaple,1,User
tox-dev/py-filelock,pre-commit-ci[bot],126,Bot
tox-dev/py-filelock,Benedikt Schmitt,84,Anonymous
tox-dev/py-filelock,gaborbernat,76,User
tox-dev/py-filelock,dependabot[bot],41,Bot
tox-dev/py-filelock,Benedikt Schmitt,10,Anonymous
tox-dev/py-filelock,jahrules,6,User
tox-dev/py-filelock,expobrain,5,User
tox-dev/py-filelock,cottsay,5,User
tox-dev/py-filelock,TheMatt2,5,User
tox-dev/py-filelock,hugovk,4,User
tox-dev/py-filelock,kwist-sgr,3,User
tox-dev/py-filelock,nefrob,3,User
tox-dev/py-filelock,csm10495,3,User
tox-dev/py-filelock,ethanbb,2,User
tox-dev/py-filelock,keller00,2,User
tox-dev/py-filelock,f-koehler,2,User
tox-dev/py-filelock,paultiq,2,User
tox-dev/py-filelock,XuehaiPan,2,User
tox-dev/py-filelock,avian2,1,User
tox-dev/py-filelock,snemes,1,User
tox-dev/py-filelock,Ovizro,1,User
tox-dev/py-filelock,mgorny,1,User
tox-dev/py-filelock,mwilliamson,1,User
tox-dev/py-filelock,hmaarrfk,1,User
tox-dev/py-filelock,mtelka,1,User
tox-dev/py-filelock,KyleMSchmitt,1,User
tox-dev/py-filelock,hkennyv,1,User
tox-dev/py-filelock,sharkwouter,1,User
tox-dev/py-filelock,zpz,1,User
tox-dev/py-filelock,bicarlsen,1,User
tox-dev/py-filelock,serephus,1,User
tox-dev/py-filelock,kota-iizuka,1,User
tox-dev/py-filelock,myheroyuki,1,User
tox-dev/py-filelock,spokorski,1,User
tox-dev/py-filelock,youkaichao,1,User
tox-dev/py-filelock,znichollscr,1,User
tox-dev/py-filelock,adamchainz,1,User
tox-dev/py-filelock,iamkhav,1,User
tox-dev/py-filelock,asottile,1,User
tox-dev/py-filelock,vonschultz,1,User
tox-dev/py-filelock,dholth,1,User
tox-dev/py-filelock,deadnews,1,User
tox-dev/py-filelock,dlax,1,User
tox-dev/py-filelock,EdwardBetts,1,User
tox-dev/py-filelock,FFY00,1,User
tox-dev/py-filelock,gerlero,1,User
tox-dev/py-filelock,hirschalter,1,User
tox-dev/py-filelock,jfennick,1,User
tox-dev/py-filelock,kramarz,1,User
tox-dev/py-filelock,jnordberg,1,User
tox-dev/py-filelock,jond01,1,User
tox-dev/py-filelock,juntyr,1,User
tox-dev/py-filelock,JustAnotherArchivist,1,User
tox-dev/py-filelock,jugmac00,1,User
tox-dev/py-filelock,kemzeb,1,User
tox-dev/platformdirs,pre-commit-ci[bot],110,Bot
tox-dev/platformdirs,gaborbernat,70,User
tox-dev/platformdirs,zoofood,48,User
tox-dev/platformdirs,dependabot[bot],41,Bot
tox-dev/platformdirs,Julian,28,User
tox-dev/platformdirs,trentm,28,User
tox-dev/platformdirs,Sridhar Ratnakumar,25,Anonymous
tox-dev/platformdirs,eddyp,22,User
tox-dev/platformdirs,Sridhar Ratnakumar,14,Anonymous
tox-dev/platformdirs,jdufresne,12,User
tox-dev/platformdirs,Sridhar Ratnakumar,12,Anonymous
tox-dev/platformdirs,hugovk,9,User
tox-dev/platformdirs,ofek,8,User
tox-dev/platformdirs,srid,8,User
tox-dev/platformdirs,bdrung,7,User
tox-dev/platformdirs,kemzeb,7,User
tox-dev/platformdirs,cpburnz,7,User
tox-dev/platformdirs,Jackenmen,6,User
tox-dev/platformdirs,efiop,4,User
tox-dev/platformdirs,Sridhar Ratnakumar,4,Anonymous
tox-dev/platformdirs,graingert,4,User
tox-dev/platformdirs,edgarrmondragon,3,User
tox-dev/platformdirs,joeyespo,3,User
tox-dev/platformdirs,Matěj Cepl,3,Anonymous
tox-dev/platformdirs,carlwgeorge,3,User
tox-dev/platformdirs,Freed-Wu,2,User
tox-dev/platformdirs,sir-sigurd,2,User
tox-dev/platformdirs,pradyunsg,2,User
tox-dev/platformdirs,papr,2,User
tox-dev/platformdirs,keller00,2,User
tox-dev/platformdirs,youknowone,2,User
tox-dev/platformdirs,jwilk,2,User
tox-dev/platformdirs,Hugo Osvaldo Barrera,2,Anonymous
tox-dev/platformdirs,domdfcoding,2,User
tox-dev/platformdirs,show0k,1,User
tox-dev/platformdirs,tmolitor-stud-tu,1,User
tox-dev/platformdirs,ThomasWaldmann,1,User
tox-dev/platformdirs,SpaceshipOperations,1,User
tox-dev/platformdirs,smsearcy,1,User
tox-dev/platformdirs,rexkerr,1,User
tox-dev/platformdirs,RayyanAnsari,1,User
tox-dev/platformdirs,rafalkrupinski,1,User
tox-dev/platformdirs,nedbat,1,User
tox-dev/platformdirs,matthewhughes934,1,User
tox-dev/platformdirs,Mathieu Dupuy,1,Anonymous
tox-dev/platformdirs,deronnax,1,User
tox-dev/platformdirs,lordwelch,1,User
tox-dev/platformdirs,hrnciar,1,User
tox-dev/platformdirs,whonore,1,User
tox-dev/platformdirs,xavfernandez,1,User
tox-dev/platformdirs,YariKartoshe4ka,1,User
tox-dev/platformdirs,yan12125,1,User
tox-dev/platformdirs,andrehedesand,1,User
tox-dev/platformdirs,chanicpanic,1,User
tox-dev/platformdirs,lukacat10,1,User
tox-dev/platformdirs,sbearlt1,1,User
tox-dev/platformdirs,trevorld,1,User
tox-dev/platformdirs,adamjstewart,1,User
tox-dev/platformdirs,andersk,1,User
tox-dev/platformdirs,amacf,1,User
tox-dev/platformdirs,Avasam,1,User
tox-dev/platformdirs,Blocked,1,User
tox-dev/platformdirs,brianhelba,1,User
tox-dev/platformdirs,ParadaCarleton,1,User
tox-dev/platformdirs,cbm755,1,User
tox-dev/platformdirs,dbohdan,1,User
tox-dev/platformdirs,daeho-ro,1,User
tox-dev/platformdirs,DaleEMoore,1,User
tox-dev/platformdirs,singingwolfboy,1,User
tox-dev/platformdirs,dstufft,1,User
tox-dev/platformdirs,gene1wood,1,User
tox-dev/platformdirs,jaraco,1,User
tox-dev/platformdirs,Jeremy Stepp,1,Anonymous
tox-dev/platformdirs,neirbowj,1,User
tox-dev/platformdirs,joclement,1,User
tox-dev/platformdirs,jmroot,1,User
tox-dev/platformdirs,Kevin-McClusky,1,User
tox-dev/platformdirs,leorochael,1,User
tox-dev/platformdirs,mtelka,1,User
tox-dev/platformdirs,cofiem,1,User
ActiveState/appdirs,zoofood,52,User
ActiveState/appdirs,trentm,28,User
ActiveState/appdirs,Sridhar Ratnakumar,25,Anonymous
ActiveState/appdirs,eddyp,22,User
ActiveState/appdirs,Sridhar Ratnakumar,14,Anonymous
ActiveState/appdirs,Sridhar Ratnakumar,12,Anonymous
ActiveState/appdirs,jdufresne,10,User
ActiveState/appdirs,srid,8,User
ActiveState/appdirs,bdrung,7,User
ActiveState/appdirs,cpburnz,7,User
ActiveState/appdirs,Sridhar Ratnakumar,4,Anonymous
ActiveState/appdirs,graingert,4,User
ActiveState/appdirs,joeyespo,3,User
ActiveState/appdirs,Matěj Cepl,3,Anonymous
ActiveState/appdirs,carlwgeorge,3,User
ActiveState/appdirs,sir-sigurd,2,User
ActiveState/appdirs,ofek,2,User
ActiveState/appdirs,jwilk,2,User
ActiveState/appdirs,hugovk,2,User
ActiveState/appdirs,trevorld,1,User
ActiveState/appdirs,sbearlt1,1,User
ActiveState/appdirs,yan12125,1,User
ActiveState/appdirs,hrnciar,1,User
ActiveState/appdirs,show0k,1,User
ActiveState/appdirs,rexkerr,1,User
ActiveState/appdirs,TechnologyClassroom,1,User
ActiveState/appdirs,leorochael,1,User
ActiveState/appdirs,Kevin-McClusky,1,User
ActiveState/appdirs,jmroot,1,User
ActiveState/appdirs,neirbowj,1,User
ActiveState/appdirs,jaraco,1,User
ActiveState/appdirs,dstufft,1,User
ActiveState/appdirs,DaleEMoore,1,User
ActiveState/appdirs,adamjstewart,1,User
python/importlib_resources,jaraco,786,User
python/importlib_resources,warsaw,85,User
python/importlib_resources,brettcannon,85,User
python/importlib_resources,FFY00,30,User
python/importlib_resources,DimitriPapadopoulos,9,User
python/importlib_resources,encukou,8,User
python/importlib_resources,Avasam,7,User
python/importlib_resources,abravalheri,6,User
python/importlib_resources,webknjaz,6,User
python/importlib_resources,ap--,4,User
python/importlib_resources,cclauss,3,User
python/importlib_resources,kurtmckee,3,User
python/importlib_resources,johnslavik,3,User
python/importlib_resources,henryiii,2,User
python/importlib_resources,codeandfire,2,User
python/importlib_resources,pstjohn,2,User
python/importlib_resources,sbraz,2,User
python/importlib_resources,asottile,2,User
python/importlib_resources,KOLANICH,1,User
python/importlib_resources,tirkarthi,1,User
python/importlib_resources,altendky,1,User
python/importlib_resources,Jakub-CZ,1,User
python/importlib_resources,Mignon Cicchetti,1,Anonymous
python/importlib_resources,mikeziminio,1,User
python/importlib_resources,samety,1,User
python/importlib_resources,soxofaan,1,User
python/importlib_resources,vstinner,1,User
python/importlib_resources,sfc-gh-wzhao,1,User
python/importlib_resources,Zach Burnett,1,Anonymous
python/importlib_resources,chanicpanic,1,User
python/importlib_resources,sobolevn,1,User
python/importlib_resources,wimglenn,1,User
python/importlib_resources,wwuck,1,User
python/importlib_resources,joycebrum,1,User
python/importlib_resources,jooste,1,User
python/importlib_resources,methane,1,User
python/importlib_resources,hugovk,1,User
python/importlib_resources,gpshead,1,User
python/importlib_resources,Gatsik,1,User
python/importlib_resources,freddrake,1,User
python/importlib_resources,The-Compiler,1,User
python/importlib_resources,bhrutledge,1,User
python/importlib_resources,benthayer,1,User
python/importlib_resources,ashwinvis,1,User
python/importlib_resources,shadchin,1,User
python/importlib_resources,darkvertex,1,User
python/importlib_resources,AA-Turner,1,User
python/importlib_resources,maxking,1,User
python/importlib_metadata,jaraco,1472,User
python/importlib_metadata,warsaw,80,User
python/importlib_metadata,abravalheri,20,User
python/importlib_metadata,jherland,18,User
python/importlib_metadata,sjma3,15,User
python/importlib_metadata,FFY00,11,User
python/importlib_metadata,anntzer,10,User
python/importlib_metadata,Avasam,10,User
python/importlib_metadata,DimitriPapadopoulos,10,User
python/importlib_metadata,asottile,9,User
python/importlib_metadata,hugovk,8,User
python/importlib_metadata,CAM-Gerlach,6,User
python/importlib_metadata,webknjaz,6,User
python/importlib_metadata,hoefling,5,User
python/importlib_metadata,danielhollas,5,User
python/importlib_metadata,dan-blanchard,4,User
python/importlib_metadata,cclauss,3,User
python/importlib_metadata,dimbleby,3,User
python/importlib_metadata,gahjelle,3,User
python/importlib_metadata,johnslavik,3,User
python/importlib_metadata,layday,2,User
python/importlib_metadata,graingert,2,User
python/importlib_metadata,saaketp,2,User
python/importlib_metadata,sbraz,2,User
python/importlib_metadata,jwodder,2,User
python/importlib_metadata,Danyal-Faheem,2,User
python/importlib_metadata,ariebovenberg,2,User
python/importlib_metadata,2xB,1,User
python/importlib_metadata,arhadthedev,1,User
python/importlib_metadata,pfmoore,1,User
python/importlib_metadata,Liturgist,1,User
python/importlib_metadata,s0undt3ch,1,User
python/importlib_metadata,encukou,1,User
python/importlib_metadata,pombredanne,1,User
python/importlib_metadata,skriems,1,User
python/importlib_metadata,hauntsaninja,1,User
python/importlib_metadata,stanislavlevin,1,User
python/importlib_metadata,slateny,1,User
python/importlib_metadata,userzimmermann,1,User
python/importlib_metadata,tliu61,1,User
python/importlib_metadata,uranusjr,1,User
python/importlib_metadata,scop,1,User
python/importlib_metadata,vfazio,1,User
python/importlib_metadata,Zach Burnett,1,Anonymous
python/importlib_metadata,github-actions[bot],1,Bot
python/importlib_metadata,johnthagen,1,User
python/importlib_metadata,wimglenn,1,User
python/importlib_metadata,AA-Turner,1,User
python/importlib_metadata,darkvertex,1,User
python/importlib_metadata,AlexWaygood,1,User
python/importlib_metadata,amundhov,1,User
python/importlib_metadata,akabailey,1,User
python/importlib_metadata,benoit-pierre,1,User
python/importlib_metadata,brettcannon,1,User
python/importlib_metadata,bhrutledge,1,User
python/importlib_metadata,Chris Billington,1,Anonymous
python/importlib_metadata,Gryfenfer97,1,User
python/importlib_metadata,henryiii,1,User
python/importlib_metadata,methane,1,User
python/importlib_metadata,jdufresne,1,User
python/importlib_metadata,joycebrum,1,User
python/importlib_metadata,Julian,1,User
python/importlib_metadata,JulienPalard,1,User
python/importlib_metadata,KOLANICH,1,User
python/importlib_metadata,tirkarthi,1,User
python/importlib_metadata,nedbat,1,User
python/importlib_metadata,sobolevn,1,User
pypa/packaging,dstufft,172,User
pypa/packaging,pradyunsg,143,User
pypa/packaging,henryiii,108,User
pypa/packaging,brettcannon,101,User
pypa/packaging,di,64,User
pypa/packaging,mayeut,25,User
pypa/packaging,dependabot[bot],20,Bot
pypa/packaging,notatallshaw,19,User
pypa/packaging,DimitriPapadopoulos,14,User
pypa/packaging,jdufresne,10,User
pypa/packaging,xavfernandez,10,User
pypa/packaging,hugovk,8,User
pypa/packaging,uranusjr,8,User
pypa/packaging,hauntsaninja,8,User
pypa/packaging,nvie,7,User
pypa/packaging,venthur,7,User
pypa/packaging,opethe1st,7,User
pypa/packaging,pfmoore,6,User
pypa/packaging,dcermak,5,User
pypa/packaging,joycebrum,5,User
pypa/packaging,sbidoul,4,User
pypa/packaging,s-t-e-v-e-n-k,4,User
pypa/packaging,hroncok,4,User
pypa/packaging,mattip,4,User
pypa/packaging,jaraco,3,User
pypa/packaging,abravalheri,3,User
pypa/packaging,MrMino,3,User
pypa/packaging,chrahunt,3,User
pypa/packaging,SpecLad,3,User
pypa/packaging,FFY00,2,User
pypa/packaging,frostming,2,User
pypa/packaging,hrnciar,2,User
pypa/packaging,layday,2,User
pypa/packaging,ofek,2,User
pypa/packaging,moyiz,2,User
pypa/packaging,miketheman,2,User
pypa/packaging,Liam-DeVoe,2,User
pypa/packaging,domdfcoding,2,User
pypa/packaging,deveshks,2,User
pypa/packaging,cthoyt,2,User
pypa/packaging,benoit-pierre,2,User
pypa/packaging,ewdurbin,2,User
pypa/packaging,fridex,2,User
pypa/packaging,gsnedders,2,User
pypa/packaging,xuhdev,2,User
pypa/packaging,astrojuanlu,2,User
pypa/packaging,EpicWink,2,User
pypa/packaging,snbk97,1,User
pypa/packaging,subhajitsaha01,1,User
pypa/packaging,blink1073,1,User
pypa/packaging,stefan6419846,1,User
pypa/packaging,Siddhesh-Agarwal,1,User
pypa/packaging,colesbury,1,User
pypa/packaging,freakboy3742,1,User
pypa/packaging,ronaldoussoren,1,User
pypa/packaging,ichard26,1,User
pypa/packaging,pelson,1,User
pypa/packaging,pganssle,1,User
pypa/packaging,sobolevn,1,User
pypa/packaging,mkurnikov,1,User
pypa/packaging,markdryan,1,User
pypa/packaging,mbakke,1,User
pypa/packaging,cdce8p,1,User
pypa/packaging,msabramo,1,User
pypa/packaging,mwerschy,1,User
pypa/packaging,mhsmith,1,User
pypa/packaging,Carreau,1,User
pypa/packaging,sinoroc,1,User
pypa/packaging,Sangarshanan,1,User
pypa/packaging,93578237,1,User
pypa/packaging,pyfisch,1,User
pypa/packaging,nikodemas,1,User
pypa/packaging,meejah,1,User
pypa/packaging,kevinchang96,1,User
pypa/packaging,kasium,1,User
pypa/packaging,johnthagen,1,User
pypa/packaging,jeroendecroos,1,User
pypa/packaging,jakirkham,1,User
pypa/packaging,faph,1,User
pypa/packaging,deathaxe,1,User
pypa/packaging,loongson-zn,1,User
pypa/packaging,yarikoptic,1,User
pypa/packaging,jolaf,1,User
pypa/packaging,trim21,1,User
pypa/packaging,bearomorphism,1,User
pypa/packaging,graingert,1,User
pypa/packaging,joonis,1,User
pypa/packaging,thicolares,1,User
pypa/packaging,lkollar,1,User
pypa/packaging,d3r3kk,1,User
pypa/packaging,tucked,1,User
pypa/packaging,cosmicexplorer,1,User
pypa/packaging,dholth,1,User
pypa/packaging,blueyed,1,User
pypa/packaging,strokirk,1,User
pypa/packaging,xmunoz,1,User
pypa/packaging,cclauss,1,User
pypa/packaging,cjerdonek,1,User
pypa/packaging,willingc,1,User
pypa/packaging,bwoodsend,1,User
pypa/setuptools,jaraco,7108,User
pypa/setuptools,abravalheri,2142,User
pypa/setuptools,gward,632,User
pypa/setuptools,PJ Eby,590,Anonymous
pypa/setuptools,Tarek Ziadé,500,Anonymous
pypa/setuptools,merwok,256,User
pypa/setuptools,birkenfeld,236,User
pypa/setuptools,Avasam,229,User
pypa/setuptools,pganssle,179,User
pypa/setuptools,benjaminp,140,User
pypa/setuptools,benoit-pierre,140,User
pypa/setuptools,webknjaz,131,User
pypa/setuptools,akuchling,127,User
pypa/setuptools,DimitriPapadopoulos,126,User
pypa/setuptools,loewis,120,User
pypa/setuptools,tarekziade,83,User
pypa/setuptools,alvyjudy,76,User
pypa/setuptools,ptthiem,74,User
pypa/setuptools,Thomas Heller,63,Anonymous
pypa/setuptools,codeandfire,62,User
pypa/setuptools,zooba,59,User
pypa/setuptools,ronaldoussoren,57,User
pypa/setuptools,pitrou,56,User
pypa/setuptools,tiran,52,User
pypa/setuptools,JGoutin,52,User
pypa/setuptools,warsaw,51,User
pypa/setuptools,serhiy-storchaka,51,User
pypa/setuptools,Arfrever,48,User
pypa/setuptools,jeremyhylton,47,User
pypa/setuptools,stefanholek,47,User
pypa/setuptools,cdce8p,46,User
pypa/setuptools,hugovk,45,User
pypa/setuptools,stepshal,40,Anonymous
pypa/setuptools,gvanrossum,40,User
pypa/setuptools,dstufft,39,User
pypa/setuptools,freddrake,39,User
pypa/setuptools,ned-deily,38,User
pypa/setuptools,agronholm,37,User
pypa/setuptools,regebro,36,User
pypa/setuptools,vstinner,36,User
pypa/setuptools,larryhastings,35,User
pypa/setuptools,ezio-melotti,34,User
pypa/setuptools,hannosch,34,User
pypa/setuptools,di,33,User
pypa/setuptools,gpshead,32,User
pypa/setuptools,xoviat,30,User
pypa/setuptools,idlesign,29,User
pypa/setuptools,lazka,27,User
pypa/setuptools,vsajip,27,User
pypa/setuptools,dholth,27,User
pypa/setuptools,venthur,27,User
pypa/setuptools,hroncok,26,User
pypa/setuptools,s-t-e-v-e-n-k,26,User
pypa/setuptools,mergify[bot],26,Bot
pypa/setuptools,melissa-kun-li,25,User
pypa/setuptools,mkoeppe,25,User
pypa/setuptools,isuruf,25,User
pypa/setuptools,berkerpeksag,22,User
pypa/setuptools,mhammond,22,User
pypa/setuptools,vadmium,22,User
pypa/setuptools,embray,21,User
pypa/setuptools,DanielYang59,20,User
pypa/setuptools,Victor Stinner,20,Anonymous
pypa/setuptools,tim-one,20,User
pypa/setuptools,malemburg,20,User
pypa/setuptools,DWesl,19,User
pypa/setuptools,brettcannon,19,User
pypa/setuptools,Hirokazu Yamamoto,18,Anonymous
pypa/setuptools,imba-tjd,18,User
pypa/setuptools,VladimirFokow,17,User
pypa/setuptools,doko42,17,User
pypa/setuptools,bitdancer,16,User
pypa/setuptools,graingert,15,User
pypa/setuptools,RonnyPfannschmidt,15,User
pypa/setuptools,nnorwitz,15,User
pypa/setuptools,wimglenn,15,User
pypa/setuptools,jdufresne,15,User
pypa/setuptools,cjerdonek,15,User
pypa/setuptools,tanvimoharir,14,User
pypa/setuptools,orsenthil,14,User
pypa/setuptools,jackjansen,14,User
pypa/setuptools,jurko-gospodnetic,14,User
pypa/setuptools,msabramo,14,User
pypa/setuptools,ruro,14,User
pypa/setuptools,naveen521kk,13,User
pypa/setuptools,jezdez,13,User
pypa/setuptools,mx-moth,13,User
pypa/setuptools,nascheme,13,User
pypa/setuptools,jmbowman,12,User
pypa/setuptools,Yhg1s,12,User
pypa/setuptools,ncoghlan,12,User
pypa/setuptools,Ivoz,12,User
pypa/setuptools,Danie-1,12,User
pypa/setuptools,avassalotti,12,User
pypa/setuptools,mohitsaxenaknoldus,11,User
pypa/setuptools,mgorny,11,User
pypa/setuptools,reinout,11,User
pypa/setuptools,jcea,11,User
pypa/setuptools,aganders3,11,User
pypa/setuptools,daa,11,User
pypa/wheel,agronholm,363,User
pypa/wheel,dholth,309,User
pypa/wheel,pre-commit-ci[bot],63,Bot
pypa/wheel,natefoo,34,User
pypa/wheel,pfmoore,33,User
pypa/wheel,henryiii,19,User
pypa/wheel,jdufresne,16,User
pypa/wheel,rubik,12,User
pypa/wheel,DimitriPapadopoulos,8,User
pypa/wheel,HexDecimal,7,User
pypa/wheel,benoit-pierre,6,User
pypa/wheel,hugovk,6,User
pypa/wheel,jaraco,6,User
pypa/wheel,mattip,5,User
pypa/wheel,Czaki,4,User
pypa/wheel,abravalheri,4,User
pypa/wheel,pombredanne,4,Anonymous
pypa/wheel,qwcode,4,User
pypa/wheel,msabramo,4,User
pypa/wheel,ales-erjavec,3,User
pypa/wheel,warsaw,3,User
pypa/wheel,Benedikt Morbach,3,Anonymous
pypa/wheel,di,3,User
pypa/wheel,khorn,3,User
pypa/wheel,techtonik,3,User
pypa/wheel,minrk,2,User
pypa/wheel,nikolas,2,User
pypa/wheel,wimglenn,2,User
pypa/wheel,bkabrda,2,User
pypa/wheel,RDIL,2,User
pypa/wheel,mwtoews,2,User
pypa/wheel,EwoutH,2,User
pypa/wheel,Andrés J. Díaz,2,Anonymous
pypa/wheel,stefanor,1,User
pypa/wheel,hauntsaninja,1,User
pypa/wheel,colesbury,1,User
pypa/wheel,roysmith,1,User
pypa/wheel,ronaldoussoren,1,User
pypa/wheel,PoncinMatthieu,1,User
pypa/wheel,kaiyou,1,User
pypa/wheel,nloadholtes,1,User
pypa/wheel,ncoghlan,1,User
pypa/wheel,nedbat,1,User
pypa/wheel,mike-geeves-oxb,1,User
pypa/wheel,mgorny,1,User
pypa/wheel,intentionally-left-nil,1,User
pypa/wheel,brainwane,1,User
pypa/wheel,rytilahti,1,User
pypa/wheel,Sachaa-Thanasius,1,User
pypa/wheel,thijstriemstra,1,User
pypa/wheel,graingert,1,User
pypa/wheel,xavfernandez,1,User
pypa/wheel,ziyao233,1,User
pypa/wheel,yhay81,1,User
pypa/wheel,ericholscher,1,User
pypa/wheel,malthe,1,Anonymous
pypa/wheel,rdb,1,User
pypa/wheel,satoru,1,Anonymous
pypa/wheel,shenxianpeng,1,User
pypa/wheel,asottile,1,User
pypa/wheel,ashishbhate,1,User
pypa/wheel,bgilbert,1,User
pypa/wheel,bertilhatt,1,User
pypa/wheel,CAM-Gerlach,1,User
pypa/wheel,Chris Lamb,1,Anonymous
pypa/wheel,poirier,1,User
pypa/wheel,tucked,1,User
pypa/wheel,Flameeyes,1,User
pypa/wheel,dstufft,1,User
pypa/wheel,emmatyping,1,User
pypa/wheel,hoodmane,1,User
pypa/wheel,sigmavirus24,1,User
pypa/wheel,JakobDev,1,User
pypa/wheel,jwilk,1,User
pypa/wheel,jezdez,1,User
pypa/wheel,youknowone,1,User
pypa/wheel,fungi,1,User
pypa/wheel,jmcfarlane,1,User
pypa/wheel,jwodder,1,User
pypa/wheel,brandjon,1,User
pypa/wheel,lopuhin,1,User
pypa/wheel,deronnax,1,User
pypa/wheel,godlygeek,1,User
pypa/wheel,matthias-bach-by,1,User
pypa/wheel,mayeut,1,User
pypa/wheel,msimacek,1,User
pypa/pip,pradyunsg,3072,User
pypa/pip,dstufft,1518,User
pypa/pip,uranusjr,972,User
pypa/pip,sbidoul,872,User
pypa/pip,pfmoore,816,User
pypa/pip,chrahunt,758,User
pypa/pip,qwcode,742,User
pypa/pip,cjerdonek,489,User
pypa/pip,xavfernandez,457,User
pypa/pip,notatallshaw,448,User
pypa/pip,jezdez,385,User
pypa/pip,carljm,347,User
pypa/pip,ichard26,218,User
pypa/pip,deveshks,178,User
pypa/pip,ianb,175,User
pypa/pip,hltbra,156,User
pypa/pip,jdufresne,121,User
pypa/pip,pnasrat,112,User
pypa/pip,takluyver,104,User
pypa/pip,hugovk,86,User
pypa/pip,msabramo,85,User
pypa/pip,Ivoz,77,User
pypa/pip,McSinyx,75,User
pypa/pip,ilanschnell,73,User
pypa/pip,93578237,67,User
pypa/pip,benoit-pierre,56,User
pypa/pip,alex,55,User
pypa/pip,dabrahams,53,User
pypa/pip,rbtcollins,53,User
pypa/pip,brainwane,53,User
pypa/pip,sanderr,51,User
pypa/pip,gvalkov,51,User
pypa/pip,webknjaz,46,User
pypa/pip,duckinator,41,User
pypa/pip,erikrose,40,User
pypa/pip,hexagonrecursion,38,User
pypa/pip,mkurnikov,34,User
pypa/pip,dholth,32,User
pypa/pip,DiddiLeija,30,User
pypa/pip,derwolfe,30,User
pypa/pip,shireenrao,28,User
pypa/pip,dependabot[bot],28,Bot
pypa/pip,atugushev,26,User
pypa/pip,johnthagen,25,User
pypa/pip,cosmicexplorer,24,User
pypa/pip,brcrista,23,User
pypa/pip,hroncok,23,User
pypa/pip,xoviat,23,User
pypa/pip,hauntsaninja,23,User
pypa/pip,gutsytechster,22,User
pypa/pip,rafaelcaricio,22,User
pypa/pip,techtonik,22,User
pypa/pip,TC01,21,User
pypa/pip,sethmlarson,21,User
pypa/pip,judahrand,20,User
pypa/pip,zooba,20,User
pypa/pip,mgax,18,User
pypa/pip,domdfcoding,18,User
pypa/pip,Noah Gorny,18,Anonymous
pypa/pip,harupy,18,User
pypa/pip,CrafterKolyan,18,User
pypa/pip,minrk,17,User
pypa/pip,sinscary,17,User
pypa/pip,pre-commit-ci[bot],17,Bot
pypa/pip,JasonMo1,17,User
pypa/pip,ByteB4rb1e,17,User
pypa/pip,itamarst,17,User
pypa/pip,freakboy3742,16,User
pypa/pip,Noah Gorny,16,Anonymous
pypa/pip,SpecLad,16,User
pypa/pip,asottile,15,User
pypa/pip,Dustin Ingram,15,Anonymous
pypa/pip,ei8fdb,14,User
pypa/pip,sepehr-rs,14,User
pypa/pip,sirosen,14,User
pypa/pip,omry,14,User
pypa/pip,OBITORASU,14,User
pypa/pip,nlhkabu,14,User
pypa/pip,jaraco,14,User
pypa/pip,Jackenmen,14,User
pypa/pip,xmunoz,13,User
pypa/pip,tbeswick-enphase,13,User
pypa/pip,ShubhamNagure,13,User
pypa/pip,mgorny,13,User
pypa/pip,kvbik,13,User
pypa/pip,bbodenmiller,13,User
pypa/pip,aniruddha2000,12,User
pypa/pip,aconrad,12,User
pypa/pip,nipunn1313,12,User
pypa/pip,pelson,12,User
pypa/pip,woodruffw,12,User
pypa/pip,Carreau,11,User
pypa/pip,hukkin,11,User
pypa/pip,anubhavp28,11,User
pypa/pip,cclauss,11,User
pypa/pip,vanschelven,11,User
pypa/pip,RonnyPfannschmidt,11,User
pypa/pip,DefaultRyan,11,User
pypa/pip,hodgestar,11,User
pypa/pip,seppeljordan,11,User
pypa/twine,sigmavirus24,356,User
pypa/twine,bhrutledge,216,User
pypa/twine,jaraco,140,User
pypa/twine,dstufft,93,User
pypa/twine,dependabot[bot],76,Bot
pypa/twine,brainwane,63,User
pypa/twine,woodruffw,60,User
pypa/twine,deveshks,29,User
pypa/twine,di,24,User
pypa/twine,adityasaky,14,User
pypa/twine,takluyver,13,User
pypa/twine,dnicolodi,12,User
pypa/twine,jdufresne,12,User
pypa/twine,pradyunsg,10,User
pypa/twine,zooba,9,User
pypa/twine,jezdez,8,User
pypa/twine,msabramo,8,User
pypa/twine,DimitriPapadopoulos,8,User
pypa/twine,tyrelsouza,7,User
pypa/twine,sco1,7,User
pypa/twine,webknjaz,7,User
pypa/twine,annaraven,6,User
pypa/twine,stefanor,6,User
pypa/twine,allhailwesttexas,5,User
pypa/twine,dukecat0,5,User
pypa/twine,thicolares,5,User
pypa/twine,dralley,5,User
pypa/twine,khdc-me,5,User
pypa/twine,lgh2,5,User
pypa/twine,rodcloutier,5,User
pypa/twine,asottile,4,User
pypa/twine,varunkamath18,4,User
pypa/twine,VikramJayanthi17,4,User
pypa/twine,zware,4,User
pypa/twine,lkollar,3,User
pypa/twine,rgbkrk,3,User
pypa/twine,engsoonats,3,User
pypa/twine,scheel,3,Anonymous
pypa/twine,jankatins,3,User
pypa/twine,fhocutt,3,User
pypa/twine,DarkaMaul,3,User
pypa/twine,ncoghlan,2,User
pypa/twine,hpk42,2,User
pypa/twine,reaperhulk,2,User
pypa/twine,McSinyx,2,User
pypa/twine,mauritsvanrees,2,User
pypa/twine,hickford,2,User
pypa/twine,mgedmin,2,User
pypa/twine,e3krisztian,2,User
pypa/twine,Jon Wayne Parrott,2,Anonymous
pypa/twine,jamadden,2,User
pypa/twine,jwilk,2,User
pypa/twine,hugovk,2,User
pypa/twine,callmecampos,2,User
pypa/twine,rjollos,1,User
pypa/twine,rkm,1,User
pypa/twine,reinout,1,User
pypa/twine,RDIL,1,User
pypa/twine,schmir,1,User
pypa/twine,shenxianpeng,1,User
pypa/twine,pnacht,1,User
pypa/twine,pablogsal,1,User
pypa/twine,nicholasserra,1,User
pypa/twine,myw,1,User
pypa/twine,minho42,1,User
pypa/twine,milas,1,User
pypa/twine,miketheman,1,User
pypa/twine,mhils,1,User
pypa/twine,marob,1,User
pypa/twine,mcepl,1,User
pypa/twine,Carreau,1,User
pypa/twine,mattrobenolt,1,User
pypa/twine,Jacob Woliver,1,Anonymous
pypa/twine,neilnaveen,1,User
pypa/twine,meejah,1,User
pypa/twine,javanlacerda,1,User
pypa/twine,harumaki4649,1,User
pypa/twine,cyrilou242,1,User
pypa/twine,chrysle,1,User
pypa/twine,ischaojie,1,User
pypa/twine,techtonik,1,User
pypa/twine,a-tal,1,User
pypa/twine,future-cyborg,1,User
pypa/twine,waseem18,1,User
pypa/twine,rutsky,1,User
pypa/twine,tseaver,1,User
pypa/twine,ferguzzzz,1,User
pypa/twine,thomie,1,User
pypa/twine,Thomas Güttler,1,Anonymous
pypa/twine,theacodes,1,User
pypa/twine,tashay,1,User
pypa/twine,blink1073,1,User
pypa/twine,ryanwilsonperkin,1,User
pypa/twine,hrmyd,1,User
pypa/twine,henryiii,1,User
pypa/twine,GregBowyer,1,User
pypa/twine,Gerardwx,1,User
pypa/twine,fedexist,1,User
pypa/twine,superwhoopy,1,User
pypa/twine,eli-schwartz,1,User
pypa/flit,takluyver,986,User
pypa/flit,Carreau,48,User
pypa/flit,AA-Turner,35,User
pypa/flit,flying-sheep,26,User
pypa/flit,davidrft,15,User
pypa/flit,holgi,15,User
pypa/flit,aodag,14,User
pypa/flit,cdce8p,14,User
pypa/flit,dciborow,13,User
pypa/flit,DimitriPapadopoulos,13,User
pypa/flit,Mariatta,12,User
pypa/flit,sbidoul,12,User
pypa/flit,dependabot[bot],9,Bot
pypa/flit,wimglenn,8,User
pypa/flit,okken,7,User
pypa/flit,Edward-Knight,7,User
pypa/flit,minrk,7,User
pypa/flit,uranusjr,7,User
pypa/flit,Andrew Taumoefolau,7,Anonymous
pypa/flit,jhamrick,6,User
pypa/flit,gotmax23,5,User
pypa/flit,groodt,4,User
pypa/flit,Guilherme Freitas,4,Anonymous
pypa/flit,antarcticrainforest,3,User
pypa/flit,cclauss,3,User
pypa/flit,sander76,3,User
pypa/flit,iwpnd,3,User
pypa/flit,Thomas Kluyver,3,Anonymous
pypa/flit,blink1073,3,User
pypa/flit,nanonyme,3,User
pypa/flit,Huy-Ngo,3,User
pypa/flit,joukewitteveen,3,User
pypa/flit,jwkvam,3,User
pypa/flit,ntninja,3,User
pypa/flit,layday,2,User
pypa/flit,hugovk,2,User
pypa/flit,orsinium,2,User
pypa/flit,scw,2,User
pypa/flit,SpecLad,2,User
pypa/flit,pradyunsg,2,User
pypa/flit,pfmoore,2,User
pypa/flit,Alyetama,2,User
pypa/flit,jameshilliard,2,User
pypa/flit,jwilk,2,User
pypa/flit,carlbordum,2,User
pypa/flit,brettcannon,2,User
pypa/flit,bpabel,2,User
pypa/flit,perillo,1,User
pypa/flit,Matcha @sennder,1,Anonymous
pypa/flit,mgorny,1,User
pypa/flit,mwtoews,1,User
pypa/flit,McSinyx,1,User
pypa/flit,nicktimko,1,User
pypa/flit,onurguzel,1,User
pypa/flit,bast,1,User
pypa/flit,kitterma,1,User
pypa/flit,stanislavlevin,1,User
pypa/flit,StephenRoille,1,User
pypa/flit,taleinat,1,User
pypa/flit,tacaswell,1,User
pypa/flit,trim21,1,User
pypa/flit,mwchase,1,User
pypa/flit,vexelnet,1,User
pypa/flit,merwok,1,User
pypa/flit,Adam Chainz,1,Anonymous
pypa/flit,adamjstewart,1,User
pypa/flit,amyreese,1,User
pypa/flit,gaborbernat,1,User
pypa/flit,BubuOT,1,User
pypa/flit,cjrh,1,User
pypa/flit,cajopa,1,User
pypa/flit,cdeil,1,User
pypa/flit,neutrinoceros,1,User
pypa/flit,edmorley,1,User
pypa/flit,Ewa Marek,1,Anonymous
pypa/flit,EwaMarek,1,User
pypa/flit,henryiii,1,User
pypa/flit,jaraco,1,User
pypa/flit,ucodery,1,User
pypa/flit,kalekundert,1,User
pypa/flit,ksunden,1,User
pypa/build,FFY00,303,User
pypa/build,henryiii,159,User
pypa/build,layday,150,User
pypa/build,pre-commit-ci[bot],137,Bot
pypa/build,gaborbernat,50,User
pypa/build,dependabot[bot],30,Bot
pypa/build,Julian,15,User
pypa/build,webknjaz,6,User
pypa/build,hugovk,4,User
pypa/build,hroncok,4,User
pypa/build,pradyunsg,4,User
pypa/build,pganssle,4,User
pypa/build,jugmac00,3,User
pypa/build,jaraco,3,User
pypa/build,abitrolly,3,User
pypa/build,hauntsaninja,2,Anonymous
pypa/build,uranusjr,2,User
pypa/build,hauntsaninja,2,User
pypa/build,radoering,2,User
pypa/build,pfmoore,2,User
pypa/build,mgorny,2,User
pypa/build,carlwgeorge,2,User
pypa/build,abravalheri,2,User
pypa/build,KOLANICH,1,User
pypa/build,EpicWink,1,User
pypa/build,markgras,1,User
pypa/build,mattip,1,User
pypa/build,MichaReiser,1,User
pypa/build,michael-k,1,User
pypa/build,SigureMo,1,User
pypa/build,IamRaviTejaG,1,User
pypa/build,stefanor,1,User
pypa/build,tjni,1,User
pypa/build,tacaswell,1,User
pypa/build,graingert,1,User
pypa/build,tusharsadhwani,1,User
pypa/build,wouterdb,1,User
pypa/build,yselkowitz,1,User
pypa/build,cafhach,1,User
pypa/build,93578237,1,User
pypa/build,adamchainz,1,User
pypa/build,atugushev,1,User
pypa/build,venthur,1,User
pypa/build,musicinmybrain,1,User
pypa/build,bfgray3,1,User
pypa/build,brettcannon,1,User
pypa/build,DimitriPapadopoulos,1,User
pypa/build,domdfcoding,1,User
pypa/build,dtrodrigues,1,User
pypa/build,edgarrmondragon,1,User
pypa/build,EdwardBetts,1,User
pypa/build,felixonmars,1,User
pypa/build,GianlucaFicarelli,1,User
pypa/build,jayaddison,1,User
pypa/build,jameshilliard,1,User
pypa/build,GasinAn,1,User
pypa/build,jmroot,1,User
pypa/hatch,ofek,845,User
pypa/hatch,dependabot[bot],22,Bot
pypa/hatch,cjames23,17,User
pypa/hatch,DimitriPapadopoulos,10,User
pypa/hatch,ischaojie,9,User
pypa/hatch,musicinmybrain,6,User
pypa/hatch,akx,5,User
pypa/hatch,maresb,5,User
pypa/hatch,oprypin,4,User
pypa/hatch,chaojie,4,Anonymous
pypa/hatch,henryiii,3,User
pypa/hatch,juftin,3,User
pypa/hatch,lwasser,3,User
pypa/hatch,flying-sheep,3,User
pypa/hatch,blink1073,3,User
pypa/hatch,valentinoli,3,User
pypa/hatch,vemonet,3,User
pypa/hatch,djcopley,3,User
pypa/hatch,edgarrmondragon,3,User
pypa/hatch,webknjaz,2,User
pypa/hatch,JP-Ellis,2,User
pypa/hatch,mhils,2,User
pypa/hatch,Wim-De-Clercq,2,User
pypa/hatch,RobertRosca,2,User
pypa/hatch,oscarmcm,2,User
pypa/hatch,olgarithms,2,User
pypa/hatch,cclauss,2,User
pypa/hatch,jameshilliard,2,User
pypa/hatch,matthewfeickert,2,User
pypa/hatch,chdemko,1,User
pypa/hatch,simonw,1,User
pypa/hatch,Grub4K,1,User
pypa/hatch,shikanime,1,User
pypa/hatch,scottcjt,1,User
pypa/hatch,rmorshea,1,User
pypa/hatch,amureki,1,User
pypa/hatch,RossBoylan,1,User
pypa/hatch,RonnyPfannschmidt,1,User
pypa/hatch,Rogdham,1,User
pypa/hatch,haxoza,1,User
pypa/hatch,Orkunnnn,1,User
pypa/hatch,MrNickArcher,1,User
pypa/hatch,ngoldbaum,1,User
pypa/hatch,Midnighter,1,User
pypa/hatch,yoerg,1,User
pypa/hatch,xuanzhi33,1,User
pypa/hatch,pr9000,1,User
pypa/hatch,p15r,1,User
pypa/hatch,hydrargyrum,1,User
pypa/hatch,dgw,1,User
pypa/hatch,dave-shawley,1,User
pypa/hatch,castalheiro,1,User
pypa/hatch,bernardcooke53,1,User
pypa/hatch,axel-kah,1,User
pypa/hatch,apatsekin,1,User
pypa/hatch,object-Object,1,User
pypa/hatch,whitphx,1,User
pypa/hatch,vmeurisse,1,User
pypa/hatch,viccie30,1,User
pypa/hatch,manzt,1,User
pypa/hatch,tehunter,1,User
pypa/hatch,krassowski,1,User
pypa/hatch,funkyfuture,1,User
pypa/hatch,FlavioAmurrioCS,1,User
pypa/hatch,eitanV81,1,User
pypa/hatch,dhdaines,1,User
pypa/hatch,notatallshaw,1,User
pypa/hatch,chbrown,1,User
pypa/hatch,cjmayo,1,User
pypa/hatch,charliermarsh,1,User
pypa/hatch,BryceStevenWilley,1,User
pypa/hatch,br3ndonland,1,User
pypa/hatch,branchv,1,User
pypa/hatch,basnijholt,1,User
pypa/hatch,warsaw,1,User
pypa/hatch,acuba001,1,User
pypa/hatch,AlexWaygood,1,User
pypa/hatch,tolmanam,1,User
pypa/hatch,mgorny,1,User
pypa/hatch,gotmax23,1,User
pypa/hatch,mattp-,1,User
pypa/hatch,waghanza,1,User
pypa/hatch,vrslev,1,User
pypa/hatch,kianmeng,1,User
pypa/hatch,holtkampjs,1,User
pypa/hatch,yyolk,1,User
pypa/hatch,jwodder,1,User
pypa/hatch,ashemedai,1,User
pypa/hatch,potiuk,1,User
pypa/hatch,jcgruenhage,1,User
pypa/hatch,JacobCoffee,1,User
pypa/hatch,hugovk,1,User
pypa/hatch,Hnasar,1,User
pypa/hatch,Godsmith,1,User
python-poetry/poetry,sdispater,1196,User
python-poetry/poetry,abn,473,User
python-poetry/poetry,radoering,359,User
python-poetry/poetry,dimbleby,211,User
python-poetry/poetry,finswimmer,190,User
python-poetry/poetry,neersighted,132,User
python-poetry/poetry,pre-commit-ci[bot],76,Bot
python-poetry/poetry,mkniewallner,62,User
python-poetry/poetry,Secrus,60,User
python-poetry/poetry,branchv,30,User
python-poetry/poetry,ralbertazzi,21,User
python-poetry/poetry,b-kamphorst,13,User
python-poetry/poetry,kasteph,13,User
python-poetry/poetry,cauebs,10,User
python-poetry/poetry,danieleades,10,User
python-poetry/poetry,trim21,7,User
python-poetry/poetry,chadac,6,User
python-poetry/poetry,johnthagen,6,User
python-poetry/poetry,Darsstar,6,User
python-poetry/poetry,DimitriPapadopoulos,6,User
python-poetry/poetry,ashnair1,6,User
python-poetry/poetry,adriangb,5,User
python-poetry/poetry,Caligatio,5,User
python-poetry/poetry,chriskuehl,5,User
python-poetry/poetry,hroncok,5,User
python-poetry/poetry,stinodego,5,User
python-poetry/poetry,dependabot[bot],5,Bot
python-poetry/poetry,brycedrennan,5,User
python-poetry/poetry,TheSven73,5,User
python-poetry/poetry,estyxx,5,User
python-poetry/poetry,fredrikaverpil,5,User
python-poetry/poetry,martin-kokos,5,User
python-poetry/poetry,KGB33,4,User
python-poetry/poetry,wagnerluis1982,4,User
python-poetry/poetry,bmarroquin,4,User
python-poetry/poetry,cereblanco,4,User
python-poetry/poetry,RaptDept,4,User
python-poetry/poetry,kinuax,4,User
python-poetry/poetry,maksbotan,4,User
python-poetry/poetry,colindean,3,User
python-poetry/poetry,deronnax,3,User
python-poetry/poetry,md384,3,User
python-poetry/poetry,seleem1337,3,User
python-poetry/poetry,sanders41,3,User
python-poetry/poetry,PetterS,3,User
python-poetry/poetry,rayandas,3,User
python-poetry/poetry,Popkornium18,3,User
python-poetry/poetry,tony,3,User
python-poetry/poetry,ttamg,3,User
python-poetry/poetry,Jamim,3,User
python-poetry/poetry,samypr100,3,User
python-poetry/poetry,yamagen0915,3,User
python-poetry/poetry,dmerejkowsky,3,User
python-poetry/poetry,evanrittenhouse,3,User
python-poetry/poetry,apollo13,3,User
python-poetry/poetry,danyeaw,3,User
python-poetry/poetry,Aearsears,3,User
python-poetry/poetry,Anselmoo,3,User
python-poetry/poetry,gtors,3,User
python-poetry/poetry,bradsbrown,3,User
python-poetry/poetry,dazza-codes,3,User
python-poetry/poetry,David Hotham,3,Anonymous
python-poetry/poetry,eyllanesc,3,User
python-poetry/poetry,eblume,3,User
python-poetry/poetry,frostming,3,User
python-poetry/poetry,gunungpw,3,User
python-poetry/poetry,jakob-keller,3,User
python-poetry/poetry,jelmer,3,User
python-poetry/poetry,ojii,3,User
python-poetry/poetry,Josh Guice,3,Anonymous
python-poetry/poetry,Konstantin Molchanov,3,Anonymous
python-poetry/poetry,kbakk,3,User
python-poetry/poetry,Mariatta,3,User
python-poetry/poetry,thatch,2,User
python-poetry/poetry,orf,2,User
python-poetry/poetry,tommilligan,2,User
python-poetry/poetry,tgolsson,2,User
python-poetry/poetry,YDX-2147483647,2,User
python-poetry/poetry,k4nar,2,User
python-poetry/poetry,zweger,2,User
python-poetry/poetry,onerandomusername,2,User
python-poetry/poetry,timgates42,2,User
python-poetry/poetry,hukkinj1,2,User
python-poetry/poetry,tadeoos,2,User
python-poetry/poetry,Savannah Ostrowski,2,Anonymous
python-poetry/poetry,savannahostrowski,2,User
python-poetry/poetry,rainyday,2,User
python-poetry/poetry,couling,2,User
python-poetry/poetry,nothing-991,2,User
python-poetry/poetry,edgarrmondragon,2,User
python-poetry/poetry,blueyed,2,User
python-poetry/poetry,rotu,2,User
python-poetry/poetry,yggi49,2,User
python-poetry/poetry,PabloEmidio,2,User
python-poetry/poetry,hoefling,2,User
python-poetry/poetry,johnslavik,2,User
python-poetry/poetry,Cypher1,2,User
python-poetry/poetry,lafrenierejm,2,User
python-poetry/poetry,KotlinIsland,2,User
python-poetry/poetry,jstacoder,2,User
python/typing_extensions,JelleZijlstra,156,User
python/typing_extensions,AlexWaygood,112,User
python/typing_extensions,srittau,29,User
python/typing_extensions,brianschubert,23,User
python/typing_extensions,Daraan,23,User
python/typing_extensions,ilevkivskyi,22,User
python/typing_extensions,hauntsaninja,10,User
python/typing_extensions,sobolevn,10,User
python/typing_extensions,Viicos,9,User
python/typing_extensions,dependabot[bot],7,Bot
python/typing_extensions,Fidget-Spinner,6,User
python/typing_extensions,cdce8p,5,User
python/typing_extensions,till-varoquaux,4,User
python/typing_extensions,pre-commit-ci[bot],4,Bot
python/typing_extensions,AA-Turner,4,User
python/typing_extensions,carljm,3,User
python/typing_extensions,east825,3,User
python/typing_extensions,donbarbos,3,User
python/typing_extensions,Gobot1234,3,User
python/typing_extensions,vemel,2,User
python/typing_extensions,mr-c,2,User
python/typing_extensions,Michael0x2a,2,User
python/typing_extensions,hegjon,2,User
python/typing_extensions,provinzkraut,2,User
python/typing_extensions,J-M0,2,User
python/typing_extensions,jstasiak,2,User
python/typing_extensions,gvanrossum,2,User
python/typing_extensions,GBeauregard,2,User
python/typing_extensions,chrismoradi,2,User
python/typing_extensions,Tinche,1,User
python/typing_extensions,nothing-much-coder,1,User
python/typing_extensions,stroxler,1,User
python/typing_extensions,sondrelg,1,User
python/typing_extensions,tiangolo,1,User
python/typing_extensions,obi1kenobi,1,User
python/typing_extensions,noelevans,1,User
python/typing_extensions,septatrix,1,User
python/typing_extensions,Nickatak,1,User
python/typing_extensions,NCPlayz,1,User
python/typing_extensions,MoshiBin,1,User
python/typing_extensions,hroncok,1,User
python/typing_extensions,adriangb,1,User
python/typing_extensions,tony,1,User
python/typing_extensions,XuehaiPan,1,User
python/typing_extensions,YouJiacheng,1,User
python/typing_extensions,uriyyo,1,User
python/typing_extensions,Zac-HD,1,User
python/typing_extensions,PIG208,1,User
python/typing_extensions,arthur-tacca,1,User
python/typing_extensions,crusaderky,1,User
python/typing_extensions,davfsa,1,User
python/typing_extensions,Jackenmen,1,User
python/typing_extensions,93578237,1,User
python/typing_extensions,wyattscarpenter,1,User
python/typing_extensions,AlexanderFarkas,1,User
python/typing_extensions,hamdanal,1,User
python/typing_extensions,avalentino,1,User
python/typing_extensions,BvB93,1,User
python/typing_extensions,CharString,1,User
python/typing_extensions,neutrinoceros,1,User
python/typing_extensions,d-k-bo,1,User
python/typing_extensions,dkraczkowski,1,User
python/typing_extensions,DetachHead,1,User
python/typing_extensions,domdfcoding,1,User
python/typing_extensions,djsutherland,1,User
python/typing_extensions,debonte,1,User
python/typing_extensions,erikwright,1,User
python/typing_extensions,Hnasar,1,User
python/typing_extensions,hugovk,1,User
python/typing_extensions,JanEricNitschke,1,User
python/typing_extensions,jorenham,1,User
python/typing_extensions,JosephSBoyle,1,User
python/typing_extensions,junkmd,1,User
python/typing_extensions,altendky,1,User
python/typing_extensions,HexDecimal,1,User
python/typing_extensions,mrkmndz,1,User
python/typing_extensions,dolfinus,1,User
python/typing_extensions,gcarq,1,User
typeshed-internal/stub_uploader,srittau,78,User
typeshed-internal/stub_uploader,Ivan Levkivskyi,26,Anonymous
typeshed-internal/stub_uploader,ilevkivskyi,26,User
typeshed-internal/stub_uploader,hauntsaninja,20,User
typeshed-internal/stub_uploader,JelleZijlstra,11,User
typeshed-internal/stub_uploader,Avasam,10,User
typeshed-internal/stub_uploader,AlexWaygood,8,User
typeshed-internal/stub_uploader,nipunn1313,7,User
typeshed-internal/stub_uploader,hamdanal,4,User
typeshed-internal/stub_uploader,sobolevn,4,User
typeshed-internal/stub_uploader,donbarbos,3,User
typeshed-internal/stub_uploader,Daverball,2,User
typeshed-internal/stub_uploader,cdce8p,2,User
typeshed-internal/stub_uploader,brianschubert,2,User
typeshed-internal/stub_uploader,adamtheturtle,1,User
typeshed-internal/stub_uploader,terceiro,1,User
typeshed-internal/stub_uploader,huynguyengl99,1,User
typeshed-internal/stub_uploader,ewjoachim,1,User
typeshed-internal/stub_uploader,nemacysts,1,User
typeshed-internal/stub_uploader,intgr,1,User
typeshed-internal/stub_uploader,mr-c,1,User
typeshed-internal/stub_uploader,RobbeSneyders,1,User
typeshed-internal/stub_uploader,Tatsh,1,User
typeshed-internal/stub_uploader,lev-blit,1,User
sphinx-doc/sphinx,tk0miya,9123,User
sphinx-doc/sphinx,birkenfeld,3499,User
sphinx-doc/sphinx,AA-Turner,1821,User
sphinx-doc/sphinx,jfbu,1494,User
sphinx-doc/sphinx,shimizukawa,895,User
sphinx-doc/sphinx,jakobandersen,584,User
sphinx-doc/sphinx,DasIch,224,User
sphinx-doc/sphinx,stephenfin,183,User
sphinx-doc/sphinx,lehmannro,140,User
sphinx-doc/sphinx,jacobmason,134,User
sphinx-doc/sphinx,TimKam,125,User
sphinx-doc/sphinx,jayaddison,121,User
sphinx-doc/sphinx,keewis,115,User
sphinx-doc/sphinx,jdufresne,112,User
sphinx-doc/sphinx,JonWaltman,110,User
sphinx-doc/sphinx,danieleades,102,User
sphinx-doc/sphinx,Roland Meister,102,Anonymous
sphinx-doc/sphinx,astrojuanlu,100,User
sphinx-doc/sphinx,dependabot[bot],99,Bot
sphinx-doc/sphinx,mitsuhiko,94,User
sphinx-doc/sphinx,mgeier,85,User
sphinx-doc/sphinx,mitya57,83,User
sphinx-doc/sphinx,shibukawa,79,User
sphinx-doc/sphinx,picnixz,74,User
sphinx-doc/sphinx,chrisjsewell,68,User
sphinx-doc/sphinx,adamtheturtle,68,User
sphinx-doc/sphinx,RobRuana,67,User
sphinx-doc/sphinx,pv,49,User
sphinx-doc/sphinx,timhoffm,46,User
sphinx-doc/sphinx,francoisfreitag,37,User
sphinx-doc/sphinx,marxin,37,User
sphinx-doc/sphinx,lmmx,35,User
sphinx-doc/sphinx,xuhdev,34,User
sphinx-doc/sphinx,DimitriPapadopoulos,32,User
sphinx-doc/sphinx,hugovk,31,User
sphinx-doc/sphinx,Nils Kattenbeck,30,Anonymous
sphinx-doc/sphinx,jbms,30,User
sphinx-doc/sphinx,eric-wieser,29,User
sphinx-doc/sphinx,shirou,28,User
sphinx-doc/sphinx,knzm,24,User
sphinx-doc/sphinx,cocoatomo,23,User
sphinx-doc/sphinx,blueyed,22,User
sphinx-doc/sphinx,woutdenolf,22,User
sphinx-doc/sphinx,Blendify,20,User
sphinx-doc/sphinx,tkoyama010,20,User
sphinx-doc/sphinx,swsnr,19,User
sphinx-doc/sphinx,igo95862,19,User
sphinx-doc/sphinx,JulienPalard,18,User
sphinx-doc/sphinx,Jellby,18,User
sphinx-doc/sphinx,EricFromCanada,18,User
sphinx-doc/sphinx,jamathews,16,User
sphinx-doc/sphinx,al45tair,15,User
sphinx-doc/sphinx,anntzer,15,User
sphinx-doc/sphinx,jschueller,15,User
sphinx-doc/sphinx,alex,14,User
sphinx-doc/sphinx,Andne,14,User
sphinx-doc/sphinx,larsoner,14,User
sphinx-doc/sphinx,Mark Summerfield,14,Anonymous
sphinx-doc/sphinx,pbudzyns,14,User
sphinx-doc/sphinx,github-actions[bot],14,Bot
sphinx-doc/sphinx,dham,14,User
sphinx-doc/sphinx,rffontenelle,13,User
sphinx-doc/sphinx,marco-buttu,13,User
sphinx-doc/sphinx,jwilk,12,User
sphinx-doc/sphinx,QuentinSoubeyran,12,User
sphinx-doc/sphinx,stsewd,12,User
sphinx-doc/sphinx,SilverRainZ,12,User
sphinx-doc/sphinx,mocobeta,12,User
sphinx-doc/sphinx,techtonik,12,User
sphinx-doc/sphinx,Gobot1234,11,User
sphinx-doc/sphinx,jklukas,11,User
sphinx-doc/sphinx,ericholscher,11,User
sphinx-doc/sphinx,choldgraf,11,User
sphinx-doc/sphinx,agjohnson,11,User
sphinx-doc/sphinx,uchida,11,User
sphinx-doc/sphinx,brechtm,10,User
sphinx-doc/sphinx,jpihl,10,User
sphinx-doc/sphinx,leonth,10,User
sphinx-doc/sphinx,geographika,10,User
sphinx-doc/sphinx,vedranmiletic,10,User
sphinx-doc/sphinx,ViktorHaag,9,User
sphinx-doc/sphinx,ghane,9,User
sphinx-doc/sphinx,jahn,9,User
sphinx-doc/sphinx,hoefling,9,User
sphinx-doc/sphinx,jnothman,9,User
sphinx-doc/sphinx,Ignacio Fdez. Galván,9,Anonymous
sphinx-doc/sphinx,hameerabbasi,9,User
sphinx-doc/sphinx,Christian Walch,9,Anonymous
sphinx-doc/sphinx,percious,9,User
sphinx-doc/sphinx,AWhetter,8,User
sphinx-doc/sphinx,kpnr,8,User
sphinx-doc/sphinx,doerwalter,8,User
sphinx-doc/sphinx,Cielquan,8,User
sphinx-doc/sphinx,ArthurFlag,8,User
sphinx-doc/sphinx,tpowers,8,Anonymous
sphinx-doc/sphinx,mxd4,8,Anonymous
sphinx-doc/sphinx,rneatherway,8,User
sphinx-doc/sphinx,n-peugnet,8,User
sphinx-doc/sphinx,cclauss,8,User
sphinx-doc/sphinx,Merry Bass,8,Anonymous
mkdocs/mkdocs,d0ugal,680,User
mkdocs/mkdocs,oprypin,427,User
mkdocs/mkdocs,waylan,287,User
mkdocs/mkdocs,lovelydinosaur,168,User
mkdocs/mkdocs,mondeja,25,User
mkdocs/mkdocs,mdio,23,User
mkdocs/mkdocs,coliff,16,User
mkdocs/mkdocs,ericholscher,15,User
mkdocs/mkdocs,ngzhian,15,User
mkdocs/mkdocs,ultrabug,15,User
mkdocs/mkdocs,squidfunk,14,User
mkdocs/mkdocs,sloria,12,User
mkdocs/mkdocs,jimporter,12,User
mkdocs/mkdocs,Hernrup,12,User
mkdocs/mkdocs,funkyfuture,11,User
mkdocs/mkdocs,dpy013,9,User
mkdocs/mkdocs,Sam Hatfield,8,Anonymous
mkdocs/mkdocs,pawamoy,8,User
mkdocs/mkdocs,ngash,7,User
mkdocs/mkdocs,mitya57,6,User
mkdocs/mkdocs,kaiix,6,User
mkdocs/mkdocs,zmousm,6,User
mkdocs/mkdocs,Yeray Diaz Diaz,6,Anonymous
mkdocs/mkdocs,ugocupcic,6,User
mkdocs/mkdocs,sampsyo,6,User
mkdocs/mkdocs,Jim Porter,5,Anonymous
mkdocs/mkdocs,trel,5,User
mkdocs/mkdocs,facelessuser,4,User
mkdocs/mkdocs,ebertti,4,User
mkdocs/mkdocs,alcesleo,4,Anonymous
mkdocs/mkdocs,styfle,4,User
mkdocs/mkdocs,SquareWaffles,4,User
mkdocs/mkdocs,jdufresne,4,User
mkdocs/mkdocs,jniggemann,4,User
mkdocs/mkdocs,Castro,4,Anonymous
mkdocs/mkdocs,edbrannin,4,User
mkdocs/mkdocs,pixelbrackets,3,User
mkdocs/mkdocs,Andre601,3,User
mkdocs/mkdocs,timvink,3,User
mkdocs/mkdocs,robinandeer,3,User
mkdocs/mkdocs,pfultz2,3,User
mkdocs/mkdocs,ofek,3,User
mkdocs/mkdocs,Maximilian Albert,3,Anonymous
mkdocs/mkdocs,dnrce,3,User
mkdocs/mkdocs,brianjking,3,User
mkdocs/mkdocs,AndyA13,3,User
mkdocs/mkdocs,Alexander Pánek,3,Anonymous
mkdocs/mkdocs,Rudloff,2,User
mkdocs/mkdocs,rkday,2,User
mkdocs/mkdocs,theskumar,2,User
mkdocs/mkdocs,smarie,2,User
mkdocs/mkdocs,zhaoterryy,2,User
mkdocs/mkdocs,timgates42,2,User
mkdocs/mkdocs,thombashi,2,User
mkdocs/mkdocs,brandongc,2,User
mkdocs/mkdocs,pcgaustad,2,User
mkdocs/mkdocs,lorengordon,2,User
mkdocs/mkdocs,kylegregory,2,User
mkdocs/mkdocs,pquentin,2,User
mkdocs/mkdocs,razorblack,2,User
mkdocs/mkdocs,fmaida,2,User
mkdocs/mkdocs,gh640,2,User
mkdocs/mkdocs,itamaro,2,User
mkdocs/mkdocs,cazzerson,2,User
mkdocs/mkdocs,Javier Tia,2,Anonymous
mkdocs/mkdocs,Jimmy Börjesson,2,Anonymous
mkdocs/mkdocs,JordanCheney,2,User
mkdocs/mkdocs,Sparticuz,2,User
mkdocs/mkdocs,pascalberger,2,User
mkdocs/mkdocs,major,2,User
mkdocs/mkdocs,peymanr34,2,User
mkdocs/mkdocs,PissedCapslock,1,User
mkdocs/mkdocs,robertogerson,1,User
mkdocs/mkdocs,rlabrecque,1,User
mkdocs/mkdocs,RandallKent,1,User
mkdocs/mkdocs,fortierq,1,User
mkdocs/mkdocs,prayagverma,1,User
mkdocs/mkdocs,Pradyun,1,Anonymous
mkdocs/mkdocs,PoojaChandak,1,User
mkdocs/mkdocs,cpcloud,1,User
mkdocs/mkdocs,Philippe Ivaldi,1,Anonymous
mkdocs/mkdocs,nicoddemus,1,User
mkdocs/mkdocs,ronaldevers,1,User
mkdocs/mkdocs,ronzulu,1,User
mkdocs/mkdocs,RussellTaylor83,1,User
mkdocs/mkdocs,Ryan Neufeld,1,Anonymous
mkdocs/mkdocs,saintmalik,1,User
mkdocs/mkdocs,Salar Nosrati-Ershad,1,Anonymous
mkdocs/mkdocs,Sam Thursfield,1,Anonymous
mkdocs/mkdocs,samuelcolvin,1,User
mkdocs/mkdocs,stsewd,1,User
mkdocs/mkdocs,Saurabh Kumar,1,Anonymous
mkdocs/mkdocs,antiultracrepidarianism,1,User
mkdocs/mkdocs,Sea-n,1,User
mkdocs/mkdocs,mderu,1,User
mkdocs/mkdocs,mandel01,1,User
mkdocs/mkdocs,mvdkleijn,1,User
mkdocs/mkdocs,m15o,1,User
mkdocs/mkdocs,UnsolvedCypher,1,User
mkdocs/mkdocs,mschmo,1,User
squidfunk/mkdocs-material,squidfunk,5234,User
squidfunk/mkdocs-material,dependabot-preview[bot],505,Bot
squidfunk/mkdocs-material,dependabot-support,99,User
squidfunk/mkdocs-material,greenkeeper[bot],48,Bot
squidfunk/mkdocs-material,katharinalisalin,48,User
squidfunk/mkdocs-material,dependabot[bot],43,Bot
squidfunk/mkdocs-material,coliff,31,User
squidfunk/mkdocs-material,kamilkrzyskow,29,User
squidfunk/mkdocs-material,alexvoss,28,User
squidfunk/mkdocs-material,sisp,27,User
squidfunk/mkdocs-material,Stanzilla,21,User
squidfunk/mkdocs-material,facelessuser,18,User
squidfunk/mkdocs-material,timvink,15,User
squidfunk/mkdocs-material,niclasheinz,14,User
squidfunk/mkdocs-material,XhmikosR,13,User
squidfunk/mkdocs-material,ofek,12,User
squidfunk/mkdocs-material,Andre601,12,User
squidfunk/mkdocs-material,oprypin,11,User
squidfunk/mkdocs-material,brendo,10,User
squidfunk/mkdocs-material,iBug,9,User
squidfunk/mkdocs-material,vedranmiletic,9,User
squidfunk/mkdocs-material,pawamoy,9,User
squidfunk/mkdocs-material,ojacques,8,User
squidfunk/mkdocs-material,TetraTheta,7,User
squidfunk/mkdocs-material,crazy-max,7,User
squidfunk/mkdocs-material,cxlwill,7,User
squidfunk/mkdocs-material,mendax1234,6,User
squidfunk/mkdocs-material,jonas,6,User
squidfunk/mkdocs-material,nejch,6,User
squidfunk/mkdocs-material,SimonMarquis,6,User
squidfunk/mkdocs-material,majkinetor,5,User
squidfunk/mkdocs-material,Pranam,5,Anonymous
squidfunk/mkdocs-material,perpil,4,User
squidfunk/mkdocs-material,hellt,4,User
squidfunk/mkdocs-material,mschoettle,4,User
squidfunk/mkdocs-material,martinbira,4,User
squidfunk/mkdocs-material,mvertes,4,User
squidfunk/mkdocs-material,kcgthb,4,User
squidfunk/mkdocs-material,ilyagr,4,User
squidfunk/mkdocs-material,polarathene,4,User
squidfunk/mkdocs-material,Elvander,3,User
squidfunk/mkdocs-material,yubiuser,3,User
squidfunk/mkdocs-material,nicfv,3,Anonymous
squidfunk/mkdocs-material,johnthagen,3,User
squidfunk/mkdocs-material,tersor,3,User
squidfunk/mkdocs-material,RDIL,3,User
squidfunk/mkdocs-material,jasonren0403,3,User
squidfunk/mkdocs-material,jk4e,3,User
squidfunk/mkdocs-material,FredZinelli,3,User
squidfunk/mkdocs-material,David Freire,3,Anonymous
squidfunk/mkdocs-material,croesus,3,User
squidfunk/mkdocs-material,userbradley,3,User
squidfunk/mkdocs-material,blueswen,3,User
squidfunk/mkdocs-material,timpharo,2,User
squidfunk/mkdocs-material,stevemar,2,User
squidfunk/mkdocs-material,shuzhouliu,2,User
squidfunk/mkdocs-material,robingenz,2,User
squidfunk/mkdocs-material,rammba,2,User
squidfunk/mkdocs-material,rachel-rigdon-sp,2,User
squidfunk/mkdocs-material,ovasquez,2,User
squidfunk/mkdocs-material,brocaar,2,User
squidfunk/mkdocs-material,oddcb,2,User
squidfunk/mkdocs-material,fenik17,2,User
squidfunk/mkdocs-material,lgeiger,2,User
squidfunk/mkdocs-material,letian-w,2,User
squidfunk/mkdocs-material,Aqours,2,User
squidfunk/mkdocs-material,todeveni,2,User
squidfunk/mkdocs-material,uschmidt83,2,User
squidfunk/mkdocs-material,netoht,2,User
squidfunk/mkdocs-material,Writeup,2,Anonymous
squidfunk/mkdocs-material,arterm-sedov,2,User
squidfunk/mkdocs-material,mondeja,2,User
squidfunk/mkdocs-material,jairbubbles,2,User
squidfunk/mkdocs-material,michael-nok,2,User
squidfunk/mkdocs-material,joshuaavalon,2,User
squidfunk/mkdocs-material,vorburger,2,User
squidfunk/mkdocs-material,orobardet,2,User
squidfunk/mkdocs-material,cubranic,2,User
squidfunk/mkdocs-material,akiicat,2,User
squidfunk/mkdocs-material,alina-derkach-oaza,2,User
squidfunk/mkdocs-material,alkisg,2,User
squidfunk/mkdocs-material,AnaisUrlichs,2,User
squidfunk/mkdocs-material,aborruso,2,User
squidfunk/mkdocs-material,AdrianoKF,2,User
squidfunk/mkdocs-material,adhadse,2,User
squidfunk/mkdocs-material,bentleycook,2,User
squidfunk/mkdocs-material,ChrisMayfield,2,User
squidfunk/mkdocs-material,Commandcracker,2,User
squidfunk/mkdocs-material,DanielHabenicht,2,User
squidfunk/mkdocs-material,Vegebutcher,2,User
squidfunk/mkdocs-material,Deborah,2,Anonymous
squidfunk/mkdocs-material,tealgreen0503,2,User
squidfunk/mkdocs-material,Guts,2,User
squidfunk/mkdocs-material,yanyongyu,2,User
squidfunk/mkdocs-material,javierobcn,2,User
squidfunk/mkdocs-material,jfix,2,User
squidfunk/mkdocs-material,kgoossens,2,User
squidfunk/mkdocs-material,EdouardThiel,2,User
squidfunk/mkdocs-material,FrancoisCapon,2,User
squidfunk/mkdocs-material,garrettheel,2,User
graphql-python/gql,leszekhanusz,248,User
graphql-python/gql,Cito,33,User
graphql-python/gql,syrusakbary,28,User
graphql-python/gql,ekampf,14,User
graphql-python/gql,KingDarBoja,10,User
graphql-python/gql,artofhuman,3,User
graphql-python/gql,itolosa,2,User
graphql-python/gql,JBrVJxsc,2,User
graphql-python/gql,bollwyvl,2,User
graphql-python/gql,mss,2,User
graphql-python/gql,kasbaker,2,User
graphql-python/gql,connorbrinton,2,User
graphql-python/gql,stegben,1,User
graphql-python/gql,pzingg,1,User
graphql-python/gql,pawelrubin,1,User
graphql-python/gql,pkucmus,1,User
graphql-python/gql,pvanderlinden,1,User
graphql-python/gql,phdesign,1,User
graphql-python/gql,Michael Ossareh,1,Anonymous
graphql-python/gql,mmmeeedddsss,1,User
graphql-python/gql,mvanlonden,1,User
graphql-python/gql,cybniv,1,User
graphql-python/gql,magicmark,1,User
graphql-python/gql,cdce8p,1,User
graphql-python/gql,0xTiger,1,User
graphql-python/gql,rahul-gj,1,User
graphql-python/gql,nocnokneo,1,User
graphql-python/gql,sneko,1,User
graphql-python/gql,waltherlee,1,User
graphql-python/gql,wilbertom,1,User
graphql-python/gql,willfrey,1,User
graphql-python/gql,MonsieurV,1,User
graphql-python/gql,anibalsolon,1,User
graphql-python/gql,joricht,1,User
graphql-python/gql,mirkan1,1,User
graphql-python/gql,ma-pony,1,User
graphql-python/gql,sondalex,1,User
graphql-python/gql,tlowery-scwx,1,User
graphql-python/gql,abhishek-12355,1,User
graphql-python/gql,a-detiste,1,User
graphql-python/gql,leruaa,1,User
graphql-python/gql,borgstrom,1,User
graphql-python/gql,chadfurman,1,User
graphql-python/gql,bertonha,1,User
graphql-python/gql,DENKweit,1,User
graphql-python/gql,anisov,1,User
graphql-python/gql,extrin,1,User
graphql-python/gql,Enimalojd,1,User
graphql-python/gql,fclairamb,1,User
graphql-python/gql,Florent Clairambault,1,Anonymous
graphql-python/gql,gz101,1,User
graphql-python/gql,gdalmau,1,User
graphql-python/gql,HayaoSuzuki,1,User
graphql-python/gql,helderco,1,User
graphql-python/gql,Calinou,1,User
graphql-python/gql,beruic,1,User
graphql-python/gql,joaufi,1,User
graphql-python/gql,JLLeitschuh,1,User
graphql-python/gql,apple314159,1,User
graphql-python/gql,jsbroks,1,User
graphql-python/gql,tirkarthi,1,User
graphql-python/gql,gigitux,1,User
graphql-python/gql,luketaverne,1,User
mitmproxy/pdoc,mhils,667,User
mitmproxy/pdoc,BurntSushi,162,User
mitmproxy/pdoc,dependabot[bot],97,Bot
mitmproxy/pdoc,cortesi,48,User
mitmproxy/pdoc,ecederstrand,12,User
mitmproxy/pdoc,pdoc release bot,8,Anonymous
mitmproxy/pdoc,mrossinek,8,User
mitmproxy/pdoc,joubs,7,User
mitmproxy/pdoc,kernc,5,User
mitmproxy/pdoc,Hibou57,5,User
mitmproxy/pdoc,zmoon,5,User
mitmproxy/pdoc,autofix-ci[bot],4,Bot
mitmproxy/pdoc,jinnovation,4,User
mitmproxy/pdoc,iFreilicht,4,User
mitmproxy/pdoc,Andrew Gallant,4,Anonymous
mitmproxy/pdoc,EKC (Erik Cederstrand),3,Anonymous
mitmproxy/pdoc,jvantuyl,3,User
mitmproxy/pdoc,knadh,3,User
mitmproxy/pdoc,kchmck,3,User
mitmproxy/pdoc,vsajip,3,User
mitmproxy/pdoc,tmeyier,3,User
mitmproxy/pdoc,Crozzers,3,User
mitmproxy/pdoc,sitic,2,User
mitmproxy/pdoc,cclauss,2,Anonymous
mitmproxy/pdoc,Kriechi,2,User
mitmproxy/pdoc,BoboTiG,2,User
mitmproxy/pdoc,jstriebel,2,User
mitmproxy/pdoc,jasonb-vbt,2,User
mitmproxy/pdoc,IAlwaysBeCoding,2,User
mitmproxy/pdoc,denised,2,User
mitmproxy/pdoc,jacksund,1,User
mitmproxy/pdoc,jbrunton96,1,User
mitmproxy/pdoc,f3ndot,1,User
mitmproxy/pdoc,mhirota-impinj,1,User
mitmproxy/pdoc,CodeMelted,1,User
mitmproxy/pdoc,meghprkh,1,User
mitmproxy/pdoc,mikkelakromann,1,User
mitmproxy/pdoc,nathanthorpe,1,User
mitmproxy/pdoc,Olexandr88,1,User
mitmproxy/pdoc,pieterb,1,User
mitmproxy/pdoc,Steve-Tech,1,User
mitmproxy/pdoc,ntamas,1,User
mitmproxy/pdoc,timgates42,1,User
mitmproxy/pdoc,tobiscode,1,User
mitmproxy/pdoc,earshinov,1,User
mitmproxy/pdoc,eladyn,1,User
mitmproxy/pdoc,sjpb,1,User
mitmproxy/pdoc,thehappycheese,1,User
mitmproxy/pdoc,aleksslitvinovs,1,User
mitmproxy/pdoc,a-detiste,1,User
mitmproxy/pdoc,avhz,1,User
mitmproxy/pdoc,andyabateagility,1,User
mitmproxy/pdoc,Arkelis,1,User
mitmproxy/pdoc,Austin Howard,1,Anonymous
mitmproxy/pdoc,bryantf-elucid,1,User
mitmproxy/pdoc,veghdev,1,User
mitmproxy/pdoc,Domi04151309,1,User
mitmproxy/pdoc,adhintz,1,User
mitmproxy/pdoc,Elias Gabriel,1,Anonymous
mitmproxy/pdoc,elliot-100,1,User
mitmproxy/pdoc,ErikDeSmedt,1,User
mitmproxy/pdoc,razor-x,1,User
mitmproxy/pdoc,frankharkins,1,User
mitmproxy/pdoc,GrammAcc,1,User
mitmproxy/pdoc,ionelmc,1,User
mitmproxy/pdoc,JCGoran,1,User
indygreg/python-zstandard,indygreg,1420,User
indygreg/python-zstandard,glandium,27,User
indygreg/python-zstandard,terrelln,6,User
indygreg/python-zstandard,clin1234,4,User
indygreg/python-zstandard,mgorny,3,User
indygreg/python-zstandard,ngoldbaum,3,User
indygreg/python-zstandard,KOLANICH,3,User
indygreg/python-zstandard,talkaminker,2,User
indygreg/python-zstandard,vstinner,2,User
indygreg/python-zstandard,rmax,2,User
indygreg/python-zstandard,maxnoe,2,User
indygreg/python-zstandard,mhils,2,User
indygreg/python-zstandard,spectral54,2,User
indygreg/python-zstandard,rathann,2,User
indygreg/python-zstandard,PierreF,1,User
indygreg/python-zstandard,Rodrigo Zhou,1,Anonymous
indygreg/python-zstandard,swehner,1,User
indygreg/python-zstandard,tprrt,1,User
indygreg/python-zstandard,thrasibule,1,User
indygreg/python-zstandard,TizianoPerrucci,1,User
indygreg/python-zstandard,georgthegreat,1,User
indygreg/python-zstandard,yuja,1,User
indygreg/python-zstandard,bisho,1,User
indygreg/python-zstandard,bra-fsn,1,User
indygreg/python-zstandard,hauntsaninja,1,User
indygreg/python-zstandard,klensy,1,User
indygreg/python-zstandard,Greenie0701,1,User
indygreg/python-zstandard,odidev,1,User
indygreg/python-zstandard,rungeard,1,User
indygreg/python-zstandard,ydidwania,1,User
indygreg/python-zstandard,encukou,1,User
indygreg/python-zstandard,Ms2ger,1,User
indygreg/python-zstandard,Mike Hommey,1,Anonymous
indygreg/python-zstandard,thewtex,1,User
indygreg/python-zstandard,jugmac00,1,User
indygreg/python-zstandard,jcristau,1,User
indygreg/python-zstandard,jonashaag,1,User
indygreg/python-zstandard,jimkring,1,User
indygreg/python-zstandard,eli-b,1,User
indygreg/python-zstandard,dimbleby,1,User
indygreg/python-zstandard,dbnicholson,1,User
indygreg/python-zstandard,TheNeuralBit,1,User
indygreg/python-zstandard,brad0,1,User
indygreg/python-zstandard,bmwiedemann,1,User
indygreg/python-zstandard,underyx,1,User
google/brotli,eustas,602,User
google/brotli,szabadka,378,User
google/brotli,Cosimo Lupo,62,Anonymous
google/brotli,copybara-github,51,User
google/brotli,dependabot[bot],33,Bot
google/brotli,lvandeve,28,User
google/brotli,dsnet,26,User
google/brotli,nicksay,18,User
google/brotli,nemequ,14,User
google/brotli,fred-wang,13,User
google/brotli,ende76,8,User
google/brotli,PiotrSikora,6,User
google/brotli,stephenkyle-ARM,6,User
google/brotli,gorloffslava,5,User
google/brotli,heshpdx,5,User
google/brotli,Zip753,5,User
google/brotli,domysh,5,User
google/brotli,BwL1289,5,User
google/brotli,cclauss,4,User
google/brotli,khaledhosny,4,User
google/brotli,robryk,4,User
google/brotli,anthrotype,4,User
google/brotli,Greenie0701,3,User
google/brotli,hyperxpro,3,User
google/brotli,rsheeter,3,User
google/brotli,rojkov,2,User
google/brotli,Cycloctane,2,User
google/brotli,jyrkialakuijala,2,User
google/brotli,rockdaboot,2,User
google/brotli,trofi,2,User
google/brotli,aperezdc,2,User
google/brotli,radarhere,2,User
google/brotli,Sp1l,2,User
google/brotli,TocarIP,2,User
google/brotli,mdejong,2,User
google/brotli,sebmarchand,2,User
google/brotli,ryandesign,2,User
google/brotli,cherinyy,1,User
google/brotli,sullis,1,User
google/brotli,robinwatts,1,User
google/brotli,hughsie,1,User
google/brotli,tavrez,1,User
google/brotli,ahorek,1,User
google/brotli,paulvollmer,1,User
google/brotli,OZ1,1,User
google/brotli,nigoroll,1,User
google/brotli,the-moisrex,1,User
google/brotli,Chocobo1,1,User
google/brotli,michal-josef-spacek,1,User
google/brotli,hoisie,1,User
google/brotli,nstepien,1,User
google/brotli,maxnordlund,1,User
google/brotli,martin-g,1,User
google/brotli,Marco Scardovi,1,Anonymous
google/brotli,karpinski,1,User
google/brotli,lukaso,1,User
google/brotli,Leo Neat,1,Anonymous
google/brotli,kmosiejczuk,1,User
google/brotli,zhongfly,1,User
google/brotli,shenglei10,1,User
google/brotli,marianopeck,1,User
google/brotli,jneb,1,User
google/brotli,fisherwky,1,User
google/brotli,davidlt,1,User
google/brotli,chad-iris,1,Anonymous
google/brotli,akazwz,1,User
google/brotli,agrieve,1,User
google/brotli,aborg-dev,1,User
google/brotli,loongson-zn,1,User
google/brotli,wkennington,1,User
google/brotli,tpopela,1,User
google/brotli,kloczek,1,User
google/brotli,thinred,1,User
google/brotli,thosakwe,1,User
google/brotli,timgates42,1,User
google/brotli,fischbacher,1,User
google/brotli,sylvestre,1,User
google/brotli,bodewig,1,User
google/brotli,SpaceIm,1,User
google/brotli,jedisct1,1,User
google/brotli,1100101,1,User
google/brotli,fhanau,1,User
google/brotli,Evgenii Kliuchnikov,1,Anonymous
google/brotli,Exagone313,1,User
google/brotli,dominikhlbg,1,User
google/brotli,mitya57,1,User
google/brotli,dlemstra,1,User
google/brotli,Denys Tsomenko,1,Anonymous
google/brotli,dloebl,1,User
google/brotli,chylex,1,User
google/brotli,axnsan12,1,User
google/brotli,schroederc,1,User
google/brotli,saucecontrol,1,User
google/brotli,catenacyber,1,User
google/brotli,AronParker,1,User
google/brotli,madebr,1,User
google/brotli,deining,1,User
google/brotli,ammaraskar,1,User
google/brotli,SaveTheRbtz,1,User
google/brotli,RaMdsC,1,User
mirumee/ariadne,rafalp,1071,User
mirumee/ariadne,dependabot[bot],96,Bot
mirumee/ariadne,dependabot-preview[bot],67,Bot
mirumee/ariadne,patrys,45,User
mirumee/ariadne,bogdal,44,User
mirumee/ariadne,0x1ee7,38,User
mirumee/ariadne,JakubDraganek,36,User
mirumee/ariadne,kuchichan,30,Anonymous
mirumee/ariadne,Home,21,Anonymous
mirumee/ariadne,DamianCzajkowski,16,User
mirumee/ariadne,nikordaris,15,User
mirumee/ariadne,KarolJagodzinski,13,User
mirumee/ariadne,kubaklimas,13,User
mirumee/ariadne,delyanr,11,User
mirumee/ariadne,smaaland,11,User
mirumee/ariadne,Fernando Soares,9,Anonymous
mirumee/ariadne,tkamenoko,8,User
mirumee/ariadne,soares-fernando,7,User
mirumee/ariadne,drice,6,User
mirumee/ariadne,mtlemilio,6,User
mirumee/ariadne,reallistic,5,User
mirumee/ariadne,Kwaidan00,5,User
mirumee/ariadne,brianschrader,4,Anonymous
mirumee/ariadne,mociepka,4,User
mirumee/ariadne,pigletto,4,User
mirumee/ariadne,cancan101,3,User
mirumee/ariadne,bmustiata,3,User
mirumee/ariadne,pylipp,3,User
mirumee/ariadne,pkucmus,3,User
mirumee/ariadne,Robert Myers,3,Anonymous
mirumee/ariadne,nils,3,Anonymous
mirumee/ariadne,gdalmau,3,User
mirumee/ariadne,markedwards,2,User
mirumee/ariadne,derenio,2,User
mirumee/ariadne,Nilan Saha,2,Anonymous
mirumee/ariadne,NyanKiyoshi,2,Anonymous
mirumee/ariadne,iafilin,2,Anonymous
mirumee/ariadne,BenMotz,2,User
mirumee/ariadne,j-riebe,2,User
mirumee/ariadne,whiskybar,2,User
mirumee/ariadne,akjanik,2,User
mirumee/ariadne,A-Dudek,2,User
mirumee/ariadne,AjmalPonneth,2,User
mirumee/ariadne,a-rhote,2,User
mirumee/ariadne,Mainian,2,User
mirumee/ariadne,jrast,2,User
mirumee/ariadne,itamar82,2,User
mirumee/ariadne,moonflare,2,User
mirumee/ariadne,salwator,1,User
mirumee/ariadne,jwm0,1,User
mirumee/ariadne,yurihs,1,User
mirumee/ariadne,juansedo,1,User
mirumee/ariadne,Minister944,1,User
mirumee/ariadne,kissgyorgy,1,User
mirumee/ariadne,lleadbet,1,User
mirumee/ariadne,Pacu2,1,User
mirumee/ariadne,przlada,1,User
mirumee/ariadne,Rafal Piton,1,Anonymous
mirumee/ariadne,ciscorn,1,User
mirumee/ariadne,lovelydinosaur,1,User
mirumee/ariadne,iOn-cpp,1,User
mirumee/ariadne,minghuadev,1,User
mirumee/ariadne,vmarkovtsev,1,User
mirumee/ariadne,yezz123,1,User
mirumee/ariadne,dkbarn,1,User
mirumee/ariadne,kaktus42,1,User
mirumee/ariadne,mgradalska,1,User
mirumee/ariadne,AdemOdza,1,User
mirumee/ariadne,ajhyndman,1,User
mirumee/ariadne,kravnaut,1,User
mirumee/ariadne,antoni-szych-rtbhouse,1,User
mirumee/ariadne,anukaal,1,User
mirumee/ariadne,artursmet,1,User
mirumee/ariadne,bartenra,1,User
mirumee/ariadne,Sonictherocketman,1,User
mirumee/ariadne,caladd,1,User
mirumee/ariadne,commandtab,1,User
mirumee/ariadne,danplischke,1,User
mirumee/ariadne,danring,1,User
mirumee/ariadne,dacevedo12,1,User
mirumee/ariadne,singingwolfboy,1,User
mirumee/ariadne,davlee1972,1,User
mirumee/ariadne,nogates,1,User
mirumee/ariadne,seaworn,1,User
mirumee/ariadne,fabiangfd,1,User
mirumee/ariadne,Fedir Zadniprovskyi,1,Anonymous
mirumee/ariadne,jherencia,1,User
jawah/charset_normalizer,Ousret,320,User
jawah/charset_normalizer,dependabot[bot],207,Bot
jawah/charset_normalizer,Ahmed TAHRI,97,Anonymous
jawah/charset_normalizer,TAHRI Ahmed R,80,Anonymous
jawah/charset_normalizer,adbar,4,User
jawah/charset_normalizer,deedy5,3,User
jawah/charset_normalizer,akx,2,User
jawah/charset_normalizer,edgarrmondragon,1,User
jawah/charset_normalizer,FantasqueX,1,User
jawah/charset_normalizer,Hellseher,1,User
jawah/charset_normalizer,hugovk,1,User
jawah/charset_normalizer,jayvdb,1,User
jawah/charset_normalizer,kianmeng,1,User
jawah/charset_normalizer,leon-anavi,1,User
jawah/charset_normalizer,frenzymadness,1,User
jawah/charset_normalizer,Carreau,1,User
jawah/charset_normalizer,nijel,1,User
jawah/charset_normalizer,nmaynes,1,User
jawah/charset_normalizer,oleksandr-kuzmenko,1,User
jawah/charset_normalizer,PythonCoderAS,1,User
jawah/charset_normalizer,step-security-bot,1,User
jawah/charset_normalizer,BLKSerene,1,User
jawah/charset_normalizer,aleksandernovikov,1,User
jawah/charset_normalizer,pinterior,1,User
uqfoundation/multiprocess,mmckerns,456,User
uqfoundation/multiprocess,dependabot[bot],14,Bot
uqfoundation/multiprocess,smurfix,2,User
uqfoundation/multiprocess,LuAPi,2,User
uqfoundation/multiprocess,geofft,1,User
uqfoundation/multiprocess,hugovk,1,User
uqfoundation/multiprocess,befeleme,1,User
uqfoundation/multiprocess,mgorny,1,User
uqfoundation/multiprocess,Roy Hvaara,1,Anonymous
uqfoundation/multiprocess,wesinator,1,User
giampaolo/psutil,giampaolo,5604,User
giampaolo/psutil,jloden,244,User
giampaolo/psutil,0-wiz-0,56,User
giampaolo/psutil,landryb,41,User
giampaolo/psutil,Arnon Yaari,31,Anonymous
giampaolo/psutil,mayeut,28,User
giampaolo/psutil,himanshub16,22,User
giampaolo/psutil,mrjefftang,18,User
giampaolo/psutil,jomann09,17,User
giampaolo/psutil,ddaeschler,17,User
giampaolo/psutil,wiggin15,13,User
giampaolo/psutil,jdufresne,13,User
giampaolo/psutil,Frank Benkstein,13,Anonymous
giampaolo/psutil,embray,11,User
giampaolo/psutil,daveregs,9,Anonymous
giampaolo/psutil,lysnikolaou,8,User
giampaolo/psutil,mindw,7,User
giampaolo/psutil,yanraber,7,Anonymous
giampaolo/psutil,EricRahm,7,User
giampaolo/psutil,alxchk,6,User
giampaolo/psutil,maxbelanger,6,User
giampaolo/psutil,wiggin15,6,Anonymous
giampaolo/psutil,whitlockjc,6,User
giampaolo/psutil,amanusk,6,User
giampaolo/psutil,mtelka,5,User
giampaolo/psutil,ben9923,4,User
giampaolo/psutil,hroncok,4,User
giampaolo/psutil,sebrestin,4,User
giampaolo/psutil,jcscoobyrs,4,Anonymous
giampaolo/psutil,justeph,4,User
giampaolo/psutil,Adrian Page,3,Anonymous
giampaolo/psutil,SteveMoto,3,User
giampaolo/psutil,spacewander,3,User
giampaolo/psutil,user,3,Anonymous
giampaolo/psutil,ammaraskar,3,User
giampaolo/psutil,dimbleby,3,User
giampaolo/psutil,XuehaiPan,3,User
giampaolo/psutil,tijko,3,User
giampaolo/psutil,alexanha,3,User
giampaolo/psutil,grobian,3,User
giampaolo/psutil,glebius,3,User
giampaolo/psutil,hugovk,3,User
giampaolo/psutil,prlw1,3,User
giampaolo/psutil,krytarowski,3,User
giampaolo/psutil,mgorny,3,User
giampaolo/psutil,ryoon,2,User
giampaolo/psutil,colesbury,2,User
giampaolo/psutil,Shreedhar Hardikar,2,Anonymous
giampaolo/psutil,zooba,2,User
giampaolo/psutil,timgates42,2,User
giampaolo/psutil,ygingras,2,User
giampaolo/psutil,airekans,2,User
giampaolo/psutil,aristocratos,2,User
giampaolo/psutil,cuishuang,2,User
giampaolo/psutil,ewedlund,2,User
giampaolo/psutil,sk6249,2,User
giampaolo/psutil,sylvainduchesne,2,User
giampaolo/psutil,vser1,2,User
giampaolo/psutil,ryandesign,2,User
giampaolo/psutil,arossert,2,User
giampaolo/psutil,anthonyryan1,2,User
giampaolo/psutil,klightspeed,2,User
giampaolo/psutil,cjbassi,2,User
giampaolo/psutil,dbwiddis,2,User
giampaolo/psutil,davidbrochart,2,User
giampaolo/psutil,EccoTheFlintstone,2,User
giampaolo/psutil,evgeni,2,User
giampaolo/psutil,Czaki,2,User
giampaolo/psutil,igeorgievsky,2,User
giampaolo/psutil,Jeremy Humble,2,Anonymous
giampaolo/psutil,Karthikkumar Namasivayam,2,Anonymous
giampaolo/psutil,kianmeng,2,User
giampaolo/psutil,ofek,2,User
giampaolo/psutil,sunpoet,2,User
giampaolo/psutil,ret2libc,2,User
giampaolo/psutil,seanfisk,1,User
giampaolo/psutil,enckse,1,User
giampaolo/psutil,samertm,1,User
giampaolo/psutil,ilius,1,User
giampaolo/psutil,xrmx,1,User
giampaolo/psutil,ReenigneArcher,1,User
giampaolo/psutil,Prodesire,1,User
giampaolo/psutil,pdworzynski,1,User
giampaolo/psutil,marcinkuzminski,1,User
giampaolo/psutil,ssaip,1,User
giampaolo/psutil,Serge Voilokov,1,Anonymous
giampaolo/psutil,barracuda156,1,User
giampaolo/psutil,sethp-jive,1,User
giampaolo/psutil,shanman190,1,User
giampaolo/psutil,simbafl,1,User
giampaolo/psutil,snooppr,1,User
giampaolo/psutil,syohex,1,User
giampaolo/psutil,bolaum,1,User
giampaolo/psutil,thijstriemstra,1,User
giampaolo/psutil,masselstine,1,User
giampaolo/psutil,mpderbec,1,User
giampaolo/psutil,matray,1,User
giampaolo/psutil,Shortfinga,1,User
giampaolo/psutil,maynk27,1,User
giampaolo/psutil,mnxoid,1,User
cloudpipe/cloudpickle,ogrisel,142,User
cloudpipe/cloudpickle,pierreglaser,69,User
cloudpipe/cloudpickle,rgbkrk,54,User
cloudpipe/cloudpickle,pitrou,36,User
cloudpipe/cloudpickle,Joe Jevnik,17,Anonymous
cloudpipe/cloudpickle,Scott Sanderson,13,Anonymous
cloudpipe/cloudpickle,ygravrand,12,User
cloudpipe/cloudpickle,jrbourbeau,10,User
cloudpipe/cloudpickle,tomMoral,8,User
cloudpipe/cloudpickle,HyukjinKwon,8,User
cloudpipe/cloudpickle,Steven De Gryze,7,Anonymous
cloudpipe/cloudpickle,jakirkham,6,User
cloudpipe/cloudpickle,frenzymadness,6,User
cloudpipe/cloudpickle,mrocklin,6,User
cloudpipe/cloudpickle,Dveim,5,User
cloudpipe/cloudpickle,lesteve,4,User
cloudpipe/cloudpickle,parnmatt,4,User
cloudpipe/cloudpickle,mariusvniekerk,3,User
cloudpipe/cloudpickle,valtron,3,User
cloudpipe/cloudpickle,cclauss,2,Anonymous
cloudpipe/cloudpickle,vstinner,2,User
cloudpipe/cloudpickle,cool-RR,2,User
cloudpipe/cloudpickle,matsjoyce,2,User
cloudpipe/cloudpickle,llllllllll,2,User
cloudpipe/cloudpickle,Futrell,2,User
cloudpipe/cloudpickle,cicdw,2,User
cloudpipe/cloudpickle,oliver,1,User
cloudpipe/cloudpickle,pcmoritz,1,User
cloudpipe/cloudpickle,rodrigofarnhamsc,1,User
cloudpipe/cloudpickle,RyanClark2k,1,User
cloudpipe/cloudpickle,rmorshea,1,User
cloudpipe/cloudpickle,colesbury,1,User
cloudpipe/cloudpickle,Samreay,1,User
cloudpipe/cloudpickle,superbobry,1,User
cloudpipe/cloudpickle,suquark,1,User
cloudpipe/cloudpickle,sdegryze,1,User
cloudpipe/cloudpickle,sylvinus,1,User
cloudpipe/cloudpickle,twoertwein,1,User
cloudpipe/cloudpickle,williamma12,1,User
cloudpipe/cloudpickle,huzecong,1,User
cloudpipe/cloudpickle,allisonwang-db,1,User
cloudpipe/cloudpickle,danigm,1,User
cloudpipe/cloudpickle,nikhaldi,1,User
cloudpipe/cloudpickle,petrmitrichev,1,User
cloudpipe/cloudpickle,tvalentyn,1,User
cloudpipe/cloudpickle,alexhenrie,1,User
cloudpipe/cloudpickle,alok,1,User
cloudpipe/cloudpickle,achapkowski,1,User
cloudpipe/cloudpickle,musicinmybrain,1,User
cloudpipe/cloudpickle,benjimin,1,User
cloudpipe/cloudpickle,brl0,1,User
cloudpipe/cloudpickle,BryanCutler,1,User
cloudpipe/cloudpickle,Copilot,1,Bot
cloudpipe/cloudpickle,QuLogic,1,User
cloudpipe/cloudpickle,glemaitre,1,User
cloudpipe/cloudpickle,hendrikmakait,1,User
cloudpipe/cloudpickle,jvesely,1,User
cloudpipe/cloudpickle,JoshRosen,1,User
cloudpipe/cloudpickle,jeremiedbb,1,User
cloudpipe/cloudpickle,marco-neumann-by,1,User
cloudpipe/cloudpickle,mmohrhard,1,User
cloudpipe/cloudpickle,Peque,1,User
cloudpipe/cloudpickle,minrk,1,User
cloudpipe/cloudpickle,nils-werner,1,User
joblib/joblib,GaelVaroquaux,432,User
joblib/joblib,ogrisel,376,User
joblib/joblib,lesteve,274,User
joblib/joblib,aabadie,81,User
joblib/joblib,tomMoral,78,User
joblib/joblib,pierreglaser,25,User
joblib/joblib,pgervais,23,User
joblib/joblib,Karan Desai,22,Anonymous
joblib/joblib,yarikoptic,17,User
joblib/joblib,fcharras,15,User
joblib/joblib,pberkes,10,User
joblib/joblib,esc,10,User
joblib/joblib,myint,10,Anonymous
joblib/joblib,glemaitre,9,User
joblib/joblib,larsmans,9,User
joblib/joblib,adrinjalali,8,User
joblib/joblib,Gael Varoquaux,7,Anonymous
joblib/joblib,Yannick Schwartz,6,Anonymous
joblib/joblib,larsoner,5,User
joblib/joblib,StefanieSenger,5,User
joblib/joblib,Nanored4498,4,User
joblib/joblib,jeremiedbb,4,User
joblib/joblib,dependabot[bot],3,Bot
joblib/joblib,chapmanb,3,User
joblib/joblib,wmayner,3,User
joblib/joblib,vene,3,User
joblib/joblib,NicolasHug,3,User
joblib/joblib,MaximeWeyl,3,User
joblib/joblib,mrocklin,3,User
joblib/joblib,Martin Luessi,3,Anonymous
joblib/joblib,kcarnold,3,User
joblib/joblib,jjerphan,3,User
joblib/joblib,cavorite,3,User
joblib/joblib,Fabian Pedregosa,3,Anonymous
joblib/joblib,Fabian Pedregosa,3,Anonymous
joblib/joblib,cclauss,3,User
joblib/joblib,arne-cl,3,User
joblib/joblib,andreaso,3,User
joblib/joblib,Nicolas Pinto,2,Anonymous
joblib/joblib,cool-RR,2,User
joblib/joblib,rth,2,User
joblib/joblib,tlevine,2,User
joblib/joblib,cclauss,2,Anonymous
joblib/joblib,d42,2,User
joblib/joblib,jlopezpena,2,User
joblib/joblib,amueller,2,User
joblib/joblib,Naereen,2,User
joblib/joblib,albertcthomas,2,User
joblib/joblib,agramfort,2,User
joblib/joblib,elsander,2,User
joblib/joblib,Borda,2,User
joblib/joblib,jwodder,2,User
joblib/joblib,Marek Rudnicki,2,Anonymous
joblib/joblib,mtsokol,2,User
joblib/joblib,mr-c,2,User
joblib/joblib,hroncok,2,User
joblib/joblib,ivanov,1,User
joblib/joblib,PeterJCLaw,1,User
joblib/joblib,paquiteau,1,User
joblib/joblib,nixphix,1,User
joblib/joblib,pradghos,1,User
joblib/joblib,Ralf Gommers,1,Anonymous
joblib/joblib,bryant1410,1,User
joblib/joblib,scharlottej13,1,User
joblib/joblib,svisser,1,User
joblib/joblib,saimn,1,User
joblib/joblib,sohumh,1,User
joblib/joblib,zhai_pro,1,Anonymous
joblib/joblib,noamher,1,User
joblib/joblib,NielsZeilemaker,1,User
joblib/joblib,Nielius,1,User
joblib/joblib,Neyhlo,1,User
joblib/joblib,BoboTiG,1,User
joblib/joblib,mgorny,1,User
joblib/joblib,xmatthias,1,User
joblib/joblib,sveitser,1,User
joblib/joblib,Martin Frodl,1,Anonymous
joblib/joblib,lczyk,1,User
joblib/joblib,Mandroide,1,User
joblib/joblib,emmanuelle,1,User
joblib/joblib,yangfl,1,User
joblib/joblib,tomkoelman,1,User
joblib/joblib,thiswillbeyourgithub,1,User
joblib/joblib,sethdandridge,1,Anonymous
joblib/joblib,export-default,1,User
joblib/joblib,reszelaz,1,User
joblib/joblib,pierreablin,1,User
joblib/joblib,mrefish,1,User
joblib/joblib,jodizzle,1,User
joblib/joblib,harishmk,1,User
joblib/joblib,fcharras,1,Anonymous
joblib/joblib,dohmatob,1,User
joblib/joblib,cache-missing,1,User
joblib/joblib,banilo,1,User
joblib/joblib,auderson,1,User
joblib/joblib,androids-electric-sheep,1,User
joblib/joblib,yuvallanger,1,User
joblib/joblib,WeichenXu123,1,User
joblib/joblib,buchijw,1,User
joblib/joblib,earoc,1,User
ionelmc/python-tblib,ionelmc,157,User
ionelmc/python-tblib,jdufresne,17,User
ionelmc/python-tblib,Guido Imperiale,9,Anonymous
ionelmc/python-tblib,DRayX,7,User
ionelmc/python-tblib,cjwatson,5,User
ionelmc/python-tblib,tmaxwell-anthropic,5,User
ionelmc/python-tblib,=,3,Anonymous
ionelmc/python-tblib,wengh,3,User
ionelmc/python-tblib,purplesyringa,2,User
ionelmc/python-tblib,jamadden,2,User
ionelmc/python-tblib,oldium,2,User
ionelmc/python-tblib,a-detiste,1,User
ionelmc/python-tblib,arcivanov,1,User
ionelmc/python-tblib,bitdeli-chef,1,User
ionelmc/python-tblib,QuLogic,1,User
ionelmc/python-tblib,jacobtomlinson,1,User
ionelmc/python-tblib,Maries,1,Anonymous
ionelmc/python-tblib,mgorny,1,User
ionelmc/python-tblib,vstinner,1,User
uqfoundation/dill,mmckerns,900,User
uqfoundation/dill,matsjoyce,55,User
uqfoundation/dill,anivegesana,14,User
uqfoundation/dill,leogama,14,User
uqfoundation/dill,dependabot[bot],14,Bot
uqfoundation/dill,Peque,11,User
uqfoundation/dill,mindw,3,User
uqfoundation/dill,sekikn,3,User
uqfoundation/dill,hugovk,3,User
uqfoundation/dill,yoshikiobata,2,User
uqfoundation/dill,mgorny,2,User
uqfoundation/dill,kernc,2,User
uqfoundation/dill,jasonmyers,2,User
uqfoundation/dill,Bob Fischer,2,Anonymous
uqfoundation/dill,0xflotus,1,User
uqfoundation/dill,charmoniumQ,1,User
uqfoundation/dill,vnetserg,1,User
uqfoundation/dill,Sergei Fomin,1,Anonymous
uqfoundation/dill,timkpaine,1,User
uqfoundation/dill,TomasPuverle,1,User
uqfoundation/dill,kloczek,1,User
uqfoundation/dill,uweschmitt,1,User
uqfoundation/dill,molinav,1,User
uqfoundation/dill,lizy14,1,User
uqfoundation/dill,angschmi,1,User
uqfoundation/dill,ernstklrb,1,User
uqfoundation/dill,uniontech-lilinjie,1,User
uqfoundation/dill,RobbeSneyders,1,User
uqfoundation/dill,roryk,1,User
uqfoundation/dill,tmshn,1,User
uqfoundation/dill,vcwai,1,Anonymous
uqfoundation/dill,AdamWill,1,User
uqfoundation/dill,albertvillanova,1,User
uqfoundation/dill,eltoder,1,User
uqfoundation/dill,Futrell,1,User
uqfoundation/dill,abrasive,1,User
uqfoundation/dill,jameslamb,1,User
uqfoundation/dill,byroot,1,User
uqfoundation/dill,kelvinburke,1,User
uqfoundation/dill,kirillmakhonin,1,User
uqfoundation/dill,mtelka,1,User
uqfoundation/dill,Shortfinga,1,User
uqfoundation/dill,miguelinux314,1,User
uqfoundation/dill,Nick White,1,Anonymous
uqfoundation/dill,benesch,1,User
uqfoundation/dill,pkienzle,1,User
uqfoundation/dill,robertwb,1,User
jd/tenacity,jd,217,User
jd/tenacity,rholder,76,User
jd/tenacity,mergify[bot],25,Bot
jd/tenacity,immerrr,16,User
jd/tenacity,dependabot[bot],15,Bot
jd/tenacity,harlowja,11,User
jd/tenacity,sileht,10,User
jd/tenacity,penguinolog,9,User
jd/tenacity,Joshua Harlow,8,Anonymous
jd/tenacity,bersace,8,User
jd/tenacity,asqui,6,User
jd/tenacity,mezgerj,6,User
jd/tenacity,hasier,5,User
jd/tenacity,hugovk,5,User
jd/tenacity,Joshua Harlow,4,Anonymous
jd/tenacity,andersea,4,User
jd/tenacity,and-semakin,3,User
jd/tenacity,bodenr,3,User
jd/tenacity,cyounkins,3,User
jd/tenacity,jakkdl,3,User
jd/tenacity,Sam Park,3,Anonymous
jd/tenacity,simondolle,3,User
jd/tenacity,Zac-HD,3,User
jd/tenacity,Brian-Williams,2,User
jd/tenacity,mergify-bot,2,Anonymous
jd/tenacity,zaneb,2,User
jd/tenacity,william-silversmith,2,User
jd/tenacity,Michael Elsdörfer,2,Anonymous
jd/tenacity,alexwlchan,2,User
jd/tenacity,WouldYouKindly,2,User
jd/tenacity,Brian Williams,2,Anonymous
jd/tenacity,Gevorg Davoian,2,Anonymous
jd/tenacity,Hamish Downer,2,Anonymous
jd/tenacity,IsaacG,2,User
jd/tenacity,jackdesert,2,User
jd/tenacity,labstersteve,1,User
jd/tenacity,webknjaz,1,User
jd/tenacity,sbdchd,1,User
jd/tenacity,svisser,1,User
jd/tenacity,saulshanabrook,1,User
jd/tenacity,sandrobonazzola,1,User
jd/tenacity,Ryan Peck,1,Anonymous
jd/tenacity,robertschweizer,1,User
jd/tenacity,ichard26,1,User
jd/tenacity,henry0312,1,User
jd/tenacity,noambloom,1,User
jd/tenacity,emonty,1,User
jd/tenacity,MikeWooster,1,User
jd/tenacity,michael-motional,1,User
jd/tenacity,Michael Evans,1,Anonymous
jd/tenacity,mplanchard,1,User
jd/tenacity,althonos,1,User
jd/tenacity,TheRealBecks,1,User
jd/tenacity,salmon131,1,User
jd/tenacity,hirosassa,1,User
jd/tenacity,cyrusd,1,User
jd/tenacity,cjc7373,1,User
jd/tenacity,NatureGeorge,1,User
jd/tenacity,zbentley,1,User
jd/tenacity,yxtay,1,User
jd/tenacity,k4nar,1,User
jd/tenacity,willemt,1,User
jd/tenacity,fipped,1,User
jd/tenacity,shadowwalker,1,User
jd/tenacity,victormferrara,1,User
jd/tenacity,Victor Yap,1,Anonymous
jd/tenacity,VedantMadane,1,User
jd/tenacity,tomasgareau,1,User
jd/tenacity,tipabu,1,User
jd/tenacity,theopilbeam,1,User
jd/tenacity,karech,1,User
jd/tenacity,Derek Wilson,1,Anonymous
jd/tenacity,capitan-davide,1,User
jd/tenacity,dhirschfeld,1,User
jd/tenacity,Daniel Nephin,1,Anonymous
jd/tenacity,Daniel Bennett,1,Anonymous
jd/tenacity,Cyrus Durgin,1,Anonymous
jd/tenacity,hartungstenio,1,User
jd/tenacity,christek91,1,User
jd/tenacity,Dectinc,1,User
jd/tenacity,carlwgeorge,1,User
jd/tenacity,bpandola,1,User
jd/tenacity,akapps,1,User
jd/tenacity,rouge8,1,User
jd/tenacity,andrewshadura,1,User
jd/tenacity,Alex Kuang,1,Anonymous
jd/tenacity,aguinane,1,User
jd/tenacity,cdce8p,1,User
jd/tenacity,malthe,1,User
jd/tenacity,Young-Lord,1,User
jd/tenacity,Mgajurel,1,User
jd/tenacity,kurtmckee,1,User
jd/tenacity,Julien Danjou,1,Anonymous
jd/tenacity,Jonathan Herriott,1,Anonymous
jd/tenacity,jtdoepke,1,User
jd/tenacity,SnoopJ,1,User
jd/tenacity,ivanprado,1,User
jd/tenacity,hguemar,1,User
jd/tenacity,lordi,1,User
jd/tenacity,Greesb,1,User
hynek/stamina,hynek,341,User
hynek/stamina,pre-commit-ci[bot],22,Bot
hynek/stamina,dependabot[bot],4,Bot
hynek/stamina,sparkiegeek,1,User
hynek/stamina,gsakkis,1,User
hynek/stamina,DoctorJohn,1,User
hynek/stamina,gesslerpd,1,User
hynek/stamina,wlach,1,User
grantjenks/python-diskcache,grantjenks,704,User
grantjenks/python-diskcache,rkubik,4,User
grantjenks/python-diskcache,tamirOK,4,User
grantjenks/python-diskcache,jugmac00,2,User
grantjenks/python-diskcache,ddorian,2,User
grantjenks/python-diskcache,maxking,1,User
grantjenks/python-diskcache,AbhinavOmprakash,1,User
grantjenks/python-diskcache,Adam Chainz,1,Anonymous
grantjenks/python-diskcache,i404788,1,User
grantjenks/python-diskcache,Cologler,1,User
grantjenks/python-diskcache,elistevens,1,User
grantjenks/python-diskcache,raratiru,1,User
grantjenks/python-diskcache,joakimnordling,1,User
grantjenks/python-diskcache,matkoniecz,1,User
grantjenks/python-diskcache,mayli,1,User
grantjenks/python-diskcache,michaelkuty,1,User
grantjenks/python-diskcache,mgorny,1,User
grantjenks/python-diskcache,nicholasbishop,1,User
grantjenks/python-diskcache,pombredanne,1,User
grantjenks/python-diskcache,ypid,1,User
grantjenks/python-diskcache,Sraw,1,Anonymous
grantjenks/python-diskcache,zsimic,1,User
grantjenks/python-diskcache,artiom,1,User
grantjenks/python-diskcache,bungoume,1,User
tkem/cachetools,tkem,361,User
tkem/cachetools,dependabot[bot],33,Bot
tkem/cachetools,kurtmckee,6,User
tkem/cachetools,kuraga,4,User
tkem/cachetools,hugovk,4,User
tkem/cachetools,gabibguti,2,User
tkem/cachetools,skirpichev,2,User
tkem/cachetools,alejandro-rivera,1,User
tkem/cachetools,DeflateAwning,1,User
tkem/cachetools,Diego Argueta,1,Anonymous
tkem/cachetools,isidroas,1,User
tkem/cachetools,mgorny,1,User
tkem/cachetools,thetorpedodog,1,User
tkem/cachetools,RektPunk,1,User
tkem/cachetools,rishabhc32,1,User
tkem/cachetools,woutervh,1,User
tkem/cachetools,ddelange,1,User
tkem/cachetools,wimglenn,1,User
tomasbasham/ratelimit,tomasbasham,30,User
tomasbasham/ratelimit,andrii1812,1,User
tomasbasham/ratelimit,fgblomqvist,1,User
tomasbasham/ratelimit,Jinhua Wang,1,Anonymous
tomasbasham/ratelimit,ginward,1,User
tomasbasham/ratelimit,Paul M Furley,1,Anonymous
tomasbasham/ratelimit,Shimon Turjeman,1,Anonymous
tomasbasham/ratelimit,pythonator,1,User
tomasbasham/ratelimit,sharpHL,1,User
sqlalchemy/dogpile.cache,zzzeek,410,User
sqlalchemy/dogpile.cache,Mike Bayer,18,Anonymous
sqlalchemy/dogpile.cache,jvanasco,15,User
sqlalchemy/dogpile.cache,4383,9,User
sqlalchemy/dogpile.cache,equake,8,User
sqlalchemy/dogpile.cache,timhanus,7,User
sqlalchemy/dogpile.cache,kajinamit,6,User
sqlalchemy/dogpile.cache,fritsstegmann,5,User
sqlalchemy/dogpile.cache,tempusfrangit,5,User
sqlalchemy/dogpile.cache,ralphbean,5,User
sqlalchemy/dogpile.cache,zzzeek,4,Anonymous
sqlalchemy/dogpile.cache,wichert,4,User
sqlalchemy/dogpile.cache,lxyu,4,User
sqlalchemy/dogpile.cache,sontek,4,User
sqlalchemy/dogpile.cache,Alexander Fedorov@winwork,3,Anonymous
sqlalchemy/dogpile.cache,Eric Hanchrow,3,Anonymous
sqlalchemy/dogpile.cache,jamielennox,3,User
sqlalchemy/dogpile.cache,dairiki,3,User
sqlalchemy/dogpile.cache,ergo,3,User
sqlalchemy/dogpile.cache,moisesguimaraes,3,User
sqlalchemy/dogpile.cache,davidjb,2,User
sqlalchemy/dogpile.cache,sbrunner,2,User
sqlalchemy/dogpile.cache,stephenfin,2,User
sqlalchemy/dogpile.cache,SW,2,Anonymous
sqlalchemy/dogpile.cache,mgorny,2,User
sqlalchemy/dogpile.cache,Antoine Bertin,2,Anonymous
sqlalchemy/dogpile.cache,deybhayden,2,User
sqlalchemy/dogpile.cache,Gilles,2,Anonymous
sqlalchemy/dogpile.cache,hongbin,2,User
sqlalchemy/dogpile.cache,inklesspen,2,User
sqlalchemy/dogpile.cache,Morgan Fainberg,1,Anonymous
sqlalchemy/dogpile.cache,0xDEC0DE,1,User
sqlalchemy/dogpile.cache,orutherfurd,1,User
sqlalchemy/dogpile.cache,pawl,1,User
sqlalchemy/dogpile.cache,RyanK,1,Anonymous
sqlalchemy/dogpile.cache,Sam Park,1,Anonymous
sqlalchemy/dogpile.cache,razzmatazz,1,User
sqlalchemy/dogpile.cache,hanula,1,User
sqlalchemy/dogpile.cache,sjhewitt,1,User
sqlalchemy/dogpile.cache,timgates42,1,User
sqlalchemy/dogpile.cache,timonwong,1,User
sqlalchemy/dogpile.cache,warvariuc,1,User
sqlalchemy/dogpile.cache,Viicos,1,User
sqlalchemy/dogpile.cache,bcho,1,User
sqlalchemy/dogpile.cache,javex,1,Anonymous
sqlalchemy/dogpile.cache,jvanasco@104.1.168.192.in-addr.arpa,1,Anonymous
sqlalchemy/dogpile.cache,legoktm,1,User
sqlalchemy/dogpile.cache,mike  bayer,1,Anonymous
sqlalchemy/dogpile.cache,tsauerwein,1,Anonymous
sqlalchemy/dogpile.cache,virhilo,1,User
sqlalchemy/dogpile.cache,youtux,1,User
sqlalchemy/dogpile.cache,Alexander Makarov,1,Anonymous
sqlalchemy/dogpile.cache,anentropic,1,User
sqlalchemy/dogpile.cache,Ankit Patel,1,Anonymous
sqlalchemy/dogpile.cache,cp-bagerard,1,User
sqlalchemy/dogpile.cache,Brian Sheldon,1,Anonymous
sqlalchemy/dogpile.cache,dakra,1,User
sqlalchemy/dogpile.cache,Daverball,1,User
sqlalchemy/dogpile.cache,dhellmann,1,User
sqlalchemy/dogpile.cache,ericli-splunk,1,User
sqlalchemy/dogpile.cache,Grégoire Deveaux,1,Anonymous
sqlalchemy/dogpile.cache,gthb,1,User
sqlalchemy/dogpile.cache,Gustavo Carneiro,1,Anonymous
sqlalchemy/dogpile.cache,msnoigrs,1,User
sqlalchemy/dogpile.cache,iurisilvio,1,User
sqlalchemy/dogpile.cache,Jimmy Mabey,1,Anonymous
sqlalchemy/dogpile.cache,JustinAzoff,1,User
sqlalchemy/dogpile.cache,tirkarthi,1,User
sqlalchemy/dogpile.cache,sbraz,1,User
sqlalchemy/dogpile.cache,maeln,1,User
alisaifee/limits,alisaifee,1198,User
alisaifee/limits,dependabot[bot],55,Bot
alisaifee/limits,hasier,18,User
alisaifee/limits,Ali-Akber Saifee,9,Anonymous
alisaifee/limits,laurentS,8,User
alisaifee/limits,RobertDeRose,7,User
alisaifee/limits,czarneckid,4,User
alisaifee/limits,aebrahim,3,User
alisaifee/limits,cmoscardi,3,User
alisaifee/limits,yorickvanzweeden,3,User
alisaifee/limits,er0k,3,User
alisaifee/limits,Merinorus,2,User
alisaifee/limits,Smashman,2,User
alisaifee/limits,David Czarnecki,2,Anonymous
alisaifee/limits,g-p-g,2,User
alisaifee/limits,isidroas,2,User
alisaifee/limits,jwilk,2,User
alisaifee/limits,andriykohut,1,User
alisaifee/limits,andriyor,1,User
alisaifee/limits,chadlung,1,User
alisaifee/limits,CheeseTheMonkey,1,User
alisaifee/limits,gregdan3,1,User
alisaifee/limits,frenzymadness,1,User
alisaifee/limits,Maximilien Tyc,1,Anonymous
alisaifee/limits,mikeputnam,1,User
alisaifee/limits,mollymerp,1,User
alisaifee/limits,mymedia2,1,User
alisaifee/limits,Prillan,1,User
alisaifee/limits,hofrob,1,User
alisaifee/limits,rdar-lab,1,User
alisaifee/limits,gitter-badger,1,User
alisaifee/limits,tonycosentini,1,User
alisaifee/limits,drygdryg,1,User
alisaifee/limits,Znor,1,User
alisaifee/limits,zoltan-fedor,1,User
alisaifee/limits,iQiexie,1,User
alisaifee/limits,noamfuss,1,User
alisaifee/limits,tbarbugli,1,User
pyeve/cerberus,nicolaiarocci,571,User
pyeve/cerberus,funkyfuture,404,User
pyeve/cerberus,calve,14,User
pyeve/cerberus,dkellner,12,User
pyeve/cerberus,crunk1,10,User
pyeve/cerberus,martijnvermaat,9,User
pyeve/cerberus,Paul Weaver,9,Anonymous
pyeve/cerberus,Davis Kirkendall,7,Anonymous
pyeve/cerberus,hvdklauw,7,User
pyeve/cerberus,girogiro,7,User
pyeve/cerberus,CD3,5,User
pyeve/cerberus,rredkovich,4,User
pyeve/cerberus,dependabot[bot],4,Bot
pyeve/cerberus,Trong Hieu HA,4,Anonymous
pyeve/cerberus,Petr,4,Anonymous
pyeve/cerberus,dnohales,4,User
pyeve/cerberus,Damián Nohales,4,Anonymous
pyeve/cerberus,baubie,4,User
pyeve/cerberus,otibsa,3,User
pyeve/cerberus,eelkeh,3,User
pyeve/cerberus,gilbsgilbs,3,User
pyeve/cerberus,Flargebla,3,User
pyeve/cerberus,kynan,3,User
pyeve/cerberus,joshvillbrandt,3,User
pyeve/cerberus,Misja Hoebe,3,Anonymous
pyeve/cerberus,inirudebwoy,3,User
pyeve/cerberus,pohmelie,2,User
pyeve/cerberus,RussellLuo,2,User
pyeve/cerberus,NikitaVlaznev,2,User
pyeve/cerberus,Nikita Melentev,2,Anonymous
pyeve/cerberus,mmellison,2,User
pyeve/cerberus,Kornelijus Survila,2,Anonymous
pyeve/cerberus,oev81,2,User
pyeve/cerberus,nicoddemus,2,User
pyeve/cerberus,Brett,2,Anonymous
pyeve/cerberus,arshsingh,2,User
pyeve/cerberus,misja,1,User
pyeve/cerberus,Nik Haldimann,1,Anonymous
pyeve/cerberus,pws21,1,User
pyeve/cerberus,Peter Demin,1,Anonymous
pyeve/cerberus,entropiae,1,User
pyeve/cerberus,s4heid,1,User
pyeve/cerberus,elecay,1,User
pyeve/cerberus,gramotei,1,User
pyeve/cerberus,stratosgear,1,User
pyeve/cerberus,timgates42,1,User
pyeve/cerberus,vipulgupta2048,1,User
pyeve/cerberus,waldyrious,1,User
pyeve/cerberus,jsnjack,1,User
pyeve/cerberus,akayunov,1,Anonymous
pyeve/cerberus,helgi,1,User
pyeve/cerberus,msotnikov,1,User
pyeve/cerberus,mortbauer,1,User
pyeve/cerberus,Marviel,1,User
pyeve/cerberus,Lujeni,1,User
pyeve/cerberus,stroykova,1,User
pyeve/cerberus,pavlov99,1,User
pyeve/cerberus,Kaleb Pomeroy,1,Anonymous
pyeve/cerberus,JonathanHuot,1,User
pyeve/cerberus,pykler,1,User
pyeve/cerberus,gwainer,1,User
pyeve/cerberus,"Demin, Petr",1,Anonymous
pyeve/cerberus,daniele-ahref,1,User
pyeve/cerberus,1cph93,1,User
pyeve/cerberus,bryanwweber,1,User
pyeve/cerberus,audricschiltknecht,1,User
pyeve/cerberus,alub,1,User
alecthomas/voluptuous,alecthomas,180,User
alecthomas/voluptuous,tusharmakkar08,65,User
alecthomas/voluptuous,spacegaier,29,User
alecthomas/voluptuous,svisser,27,User
alecthomas/voluptuous,antoni-szych-rtbhouse,9,User
alecthomas/voluptuous,Aaron Harnly,8,Anonymous
alecthomas/voluptuous,Tuukka Mustonen,8,Anonymous
alecthomas/voluptuous,cdce8p,7,User
alecthomas/voluptuous,Bram de Jong,6,Anonymous
alecthomas/voluptuous,sirfz,6,User
alecthomas/voluptuous,epenet,5,User
alecthomas/voluptuous,thatneat,5,User
alecthomas/voluptuous,Lipin Dmitriy,5,Anonymous
alecthomas/voluptuous,jd,5,User
alecthomas/voluptuous,cjw296,5,User
alecthomas/voluptuous,charlax,4,User
alecthomas/voluptuous,balloob,4,User
alecthomas/voluptuous,Tristan Carel,4,Anonymous
alecthomas/voluptuous,hoxu,4,User
alecthomas/voluptuous,monopolis,3,User
alecthomas/voluptuous,timgates42,3,User
alecthomas/voluptuous,nickovs,3,User
alecthomas/voluptuous,jonafato,3,User
alecthomas/voluptuous,bdraco,3,User
alecthomas/voluptuous,aleks-v-k,3,User
alecthomas/voluptuous,Tankanow,3,User
alecthomas/voluptuous,odedfos,2,User
alecthomas/voluptuous,nareshnootoo,2,User
alecthomas/voluptuous,minboost,2,User
alecthomas/voluptuous,tbillon,2,User
alecthomas/voluptuous,rwieckowski,2,User
alecthomas/voluptuous,ngaya-ll,2,User
alecthomas/voluptuous,lucalianas,2,User
alecthomas/voluptuous,a13xb,2,User
alecthomas/voluptuous,ds-cbo,2,User
alecthomas/voluptuous,Kontrolix,2,User
alecthomas/voluptuous,dangitall,2,User
alecthomas/voluptuous,dtao,2,User
alecthomas/voluptuous,flazzarini,2,User
alecthomas/voluptuous,kjkuan,2,User
alecthomas/voluptuous,jmwri,2,User
alecthomas/voluptuous,kellerza,2,User
alecthomas/voluptuous,mineo,1,User
alecthomas/voluptuous,linnik,1,User
alecthomas/voluptuous,Tymofii Trukhanov,1,Anonymous
alecthomas/voluptuous,tuukkamustonen,1,User
alecthomas/voluptuous,Tushar Makkar,1,Anonymous
alecthomas/voluptuous,xsleonard,1,User
alecthomas/voluptuous,KapJI,1,User
alecthomas/voluptuous,Robert Schindler,1,Anonymous
alecthomas/voluptuous,Richard O'Dwyer,1,Anonymous
alecthomas/voluptuous,entropiae,1,User
alecthomas/voluptuous,petedmarsh,1,User
alecthomas/voluptuous,doubledare704,1,User
alecthomas/voluptuous,sobolevn,1,User
alecthomas/voluptuous,Nick Miller,1,Anonymous
alecthomas/voluptuous,Mohammed Mohammed,1,Anonymous
alecthomas/voluptuous,nakkurt,1,User
alecthomas/voluptuous,Will Daly,1,Anonymous
alecthomas/voluptuous,ydidwania,1,User
alecthomas/voluptuous,Zachary Wright Heller,1,Anonymous
alecthomas/voluptuous,Zack Morris,1,Anonymous
alecthomas/voluptuous,elprimato,1,User
alecthomas/voluptuous,SimplyKnownAsG,1,User
alecthomas/voluptuous,leonidguadalupe,1,User
alecthomas/voluptuous,likang,1,User
alecthomas/voluptuous,mattkohl,1,Anonymous
alecthomas/voluptuous,michaelp,1,Anonymous
alecthomas/voluptuous,natlownes,1,User
alecthomas/voluptuous,nramirezuy,1,User
alecthomas/voluptuous,skinitimski,1,User
alecthomas/voluptuous,vmaillol-altair,1,User
alecthomas/voluptuous,ziky90,1,Anonymous
alecthomas/voluptuous,AndreaCrotti,1,User
alecthomas/voluptuous,hashar,1,User
alecthomas/voluptuous,Arthur Burkart,1,Anonymous
alecthomas/voluptuous,cwaeland,1,User
alecthomas/voluptuous,Cédric Cabessa,1,Anonymous
alecthomas/voluptuous,D.Ivanov,1,Anonymous
alecthomas/voluptuous,dcooper,1,User
alecthomas/voluptuous,davidjb,1,User
alecthomas/voluptuous,zxdavb,1,User
alecthomas/voluptuous,kr41,1,User
alecthomas/voluptuous,EarQuack,1,User
alecthomas/voluptuous,Elliot Marx,1,Anonymous
alecthomas/voluptuous,emontnemery,1,User
alecthomas/voluptuous,erikvanzijst,1,User
alecthomas/voluptuous,decbis,1,User
alecthomas/voluptuous,felixonmars,1,User
alecthomas/voluptuous,Gergő Nagy,1,Anonymous
alecthomas/voluptuous,guyarad,1,User
alecthomas/voluptuous,HolgerPeters,1,User
alecthomas/voluptuous,hltbra,1,User
alecthomas/voluptuous,Jimmy Ngo,1,Anonymous
alecthomas/voluptuous,elupus,1,User
alecthomas/voluptuous,harlowja,1,User
alecthomas/voluptuous,KenKundert,1,User
alecthomas/voluptuous,waffle-iron,1,User
alecthomas/voluptuous,manyamittal25,1,User
alecthomas/voluptuous,mtelka,1,User
mailgun/mailgun-python,skupriienko,47,User
mailgun/mailgun-python,erz9engel,13,User
mailgun/mailgun-python,actions-user,2,User
mailgun/mailgun-python,Jvb182,2,User
mailgun/mailgun-python,dependabot[bot],1,Bot
sendgrid/sendgrid-python,thinkingserious,566,User
sendgrid/sendgrid-python,elbuo8,117,Anonymous
sendgrid/sendgrid-python,twilio-dx,50,User
sendgrid/sendgrid-python,gabrielkrell,48,User
sendgrid/sendgrid-python,Matt Bernier,48,Anonymous
sendgrid/sendgrid-python,twilio-ci,41,User
sendgrid/sendgrid-python,Sam Harrison,28,Anonymous
sendgrid/sendgrid-python,tushdante,22,User
sendgrid/sendgrid-python,Yamil Asusta,22,Anonymous
sendgrid/sendgrid-python,mbernier,17,User
sendgrid/sendgrid-python,iandouglas,17,User
sendgrid/sendgrid-python,childish-sambino,16,Anonymous
sendgrid/sendgrid-python,eshanholtz,16,User
sendgrid/sendgrid-python,dsouzarc,14,User
sendgrid/sendgrid-python,eddiezane,12,User
sendgrid/sendgrid-python,JenniferMah,11,User
sendgrid/sendgrid-python,aaronmak,10,User
sendgrid/sendgrid-python,cmccandless,9,User
sendgrid/sendgrid-python,0bsearch,9,User
sendgrid/sendgrid-python,zkan,8,Anonymous
sendgrid/sendgrid-python,meahow,8,User
sendgrid/sendgrid-python,misterdorm,8,User
sendgrid/sendgrid-python,Kane Kim,7,Anonymous
sendgrid/sendgrid-python,theycallmeswift,7,User
sendgrid/sendgrid-python,hugovk,7,User
sendgrid/sendgrid-python,tiwarishubham635,6,User
sendgrid/sendgrid-python,blackpioter,6,User
sendgrid/sendgrid-python,manisha1997,6,User
sendgrid/sendgrid-python,af4ro,6,User
sendgrid/sendgrid-python,heitortsergent,6,User
sendgrid/sendgrid-python,adityatandon007,6,User
sendgrid/sendgrid-python,crweiner,6,User
sendgrid/sendgrid-python,Andrii Soldatenko,6,Anonymous
sendgrid/sendgrid-python,codevbus,5,User
sendgrid/sendgrid-python,navinpai,5,User
sendgrid/sendgrid-python,vinayak42,5,User
sendgrid/sendgrid-python,brandonmwest,5,User
sendgrid/sendgrid-python,artiemq,5,User
sendgrid/sendgrid-python,LiYChristopher,5,User
sendgrid/sendgrid-python,d-grossman,5,User
sendgrid/sendgrid-python,xeon-zolt,4,User
sendgrid/sendgrid-python,bharatr21,4,User
sendgrid/sendgrid-python,cclauss,4,User
sendgrid/sendgrid-python,shwetha-manvinkurke,4,User
sendgrid/sendgrid-python,StrikerRUS,4,User
sendgrid/sendgrid-python,Martin Davidsson,4,Anonymous
sendgrid/sendgrid-python,SendGrid's DX Team,4,Anonymous
sendgrid/sendgrid-python,heisendumb,4,User
sendgrid/sendgrid-python,nquinlan,4,User
sendgrid/sendgrid-python,lifez,3,User
sendgrid/sendgrid-python,armudgal,3,User
sendgrid/sendgrid-python,jphilipsen05,3,User
sendgrid/sendgrid-python,ittus,3,User
sendgrid/sendgrid-python,rshest,3,User
sendgrid/sendgrid-python,faulkner,3,User
sendgrid/sendgrid-python,cbg,3,User
sendgrid/sendgrid-python,David McGuire,3,Anonymous
sendgrid/sendgrid-python,denis90,3,User
sendgrid/sendgrid-python,Jaymon,3,User
sendgrid/sendgrid-python,DougCal,3,User
sendgrid/sendgrid-python,John P. Kennedy,3,Anonymous
sendgrid/sendgrid-python,Kane-Sendgrid,3,Anonymous
sendgrid/sendgrid-python,lipis,3,User
sendgrid/sendgrid-python,Roy Wellington Ⅳ,3,Anonymous
sendgrid/sendgrid-python,pjhampton,2,User
sendgrid/sendgrid-python,pyasi,2,User
sendgrid/sendgrid-python,sendgrid-gists,2,User
sendgrid/sendgrid-python,SiddaramEdgeverve,2,User
sendgrid/sendgrid-python,scomert,2,User
sendgrid/sendgrid-python,tulikavijay,2,User
sendgrid/sendgrid-python,waseem18,2,User
sendgrid/sendgrid-python,whitneyrosenberg,2,User
sendgrid/sendgrid-python,tgehrs,2,User
sendgrid/sendgrid-python,thepriefy,2,User
sendgrid/sendgrid-python,w-,2,User
sendgrid/sendgrid-python,yothinix,2,User
sendgrid/sendgrid-python,SidduH,2,User
sendgrid/sendgrid-python,richardnias,2,User
sendgrid/sendgrid-python,vkmrishad,2,User
sendgrid/sendgrid-python,Ciro S. Costa,2,Anonymous
sendgrid/sendgrid-python,bchandaka,2,User
sendgrid/sendgrid-python,aaronang,2,User
sendgrid/sendgrid-python,David McKay,2,Anonymous
sendgrid/sendgrid-python,delirious-lettuce,2,User
sendgrid/sendgrid-python,eladkal,2,User
sendgrid/sendgrid-python,miphreal,2,User
sendgrid/sendgrid-python,felixonmars,2,User
sendgrid/sendgrid-python,gaurav61,2,User
sendgrid/sendgrid-python,GdMacmillan,2,User
sendgrid/sendgrid-python,Kasper Jacobsen,2,Anonymous
sendgrid/sendgrid-python,Krista LaFentres,2,Anonymous
sendgrid/sendgrid-python,lafentres,2,User
sendgrid/sendgrid-python,Matthew Egan,2,Anonymous
sendgrid/sendgrid-python,Mehron Kugler,2,Anonymous
sendgrid/sendgrid-python,MikeRalphson,2,User
sendgrid/sendgrid-python,robertacosta,1,User
sendgrid/sendgrid-python,bertoort,1,User
sendgrid/sendgrid-python,UserAppIO,1,User
sendgrid/sendgrid-python,DucarrougeR,1,User
sendgrid/sendgrid-python,agarwalrounak,1,User
stripe/stripe-python,ob-stripe,288,User
stripe/stripe-python,brandur,153,User
stripe/stripe-python,richardm-stripe,139,User
stripe/stripe-python,stripe-openapi[bot],112,Bot
stripe/stripe-python,remi-stripe,103,User
stripe/stripe-python,gdb,88,User
stripe/stripe-python,brandur-stripe,74,User
stripe/stripe-python,pakrym-stripe,68,User
stripe/stripe-python,andrew-stripe,65,User
stripe/stripe-python,ramya-stripe,53,User
stripe/stripe-python,kjc-stripe,52,User
stripe/stripe-python,anniel-stripe,48,User
stripe/stripe-python,kyleconroy,47,User
stripe/stripe-python,xavdid-stripe,44,User
stripe/stripe-python,dcr-stripe,27,User
stripe/stripe-python,prathmesh-stripe,26,User
stripe/stripe-python,spakanati,24,User
stripe/stripe-python,evan-stripe,23,User
stripe/stripe-python,helenye-stripe,19,User
stripe/stripe-python,boucher,17,User
stripe/stripe-python,mickjermsurawong-stripe,16,User
stripe/stripe-python,richo,16,User
stripe/stripe-python,amber-stripe,16,User
stripe/stripe-python,wangjohn,15,User
stripe/stripe-python,Krassi Fotev,13,Anonymous
stripe/stripe-python,jar-stripe,13,User
stripe/stripe-python,kamil-stripe,13,User
stripe/stripe-python,metcalf,11,User
stripe/stripe-python,jameshageman-stripe,11,User
stripe/stripe-python,mbroshi-stripe,10,User
stripe/stripe-python,jim-stripe,9,User
stripe/stripe-python,anurag,9,User
stripe/stripe-python,ofek,9,User
stripe/stripe-python,rattrayalex-stripe,8,User
stripe/stripe-python,mikez,8,User
stripe/stripe-python,mlahey-stripe,6,User
stripe/stripe-python,blueyed,6,User
stripe/stripe-python,kiran-stripe,6,User
stripe/stripe-python,yejia-stripe,6,User
stripe/stripe-python,cosn,5,User
stripe/stripe-python,EliAndrewC,5,User
stripe/stripe-python,fletom,5,User
stripe/stripe-python,Greg Sabo,5,Anonymous
stripe/stripe-python,deontologician-stripe,5,User
stripe/stripe-python,stephen,5,User
stripe/stripe-python,mlm-stripe,5,User
stripe/stripe-python,rasmus-stripe,4,User
stripe/stripe-python,pc,4,User
stripe/stripe-python,msabramo,4,User
stripe/stripe-python,jacqueline-stripe,4,User
stripe/stripe-python,catskul,4,User
stripe/stripe-python,alexander-stripe,4,User
stripe/stripe-python,cupcait,3,User
stripe/stripe-python,zanker-stripe,3,User
stripe/stripe-python,jkakar-stripe,3,User
stripe/stripe-python,jxu577,3,User
stripe/stripe-python,alexmic,3,User
stripe/stripe-python,akx,3,User
stripe/stripe-python,praniketkw,2,User
stripe/stripe-python,sadikkuzu,2,User
stripe/stripe-python,sauravsrijan,2,User
stripe/stripe-python,s-t-e-v-e-n-k,2,User
stripe/stripe-python,trenton42,2,User
stripe/stripe-python,xealot,2,User
stripe/stripe-python,tghw,2,User
stripe/stripe-python,dependabot[bot],2,Bot
stripe/stripe-python,jimdanz,2,User
stripe/stripe-python,mrmicjam,2,User
stripe/stripe-python,sedouard,2,User
stripe/stripe-python,cjavilla-stripe,2,User
stripe/stripe-python,seang-stripe,2,User
stripe/stripe-python,andersk,2,User
stripe/stripe-python,Alex Hughson,2,Anonymous
stripe/stripe-python,ab,2,User
stripe/stripe-python,Brian Krausz,2,Anonymous
stripe/stripe-python,Changaco,2,User
stripe/stripe-python,ctrudeau-stripe,2,User
stripe/stripe-python,fay-stripe,2,User
stripe/stripe-python,foresthu-stripe,2,User
stripe/stripe-python,illia-v,2,User
stripe/stripe-python,jack-stripe,2,User
stripe/stripe-python,koobs,2,User
stripe/stripe-python,lachy-stripe,2,User
stripe/stripe-python,Lachy Groom,2,Anonymous
stripe/stripe-python,grey-stripe,2,User
stripe/stripe-python,shale-stripe,1,User
stripe/stripe-python,seanpianka,1,User
stripe/stripe-python,seants,1,User
stripe/stripe-python,sealphie,1,User
stripe/stripe-python,ScottBrenner,1,User
stripe/stripe-python,samtay,1,User
stripe/stripe-python,ryancausey,1,User
stripe/stripe-python,pborreli,1,User
stripe/stripe-python,olivierbellone,1,User
stripe/stripe-python,ticosax,1,User
stripe/stripe-python,nelhage,1,User
stripe/stripe-python,NahomAgidew,1,User
stripe/stripe-python,michelle,1,User
stripe/stripe-python,mgorny,1,User
stripe/stripe-python,abe-101,1,User
authlib/authlib,lepture,1341,User
authlib/authlib,azmeuk,193,User
authlib/authlib,aeryncaen,9,User
authlib/authlib,Félix Rohrlich,4,Anonymous
authlib/authlib,Jaap Roes,4,Anonymous
authlib/authlib,amCap1712,4,User
authlib/authlib,V02460,4,User
authlib/authlib,lovelydinosaur,3,User
authlib/authlib,rogiervandergeer,3,User
authlib/authlib,pablogamboa,3,User
authlib/authlib,spivachuk,3,User
authlib/authlib,greyli,3,User
authlib/authlib,venthur,2,User
authlib/authlib,shc261392,2,User
authlib/authlib,princekhunt,2,User
authlib/authlib,2tunnels,2,User
authlib/authlib,ktosiek,2,User
authlib/authlib,timgates42,2,User
authlib/authlib,geigerzaehler,2,User
authlib/authlib,Thibault,2,Anonymous
authlib/authlib,iSOLveIT,2,User
authlib/authlib,Max Murashov,2,Anonymous
authlib/authlib,isccarrasco,2,User
authlib/authlib,jacopo-exact,2,User
authlib/authlib,frankie567,2,User
authlib/authlib,dhallam,2,User
authlib/authlib,liudonggalaxy,2,User
authlib/authlib,michalismeng,1,User
authlib/authlib,MohamedElhedi-BenYedder,1,User
authlib/authlib,AL-Cybision,1,User
authlib/authlib,ngnpope,1,User
authlib/authlib,zeldovich,1,User
authlib/authlib,nfvs,1,User
authlib/authlib,pmarti,1,User
authlib/authlib,adamrimon,1,User
authlib/authlib,raphaelahrens,1,User
authlib/authlib,xrmx,1,User
authlib/authlib,rostikL,1,User
authlib/authlib,dp-rufus,1,User
authlib/authlib,rushilsrivastava,1,User
authlib/authlib,timfeirg,1,User
authlib/authlib,mjos,1,User
authlib/authlib,Maxim Danilov,1,Anonymous
authlib/authlib,maxzhenzhera,1,User
authlib/authlib,chromakode,1,User
authlib/authlib,MeggyCal,1,User
authlib/authlib,marcrleonard,1,User
authlib/authlib,eruvanos,1,User
authlib/authlib,d1c3,1,User
authlib/authlib,LudvigHz,1,User
authlib/authlib,ulodciv,1,User
authlib/authlib,leogout,1,User
authlib/authlib,EpicWink,1,User
authlib/authlib,laszlo-r,1,User
authlib/authlib,Fogapod,1,User
authlib/authlib,shininglegend,1,User
authlib/authlib,rorour,1,User
authlib/authlib,richardsheridan,1,User
authlib/authlib,nebularazer,1,User
authlib/authlib,looi,1,User
authlib/authlib,ldng,1,User
authlib/authlib,jordivandooren,1,User
authlib/authlib,jonathanunderwood,1,User
authlib/authlib,frohrlich,1,User
authlib/authlib,dklimpel,1,User
authlib/authlib,dependabot[bot],1,Bot
authlib/authlib,charity-detalytics,1,User
authlib/authlib,aradnaev,1,User
authlib/authlib,zzz-heygen,1,User
authlib/authlib,"Zheng, Ping",1,Anonymous
authlib/authlib,lawliet89,1,User
authlib/authlib,Wauplin,1,User
authlib/authlib,vihangm,1,User
authlib/authlib,twalcari,1,User
authlib/authlib,TheLazzziest,1,User
authlib/authlib,tarunbhardwaj,1,User
authlib/authlib,tanguilp,1,User
authlib/authlib,nosnilmot,1,User
authlib/authlib,lisongmin,1,User
authlib/authlib,soasme,1,User
authlib/authlib,sam-mosleh,1,User
authlib/authlib,Sambego,1,User
authlib/authlib,SGBye,1,User
authlib/authlib,schnerd,1,User
authlib/authlib,hxtmdev,1,User
authlib/authlib,derenrich,1,User
authlib/authlib,dtaniwaki,1,User
authlib/authlib,crw2998,1,User
authlib/authlib,christian-hawk,1,User
authlib/authlib,acdha,1,User
authlib/authlib,yan12125,1,User
authlib/authlib,wzy9607,1,User
authlib/authlib,borislaviv,1,User
authlib/authlib,bobh66,1,User
authlib/authlib,bjoernmeier,1,User
authlib/authlib,bendavis78,1,User
authlib/authlib,haggen,1,User
authlib/authlib,anikolaienko,1,User
authlib/authlib,aparamon,1,User
authlib/authlib,andersnauman,1,User
oauthlib/oauthlib,ib-lundgren,434,User
oauthlib/oauthlib,JonathanHuot,410,User
oauthlib/oauthlib,idan,93,User
oauthlib/oauthlib,lepture,42,User
oauthlib/oauthlib,skion,35,User
oauthlib/oauthlib,dgouldin,33,User
oauthlib/oauthlib,pydanny,31,User
oauthlib/oauthlib,Joel Stevenson,21,Anonymous
oauthlib/oauthlib,jdufresne,19,User
oauthlib/oauthlib,cclauss,17,User
oauthlib/oauthlib,calebbrown,15,User
oauthlib/oauthlib,bjmc,14,User
oauthlib/oauthlib,jvanasco,14,User
oauthlib/oauthlib,hugovk,14,User
oauthlib/oauthlib,Kenneth Reitz,13,Anonymous
oauthlib/oauthlib,stephane,13,User
oauthlib/oauthlib,auvipy,12,User
oauthlib/oauthlib,hoylen,11,User
oauthlib/oauthlib,Anton Ruhlov,10,Anonymous
oauthlib/oauthlib,ondrowan,10,User
oauthlib/oauthlib,Massimiliano Pippi,9,Anonymous
oauthlib/oauthlib,luhn,8,User
oauthlib/oauthlib,jturmel,8,User
oauthlib/oauthlib,Abhishek8394,8,User
oauthlib/oauthlib,andreif,7,User
oauthlib/oauthlib,chadwhitacre,7,User
oauthlib/oauthlib,mvo5,7,User
oauthlib/oauthlib,nsklikas,7,User
oauthlib/oauthlib,Sylvain MARIE,7,Anonymous
oauthlib/oauthlib,dasevilla,7,User
oauthlib/oauthlib,kdazzle,6,User
oauthlib/oauthlib,lovelydinosaur,6,User
oauthlib/oauthlib,dasm,6,User
oauthlib/oauthlib,flippmoke,5,User
oauthlib/oauthlib,squirly,5,User
oauthlib/oauthlib,mlboy,5,User
oauthlib/oauthlib,Tyler Jones,5,Anonymous
oauthlib/oauthlib,swsnider,5,User
oauthlib/oauthlib,singingwolfboy,5,User
oauthlib/oauthlib,Joseph Tate,5,Anonymous
oauthlib/oauthlib,Johan Meiring,5,Anonymous
oauthlib/oauthlib,myyang,4,User
oauthlib/oauthlib,duzumaki,4,User
oauthlib/oauthlib,wiliamsouza,4,User
oauthlib/oauthlib,Omer Katz,4,Anonymous
oauthlib/oauthlib,mgorny,4,User
oauthlib/oauthlib,matthewlmcclure,4,User
oauthlib/oauthlib,x746e,4,User
oauthlib/oauthlib,David Muller,4,Anonymous
oauthlib/oauthlib,n2ygk,4,User
oauthlib/oauthlib,masci,3,User
oauthlib/oauthlib,bungoume,3,User
oauthlib/oauthlib,duaneking,3,User
oauthlib/oauthlib,swistakm,3,User
oauthlib/oauthlib,shawnz,3,User
oauthlib/oauthlib,senko,3,User
oauthlib/oauthlib,Sean C. Farley,3,Anonymous
oauthlib/oauthlib,RodneyRichardson,3,User
oauthlib/oauthlib,kippandrew,3,User
oauthlib/oauthlib,verhovsky,3,User
oauthlib/oauthlib,braedon,3,User
oauthlib/oauthlib,djmitche,3,User
oauthlib/oauthlib,synasius,3,User
oauthlib/oauthlib,wrr,3,User
oauthlib/oauthlib,Kyle,3,Anonymous
oauthlib/oauthlib,Richard O'Dwyer,3,Anonymous
oauthlib/oauthlib,mikix,3,User
oauthlib/oauthlib,orenmazor,3,User
oauthlib/oauthlib,svetlyak40wt,2,User
oauthlib/oauthlib,jbkkd,2,User
oauthlib/oauthlib,r4fek,2,User
oauthlib/oauthlib,pennersr,2,User
oauthlib/oauthlib,russss,2,User
oauthlib/oauthlib,ryanhiebert,2,User
oauthlib/oauthlib,sindrig,2,User
oauthlib/oauthlib,Steven Huwig,2,Anonymous
oauthlib/oauthlib,timgates42,2,User
oauthlib/oauthlib,TiphaineLAURENT,2,User
oauthlib/oauthlib,TizianoPerrucci,2,User
oauthlib/oauthlib,metatoaster,2,User
oauthlib/oauthlib,weipin,2,User
oauthlib/oauthlib,eofs,2,User
oauthlib/oauthlib,garciasolero,2,User
oauthlib/oauthlib,george.whewell,2,Anonymous
oauthlib/oauthlib,g10f,2,User
oauthlib/oauthlib,ibl,2,Anonymous
oauthlib/oauthlib,shssoichiro,2,User
oauthlib/oauthlib,ngoue,2,User
oauthlib/oauthlib,com4,2,User
oauthlib/oauthlib,asteinlein,2,User
oauthlib/oauthlib,edevil,2,User
oauthlib/oauthlib,andy-shea,2,User
oauthlib/oauthlib,ashleysommer,2,User
oauthlib/oauthlib,warsaw,2,User
oauthlib/oauthlib,polamayster,2,User
oauthlib/oauthlib,eleonoratennyson,2,User
oauthlib/oauthlib,al-the-x,2,User
oauthlib/oauthlib,Kroisse,2,User
oauthlib/oauthlib,fabfuel,2,User
oauthlib/oauthlib,freeduerinckx,2,User
mpdavis/python-jose,Michael Davis,306,Anonymous
mpdavis/python-jose,blag,75,User
mpdavis/python-jose,asherf,54,User
mpdavis/python-jose,mattsb42-aws,53,User
mpdavis/python-jose,mpdavis,32,User
mpdavis/python-jose,Gasper Zejn,30,Anonymous
mpdavis/python-jose,zejn,14,User
mpdavis/python-jose,dependabot[bot],10,Bot
mpdavis/python-jose,bjmc,9,User
mpdavis/python-jose,TobiasKappe,8,User
mpdavis/python-jose,0x64746b,7,User
mpdavis/python-jose,delajozate,6,User
mpdavis/python-jose,alistairwatts,4,User
mpdavis/python-jose,Marko Mrdjenovic,4,Anonymous
mpdavis/python-jose,k4black,4,User
mpdavis/python-jose,Gasper Zejn,4,Anonymous
mpdavis/python-jose,hugovk,3,User
mpdavis/python-jose,bdraco,3,User
mpdavis/python-jose,jeethu,3,User
mpdavis/python-jose,Peter Grant,3,Anonymous
mpdavis/python-jose,sirosen,3,User
mpdavis/python-jose,twwildey,3,User
mpdavis/python-jose,dreid,3,User
mpdavis/python-jose,shenek,2,User
mpdavis/python-jose,przemyslaw-jakielaszek,2,User
mpdavis/python-jose,Peter Yin,2,Anonymous
mpdavis/python-jose,leplatrem,2,User
mpdavis/python-jose,romanek-adam,2,User
mpdavis/python-jose,beebeeep,1,User
mpdavis/python-jose,Nelz,1,Anonymous
mpdavis/python-jose,pvizeli,1,User
mpdavis/python-jose,bgrant,1,User
mpdavis/python-jose,zulrang,1,User
mpdavis/python-jose,SiGe11,1,User
mpdavis/python-jose,Stephen Chung,1,Anonymous
mpdavis/python-jose,timgates42,1,User
mpdavis/python-jose,toddrme2178,1,User
mpdavis/python-jose,avian2,1,User
mpdavis/python-jose,viraj-s15,1,User
mpdavis/python-jose,VeryLazyBoy,1,User
mpdavis/python-jose,ibrag8998,1,User
mpdavis/python-jose,sergey-kurshev,1,User
mpdavis/python-jose,sobolevn,1,User
mpdavis/python-jose,sukso96100,1,User
mpdavis/python-jose,mr-n30,1,User
mpdavis/python-jose,Bese Personal,1,Anonymous
mpdavis/python-jose,bthaqi,1,User
mpdavis/python-jose,crgk,1,User
mpdavis/python-jose,callahad,1,User
mpdavis/python-jose,DataGhost,1,User
mpdavis/python-jose,erny,1,User
mpdavis/python-jose,felixonmars,1,User
mpdavis/python-jose,gene1wood,1,User
mpdavis/python-jose,iamdhakrey,1,User
mpdavis/python-jose,jairhenrique,1,User
mpdavis/python-jose,jgehrcke,1,User
mpdavis/python-jose,jheiss,1,User
mpdavis/python-jose,leandropls,1,User
mpdavis/python-jose,mweinelt,1,User
mpdavis/python-jose,MatTerra,1,User
mpdavis/python-jose,pxc,1,User
mpdavis/python-jose,fladi,1,User
launchdarkly/python-server-sdk,eli-darkly,222,User
launchdarkly/python-server-sdk,jkodumal,133,User
launchdarkly/python-server-sdk,Dan Richelson,126,Anonymous
launchdarkly/python-server-sdk,LaunchDarklyCI,99,User
launchdarkly/python-server-sdk,keelerm84,92,User
launchdarkly/python-server-sdk,pkaeding,73,User
launchdarkly/python-server-sdk,github-actions[bot],27,Bot
launchdarkly/python-server-sdk,mrdon,26,User
launchdarkly/python-server-sdk,drichelson,21,User
launchdarkly/python-server-sdk,LaunchDarklyReleaseBot,20,User
launchdarkly/python-server-sdk,LaunchDarklyReleaseBot,20,Anonymous
launchdarkly/python-server-sdk,jsonbailey,18,User
launchdarkly/python-server-sdk,eplusminus,12,User
launchdarkly/python-server-sdk,rsoberano-ld,11,User
launchdarkly/python-server-sdk,dependabot[bot],10,Bot
launchdarkly/python-server-sdk,bwoskow-ld,6,User
launchdarkly/python-server-sdk,devin-ai-integration[bot],4,Bot
launchdarkly/python-server-sdk,albertyw,4,User
launchdarkly/python-server-sdk,ashanbrown,4,User
launchdarkly/python-server-sdk,joker23,4,User
launchdarkly/python-server-sdk,ld-repository-standards[bot],2,Bot
launchdarkly/python-server-sdk,thieman,2,User
launchdarkly/python-server-sdk,slindstr,2,User
launchdarkly/python-server-sdk,kinyoklion,2,User
launchdarkly/python-server-sdk,patrickstreule,2,User
launchdarkly/python-server-sdk,louis-launchdarkly,2,User
launchdarkly/python-server-sdk,kparkinson-ld,2,User
launchdarkly/python-server-sdk,Justin Baker,2,Anonymous
launchdarkly/python-server-sdk,cwaldren-ld,2,User
launchdarkly/python-server-sdk,Trung Ly,1,Anonymous
launchdarkly/python-server-sdk,prokopst,1,User
launchdarkly/python-server-sdk,hauntsaninja,1,User
launchdarkly/python-server-sdk,Ramiro Berrelleza,1,Anonymous
launchdarkly/python-server-sdk,phillipuniverse,1,User
launchdarkly/python-server-sdk,mnito,1,User
launchdarkly/python-server-sdk,mattbriancon,1,User
launchdarkly/python-server-sdk,hpelwintervold,1,User
launchdarkly/python-server-sdk,Justin Baker,1,Anonymous
launchdarkly/python-server-sdk,jpgimenez,1,User
launchdarkly/python-server-sdk,jdmoldenhauer,1,User
launchdarkly/python-server-sdk,theholy7,1,User
launchdarkly/python-server-sdk,Jay Winstead,1,Anonymous
launchdarkly/python-server-sdk,Chris Pickett,1,Anonymous
launchdarkly/python-server-sdk,andrefreitas,1,User
elastic/elasticsearch-py,honzakral,808,User
elastic/elasticsearch-py,sethmlarson,293,User
elastic/elasticsearch-py,pquentin,143,User
elastic/elasticsearch-py,fxdgear,83,User
elastic/elasticsearch-py,miguelgrinberg,73,User
elastic/elasticsearch-py,elasticmachine,69,User
elastic/elasticsearch-py,miriam-eid,29,User
elastic/elasticsearch-py,szabosteve,20,User
elastic/elasticsearch-py,V1NAY8,12,User
elastic/elasticsearch-py,veatch,10,User
elastic/elasticsearch-py,philkra,9,User
elastic/elasticsearch-py,Colleen McGinnis,8,Anonymous
elastic/elasticsearch-py,GlenRSmith,7,User
elastic/elasticsearch-py,bleskes,6,User
elastic/elasticsearch-py,iuliaferoli,6,User
elastic/elasticsearch-py,nfsec,6,User
elastic/elasticsearch-py,Russell Savage,6,Anonymous
elastic/elasticsearch-py,JoshMock,5,User
elastic/elasticsearch-py,leemthompo,5,User
elastic/elasticsearch-py,marshallmain,4,User
elastic/elasticsearch-py,XD-DENG,4,User
elastic/elasticsearch-py,technige,4,User
elastic/elasticsearch-py,schiermike,4,User
elastic/elasticsearch-py,marciw,4,User
elastic/elasticsearch-py,fbacchella,4,User
elastic/elasticsearch-py,anniegale9538,4,User
elastic/elasticsearch-py,picandocodigo,3,User
elastic/elasticsearch-py,reakaleek,3,User
elastic/elasticsearch-py,jmcarp,3,User
elastic/elasticsearch-py,Mpdreamz,3,User
elastic/elasticsearch-py,cxmcc,3,User
elastic/elasticsearch-py,vEpiphyte,3,User
elastic/elasticsearch-py,dmvass,3,User
elastic/elasticsearch-py,Will McGinnis,2,Anonymous
elastic/elasticsearch-py,Sparkycz,2,User
elastic/elasticsearch-py,Tyler James Harden,2,Anonymous
elastic/elasticsearch-py,0bsearch,2,User
elastic/elasticsearch-py,robhudson,2,User
elastic/elasticsearch-py,andrvb,2,User
elastic/elasticsearch-py,ketkee-aryamane,2,User
elastic/elasticsearch-py,adamchainz,2,User
elastic/elasticsearch-py,rooterkyberian,2,User
elastic/elasticsearch-py,alvarolmedo,2,User
elastic/elasticsearch-py,jrodewig,2,User
elastic/elasticsearch-py,chrisbennight,2,User
elastic/elasticsearch-py,ao,2,User
elastic/elasticsearch-py,Alex Kahan,2,Anonymous
elastic/elasticsearch-py,kilfoyle,2,User
elastic/elasticsearch-py,ezimuel,2,User
elastic/elasticsearch-py,Francesco Vigliaturo,2,Anonymous
elastic/elasticsearch-py,jonahbull,2,User
elastic/elasticsearch-py,msabramo,2,User
elastic/elasticsearch-py,maxjakob,2,User
elastic/elasticsearch-py,nkvoll,2,User
elastic/elasticsearch-py,pmezard,2,User
elastic/elasticsearch-py,rboulton,2,User
elastic/elasticsearch-py,rishabh208gupta,2,User
elastic/elasticsearch-py,nkammah,1,User
elastic/elasticsearch-py,Nathan Meisels,1,Anonymous
elastic/elasticsearch-py,nicoloboschi,1,User
elastic/elasticsearch-py,nkwood,1,User
elastic/elasticsearch-py,ondrejsika,1,User
elastic/elasticsearch-py,osvalban,1,User
elastic/elasticsearch-py,plindley86,1,User
elastic/elasticsearch-py,pgrimaud,1,User
elastic/elasticsearch-py,TheZalRevolt,1,User
elastic/elasticsearch-py,richm,1,User
elastic/elasticsearch-py,Richard Smith,1,Anonymous
elastic/elasticsearch-py,ronnix,1,User
elastic/elasticsearch-py,SaidBySolo,1,User
elastic/elasticsearch-py,Rémy HUBSCHER,1,Anonymous
elastic/elasticsearch-py,seagrine,1,User
elastic/elasticsearch-py,eskibars,1,User
elastic/elasticsearch-py,ShaneHarvey,1,User
elastic/elasticsearch-py,hurutoriya,1,User
elastic/elasticsearch-py,stefnestor,1,User
elastic/elasticsearch-py,sloria,1,User
elastic/elasticsearch-py,klbostee,1,User
elastic/elasticsearch-py,lcawl,1,User
elastic/elasticsearch-py,LoadingZhang,1,User
elastic/elasticsearch-py,LucaWintergerst,1,User
elastic/elasticsearch-py,lunalucadou,1,User
elastic/elasticsearch-py,magnusbaeck,1,User
elastic/elasticsearch-py,saadmk11,1,User
elastic/elasticsearch-py,malthe,1,User
elastic/elasticsearch-py,marcocova,1,User
elastic/elasticsearch-py,Marco Hoyer,1,Anonymous
elastic/elasticsearch-py,gelim,1,User
elastic/elasticsearch-py,d9pouces,1,User
elastic/elasticsearch-py,mattiassluis,1,User
elastic/elasticsearch-py,mkutsevol,1,User
elastic/elasticsearch-py,Michael Gibson,1,Anonymous
elastic/elasticsearch-py,beezz,1,User
elastic/elasticsearch-py,mgorny,1,User
elastic/elasticsearch-py,mmarshallgh,1,User
elastic/elasticsearch-py,msukmanowsky,1,User
elastic/elasticsearch-py,Milly,1,User
elastic/elasticsearch-py,Murhaf,1,User
elastic/elasticsearch-py,Steven Moy,1,Anonymous
elastic/elasticsearch-py,brunobell,1,User
py-pdf/pypdf,MartinThoma,723,User
py-pdf/pypdf,pubpub-zz,238,User
py-pdf/pypdf,stefan6419846,238,User
py-pdf/pypdf,j-t-1,228,User
py-pdf/pypdf,mstamy2,201,User
py-pdf/pypdf,knowah,43,User
py-pdf/pypdf,MasterOdin,33,User
py-pdf/pypdf,dependabot[bot],21,Bot
py-pdf/pypdf,switham,20,User
py-pdf/pypdf,exiledkingcc,17,User
py-pdf/pypdf,PJBrs,11,User
py-pdf/pypdf,mozbugbox,11,User
py-pdf/pypdf,Rob Oakes,10,Anonymous
py-pdf/pypdf,sylvainpelissier,9,User
py-pdf/pypdf,jamma313,8,User
py-pdf/pypdf,speedplane,8,Anonymous
py-pdf/pypdf,mtd91429,7,User
py-pdf/pypdf,dkg,7,User
py-pdf/pypdf,ssjkamei,6,User
py-pdf/pypdf,Hatell,5,User
py-pdf/pypdf,hackowitz-af,5,User
py-pdf/pypdf,Arya-A-Nair,4,User
py-pdf/pypdf,kushal-kumaran,4,User
py-pdf/pypdf,Lucas-C,4,User
py-pdf/pypdf,marcstober,4,User
py-pdf/pypdf,vashek,3,User
py-pdf/pypdf,shartzog,3,User
py-pdf/pypdf,egbutter,3,User
py-pdf/pypdf,vfigueiro,3,User
py-pdf/pypdf,stweil,3,User
py-pdf/pypdf,srogmann,3,User
py-pdf/pypdf,Rob1080,3,User
py-pdf/pypdf,moshekaplan,3,User
py-pdf/pypdf,caxap,3,User
py-pdf/pypdf,larsga,3,User
py-pdf/pypdf,HenryKeiter,3,User
py-pdf/pypdf,henningkoertelgmg,3,User
py-pdf/pypdf,cclauss,3,User
py-pdf/pypdf,Cameron Laird,3,Anonymous
py-pdf/pypdf,samuelbradshaw,2,User
py-pdf/pypdf,robertkearns,2,User
py-pdf/pypdf,RitchieP,2,User
py-pdf/pypdf,raja-jamwal,2,User
py-pdf/pypdf,nilehmann,2,User
py-pdf/pypdf,nickryand,2,User
py-pdf/pypdf,mgorny,2,User
py-pdf/pypdf,mergezalot,2,User
py-pdf/pypdf,Matthew Stamy,2,Anonymous
py-pdf/pypdf,maphew,2,User
py-pdf/pypdf,sbourlon,2,User
py-pdf/pypdf,tibor-reiss,2,User
py-pdf/pypdf,timgates42,2,User
py-pdf/pypdf,Vladir Parrado Cruz,2,Anonymous
py-pdf/pypdf,adammorris,2,User
py-pdf/pypdf,dmjohnsson23,2,User
py-pdf/pypdf,sdpython,2,User
py-pdf/pypdf,ztravis,2,User
py-pdf/pypdf,danio,2,User
py-pdf/pypdf,SandroPanchame,2,User
py-pdf/pypdf,jasonbot,2,User
py-pdf/pypdf,adamchainz,2,User
py-pdf/pypdf,anthony-tuininga,2,User
py-pdf/pypdf,abyesilyurt,2,User
py-pdf/pypdf,chrishiestand,2,User
py-pdf/pypdf,singingwolfboy,2,User
py-pdf/pypdf,dylanmc,2,User
py-pdf/pypdf,Dylan McNamee,2,Anonymous
py-pdf/pypdf,yegorLitvinov,2,User
py-pdf/pypdf,flyser,2,User
py-pdf/pypdf,francoisfreitag,2,User
py-pdf/pypdf,m32,2,User
py-pdf/pypdf,huonw,2,User
py-pdf/pypdf,jakep-allenai,2,User
py-pdf/pypdf,snorfalorpagus,2,User
py-pdf/pypdf,jerem,2,User
py-pdf/pypdf,kaos-ocs,2,User
py-pdf/pypdf,louib,2,User
py-pdf/pypdf,blushingpenguin,2,User
py-pdf/pypdf,manuelzs,2,User
py-pdf/pypdf,Nifury,1,User
py-pdf/pypdf,sekrause,1,User
py-pdf/pypdf,kitterma,1,User
py-pdf/pypdf,cs2sandeep,1,User
py-pdf/pypdf,rjungbeck,1,User
py-pdf/pypdf,rraval,1,User
py-pdf/pypdf,possnfiffer,1,User
py-pdf/pypdf,rolisz,1,User
py-pdf/pypdf,robbiebusinessacc,1,User
py-pdf/pypdf,rfotino,1,User
py-pdf/pypdf,rrthomas,1,User
py-pdf/pypdf,Shezad Khan,1,Anonymous
py-pdf/pypdf,shezadkhan137,1,User
py-pdf/pypdf,sbussard,1,User
py-pdf/pypdf,sbywater,1,User
py-pdf/pypdf,malvidin,1,User
py-pdf/pypdf,SubhrajyotiSen,1,User
py-pdf/pypdf,snanda85,1,User
py-pdf/pypdf,Takher,1,User
py-pdf/pypdf,xi,1,User
py-pdf/pypdf,twolfson,1,User
opensearch-project/opensearch-py,honzakral,808,User
opensearch-project/opensearch-py,sethmlarson,127,User
opensearch-project/opensearch-py,fxdgear,83,User
opensearch-project/opensearch-py,dblock,70,User
opensearch-project/opensearch-py,saimedhi,68,User
opensearch-project/opensearch-py,dependabot[bot],41,Bot
opensearch-project/opensearch-py,rushiagr,36,User
opensearch-project/opensearch-py,github-actions[bot],33,Bot
opensearch-project/opensearch-py,opensearch-trigger-bot[bot],22,Bot
opensearch-project/opensearch-py,VachaShah,19,User
opensearch-project/opensearch-py,harshavamsi,12,User
opensearch-project/opensearch-py,veatch,10,User
opensearch-project/opensearch-py,philkra,9,User
opensearch-project/opensearch-py,florianvazelle,9,User
opensearch-project/opensearch-py,Djcarrillo6,9,User
opensearch-project/opensearch-py,PhilipMay,8,User
opensearch-project/opensearch-py,GlenRSmith,7,User
opensearch-project/opensearch-py,bleskes,6,User
opensearch-project/opensearch-py,szabosteve,6,User
opensearch-project/opensearch-py,nfsec,6,User
opensearch-project/opensearch-py,Russell Savage,6,Anonymous
opensearch-project/opensearch-py,Shivamdhar,6,User
opensearch-project/opensearch-py,axeoman,5,User
opensearch-project/opensearch-py,macohen,5,User
opensearch-project/opensearch-py,Shephali Mittal,5,Anonymous
opensearch-project/opensearch-py,VijayanB,5,User
opensearch-project/opensearch-py,nathaliellenaa,4,User
opensearch-project/opensearch-py,marshallmain,4,User
opensearch-project/opensearch-py,XD-DENG,4,User
opensearch-project/opensearch-py,fbacchella,4,User
opensearch-project/opensearch-py,schiermike,4,User
opensearch-project/opensearch-py,finnegancarroll,3,User
opensearch-project/opensearch-py,dmvass,3,User
opensearch-project/opensearch-py,aiudirog,3,User
opensearch-project/opensearch-py,cxmcc,3,User
opensearch-project/opensearch-py,vchrombie,3,User
opensearch-project/opensearch-py,gaiksaya,3,User
opensearch-project/opensearch-py,hugovk,3,User
opensearch-project/opensearch-py,jmcarp,3,User
opensearch-project/opensearch-py,andrvb,2,User
opensearch-project/opensearch-py,robhudson,2,User
opensearch-project/opensearch-py,0bsearch,2,User
opensearch-project/opensearch-py,Tyler James Harden,2,Anonymous
opensearch-project/opensearch-py,Sparkycz,2,User
opensearch-project/opensearch-py,Will McGinnis,2,Anonymous
opensearch-project/opensearch-py,zelinh,2,User
opensearch-project/opensearch-py,vEpiphyte,2,User
opensearch-project/opensearch-py,rooterkyberian,2,User
opensearch-project/opensearch-py,adamchainz,2,User
opensearch-project/opensearch-py,alvarolmedo,2,User
opensearch-project/opensearch-py,Tenzer,2,User
opensearch-project/opensearch-py,chrisbennight,2,User
opensearch-project/opensearch-py,ao,2,User
opensearch-project/opensearch-py,Alex Kahan,2,Anonymous
opensearch-project/opensearch-py,brunomurino,2,User
opensearch-project/opensearch-py,deztructor,2,User
opensearch-project/opensearch-py,Francesco Vigliaturo,2,Anonymous
opensearch-project/opensearch-py,jonahbull,2,User
opensearch-project/opensearch-py,msabramo,2,User
opensearch-project/opensearch-py,nkvoll,2,User
opensearch-project/opensearch-py,AlexLoyko,2,User
opensearch-project/opensearch-py,rboulton,2,User
opensearch-project/opensearch-py,roma2023,2,User
opensearch-project/opensearch-py,pmezard,2,User
opensearch-project/opensearch-py,Richard Smith,1,Anonymous
opensearch-project/opensearch-py,richm,1,User
opensearch-project/opensearch-py,m3et,1,User
opensearch-project/opensearch-py,pgrimaud,1,User
opensearch-project/opensearch-py,peternied,1,User
opensearch-project/opensearch-py,oconpa,1,User
opensearch-project/opensearch-py,V1NAY8,1,User
opensearch-project/opensearch-py,osvalban,1,User
opensearch-project/opensearch-py,ondrejsika,1,User
opensearch-project/opensearch-py,lattwood,1,User
opensearch-project/opensearch-py,ronnix,1,User
opensearch-project/opensearch-py,Rémy HUBSCHER,1,Anonymous
opensearch-project/opensearch-py,sfoster3,1,User
opensearch-project/opensearch-py,samuelorji,1,User
opensearch-project/opensearch-py,snemes,1,User
opensearch-project/opensearch-py,snstanton,1,User
opensearch-project/opensearch-py,eskibars,1,User
opensearch-project/opensearch-py,ShaneHarvey,1,User
opensearch-project/opensearch-py,sloria,1,User
opensearch-project/opensearch-py,Steven Moy,1,Anonymous
opensearch-project/opensearch-py,sujaymansingh,1,User
opensearch-project/opensearch-py,h2ri,1,User
opensearch-project/opensearch-py,LucaWintergerst,1,User
opensearch-project/opensearch-py,magnusbaeck,1,User
opensearch-project/opensearch-py,malthe,1,User
opensearch-project/opensearch-py,marcocova,1,User
opensearch-project/opensearch-py,Marco Hoyer,1,Anonymous
opensearch-project/opensearch-py,gelim,1,User
opensearch-project/opensearch-py,d9pouces,1,User
opensearch-project/opensearch-py,mausch,1,User
opensearch-project/opensearch-py,mkutsevol,1,User
opensearch-project/opensearch-py,merlinz01,1,User
opensearch-project/opensearch-py,Michael Gibson,1,Anonymous
opensearch-project/opensearch-py,Michael Oliver,1,Anonymous
opensearch-project/opensearch-py,beezz,1,User
opensearch-project/opensearch-py,mmarshallgh,1,User
jsvine/pdfplumber,jsvine,696,User
jsvine/pdfplumber,samkit-jain,23,User
jsvine/pdfplumber,dhdaines,15,User
jsvine/pdfplumber,afriedman412,5,User
jsvine/pdfplumber,stolarczyk,3,User
jsvine/pdfplumber,fristhon,3,User
jsvine/pdfplumber,alexreg,2,User
jsvine/pdfplumber,Geoff Hing,2,Anonymous
jsvine/pdfplumber,idan-david,2,User
jsvine/pdfplumber,jsfenfen,2,User
jsvine/pdfplumber,jhonatan-lopes,2,User
jsvine/pdfplumber,QAN,2,Anonymous
jsvine/pdfplumber,mara004,2,User
jsvine/pdfplumber,adamrimon,1,User
jsvine/pdfplumber,arlyon,1,User
jsvine/pdfplumber,conitrade-as,1,User
jsvine/pdfplumber,asafh,1,User
jsvine/pdfplumber,boblannon-picwell,1,User
jsvine/pdfplumber,brandonrobertz,1,User
jsvine/pdfplumber,danshorstein,1,User
jsvine/pdfplumber,erghelium,1,User
jsvine/pdfplumber,Kalmaegi,1,User
jsvine/pdfplumber,henry-renner-v,1,User
jsvine/pdfplumber,hussainshaikh12,1,User
jsvine/pdfplumber,jwilk,1,User
jsvine/pdfplumber,jeremybmerrill,1,User
jsvine/pdfplumber,Yevgnen,1,User
jsvine/pdfplumber,cheungpat,1,User
jsvine/pdfplumber,meldonization,1,User
jsvine/pdfplumber,OisinMoran,1,User
jsvine/pdfplumber,RitchieP,1,User
jsvine/pdfplumber,samyak24jain,1,User
jsvine/pdfplumber,lolipopshock,1,User
jsvine/pdfplumber,yweweler,1,User
jsvine/pdfplumber,augeos-grosso,1,User
jsvine/pdfplumber,austinzy,1,User
jsvine/pdfplumber,dependabot[bot],1,Bot
jsvine/pdfplumber,echedey-ls,1,User
jsvine/pdfplumber,PopeNobody,1,User
jsvine/pdfplumber,toshi1127,1,User
jsvine/pdfplumber,trifling,1,Anonymous
jsvine/pdfplumber,CtrlHaltDefeat,1,User
jmcnamara/XlsxWriter,jmcnamara,1386,User
jmcnamara/XlsxWriter,jonasdiemer,14,User
jmcnamara/XlsxWriter,percious,11,User
jmcnamara/XlsxWriter,dieterv77,4,User
jmcnamara/XlsxWriter,jkyeung,4,User
jmcnamara/XlsxWriter,hugovk,4,User
jmcnamara/XlsxWriter,alexander-beedie,3,User
jmcnamara/XlsxWriter,Dieter Vandenbussche,3,Anonymous
jmcnamara/XlsxWriter,tax,2,User
jmcnamara/XlsxWriter,Alvaro-Kothe,2,User
jmcnamara/XlsxWriter,krysros,2,User
jmcnamara/XlsxWriter,orishamir,2,User
jmcnamara/XlsxWriter,jvrsantacruz,2,User
jmcnamara/XlsxWriter,eddiechapman,2,User
jmcnamara/XlsxWriter,danielquinn,2,User
jmcnamara/XlsxWriter,mattmess1221,1,User
jmcnamara/XlsxWriter,noelleleigh,1,User
jmcnamara/XlsxWriter,Rom1deTroyes,1,User
jmcnamara/XlsxWriter,SRChiP,1,User
jmcnamara/XlsxWriter,sebastian2010,1,User
jmcnamara/XlsxWriter,tarnhold,1,User
jmcnamara/XlsxWriter,ntrang086,1,User
jmcnamara/XlsxWriter,vinu76jsr,1,User
jmcnamara/XlsxWriter,alanb-sony,1,User
jmcnamara/XlsxWriter,ennamarie19,1,User
jmcnamara/XlsxWriter,ev-agelos,1,Anonymous
jmcnamara/XlsxWriter,greateggsgreg,1,User
jmcnamara/XlsxWriter,mojaie,1,Anonymous
jmcnamara/XlsxWriter,moogleshoogle2,1,User
jmcnamara/XlsxWriter,nuno-andre,1,User
jmcnamara/XlsxWriter,rosiecakes,1,User
jmcnamara/XlsxWriter,saxix,1,User
jmcnamara/XlsxWriter,tablet-mode,1,Anonymous
jmcnamara/XlsxWriter,xmo-odoo,1,User
jmcnamara/XlsxWriter,ziembla,1,User
jmcnamara/XlsxWriter,zrkn,1,User
jmcnamara/XlsxWriter,toanant,1,User
jmcnamara/XlsxWriter,Adam Chainz,1,Anonymous
jmcnamara/XlsxWriter,Adrian Stachlewski,1,Anonymous
jmcnamara/XlsxWriter,libraM,1,User
jmcnamara/XlsxWriter,alecxe,1,User
jmcnamara/XlsxWriter,shadchin,1,User
jmcnamara/XlsxWriter,kindkaktus,1,User
jmcnamara/XlsxWriter,Andrey Maksimov,1,Anonymous
jmcnamara/XlsxWriter,jollyroger,1,User
jmcnamara/XlsxWriter,Augusto Destrero,1,Anonymous
jmcnamara/XlsxWriter,Chris Tompkinson,1,Anonymous
jmcnamara/XlsxWriter,DanilFilippov123,1,User
jmcnamara/XlsxWriter,seize-the-dave,1,User
jmcnamara/XlsxWriter,gera,1,User
jmcnamara/XlsxWriter,hoduche,1,User
jmcnamara/XlsxWriter,HolgiHo,1,User
jmcnamara/XlsxWriter,husainshaikh895,1,User
jmcnamara/XlsxWriter,theag3nt,1,User
jmcnamara/XlsxWriter,theJenix,1,User
jmcnamara/XlsxWriter,KanorUbu,1,User
jmcnamara/XlsxWriter,kianmeng,1,User
jmcnamara/XlsxWriter,mgedmin,1,User
wireservice/csvkit,onyxfish,649,User
wireservice/csvkit,James McKinney,600,Anonymous
wireservice/csvkit,jpmckinney,370,User
wireservice/csvkit,JoeGermuska,110,User
wireservice/csvkit,cgroskopf,67,Anonymous
wireservice/csvkit,reidab,18,User
wireservice/csvkit,bryant1410,13,User
wireservice/csvkit,Christopher Groskopf,11,Anonymous
wireservice/csvkit,marksmayo,11,User
wireservice/csvkit,bsilverthorn,11,User
wireservice/csvkit,jeroenjanssens,10,User
wireservice/csvkit,fgregg,9,User
wireservice/csvkit,acompa,9,User
wireservice/csvkit,dependabot[bot],8,Bot
wireservice/csvkit,dannguyen,6,User
wireservice/csvkit,sgpeter1,6,User
wireservice/csvkit,jez,5,User
wireservice/csvkit,kevinschaul,4,User
wireservice/csvkit,dergachev,4,User
wireservice/csvkit,tasneem,4,Anonymous
wireservice/csvkit,jankatins,4,User
wireservice/csvkit,gotoplanb,4,User
wireservice/csvkit,thatmattbone,3,User
wireservice/csvkit,mpettis,3,User
wireservice/csvkit,ryanpitts,3,User
wireservice/csvkit,jennifersmith,3,Anonymous
wireservice/csvkit,alvaro-osvaldo-tm,3,User
wireservice/csvkit,drien,2,User
wireservice/csvkit,groutr,2,User
wireservice/csvkit,Ryan Murphy,2,Anonymous
wireservice/csvkit,srstsavage,2,User
wireservice/csvkit,vergenzt,2,User
wireservice/csvkit,Wes Dean,2,Anonymous
wireservice/csvkit,ewheeler,2,User
wireservice/csvkit,pedcampo,2,Anonymous
wireservice/csvkit,tubul,2,Anonymous
wireservice/csvkit,volpino,2,User
wireservice/csvkit,jest,2,User
wireservice/csvkit,Jamim,2,User
wireservice/csvkit,aisipos,2,User
wireservice/csvkit,felixbuenemann,2,User
wireservice/csvkit,thejefflarson,2,User
wireservice/csvkit,Joakim Lundborg,2,Anonymous
wireservice/csvkit,jayvdb,2,User
wireservice/csvkit,KarrieK,2,User
wireservice/csvkit,martinburch,2,User
wireservice/csvkit,mattdudys,2,User
wireservice/csvkit,nhoffman,2,User
wireservice/csvkit,imba-tjd,1,User
wireservice/csvkit,greenskeleton,1,User
wireservice/csvkit,richardalow,1,User
wireservice/csvkit,Richard Low,1,Anonymous
wireservice/csvkit,rslemos,1,User
wireservice/csvkit,olivierlacan,1,User
wireservice/csvkit,kundor,1,User
wireservice/csvkit,nealmcb,1,User
wireservice/csvkit,Nat Backyard,1,Anonymous
wireservice/csvkit,migonzalvar,1,User
wireservice/csvkit,michaelmior,1,User
wireservice/csvkit,mcepl,1,User
wireservice/csvkit,mattgiguere,1,User
wireservice/csvkit,msabramo,1,User
wireservice/csvkit,gelicia,1,User
wireservice/csvkit,Kris,1,Anonymous
wireservice/csvkit,merwok,1,User
wireservice/csvkit,vjimw,1,User
wireservice/csvkit,ptrbrn,1,User
wireservice/csvkit,panolens,1,User
wireservice/csvkit,mikemee,1,User
wireservice/csvkit,vimagick,1,User
wireservice/csvkit,fitnr,1,User
wireservice/csvkit,anthonydb,1,Anonymous
wireservice/csvkit,slhck,1,User
wireservice/csvkit,nvictor,1,User
wireservice/csvkit,Travis Mehlinger,1,Anonymous
wireservice/csvkit,hrnciar,1,User
wireservice/csvkit,timwis,1,User
wireservice/csvkit,Sébastien Fievet,1,Anonymous
wireservice/csvkit,skarra,1,User
wireservice/csvkit,smnorris,1,User
wireservice/csvkit,underrun,1,User
wireservice/csvkit,vad,1,User
wireservice/csvkit,dannysepler,1,User
wireservice/csvkit,dandavison,1,User
wireservice/csvkit,molecules,1,User
wireservice/csvkit,cclauss,1,User
wireservice/csvkit,crosenth,1,User
wireservice/csvkit,CharlesNepote,1,User
wireservice/csvkit,cathydeng,1,User
wireservice/csvkit,bmrankin,1,User
wireservice/csvkit,Bonifacio2,1,User
wireservice/csvkit,Benjamin Wilson,1,Anonymous
wireservice/csvkit,bmispelon,1,User
wireservice/csvkit,themiurgo,1,User
wireservice/csvkit,andriyor,1,User
wireservice/csvkit,aarcro,1,User
wireservice/csvkit,kjedamzik,1,User
wireservice/csvkit,kfogel,1,User
wireservice/csvkit,kit494way,1,User
wireservice/csvkit,JeffPaine,1,User
jazzband/tablib,Kenneth Reitz,653,Anonymous
jazzband/tablib,hugovk,89,User
jazzband/tablib,kennethreitz,86,User
jazzband/tablib,claudep,82,User
jazzband/tablib,iurisilvio,36,User
jazzband/tablib,pre-commit-ci[bot],15,Bot
jazzband/tablib,durden,14,User
jazzband/tablib,lbeltrame,14,User
jazzband/tablib,timofurrer,13,User
jazzband/tablib,rogersmark,8,User
jazzband/tablib,jdufresne,8,User
jazzband/tablib,James Patrick Robinson Jr,8,Anonymous
jazzband/tablib,xdanielsb,7,User
jazzband/tablib,ParthS007,6,User
jazzband/tablib,jean,5,User
jazzband/tablib,msabramo,5,User
jazzband/tablib,peymanslh,5,User
jazzband/tablib,rabinnankhwa,4,User
jazzband/tablib,Rumpu-Jussi,4,Anonymous
jazzband/tablib,Mike Waldner,4,Anonymous
jazzband/tablib,matthewhegarty,4,User
jazzband/tablib,joshourisman,4,User
jazzband/tablib,mloesch,3,User
jazzband/tablib,nuno-andre,3,User
jazzband/tablib,pascalfree,3,User
jazzband/tablib,audiolion,3,User
jazzband/tablib,rbonvall,3,User
jazzband/tablib,mwalling,3,User
jazzband/tablib,jqb,3,User
jazzband/tablib,jezdez,3,User
jazzband/tablib,xdissent,3,User
jazzband/tablib,gavinwahl,3,User
jazzband/tablib,DougHudgeon,3,Anonymous
jazzband/tablib,Bruno Alla,3,Anonymous
jazzband/tablib,Andrii Soldatenko,3,Anonymous
jazzband/tablib,bluetech,2,User
jazzband/tablib,xando,2,User
jazzband/tablib,tusharmakkar08,2,User
jazzband/tablib,s-pace,2,Anonymous
jazzband/tablib,djrobstep,2,User
jazzband/tablib,dallagi,2,User
jazzband/tablib,llazzaro,2,User
jazzband/tablib,Jim Dalton,2,Anonymous
jazzband/tablib,phargogh,2,User
jazzband/tablib,istride,2,User
jazzband/tablib,browniebroke,2,User
jazzband/tablib,brad,2,User
jazzband/tablib,ZuluPro,2,User
jazzband/tablib,Aaron Levin,2,Anonymous
jazzband/tablib,pmlandwehr,1,User
jazzband/tablib,Ramana Varanasi,1,Anonymous
jazzband/tablib,krowbar,1,User
jazzband/tablib,techniq,1,User
jazzband/tablib,svisser,1,User
jazzband/tablib,TheSuperiorStanislav,1,User
jazzband/tablib,Sushrut Rathi,1,Anonymous
jazzband/tablib,thibault,1,User
jazzband/tablib,tommyanthony,1,User
jazzband/tablib,yoonthegoon,1,User
jazzband/tablib,medecau,1,User
jazzband/tablib,ScorpionResponse,1,User
jazzband/tablib,pfmoore,1,User
jazzband/tablib,lndbrg,1,User
jazzband/tablib,kaapstorm,1,User
jazzband/tablib,Nicals,1,User
jazzband/tablib,npilon,1,User
jazzband/tablib,marisn,1,User
jazzband/tablib,mpasternak,1,User
jazzband/tablib,mdellweg,1,User
jazzband/tablib,Matthew Hooker,1,Anonymous
jazzband/tablib,yarko,1,User
jazzband/tablib,wenzhihong2003,1,User
jazzband/tablib,takhogan,1,User
jazzband/tablib,sgqy,1,User
jazzband/tablib,SchopenhauerZhang,1,User
jazzband/tablib,papisz,1,User
jazzband/tablib,tmelz,1,User
jazzband/tablib,lexual,1,User
jazzband/tablib,sujanasowrirajan,1,User
jazzband/tablib,kammala,1,User
jazzband/tablib,dragonworks,1,User
jazzband/tablib,dmosberger,1,User
jazzband/tablib,stclair,1,User
jazzband/tablib,Viicos,1,User
jazzband/tablib,VanL,1,User
jazzband/tablib,ustun,1,User
jazzband/tablib,thombashi,1,User
jazzband/tablib,lovelydinosaur,1,User
jazzband/tablib,timgates42,1,User
jazzband/tablib,tsroten,1,User
jazzband/tablib,tcoopman,1,User
jazzband/tablib,Mark Rogers,1,Anonymous
jazzband/tablib,Birdi7,1,User
jazzband/tablib,ecarreras,1,User
jazzband/tablib,dyve,1,User
jazzband/tablib,Daniel Velkov,1,Anonymous
jazzband/tablib,jdharms,1,User
jazzband/tablib,dchimeno,1,User
jazzband/tablib,ClemenceAlain,1,User
jazzband/tablib,cmhofer,1,User
shapely/shapely,sgillies,987,User
shapely/shapely,jorisvandenbossche,317,User
shapely/shapely,caspervdw,301,User
shapely/shapely,mwtoews,202,User
shapely/shapely,snorfalorpagus,83,User
shapely/shapely,olt,54,User
shapely/shapely,dependabot[bot],52,Bot
shapely/shapely,brendan-ward,47,User
shapely/shapely,jwass,26,User
shapely/shapely,theroggy,26,User
shapely/shapely,aronbierbaum,18,User
shapely/shapely,tomplex,16,User
shapely/shapely,idanmiara,14,User
shapely/shapely,allanadair,13,User
shapely/shapely,ahojnnes,9,User
shapely/shapely,martinfleis,9,User
shapely/shapely,kannes,8,User
shapely/shapely,dethi,7,User
shapely/shapely,georgeouzou,7,User
shapely/shapely,ewsterrenburg,6,User
shapely/shapely,pelson,6,User
shapely/shapely,PPACI,6,User
shapely/shapely,mindw,5,User
shapely/shapely,chaitan94,5,User
shapely/shapely,geowurster,5,User
shapely/shapely,Jeremiah-England,5,User
shapely/shapely,jGaboardi,5,User
shapely/shapely,hobu,5,User
shapely/shapely,chadwhawkins,5,User
shapely/shapely,musicinmybrain,5,User
shapely/shapely,akadouri,5,User
shapely/shapely,EwoutH,4,User
shapely/shapely,Kai Lautaportti,4,Anonymous
shapely/shapely,Kelsey Jordahl,4,Anonymous
shapely/shapely,kylebarron,4,User
shapely/shapely,songololo,3,User
shapely/shapely,enricofer,3,User
shapely/shapely,kveretennicov,3,User
shapely/shapely,astrojuanlu,3,User
shapely/shapely,hugovk,3,User
shapely/shapely,fredj,3,User
shapely/shapely,drnextgis,3,User
shapely/shapely,thedavecollins,3,User
shapely/shapely,sebastic,3,User
shapely/shapely,adamjstewart,2,User
shapely/shapely,mnivel,2,User
shapely/shapely,oreilles,2,User
shapely/shapely,Sampo Syrjanen,2,Anonymous
shapely/shapely,sea-bass,2,User
shapely/shapely,stevemkim,2,User
shapely/shapely,takluyver,2,User
shapely/shapely,clncy,2,User
shapely/shapely,zware,2,User
shapely/shapely,gpapadok,2,User
shapely/shapely,rsmb,2,User
shapely/shapely,djhoese,2,User
shapely/shapely,rgangopadhya,2,User
shapely/shapely,snowman2,2,User
shapely/shapely,bartbroere,2,User
shapely/shapely,bradh,2,User
shapely/shapely,cprima,2,User
shapely/shapely,singingwolfboy,2,User
shapely/shapely,felixdivo,2,User
shapely/shapely,ocefpaf,2,User
shapely/shapely,om-henners,2,User
shapely/shapely,hoodmane,2,User
shapely/shapely,jinkunw,2,User
shapely/shapely,Jonathan Schoonhoven,2,Anonymous
shapely/shapely,marcjansen,2,User
shapely/shapely,JuriaanSioux,2,User
shapely/shapely,tweedmorris,1,User
shapely/shapely,nmichaud,1,User
shapely/shapely,nicohmje,1,User
shapely/shapely,pauljurczak,1,User
shapely/shapely,tbicr,1,User
shapely/shapely,psagers,1,User
shapely/shapely,whophil,1,User
shapely/shapely,zetaatlyft,1,User
shapely/shapely,Rémy Phelipot,1,Anonymous
shapely/shapely,sr-murthy,1,User
shapely/shapely,jkschin,1,User
shapely/shapely,sobolevn,1,User
shapely/shapely,Michel Blancard,1,Anonymous
shapely/shapely,mgorny,1,User
shapely/shapely,michael-k,1,User
shapely/shapely,MejstrikRudolf,1,User
shapely/shapely,mcuntz,1,User
shapely/shapely,Matt Amos,1,Anonymous
shapely/shapely,mathause,1,User
shapely/shapely,H0R5E,1,User
shapely/shapely,martinlackner,1,User
shapely/shapely,mdczaplicki,1,User
shapely/shapely,denadai2,1,User
shapely/shapely,maarten-vermeyen,1,User
shapely/shapely,gerritholl,1,User
shapely/shapely,void-rooster,1,User
shapely/shapely,tfardet,1,User
shapely/shapely,stephenworsley,1,User
shapely/shapely,sshuair,1,User
shapely/shapely,solarjoe,1,User
geopandas/geopandas,jorisvandenbossche,428,User
geopandas/geopandas,kjordahl,342,User
geopandas/geopandas,martinfleis,299,User
geopandas/geopandas,Kelsey Jordahl,174,Anonymous
geopandas/geopandas,m-richards,115,User
geopandas/geopandas,jdmcbr,69,User
geopandas/geopandas,jwass,59,User
geopandas/geopandas,adriangb,23,User
geopandas/geopandas,snowman2,23,User
geopandas/geopandas,theroggy,21,User
geopandas/geopandas,dependabot[bot],16,Bot
geopandas/geopandas,brendan-ward,15,User
geopandas/geopandas,IamJeffG,14,User
geopandas/geopandas,jtratner,14,User
geopandas/geopandas,perrygeo,13,User
geopandas/geopandas,mwtoews,13,User
geopandas/geopandas,Nick Eubank,13,Anonymous
geopandas/geopandas,carsonfarmer,11,User
geopandas/geopandas,gahjelle,11,User
geopandas/geopandas,nicholas-ys-tan,11,User
geopandas/geopandas,raybellwaves,10,User
geopandas/geopandas,EwoutH,9,User
geopandas/geopandas,gcaria,9,User
geopandas/geopandas,micahcochran,9,User
geopandas/geopandas,rraymondgh,9,User
geopandas/geopandas,mdbartos,8,User
geopandas/geopandas,lucasnad27,8,User
geopandas/geopandas,star1327p,8,User
geopandas/geopandas,Jeffrey Gerard,7,Anonymous
geopandas/geopandas,nickeubank,7,User
geopandas/geopandas,Sangarshanan,7,User
geopandas/geopandas,johnflavin,7,User
geopandas/geopandas,sjsrey,7,User
geopandas/geopandas,Alexander Crosby,6,Anonymous
geopandas/geopandas,JamesGardiner,6,User
geopandas/geopandas,kaushiksrini,6,User
geopandas/geopandas,maxalbert,6,User
geopandas/geopandas,sgillies,6,User
geopandas/geopandas,ResidentMario,6,User
geopandas/geopandas,Zeroto521,5,User
geopandas/geopandas,kylebarron,5,User
geopandas/geopandas,andreaseliasson,5,User
geopandas/geopandas,petern48,5,User
geopandas/geopandas,Leah Wasser,5,Anonymous
geopandas/geopandas,Jake Wasserman,5,Anonymous
geopandas/geopandas,mesejo,5,User
geopandas/geopandas,darribas,5,User
geopandas/geopandas,cr458,5,User
geopandas/geopandas,jwilson8767,4,User
geopandas/geopandas,standakozak,4,User
geopandas/geopandas,simberaj,4,User
geopandas/geopandas,pre-commit-ci[bot],4,Bot
geopandas/geopandas,abonte,4,User
geopandas/geopandas,TLouf,4,User
geopandas/geopandas,steveberdy,4,User
geopandas/geopandas,Sean Gillies,4,Anonymous
geopandas/geopandas,Imanflow,4,User
geopandas/geopandas,ljwolf,4,User
geopandas/geopandas,Martin Journois,4,Anonymous
geopandas/geopandas,willschlitzer,3,User
geopandas/geopandas,YuichiNotoya,3,User
geopandas/geopandas,bretttully,3,User
geopandas/geopandas,donlo,3,User
geopandas/geopandas,github-actions[bot],3,Bot
geopandas/geopandas,rwijtvliet,3,User
geopandas/geopandas,ryanward-io,3,User
geopandas/geopandas,ozak,3,User
geopandas/geopandas,JohnMoutafis,3,User
geopandas/geopandas,rdmolony,3,User
geopandas/geopandas,SimoParmeg,3,User
geopandas/geopandas,matthew-law,3,User
geopandas/geopandas,oefe,3,User
geopandas/geopandas,Leviob,3,User
geopandas/geopandas,ian-r-rose,3,User
geopandas/geopandas,leblancfg,3,User
geopandas/geopandas,ocefpaf,3,User
geopandas/geopandas,adamgreenhall,3,User
geopandas/geopandas,bnaul,3,User
geopandas/geopandas,choldgraf,3,User
geopandas/geopandas,12rambau,2,User
geopandas/geopandas,shogohida,2,User
geopandas/geopandas,slandersson,2,User
geopandas/geopandas,weiji14,2,User
geopandas/geopandas,bstadlbauer,2,User
geopandas/geopandas,mlyons-tcc,2,User
geopandas/geopandas,moss-xyz,2,User
geopandas/geopandas,nickwg03,2,Anonymous
geopandas/geopandas,mblackgeo,2,User
geopandas/geopandas,timtroendle,2,User
geopandas/geopandas,m-mohr,2,User
geopandas/geopandas,pulkitmaloo,2,User
geopandas/geopandas,NoharaMasato,2,User
geopandas/geopandas,jsignell,2,User
geopandas/geopandas,trengrj,2,User
geopandas/geopandas,jGaboardi,2,User
geopandas/geopandas,iboates,2,User
geopandas/geopandas,QuLogic,2,User
geopandas/geopandas,danielsparing,2,User
geopandas/geopandas,chris-hedemann,2,User
geopandas/geopandas,ardieorden,2,User
python-visualization/folium,ocefpaf,778,User
python-visualization/folium,Conengmo,342,User
python-visualization/folium,Martin Journois,181,Anonymous
python-visualization/folium,hansthen,94,User
python-visualization/folium,wrobstory,62,User
python-visualization/folium,dependabot[bot],37,Bot
python-visualization/folium,JamesGardiner,36,User
python-visualization/folium,BibMartin,31,User
python-visualization/folium,birdage,30,User
python-visualization/folium,pre-commit-ci[bot],29,Bot
python-visualization/folium,Halfdan Rump,22,Anonymous
python-visualization/folium,themiurgo,21,User
python-visualization/folium,joshuacano,20,User
python-visualization/folium,fullonic,16,User
python-visualization/folium,oefe,12,User
python-visualization/folium,juoceano,11,User
python-visualization/folium,jtbaker,11,User
python-visualization/folium,sanga,10,User
python-visualization/folium,jreades,9,User
python-visualization/folium,halfdanrump,9,User
python-visualization/folium,github-actions[bot],9,Bot
python-visualization/folium,palewire,9,User
python-visualization/folium,martinfleis,8,User
python-visualization/folium,qingkaikong,8,User
python-visualization/folium,okomarov,8,User
python-visualization/folium,odovad,6,User
python-visualization/folium,birdage,6,Anonymous
python-visualization/folium,radumas,6,User
python-visualization/folium,glfharris,6,User
python-visualization/folium,acrosby,6,User
python-visualization/folium,LeonardoFurtado,5,User
python-visualization/folium,matsuken92,5,User
python-visualization/folium,bibmartin,5,Anonymous
python-visualization/folium,talespaiva,5,User
python-visualization/folium,njwilson23,5,User
python-visualization/folium,GiantRobato,5,User
python-visualization/folium,dskkato,5,User
python-visualization/folium,apatil,4,User
python-visualization/folium,Justin Duke,4,Anonymous
python-visualization/folium,Pavel Tysliatski,4,Anonymous
python-visualization/folium,rsignell-usgs,4,User
python-visualization/folium,soymsk,4,User
python-visualization/folium,amrutharajashekar,4,User
python-visualization/folium,andrewgiessel,4,User
python-visualization/folium,vbergste,3,User
python-visualization/folium,andy23512,3,User
python-visualization/folium,sgvandijk,3,User
python-visualization/folium,Frank,3,Anonymous
python-visualization/folium,FabeG,3,User
python-visualization/folium,elliot-100,3,User
python-visualization/folium,Demetrio92,3,User
python-visualization/folium,Andy Bird,3,Anonymous
python-visualization/folium,giswqs,2,User
python-visualization/folium,achieveordie,2,User
python-visualization/folium,samatjain,2,User
python-visualization/folium,YasminFathy,2,User
python-visualization/folium,eHanseJoerg,2,Anonymous
python-visualization/folium,jjbenes,2,User
python-visualization/folium,saheelsapovadia,2,User
python-visualization/folium,sknzl,2,User
python-visualization/folium,1kastner,2,User
python-visualization/folium,BastienGauthier,2,User
python-visualization/folium,pmains,2,User
python-visualization/folium,shankari,2,User
python-visualization/folium,hamdanal,2,User
python-visualization/folium,ghandic,2,User
python-visualization/folium,adamrpah,2,User
python-visualization/folium,ahmadia,2,User
python-visualization/folium,beautah,2,User
python-visualization/folium,iwpnd,2,User
python-visualization/folium,ColinTalbert,2,User
python-visualization/folium,corbt,2,User
python-visualization/folium,jsignell,2,User
python-visualization/folium,James Stevenson,2,Anonymous
python-visualization/folium,jwass,2,User
python-visualization/folium,GiuseppeGalilei,2,User
python-visualization/folium,QuLogic,2,User
python-visualization/folium,Edwin Shin,2,Anonymous
python-visualization/folium,crystalr0ses,1,User
python-visualization/folium,kuaka,1,User
python-visualization/folium,stefanocudini,1,User
python-visualization/folium,sseemayer,1,User
python-visualization/folium,S-Panta,1,User
python-visualization/folium,JarnoRFB,1,User
python-visualization/folium,mccarthyryanc,1,User
python-visualization/folium,roycoding,1,User
python-visualization/folium,Rob Story,1,Anonymous
python-visualization/folium,Rob Story,1,Anonymous
python-visualization/folium,RileyLeff,1,User
python-visualization/folium,gokyori,1,User
python-visualization/folium,psarka,1,User
python-visualization/folium,Padarn,1,User
python-visualization/folium,OneAdder,1,User
python-visualization/folium,shtrom,1,User
python-visualization/folium,rombiee,1,User
python-visualization/folium,mpickering,1,User
python-visualization/folium,mojones,1,User
python-visualization/folium,markhudson42,1,User
python-visualization/folium,merschformann,1,User
python-visualization/folium,marciogranzotto,1,User
benfred/py-spy,benfred,397,User
benfred/py-spy,dependabot[bot],30,Bot
benfred/py-spy,github-actions[bot],23,Bot
benfred/py-spy,zanieb,12,User
benfred/py-spy,Jongy,9,User
benfred/py-spy,andrewjcg,7,User
benfred/py-spy,messense,6,User
benfred/py-spy,akhramov,5,User
benfred/py-spy,jarus,4,User
benfred/py-spy,karolinepauls,4,User
benfred/py-spy,adamchainz,3,User
benfred/py-spy,jiangliu,3,User
benfred/py-spy,marcstreeter,3,User
benfred/py-spy,krfricke,2,User
benfred/py-spy,cclauss,2,User
benfred/py-spy,kxepal,2,User
benfred/py-spy,achanda,1,User
benfred/py-spy,nariman,1,User
benfred/py-spy,l1n,1,User
benfred/py-spy,Phlogistique,1,User
benfred/py-spy,Nuri Amari,1,Anonymous
benfred/py-spy,ogrisel,1,User
benfred/py-spy,pavelzw,1,User
benfred/py-spy,peytondmurray,1,User
benfred/py-spy,simonrw,1,User
benfred/py-spy,ThomasWaldmann,1,User
benfred/py-spy,sahinfalcon,1,User
benfred/py-spy,toabctl,1,User
benfred/py-spy,timgates42,1,User
benfred/py-spy,wmanley,1,User
benfred/py-spy,tespent,1,User
benfred/py-spy,xyb,1,User
benfred/py-spy,yinghai,1,User
benfred/py-spy,tbodt,1,User
benfred/py-spy,yihong0618,1,User
benfred/py-spy,anntzer,1,User
benfred/py-spy,IceTDrinker,1,User
benfred/py-spy,ckw017,1,User
benfred/py-spy,craftyguy,1,User
benfred/py-spy,codypiersall,1,User
benfred/py-spy,duhow,1,User
benfred/py-spy,auscompgeek,1,User
benfred/py-spy,domartynov,1,User
benfred/py-spy,edgarsi,1,User
benfred/py-spy,frederikaalund,1,User
benfred/py-spy,gjoseph92,1,User
benfred/py-spy,liZe,1,User
benfred/py-spy,huonw,1,User
benfred/py-spy,I-Al-Istannen,1,User
benfred/py-spy,skrap,1,User
benfred/py-spy,jugmac00,1,User
benfred/py-spy,kurtbrose,1,User
benfred/py-spy,Nudin,1,User
plasma-umass/scalene,emeryberger,2655,User
plasma-umass/scalene,jaltmayerpizzorno,346,User
plasma-umass/scalene,Sam Stern,198,Anonymous
plasma-umass/scalene,sternj,149,User
plasma-umass/scalene,sternj,34,Anonymous
plasma-umass/scalene,dependabot[bot],17,Bot
plasma-umass/scalene,Insutanto,11,User
plasma-umass/scalene,sarahec,9,User
plasma-umass/scalene,johanvergeer,8,User
plasma-umass/scalene,Emery Berger,6,Anonymous
plasma-umass/scalene,groutr,6,User
plasma-umass/scalene,ttsugriy,6,User
plasma-umass/scalene,SnoopJ,4,User
plasma-umass/scalene,cclauss,3,User
plasma-umass/scalene,Birdi7,3,User
plasma-umass/scalene,nehamur,3,User
plasma-umass/scalene,ruro,3,User
plasma-umass/scalene,purificant,2,User
plasma-umass/scalene,taoufik07,2,User
plasma-umass/scalene,superbobry,2,User
plasma-umass/scalene,boegel,2,User
plasma-umass/scalene,nixjdm,2,User
plasma-umass/scalene,Copilot,2,Bot
plasma-umass/scalene,NotMatthewGriffin,1,User
plasma-umass/scalene,rafaelnogalha,1,User
plasma-umass/scalene,sauyon,1,User
plasma-umass/scalene,victorbadenas,1,User
plasma-umass/scalene,wbthomason,1,User
plasma-umass/scalene,kinoute,1,User
plasma-umass/scalene,yastcher,1,User
plasma-umass/scalene,leavelet,1,User
plasma-umass/scalene,colin-zhou,1,User
plasma-umass/scalene,abmyii,1,User
plasma-umass/scalene,dheerajck,1,User
plasma-umass/scalene,friday-james,1,User
plasma-umass/scalene,glebarez,1,User
plasma-umass/scalene,iuliivasilev,1,User
plasma-umass/scalene,sksitou,1,User
plasma-umass/scalene,sourabp,1,User
plasma-umass/scalene,victor23d,1,User
plasma-umass/scalene,ahaberlach,1,User
plasma-umass/scalene,spctr,1,User
plasma-umass/scalene,antocuni,1,User
plasma-umass/scalene,barseghyanartur,1,User
plasma-umass/scalene,dgiger42,1,User
plasma-umass/scalene,eamanu,1,User
plasma-umass/scalene,elesiuta,1,User
plasma-umass/scalene,iakremnev,1,User
plasma-umass/scalene,provinzkraut,1,User
plasma-umass/scalene,javad94,1,User
plasma-umass/scalene,Jeremiah-England,1,User
plasma-umass/scalene,drjsmith,1,User
plasma-umass/scalene,lgtm-migrator,1,User
plasma-umass/scalene,laurentS,1,User
plasma-umass/scalene,light4,1,User
plasma-umass/scalene,legau,1,User
plasma-umass/scalene,madig,1,User
Kozea/CairoSVG,liZe,755,User
Kozea/CairoSVG,SimonSapin,55,User
Kozea/CairoSVG,ErikOnBike,35,User
Kozea/CairoSVG,Fardjana David,26,Anonymous
Kozea/CairoSVG,aziesemer,26,User
Kozea/CairoSVG,grewn0uille,23,User
Kozea/CairoSVG,Clément Plasse,19,Anonymous
Kozea/CairoSVG,Philippe Ndiaye,19,Anonymous
Kozea/CairoSVG,gsbabil,5,User
Kozea/CairoSVG,eumiro,5,User
Kozea/CairoSVG,Cardioid3,3,User
Kozea/CairoSVG,mscroggs,3,User
Kozea/CairoSVG,JPAdCoder,2,User
Kozea/CairoSVG,BartMassey,2,User
Kozea/CairoSVG,paradoxxxzero,2,User
Kozea/CairoSVG,jwcarr,2,User
Kozea/CairoSVG,yig,2,User
Kozea/CairoSVG,fitnr,2,User
Kozea/CairoSVG,jlugao,2,User
Kozea/CairoSVG,marcelometal,1,User
Kozea/CairoSVG,bufordsharkley,1,User
Kozea/CairoSVG,Ming Aldrich-Gan,1,Anonymous
Kozea/CairoSVG,mingaldrichgan,1,User
Kozea/CairoSVG,ralphbean,1,User
Kozea/CairoSVG,rtpg,1,User
Kozea/CairoSVG,rianmcguire,1,User
Kozea/CairoSVG,ricardobeat,1,User
Kozea/CairoSVG,Naddiseo,1,User
Kozea/CairoSVG,tgaillar,1,User
Kozea/CairoSVG,wthie,1,User
Kozea/CairoSVG,confidentzzzs,1,User
Kozea/CairoSVG,malthe,1,User
Kozea/CairoSVG,Le-Stagiaire,1,User
Kozea/CairoSVG,jkocherhans,1,User
Kozea/CairoSVG,Jean-Marc Martins,1,Anonymous
Kozea/CairoSVG,hugodelahousse,1,User
Kozea/CairoSVG,gwenzek,1,User
Kozea/CairoSVG,wolever,1,User
Kozea/CairoSVG,dmckeone,1,User
Kozea/CairoSVG,browniebroke,1,User
Kozea/CairoSVG,bartbroere,1,User
Kozea/CairoSVG,anntzer,1,User
Kozea/CairoSVG,thisismiller,1,User
MagicStack/contextvars,1st1,14,User
MagicStack/contextvars,fantix,1,User
MagicStack/contextvars,Fuyukai,1,User
MagicStack/contextvars,Robert Schütz,1,Anonymous
pallets-eco/blinker,davidism,123,User
pallets-eco/blinker,jek,93,User
pallets-eco/blinker,dependabot[bot],24,Bot
pallets-eco/blinker,Secrus,19,User
pallets-eco/blinker,pgjones,16,User
pallets-eco/blinker,hugovk,9,User
pallets-eco/blinker,RazerM,7,User
pallets-eco/blinker,ThomasWaldmann,4,User
pallets-eco/blinker,pre-commit-ci[bot],4,Bot
pallets-eco/blinker,yackx,4,User
pallets-eco/blinker,tomasd,1,User
pallets-eco/blinker,pgajdos,1,User
pallets-eco/blinker,wbolster,1,User
pallets-eco/blinker,graingert,1,User
pallets-eco/blinker,kurtmckee,1,User
pallets-eco/blinker,tirkarthi,1,User
pallets-eco/blinker,homeworkprod,1,User
pallets-eco/blinker,jfinkels,1,User
pallets-eco/blinker,Diego Elio Pettenò,1,Anonymous
pallets-eco/blinker,projectgus,1,User
pallets-eco/blinker,andriyor,1,User
jab/bidict,jab,724,User
jab/bidict,dependabot[bot],15,Bot
jab/bidict,github-actions[bot],12,Bot
jab/bidict,leifwalsh,5,User
jab/bidict,pre-commit-ci[bot],4,Bot
jab/bidict,waldyrious,2,User
jab/bidict,knaperek,2,User
jab/bidict,gaborbernat,1,User
jab/bidict,HarrySky,1,User
jab/bidict,jbaum98,1,User
jab/bidict,jmoraleda,1,User
jab/bidict,synapticarbors,1,User
jab/bidict,timgates42,1,User
jab/bidict,tomviner,1,User
jab/bidict,TheTripleV,1,User
jab/bidict,leonidgman,1,User
more-itertools/more-itertools,bbayles,1364,User
more-itertools/more-itertools,rhettinger,191,User
more-itertools/more-itertools,erikrose,59,User
more-itertools/more-itertools,debruijn,30,User
more-itertools/more-itertools,JamesParrott,26,User
more-itertools/more-itertools,james-wasson,25,User
more-itertools/more-itertools,N8Brooks,25,User
more-itertools/more-itertools,haukex,20,User
more-itertools/more-itertools,lczyk,20,User
more-itertools/more-itertools,michael-celani,18,User
more-itertools/more-itertools,stankudrow,17,Anonymous
more-itertools/more-itertools,kalekundert,16,User
more-itertools/more-itertools,ilai-deutel,16,User
more-itertools/more-itertools,jferard,14,User
more-itertools/more-itertools,pochmann,14,User
more-itertools/more-itertools,Schoyen,14,User
more-itertools/more-itertools,jaraco,13,User
more-itertools/more-itertools,diazona,12,User
more-itertools/more-itertools,nanouasyn,12,User
more-itertools/more-itertools,hjtran,12,User
more-itertools/more-itertools,Pandede,11,User
more-itertools/more-itertools,d-ryzhykau,11,User
more-itertools/more-itertools,ruancomelli,10,User
more-itertools/more-itertools,lonnen,9,User
more-itertools/more-itertools,elliotwutingfeng,9,User
more-itertools/more-itertools,jdufresne,8,User
more-itertools/more-itertools,shlomif,8,User
more-itertools/more-itertools,pochmann3,8,User
more-itertools/more-itertools,hugovk,8,User
more-itertools/more-itertools,ktbarrett,8,User
more-itertools/more-itertools,MSeifert04,8,User
more-itertools/more-itertools,ioistired,8,User
more-itertools/more-itertools,nvie,7,User
more-itertools/more-itertools,ben42code,7,User
more-itertools/more-itertools,Erik Rose,6,Anonymous
more-itertools/more-itertools,gleb-akhmerov,6,User
more-itertools/more-itertools,OlegAlexander,6,User
more-itertools/more-itertools,FinalSh4re,6,User
more-itertools/more-itertools,bjrtx,5,User
more-itertools/more-itertools,jtwool,5,User
more-itertools/more-itertools,valtron,5,User
more-itertools/more-itertools,SergBobrovsky,5,User
more-itertools/more-itertools,Ryan Gabbard,5,Anonymous
more-itertools/more-itertools,jenstroeger,5,User
more-itertools/more-itertools,abarnert,5,User
more-itertools/more-itertools,maffoo,4,User
more-itertools/more-itertools,tmshn,4,Anonymous
more-itertools/more-itertools,rovyko,4,Anonymous
more-itertools/more-itertools,XuehaiPan,4,User
more-itertools/more-itertools,sassbalint,4,User
more-itertools/more-itertools,obaltian,4,User
more-itertools/more-itertools,mbugert,4,User
more-itertools/more-itertools,JustinBacher,4,User
more-itertools/more-itertools,irmen,4,User
more-itertools/more-itertools,dkrikun,4,User
more-itertools/more-itertools,blueyed,4,User
more-itertools/more-itertools,Brian Maissy,4,Anonymous
more-itertools/more-itertools,coady,4,User
more-itertools/more-itertools,Masynchin,3,User
more-itertools/more-itertools,eltoder,3,User
more-itertools/more-itertools,graingert-osi,3,User
more-itertools/more-itertools,akisatoon1,3,User
more-itertools/more-itertools,cool-RR,3,User
more-itertools/more-itertools,nathanjmcdougall,3,User
more-itertools/more-itertools,Marcin Konowalczyk,3,Anonymous
more-itertools/more-itertools,DimitriPapadopoulos,3,User
more-itertools/more-itertools,alexmojaki,3,User
more-itertools/more-itertools,AA-Turner,2,User
more-itertools/more-itertools,pjd,2,Anonymous
more-itertools/more-itertools,suibh,2,User
more-itertools/more-itertools,inventshah,2,User
more-itertools/more-itertools,timgates42,2,User
more-itertools/more-itertools,shuuji3,2,User
more-itertools/more-itertools,saadmanrafat,2,User
more-itertools/more-itertools,rominf,2,User
more-itertools/more-itertools,hiqua,2,User
more-itertools/more-itertools,Phil MacKay,2,Anonymous
more-itertools/more-itertools,m472,2,User
more-itertools/more-itertools,cdce8p,2,User
more-itertools/more-itertools,Isira-Seneviratne,2,User
more-itertools/more-itertools,hwalinga,2,User
more-itertools/more-itertools,EdwardBetts,2,User
more-itertools/more-itertools,clintval,2,User
more-itertools/more-itertools,moreati,2,User
more-itertools/more-itertools,ptosi,1,User
more-itertools/more-itertools,peterbygrave,1,User
more-itertools/more-itertools,plammens,1,User
more-itertools/more-itertools,OlegAlexanderLowes,1,User
more-itertools/more-itertools,Numerlor,1,User
more-itertools/more-itertools,TiunovNN,1,User
more-itertools/more-itertools,mgorny,1,User
more-itertools/more-itertools,michael-k,1,User
more-itertools/more-itertools,mattbonnell,1,User
more-itertools/more-itertools,mattbasta,1,User
more-itertools/more-itertools,medvied,1,User
more-itertools/more-itertools,lpulley,1,User
more-itertools/more-itertools,knutdrand,1,User
more-itertools/more-itertools,aidanholm,1,User
more-itertools/more-itertools,ricbit,1,User
more-itertools/more-itertools,saaketp,1,User
bloomberg/memray,godlygeek,502,User
bloomberg/memray,pablogsal,320,User
bloomberg/memray,medusa,139,Anonymous
bloomberg/memray,lkollar,135,User
bloomberg/memray,pradyunsg,127,User
bloomberg/memray,dependabot[bot],78,Bot
bloomberg/memray,stefmolin,26,User
bloomberg/memray,ivonastojanovic,8,User
bloomberg/memray,jcarnaxide,5,User
bloomberg/memray,aelsayed95,4,User
bloomberg/memray,mgmacias95,4,User
bloomberg/memray,ruchika2ar,4,User
bloomberg/memray,apurvakhatri,3,User
bloomberg/memray,matthiasdiener,3,User
bloomberg/memray,statkute,3,User
bloomberg/memray,sarahmonod,3,User
bloomberg/memray,drz416,3,User
bloomberg/memray,cclauss,3,User
bloomberg/memray,davide125,2,User
bloomberg/memray,hugovk,2,User
bloomberg/memray,ZeroIntensity,2,User
bloomberg/memray,Scott Irwin,2,Anonymous
bloomberg/memray,tal66,2,User
bloomberg/memray,micheleAlberto,2,User
bloomberg/memray,tjmcewan,1,User
bloomberg/memray,subbrammanian,1,User
bloomberg/memray,tiangolo,1,User
bloomberg/memray,salticus,1,User
bloomberg/memray,elfosardo,1,User
bloomberg/memray,ayshiff,1,User
bloomberg/memray,RafaelWO,1,User
bloomberg/memray,nfsec,1,User
bloomberg/memray,tonybaloney,1,User
bloomberg/memray,vitimm144,1,User
bloomberg/memray,vitorespindola,1,User
bloomberg/memray,WildDanDan,1,User
bloomberg/memray,adrinjalali,1,User
bloomberg/memray,bilbofroggins,1,User
bloomberg/memray,ochaloup,1,User
bloomberg/memray,Copilot,1,Bot
bloomberg/memray,greydoubt,1,User
bloomberg/memray,kakun45,1,User
bloomberg/memray,xlanor,1,User
bloomberg/memray,EmilyBZhang,1,User
bloomberg/memray,chaimhaas,1,User
bloomberg/memray,EtiennePelletier,1,User
bloomberg/memray,q-posev,1,User
bloomberg/memray,flpm,1,User
bloomberg/memray,gustiando,1,User
bloomberg/memray,oddsun,1,User
bloomberg/memray,jhance,1,User
bloomberg/memray,jayybhatt,1,User
bloomberg/memray,jessekv,1,User
bloomberg/memray,jugmac00,1,User
bloomberg/memray,kianmeng,1,User
bloomberg/memray,abstractedfox,1,User
bloomberg/memray,kushaldas,1,User
bloomberg/memray,NathanielRN,1,User
bloomberg/memray,nedbat,1,User
bloomberg/memray,ofek,1,User
bloomberg/memray,adesidaseyi,1,User
pytoolz/toolz,mrocklin,509,User
pytoolz/toolz,eriknw,340,User
pytoolz/toolz,groutr,81,User
pytoolz/toolz,John Jacobsen,50,Anonymous
pytoolz/toolz,llllllllll,27,Anonymous
pytoolz/toolz,bartvm,19,User
pytoolz/toolz,obmarg,15,User
pytoolz/toolz,Steven Cutting,15,Anonymous
pytoolz/toolz,Arie Bovenberg,13,Anonymous
pytoolz/toolz,hugovk,12,User
pytoolz/toolz,tacaswell,9,User
pytoolz/toolz,cpcloud,8,User
pytoolz/toolz,Elias Mistler,7,Anonymous
pytoolz/toolz,medecau,7,User
pytoolz/toolz,davidshepherd7,6,User
pytoolz/toolz,karansag,6,User
pytoolz/toolz,samfrances,6,User
pytoolz/toolz,Digenis,5,User
pytoolz/toolz,han semaj,5,Anonymous
pytoolz/toolz,jcrichton,5,User
pytoolz/toolz,machinelearningdeveloper,4,User
pytoolz/toolz,coady,4,User
pytoolz/toolz,jrbourbeau,4,User
pytoolz/toolz,jcrist,3,User
pytoolz/toolz,Joe Jevnik,3,Anonymous
pytoolz/toolz,EricTheMagician,2,User
pytoolz/toolz,florisla,2,User
pytoolz/toolz,hendrikmakait,2,User
pytoolz/toolz,jayvdb,2,User
pytoolz/toolz,Julian-O,2,User
pytoolz/toolz,LincolnPuzey,2,User
pytoolz/toolz,minrk,2,User
pytoolz/toolz,timgates42,2,User
pytoolz/toolz,lumbric,2,User
pytoolz/toolz,roryk,2,User
pytoolz/toolz,Adam Chainz,1,Anonymous
pytoolz/toolz,AdamWill,1,User
pytoolz/toolz,183amir,1,User
pytoolz/toolz,AndreaCrotti,1,User
pytoolz/toolz,AndrewWalker,1,User
pytoolz/toolz,themiurgo,1,User
pytoolz/toolz,bkc,1,User
pytoolz/toolz,ciupicri,1,User
pytoolz/toolz,dhermes,1,User
pytoolz/toolz,domenkozar,1,User
pytoolz/toolz,edgarrmondragon,1,User
pytoolz/toolz,3noch,1,User
pytoolz/toolz,EmilStenstrom,1,User
pytoolz/toolz,filips123,1,User
pytoolz/toolz,gliptak,1,User
pytoolz/toolz,Jacob,1,Anonymous
pytoolz/toolz,jdmcbr,1,User
pytoolz/toolz,JNRowe,1,User
pytoolz/toolz,eigenhombre,1,User
pytoolz/toolz,John Jacobsen,1,Anonymous
pytoolz/toolz,José Ricardo,1,Anonymous
pytoolz/toolz,kalefranz,1,User
pytoolz/toolz,kianmeng,1,User
pytoolz/toolz,larsmans,1,User
pytoolz/toolz,LLyaudet,1,User
pytoolz/toolz,shvechikov,1,User
pytoolz/toolz,lucaswiman,1,User
pytoolz/toolz,Manish Tomar,1,Anonymous
pytoolz/toolz,manishtomar,1,User
pytoolz/toolz,mrshu,1,User
pytoolz/toolz,MitalAshok,1,User
pytoolz/toolz,njwilson,1,User
pytoolz/toolz,Orisano,1,Anonymous
pytoolz/toolz,plammens,1,User
pytoolz/toolz,Mr0grog,1,User
pytoolz/toolz,sandbender,1,User
pytoolz/toolz,ssanderson,1,User
pytoolz/toolz,stefanv,1,User
pytoolz/toolz,sfermigier,1,User
pytoolz/toolz,toddrjen,1,User
pytoolz/toolz,tomprince,1,User
pytoolz/toolz,wenhoujx,1,User
pytoolz/toolz,zzhengnan,1,User
pytoolz/toolz,beenorgone,1,User
pytoolz/toolz,dlovell,1,User
pytoolz/toolz,i-s-o-g-r-a-m,1,Anonymous
pytoolz/toolz,jakirkham,1,User
Suor/funcy,Suor,949,User
Suor/funcy,iloveitaly,6,User
Suor/funcy,browniebroke,4,User
Suor/funcy,Eric Prykhodko,4,Anonymous
Suor/funcy,suor,4,Anonymous
Suor/funcy,volker48,3,User
Suor/funcy,timgates42,3,User
Suor/funcy,lukmdo,2,User
Suor/funcy,taleinat,2,User
Suor/funcy,rocco66,2,User
Suor/funcy,despawnerer,1,User
Suor/funcy,AndrewWalker,1,User
Suor/funcy,kanzure,1,User
Suor/funcy,Denys Zorinets,1,Anonymous
Suor/funcy,vdmit11,1,User
Suor/funcy,kabakchey,1,User
Suor/funcy,gliptak,1,User
Suor/funcy,Jim Xue,1,Anonymous
Suor/funcy,kalekundert,1,User
Suor/funcy,duijf,1,User
Suor/funcy,nathanleiby,1,User
Suor/funcy,bulv1ne,1,User
Suor/funcy,Paul Melnikow,1,Anonymous
Suor/funcy,Petr Melnikov,1,Anonymous
Suor/funcy,ruancomelli,1,User
Suor/funcy,sahands,1,User
Suor/funcy,skshetry,1,User
Suor/funcy,swaroopch,1,User
Suor/funcy,gitter-badger,1,User
Suor/funcy,scarabeusiv,1,User
Suor/funcy,zakhar,1,User
Suor/funcy,bersbersbers,1,User
Suor/funcy,python-mutation-testing,1,User
Suor/funcy,tsouvarev,1,User
mahmoud/boltons,mahmoud,1285,User
mahmoud/boltons,Brant Watson,41,Anonymous
mahmoud/boltons,rollcat,20,User
mahmoud/boltons,kurtbrose,18,User
mahmoud/boltons,markrwilliams,17,User
mahmoud/boltons,Kurt Rose,16,Anonymous
mahmoud/boltons,blebo,11,User
mahmoud/boltons,aulemahal,9,User
mahmoud/boltons,cclauss,8,Anonymous
mahmoud/boltons,CameronCairns,8,User
mahmoud/boltons,hugovk,7,User
mahmoud/boltons,kdeldycke,7,User
mahmoud/boltons,zeroSteiner,7,User
mahmoud/boltons,Erotemic,7,User
mahmoud/boltons,Itamar Turner-Trauring,5,Anonymous
mahmoud/boltons,Kevin Deldycke,5,Anonymous
mahmoud/boltons,ekimekim,5,User
mahmoud/boltons,mgaitan,4,User
mahmoud/boltons,acatton,4,User
mahmoud/boltons,asottile,4,User
mahmoud/boltons,crazymerlyn,4,User
mahmoud/boltons,ericfrederich,3,User
mahmoud/boltons,tiwo,3,User
mahmoud/boltons,immerrr,3,User
mahmoud/boltons,Matt Wilber,3,Anonymous
mahmoud/boltons,Mahmoud Hashemi,3,Anonymous
mahmoud/boltons,Mahmoud Hashemi,3,Anonymous
mahmoud/boltons,tirkarthi,3,User
mahmoud/boltons,gliptak,3,User
mahmoud/boltons,branchv,3,User
mahmoud/boltons,coady,3,User
mahmoud/boltons,kiwidrew,3,User
mahmoud/boltons,theartful,3,User
mahmoud/boltons,harens,2,User
mahmoud/boltons,suzaku,2,User
mahmoud/boltons,gtkacz,2,User
mahmoud/boltons,wzyboy,2,User
mahmoud/boltons,toddrme2178,2,User
mahmoud/boltons,John Sivak,2,Anonymous
mahmoud/boltons,david-bannon,2,User
mahmoud/boltons,nicoddemus,2,User
mahmoud/boltons,Brant Watson,2,Anonymous
mahmoud/boltons,Avasam,2,User
mahmoud/boltons,dirn,2,User
mahmoud/boltons,allanlei,2,User
mahmoud/boltons,s-t-e-v-e-n-k,1,User
mahmoud/boltons,stefanor,1,User
mahmoud/boltons,bryant1410,1,User
mahmoud/boltons,salotz,1,User
mahmoud/boltons,cool-RR,1,User
mahmoud/boltons,rffontenelle,1,User
mahmoud/boltons,mosbasik,1,User
mahmoud/boltons,orn688,1,User
mahmoud/boltons,naltun,1,User
mahmoud/boltons,sestinj,1,User
mahmoud/boltons,mlaradji,1,User
mahmoud/boltons,mallamanis,1,User
mahmoud/boltons,mgorny,1,User
mahmoud/boltons,thorwhalen,1,User
mahmoud/boltons,timgates42,1,User
mahmoud/boltons,vshih,1,User
mahmoud/boltons,elliotwutingfeng,1,User
mahmoud/boltons,ypankovych,1,User
mahmoud/boltons,Yassine Alouini,1,Anonymous
mahmoud/boltons,bwatson-dk,1,User
mahmoud/boltons,uatach,1,User
mahmoud/boltons,flopp,1,User
mahmoud/boltons,ikkamens,1,Anonymous
mahmoud/boltons,matiasmorant,1,User
mahmoud/boltons,osoleve,1,User
mahmoud/boltons,skravik,1,User
mahmoud/boltons,Gallaecio,1,User
mahmoud/boltons,aericson,1,User
mahmoud/boltons,durin42,1,User
mahmoud/boltons,bnavigator,1,User
mahmoud/boltons,bkmgit,1,User
mahmoud/boltons,Bogdan Kulynych,1,Anonymous
mahmoud/boltons,cjrh,1,User
mahmoud/boltons,connorbrinton,1,User
mahmoud/boltons,David Caron,1,Anonymous
mahmoud/boltons,0x0ece,1,User
mahmoud/boltons,fahhem,1,User
mahmoud/boltons,Guy Arad,1,Anonymous
mahmoud/boltons,hynek,1,User
mahmoud/boltons,induane,1,User
mahmoud/boltons,Jesse-Bakker,1,User
mahmoud/boltons,jstriebel,1,User
mahmoud/boltons,jab,1,User
mahmoud/boltons,jpoehnelt,1,User
mahmoud/boltons,kalefranz,1,User
mahmoud/boltons,kevinastone,1,User
mahmoud/boltons,kianmeng,1,User
mahmoud/boltons,ankostis,1,User
mahmoud/boltons,kylepjohnson,1,User
mahmoud/boltons,Matthieu-Beauchamp,1,User
mahmoud/boltons,mezbaul-h,1,User
mahmoud/boltons,mblahay,1,User
