repo_full_name,issue_number,created_at,closed_at,mttr_days,state,comments
pallets/flask,2007,2016-09-06T12:39:36Z,2017-05-14T05:13:57Z,249.69052083333332,CLOSED,13
pallets/flask,4297,2021-10-07T12:03:29Z,2022-03-15T15:37:17Z,159.1484722222222,CLOSED,6
pallets/flask,4295,2021-10-06T21:01:05Z,2021-11-15T21:37:50Z,40.02552083333333,CLOSED,6
pallets/flask,4355,2021-11-26T08:54:57Z,2021-12-23T00:36:53Z,26.65412037037037,CLOSED,4
pallets/flask,1348,2015-02-08T19:03:16Z,2017-06-03T19:26:15Z,846.0159606481482,CLOSED,3
pallets/flask,4037,2021-05-13T10:32:50Z,2021-05-13T22:27:48Z,0.49650462962962966,CLOSED,0
pallets/flask,3776,2020-10-03T11:42:30Z,2021-02-02T04:45:03Z,121.71010416666667,CLOSED,2
pallets/flask,1167,2014-09-03T20:37:59Z,2014-10-19T18:23:11Z,45.90638888888889,CLOSED,8
pallets/flask,1173,2014-09-10T17:17:49Z,2014-10-19T18:20:57Z,39.04384259259259,CLOSED,7
pallets/flask,1330,2015-01-28T15:34:45Z,2015-01-29T09:24:38Z,0.7429745370370371,CLOSED,5
pallets/flask,1124,2014-07-16T08:39:22Z,2016-05-26T19:29:49Z,680.4517013888889,CLOSED,11
pallets/flask,1427,2015-04-10T16:52:33Z,2016-06-03T16:17:04Z,419.9753587962963,CLOSED,12
pallets/flask,1893,2016-06-07T16:28:49Z,2016-06-07T17:32:48Z,0.04443287037037037,CLOSED,3
pallets/flask,1980,2016-08-09T17:51:00Z,2016-09-11T16:05:28Z,32.92671296296297,CLOSED,7
pallets/flask,2118,2016-12-20T03:01:50Z,2016-12-26T02:51:24Z,5.99275462962963,CLOSED,24
pallets/flask,2033,2016-09-21T09:41:07Z,2017-05-16T00:11:35Z,236.60449074074074,CLOSED,0
pallets/flask,1911,2016-06-14T09:02:06Z,2017-05-22T19:37:58Z,342.4415740740741,CLOSED,24
pallets/flask,1995,2016-08-27T06:14:30Z,2017-05-29T19:50:13Z,275.5664699074074,CLOSED,22
pallets/flask,1877,2016-06-03T08:24:29Z,2017-05-30T20:47:38Z,361.5160763888889,CLOSED,13
pallets/flask,2267,2017-05-02T01:20:27Z,2017-06-05T13:34:49Z,34.50997685185185,CLOSED,1
pallets/flask,1837,2016-05-31T07:51:12Z,2017-06-01T01:10:00Z,365.7213888888889,CLOSED,23
pallets/flask,2526,2017-11-23T09:13:39Z,2017-11-24T23:44:49Z,1.604976851851852,CLOSED,0
pallets/flask,2651,2018-03-05T20:09:06Z,2018-04-09T10:00:42Z,34.5775,CLOSED,7
pallets/flask,2731,2018-04-27T13:12:55Z,2018-04-27T19:47:01Z,0.27368055555555554,CLOSED,1
pallets/flask,2743,2018-04-29T10:57:08Z,2018-04-30T00:55:44Z,0.5823611111111111,CLOSED,2
pallets/flask,2728,2018-04-27T09:34:05Z,2018-04-30T01:27:34Z,2.6621412037037038,CLOSED,10
pallets/flask,2735,2018-04-27T15:44:05Z,2018-04-28T14:01:55Z,0.929050925925926,CLOSED,4
pallets/flask,1406,2015-03-29T15:54:55Z,2015-03-29T17:16:25Z,0.05659722222222222,CLOSED,8
pallets/flask,1169,2014-09-04T10:38:47Z,2015-11-07T09:15:11Z,428.94194444444446,CLOSED,40
pallets/flask,3320,2019-08-01T00:14:39Z,2019-08-01T19:56:41Z,0.8208564814814815,CLOSED,2
pallets/flask,2549,2017-12-11T17:54:11Z,2017-12-11T18:17:42Z,0.01633101851851852,CLOSED,11
pallets/flask,1829,2016-05-29T19:03:30Z,2016-12-26T18:59:20Z,210.9971064814815,CLOSED,30
pallets/flask,3523,2020-03-02T10:46:21Z,2020-04-03T12:42:51Z,32.08090277777778,CLOSED,6
pallets/flask,3297,2019-07-10T05:55:01Z,2019-07-10T19:42:59Z,0.5749768518518519,CLOSED,2
pallets/flask,1902,2016-06-09T20:35:18Z,2016-08-22T18:53:44Z,73.92946759259259,CLOSED,30
pallets/flask,941,2014-01-03T18:58:20Z,2017-05-23T19:55:33Z,1236.0397337962963,CLOSED,20
psf/requests,539,2012-04-06T15:04:40Z,2012-05-08T05:09:24Z,31.58662037037037,CLOSED,15
psf/requests,500,2012-03-20T05:07:44Z,2012-05-10T22:05:42Z,51.706921296296294,CLOSED,13
psf/requests,605,2012-05-10T21:41:00Z,2012-05-10T23:35:07Z,0.07924768518518518,CLOSED,2
psf/requests,637,2012-05-27T00:01:10Z,2012-06-15T18:32:14Z,19.771574074074074,CLOSED,7
psf/requests,353,2012-01-11T11:06:54Z,2012-07-27T06:05:18Z,197.79055555555556,CLOSED,6
psf/requests,602,2012-05-09T19:55:44Z,2012-07-27T06:14:15Z,78.42952546296296,CLOSED,7
psf/requests,747,2012-07-30T20:18:22Z,2012-08-04T15:39:39Z,4.806446759259259,CLOSED,3
psf/requests,697,2012-06-26T18:31:32Z,2012-08-13T21:14:51Z,48.11341435185185,CLOSED,6
psf/requests,738,2012-07-25T05:47:28Z,2012-07-27T06:11:43Z,2.016840277777778,CLOSED,7
psf/requests,862,2012-09-20T06:47:59Z,2012-11-17T11:04:27Z,58.17810185185185,CLOSED,5
psf/requests,771,2012-08-10T12:21:29Z,2012-11-17T11:17:01Z,98.95523148148148,CLOSED,47
psf/requests,627,2012-05-22T13:57:29Z,2012-11-27T18:36:34Z,189.19380787037036,CLOSED,31
psf/requests,1029,2012-12-18T00:56:01Z,2012-12-18T02:51:40Z,0.0803125,CLOSED,8
psf/requests,639,2012-05-28T11:28:42Z,2012-12-18T20:15:20Z,204.3657175925926,CLOSED,3
psf/requests,875,2012-10-01T16:28:39Z,2012-12-03T10:09:18Z,62.7365625,CLOSED,11
psf/requests,851,2012-09-13T02:17:35Z,2013-01-21T20:23:07Z,130.7538425925926,CLOSED,18
psf/requests,1102,2013-01-15T11:30:17Z,2013-01-17T10:53:19Z,1.9743287037037036,CLOSED,6
psf/requests,1096,2013-01-11T19:44:55Z,2013-02-10T22:55:13Z,30.132152777777776,CLOSED,1
psf/requests,1189,2013-02-13T23:09:02Z,2013-02-17T01:17:07Z,3.0889467592592594,CLOSED,8
psf/requests,1261,2013-03-23T01:21:55Z,2013-03-27T18:31:37Z,4.7150694444444445,CLOSED,11
psf/requests,1084,2013-01-04T16:55:35Z,2013-03-31T05:21:52Z,85.51825231481482,CLOSED,13
psf/requests,910,2012-10-25T17:29:41Z,2013-04-01T18:40:16Z,158.0490162037037,CLOSED,32
psf/requests,1324,2013-04-25T01:22:58Z,2013-04-26T10:57:36Z,1.3990509259259258,CLOSED,3
psf/requests,649,2012-06-03T00:59:23Z,2012-07-27T05:54:43Z,54.20509259259259,CLOSED,4
psf/requests,1335,2013-04-30T02:58:10Z,2013-06-08T09:57:00Z,39.290856481481484,CLOSED,6
psf/requests,1434,2013-06-25T15:17:55Z,2013-06-26T07:38:03Z,0.6806481481481481,CLOSED,3
psf/requests,1397,2013-05-30T18:41:17Z,2013-08-17T06:35:52Z,78.49623842592592,CLOSED,10
psf/requests,458,2012-02-26T23:17:29Z,2012-06-15T18:41:19Z,109.8082175925926,CLOSED,6
psf/requests,1630,2013-09-27T08:50:44Z,2013-10-07T23:22:49Z,10.605613425925926,CLOSED,7
psf/requests,1767,2013-12-01T09:22:15Z,2013-12-04T01:36:00Z,2.6762152777777777,CLOSED,2
psf/requests,1655,2013-10-07T10:24:32Z,2013-12-04T01:33:42Z,57.63136574074074,CLOSED,7
psf/requests,1755,2013-11-24T12:30:06Z,2013-12-05T23:04:56Z,11.44085648148148,CLOSED,5
psf/requests,1746,2013-11-19T08:53:32Z,2013-12-05T23:05:08Z,16.59138888888889,CLOSED,8
psf/requests,1703,2013-10-25T08:30:03Z,2013-12-05T23:05:28Z,41.60792824074074,CLOSED,11
psf/requests,1642,2013-10-02T12:33:03Z,2013-12-05T23:06:26Z,64.43984953703703,CLOSED,2
psf/requests,1124,2013-01-22T03:01:58Z,2013-02-10T22:37:55Z,19.816631944444445,CLOSED,12
psf/requests,424,2012-02-13T21:27:39Z,2012-07-27T06:00:53Z,164.35641203703705,CLOSED,1
psf/requests,2063,2014-05-25T19:42:09Z,2014-05-28T08:06:33Z,2.5169444444444444,CLOSED,22
psf/requests,1336,2013-04-30T03:19:58Z,2013-08-15T07:59:47Z,107.19431712962962,CLOSED,47
psf/requests,1711,2013-10-29T12:27:21Z,2013-12-04T01:33:33Z,35.545972222222225,CLOSED,4
psf/requests,223,2011-10-24T16:21:43Z,2012-11-25T03:54:30Z,397.48109953703704,CLOSED,63
psf/requests,2144,2014-07-22T10:23:48Z,2014-07-27T13:59:08Z,5.149537037037037,CLOSED,1
psf/requests,2169,2014-08-18T13:51:38Z,2014-08-29T14:24:23Z,11.022743055555555,CLOSED,26
psf/requests,1732,2013-11-09T08:57:36Z,2013-12-05T23:05:18Z,26.588680555555555,CLOSED,3
psf/requests,2250,2014-09-25T20:01:41Z,2014-10-10T18:30:18Z,14.936539351851852,CLOSED,5
psf/requests,2345,2014-11-16T15:52:15Z,2014-11-30T19:12:43Z,14.139212962962963,CLOSED,5
psf/requests,1622,2013-09-25T03:16:36Z,2015-01-19T09:25:49Z,481.256400462963,CLOSED,40
psf/requests,844,2012-09-07T03:54:10Z,2015-01-19T09:29:14Z,864.2326851851852,CLOSED,52
psf/requests,2530,2015-04-05T21:21:27Z,2015-04-06T21:54:22Z,1.0228587962962963,CLOSED,1
psf/requests,2540,2015-04-08T00:56:52Z,2015-04-11T19:11:01Z,3.759826388888889,CLOSED,3
psf/requests,2503,2015-03-17T13:41:37Z,2015-05-03T15:06:00Z,47.05859953703704,CLOSED,4
psf/requests,2229,2014-09-16T23:23:44Z,2015-05-03T15:12:33Z,228.65890046296298,CLOSED,9
psf/requests,2599,2015-05-13T15:10:24Z,2015-05-14T06:15:18Z,0.6284027777777778,CLOSED,2
psf/requests,2620,2015-06-01T14:00:42Z,2015-06-02T20:53:50Z,1.286898148148148,CLOSED,6
psf/requests,2255,2014-09-29T01:06:48Z,2015-08-31T09:45:01Z,336.35987268518517,CLOSED,20
psf/requests,1572,2013-09-03T09:36:19Z,2015-10-05T14:09:46Z,762.1898958333334,CLOSED,13
psf/requests,2756,2015-09-04T23:44:09Z,2015-10-06T14:52:47Z,31.63099537037037,CLOSED,4
psf/requests,2844,2015-10-23T11:27:22Z,2015-10-23T12:24:36Z,0.03974537037037037,CLOSED,8
psf/requests,2455,2015-02-24T01:11:01Z,2015-05-31T12:57:28Z,96.49059027777778,CLOSED,111
psf/requests,2997,2016-02-05T19:41:55Z,2016-02-05T22:53:55Z,0.13333333333333333,CLOSED,7
psf/requests,2998,2016-02-05T23:16:51Z,2016-02-10T08:46:49Z,4.395810185185185,CLOSED,4
psf/requests,2935,2015-12-18T00:38:06Z,2016-03-09T08:17:03Z,82.31871527777778,CLOSED,44
psf/requests,3068,2016-03-27T20:57:08Z,2016-03-28T15:35:07Z,0.7763773148148149,CLOSED,5
psf/requests,3090,2016-04-13T14:29:33Z,2016-04-15T13:36:43Z,1.963310185185185,CLOSED,4
psf/requests,3028,2016-03-03T12:37:56Z,2016-04-16T04:05:38Z,43.64423611111111,CLOSED,3
psf/requests,2336,2014-11-13T12:10:06Z,2015-03-02T09:49:24Z,108.90229166666667,CLOSED,38
psf/requests,3009,2016-02-12T23:09:13Z,2016-08-05T00:10:35Z,174.04261574074073,CLOSED,12
psf/requests,3490,2016-08-09T18:24:05Z,2016-08-12T19:57:40Z,3.064988425925926,CLOSED,8
psf/requests,3518,2016-08-17T12:04:32Z,2016-08-25T12:45:16Z,8.028287037037037,CLOSED,2
psf/requests,3481,2016-08-09T07:58:53Z,2016-09-11T09:11:16Z,33.05026620370371,CLOSED,9
psf/requests,3578,2016-09-16T22:43:02Z,2016-09-17T07:19:01Z,0.35832175925925924,CLOSED,5
psf/requests,2707,2015-08-05T08:05:52Z,2016-09-23T06:43:09Z,414.94255787037036,CLOSED,4
psf/requests,3597,2016-09-25T06:04:14Z,2016-09-29T07:09:41Z,4.045451388888889,CLOSED,3
psf/requests,3359,2016-06-22T00:19:56Z,2016-09-24T17:01:11Z,94.6953125,CLOSED,15
psf/requests,3689,2016-11-16T01:03:01Z,2016-11-16T10:33:47Z,0.39636574074074077,CLOSED,2
psf/requests,3696,2016-11-16T16:05:10Z,2016-11-16T18:38:12Z,0.10627314814814814,CLOSED,4
psf/requests,3066,2016-03-25T11:30:41Z,2016-12-08T12:33:12Z,258.0434143518519,CLOSED,12
psf/requests,2003,2014-04-15T04:18:58Z,2016-12-17T17:00:48Z,977.529050925926,CLOSED,7
psf/requests,1561,2013-08-30T14:43:45Z,2017-01-09T16:17:38Z,1228.0651967592592,CLOSED,11
psf/requests,1648,2013-10-04T00:02:56Z,2017-03-02T16:28:35Z,1245.6844791666667,CLOSED,52
psf/requests,4030,2017-05-17T14:38:38Z,2017-05-18T01:41:01Z,0.4599884259259259,CLOSED,3
psf/requests,498,2012-03-19T02:03:45Z,2012-07-27T05:29:28Z,130.1428587962963,CLOSED,30
psf/requests,4401,2017-11-27T10:39:30Z,2017-11-27T21:52:45Z,0.4675347222222222,CLOSED,6
psf/requests,4275,2017-09-05T10:13:27Z,2018-01-16T14:07:27Z,133.1625,CLOSED,1
psf/requests,4443,2018-01-01T13:57:19Z,2018-01-21T18:53:24Z,20.205613425925925,CLOSED,5
psf/requests,4748,2018-07-24T14:28:26Z,2018-07-24T16:46:20Z,0.09576388888888888,CLOSED,4
psf/requests,239,2011-11-05T12:37:30Z,2012-07-27T06:07:41Z,264.7292939814815,CLOSED,81
psf/requests,4746,2018-07-23T09:43:33Z,2018-10-01T02:25:44Z,69.69596064814814,CLOSED,2
psf/requests,4649,2018-05-16T16:25:58Z,2018-10-03T16:11:33Z,139.98998842592593,CLOSED,7
psf/requests,4716,2018-06-27T09:06:49Z,2018-09-14T12:08:05Z,79.12587962962964,CLOSED,4
psf/requests,1685,2013-10-17T17:03:10Z,2016-04-16T04:18:33Z,911.4690162037037,CLOSED,54
psf/requests,520,2012-03-29T07:19:00Z,2012-08-06T04:38:28Z,129.8885185185185,CLOSED,62
psf/requests,337,2012-01-06T05:06:43Z,2012-08-25T15:09:13Z,232.41840277777777,CLOSED,9
psf/requests,1871,2014-01-20T11:09:18Z,2018-02-24T14:55:18Z,1496.1569444444444,CLOSED,27
psf/requests,4965,2019-02-06T21:46:17Z,,,OPEN,1
psf/requests,606,2012-05-11T17:32:54Z,2012-07-27T06:10:49Z,76.52633101851852,CLOSED,20
psf/requests,2392,2014-12-26T18:19:10Z,,,OPEN,5
psf/requests,3683,2016-11-15T14:50:57Z,2016-11-30T15:07:22Z,15.011400462962962,CLOSED,29
psf/requests,3296,2016-06-08T22:17:20Z,,,OPEN,7
psf/requests,2716,2015-08-09T09:27:56Z,,,OPEN,4
fastapi/fastapi,14344,2025-11-13T08:50:10Z,2025-11-14T14:13:35Z,1.2245949074074074,CLOSED,2
fastapi/fastapi,14316,2025-11-08T21:50:28Z,2025-11-08T21:50:55Z,0.0003125,CLOSED,1
fastapi/fastapi,14271,2025-10-31T18:27:22Z,2025-10-31T18:41:06Z,0.009537037037037037,CLOSED,1
fastapi/fastapi,14247,2025-10-29T12:29:40Z,2025-10-29T13:49:55Z,0.05572916666666667,CLOSED,1
fastapi/fastapi,11143,2024-02-14T09:37:11Z,2025-09-29T03:50:19Z,592.7591203703704,CLOSED,41
fastapi/fastapi,13400,2025-02-20T16:17:31Z,2025-03-24T11:28:01Z,31.798958333333335,CLOSED,15
fastapi/fastapi,13440,2025-03-01T17:19:44Z,2025-03-01T22:40:52Z,0.22300925925925927,CLOSED,2
fastapi/fastapi,1204,2020-04-01T17:15:58Z,2020-06-23T00:17:39Z,82.29283564814814,CLOSED,5
fastapi/fastapi,10180,2023-08-31T12:36:09Z,,,OPEN,15
fastapi/fastapi,12901,2024-11-11T13:57:22Z,2024-11-12T16:11:14Z,1.092962962962963,CLOSED,1
fastapi/fastapi,11580,2024-05-15T15:15:03Z,2024-08-24T19:27:38Z,101.1754050925926,CLOSED,2
fastapi/fastapi,10236,2023-09-12T12:47:37Z,2024-08-17T04:52:33Z,339.6700925925926,CLOSED,8
fastapi/fastapi,12017,2024-08-14T14:33:00Z,2024-08-14T14:52:21Z,0.0134375,CLOSED,1
fastapi/fastapi,4939,2022-05-23T10:05:51Z,2022-09-03T16:40:39Z,103.27416666666667,CLOSED,18
fastapi/fastapi,230,2019-05-15T16:14:16Z,2019-05-21T13:32:03Z,5.8873495370370375,CLOSED,11
fastapi/fastapi,9920,2023-07-20T18:11:21Z,2024-04-18T21:58:53Z,273.15800925925925,CLOSED,9
fastapi/fastapi,3381,2021-06-16T20:50:04Z,2022-09-04T00:16:18Z,444.1432175925926,CLOSED,3
fastapi/fastapi,10978,2024-01-16T12:20:55Z,2024-01-19T14:02:25Z,3.0704861111111112,CLOSED,13
fastapi/fastapi,811,2019-12-22T20:29:28Z,2020-06-25T00:18:43Z,185.1592013888889,CLOSED,12
fastapi/fastapi,98,2019-03-24T01:51:32Z,2019-03-24T20:00:11Z,0.7560069444444445,CLOSED,37
fastapi/fastapi,829,2020-01-06T16:16:15Z,2020-07-11T17:19:57Z,187.0442361111111,CLOSED,18
fastapi/fastapi,5861,2023-01-09T11:05:37Z,2023-02-06T11:08:59Z,28.00233796296296,CLOSED,18
fastapi/fastapi,10321,2023-09-25T16:54:56Z,2023-09-26T04:20:03Z,0.47577546296296297,CLOSED,3
fastapi/fastapi,9780,2023-07-02T15:33:46Z,2023-07-02T16:03:29Z,0.020636574074074075,CLOSED,1
fastapi/fastapi,9649,2023-06-10T17:25:14Z,2023-06-10T17:25:22Z,9.259259259259259e-05,CLOSED,1
fastapi/fastapi,9566,2023-05-24T09:19:08Z,2023-06-08T18:30:52Z,15.383148148148148,CLOSED,1
fastapi/fastapi,1043,2020-02-27T00:02:34Z,2020-04-07T00:01:29Z,39.99924768518518,CLOSED,7
fastapi/fastapi,9387,2023-04-13T17:45:00Z,2023-04-13T19:36:35Z,0.07748842592592593,CLOSED,1
fastapi/fastapi,9246,2023-03-12T12:02:51Z,2023-03-22T10:11:20Z,9.92255787037037,CLOSED,2
fastapi/fastapi,2719,2021-01-29T00:19:06Z,2023-03-04T15:10:45Z,764.6192013888889,CLOSED,13
fastapi/fastapi,240,2019-05-19T23:47:37Z,2023-02-28T19:04:36Z,1380.803460648148,CLOSED,14
fastapi/fastapi,1224,2020-04-07T18:33:12Z,2023-02-28T18:34:44Z,1057.0010648148148,CLOSED,3
fastapi/fastapi,281,2019-05-31T09:48:39Z,2023-02-28T15:06:18Z,1369.2205902777778,CLOSED,2
fastapi/fastapi,180,2019-04-23T16:56:59Z,2019-04-30T12:24:48Z,6.810983796296297,CLOSED,5
fastapi/fastapi,937,2020-02-01T19:04:20Z,2020-02-04T09:04:46Z,2.5836342592592594,CLOSED,4
fastapi/fastapi,1149,2020-03-21T05:07:55Z,2020-04-13T18:38:51Z,23.563148148148148,CLOSED,1
fastapi/fastapi,36,2019-02-17T16:37:16Z,2019-03-25T19:19:09Z,36.11241898148148,CLOSED,1
fastapi/fastapi,87,2019-03-20T13:09:25Z,2019-03-31T14:47:55Z,11.068402777777777,CLOSED,8
fastapi/fastapi,136,2019-04-03T20:12:30Z,2019-04-20T20:54:47Z,17.029363425925926,CLOSED,3
fastapi/fastapi,139,2019-04-05T14:41:25Z,2019-04-05T17:03:01Z,0.09833333333333333,CLOSED,5
fastapi/fastapi,191,2019-04-29T06:25:21Z,2019-04-30T02:24:36Z,0.8328125,CLOSED,2
fastapi/fastapi,216,2019-05-11T22:19:59Z,2019-05-30T15:15:20Z,18.70510416666667,CLOSED,2
fastapi/fastapi,261,2019-05-26T13:16:24Z,2019-06-04T10:02:55Z,8.865636574074074,CLOSED,2
fastapi/fastapi,276,2019-05-30T06:35:57Z,2019-06-27T18:51:18Z,28.510659722222222,CLOSED,2
fastapi/fastapi,274,2019-05-29T14:44:07Z,2019-05-30T14:03:41Z,0.9719212962962963,CLOSED,1
fastapi/fastapi,300,2019-06-09T09:20:27Z,2019-11-27T02:22:21Z,170.7096527777778,CLOSED,12
fastapi/fastapi,303,2019-06-11T13:19:25Z,2019-06-13T16:37:20Z,2.1374421296296298,CLOSED,1
fastapi/fastapi,332,2019-06-24T23:49:55Z,2019-07-14T18:33:30Z,19.780266203703704,CLOSED,16
fastapi/fastapi,368,2019-07-05T04:21:58Z,2020-02-29T16:33:03Z,239.50769675925926,CLOSED,4
fastapi/fastapi,365,2019-07-04T14:47:19Z,2020-06-24T00:18:29Z,355.39664351851854,CLOSED,15
fastapi/fastapi,416,2019-08-01T16:04:30Z,2019-08-26T13:39:00Z,24.898958333333333,CLOSED,8
fastapi/fastapi,428,2019-08-12T05:59:43Z,2019-08-30T16:17:43Z,18.429166666666667,CLOSED,0
fastapi/fastapi,429,2019-08-12T10:17:51Z,2019-08-30T21:46:06Z,18.47795138888889,CLOSED,0
fastapi/fastapi,431,2019-08-12T10:36:26Z,2019-08-30T22:32:39Z,18.497372685185184,CLOSED,0
fastapi/fastapi,446,2019-08-19T04:22:51Z,2019-11-27T02:27:54Z,99.92017361111111,CLOSED,6
fastapi/fastapi,469,2019-08-27T07:14:20Z,2022-09-22T00:18:00Z,1121.7108796296295,CLOSED,8
fastapi/fastapi,492,2019-08-31T18:28:28Z,2019-09-01T12:51:43Z,0.7661458333333333,CLOSED,2
fastapi/fastapi,539,2019-09-17T04:53:20Z,2019-10-04T21:35:21Z,17.69584490740741,CLOSED,7
fastapi/fastapi,628,2019-10-17T02:23:28Z,2020-03-11T00:02:08Z,145.90185185185186,CLOSED,9
fastapi/fastapi,675,2019-11-02T20:31:11Z,2022-11-22T00:17:15Z,1115.1569907407406,CLOSED,6
fastapi/fastapi,679,2019-11-04T16:41:35Z,2019-11-28T06:38:01Z,23.580856481481483,CLOSED,6
fastapi/fastapi,737,2019-11-26T19:34:05Z,2020-06-25T00:18:47Z,211.19770833333334,CLOSED,4
fastapi/fastapi,743,2019-11-28T09:31:39Z,2019-11-29T06:02:11Z,0.854537037037037,CLOSED,3
fastapi/fastapi,755,2019-11-30T09:23:46Z,2020-01-08T20:50:21Z,39.47679398148148,CLOSED,3
fastapi/fastapi,800,2019-12-18T10:24:20Z,2020-01-29T00:01:46Z,41.56766203703704,CLOSED,5
fastapi/fastapi,847,2020-01-11T13:37:04Z,2020-01-29T00:01:39Z,17.433738425925927,CLOSED,4
fastapi/fastapi,894,2020-01-20T06:24:03Z,2020-03-29T21:55:12Z,69.64663194444445,CLOSED,17
fastapi/fastapi,914,2020-01-24T11:02:12Z,2020-02-04T04:01:59Z,10.70818287037037,CLOSED,3
fastapi/fastapi,967,2020-02-10T14:41:22Z,2020-02-28T21:49:56Z,18.297615740740742,CLOSED,1
fastapi/fastapi,1014,2020-02-21T07:43:18Z,2020-04-25T00:01:50Z,63.679537037037036,CLOSED,4
fastapi/fastapi,1016,2020-02-21T23:07:20Z,2020-04-13T14:12:03Z,51.62827546296296,CLOSED,2
fastapi/fastapi,1045,2020-02-27T16:50:43Z,2020-03-02T21:15:11Z,4.1836574074074075,CLOSED,2
fastapi/fastapi,1063,2020-03-01T14:57:06Z,2020-03-31T22:08:23Z,30.299502314814816,CLOSED,4
fastapi/fastapi,1077,2020-03-03T15:09:10Z,2020-04-14T05:56:35Z,41.61626157407407,CLOSED,3
fastapi/fastapi,1177,2020-03-28T14:21:58Z,2020-03-31T12:52:50Z,2.938101851851852,CLOSED,2
fastapi/fastapi,1209,2020-04-03T11:12:28Z,2020-04-05T02:23:31Z,1.632673611111111,CLOSED,1
fastapi/fastapi,1296,2020-04-21T14:36:03Z,2020-05-17T10:37:16Z,25.83417824074074,CLOSED,1
fastapi/fastapi,1350,2020-04-29T14:30:34Z,2020-06-24T00:17:42Z,55.407731481481484,CLOSED,4
fastapi/fastapi,1440,2020-05-20T14:23:54Z,2021-05-16T18:30:10Z,361.1710185185185,CLOSED,14
fastapi/fastapi,1528,2020-06-07T12:11:05Z,2020-06-26T00:18:08Z,18.504895833333332,CLOSED,11
fastapi/fastapi,5857,2023-01-08T16:50:56Z,2023-01-21T00:13:33Z,12.307372685185186,CLOSED,11
fastapi/fastapi,4050,2021-10-14T16:12:30Z,2022-11-21T00:16:16Z,402.33594907407405,CLOSED,11
fastapi/fastapi,4949,2022-05-25T08:38:42Z,2022-09-22T00:17:57Z,119.65225694444445,CLOSED,14
fastapi/fastapi,2832,2021-02-18T12:33:31Z,2022-09-14T00:18:15Z,572.4893981481481,CLOSED,23
fastapi/fastapi,1458,2020-05-23T03:40:45Z,2022-09-04T01:15:01Z,833.8987962962963,CLOSED,6
fastapi/fastapi,3608,2021-07-26T15:27:30Z,2022-08-27T09:32:53Z,396.7537384259259,CLOSED,6
fastapi/fastapi,2639,2021-01-12T18:17:57Z,2022-04-28T00:21:51Z,470.2527083333333,CLOSED,15
fastapi/fastapi,3790,2021-08-30T14:44:54Z,2022-04-28T00:21:49Z,240.40063657407407,CLOSED,7
fastapi/fastapi,1986,2020-08-28T22:29:34Z,2022-02-03T00:09:30Z,523.0693981481481,CLOSED,3
fastapi/fastapi,1088,2020-03-06T13:54:55Z,2020-06-25T00:18:30Z,110.43304398148148,CLOSED,4
fastapi/fastapi,1545,2020-06-10T13:28:32Z,2020-06-23T00:16:57Z,12.450289351851852,CLOSED,3
fastapi/fastapi,1265,2020-04-14T19:23:14Z,2020-06-15T15:37:30Z,61.84324074074074,CLOSED,6
fastapi/fastapi,1221,2020-04-07T17:42:48Z,2020-04-19T00:01:29Z,11.262974537037037,CLOSED,4
fastapi/fastapi,1067,2020-03-02T02:06:38Z,2020-04-13T15:11:16Z,42.54488425925926,CLOSED,2
fastapi/fastapi,998,2020-02-18T22:17:55Z,2020-03-31T07:20:19Z,41.376666666666665,CLOSED,3
fastapi/fastapi,757,2019-11-30T10:45:53Z,2020-02-23T00:02:11Z,84.55298611111111,CLOSED,5
fastapi/fastapi,597,2019-10-07T12:59:42Z,2019-10-09T17:45:44Z,2.198634259259259,CLOSED,0
fastapi/fastapi,18,2019-01-31T22:26:33Z,2019-02-08T14:04:30Z,7.651354166666667,CLOSED,3
fastapi/fastapi,10,2019-01-23T10:47:12Z,2019-02-01T10:14:24Z,8.977222222222222,CLOSED,2
fastapi/fastapi,2,2019-01-05T05:07:49Z,2019-01-05T18:42:42Z,0.5658912037037037,CLOSED,3
encode/httpx,914,2020-04-30T13:15:36Z,,,OPEN,43
encode/httpx,1171,2020-08-11T19:04:01Z,2024-02-12T11:20:32Z,1279.6781365740742,CLOSED,23
encode/httpx,96,2019-06-18T16:36:16Z,2020-07-31T14:13:23Z,408.90077546296294,CLOSED,110
encode/httpx,1461,2021-02-08T13:59:36Z,2021-04-21T09:38:25Z,71.81862268518519,CLOSED,3
encode/httpx,2985,2023-12-06T13:48:21Z,2023-12-07T10:08:16Z,0.8471643518518519,CLOSED,0
encode/httpx,309,2019-09-03T03:59:46Z,2019-09-05T09:21:21Z,2.2233217592592593,CLOSED,5
encode/httpx,2532,2023-01-02T12:02:12Z,2023-01-12T11:27:48Z,9.976111111111111,CLOSED,4
encode/httpx,2666,2023-04-18T08:49:31Z,2023-04-18T09:03:03Z,0.009398148148148149,CLOSED,0
encode/httpx,1833,2021-09-03T09:08:28Z,2023-01-10T10:36:16Z,494.06097222222223,CLOSED,5
encode/httpx,2488,2022-12-02T14:39:15Z,2022-12-12T10:50:32Z,9.84116898148148,CLOSED,10
encode/httpx,2069,2022-02-05T07:37:05Z,2022-10-06T16:53:53Z,243.38666666666666,CLOSED,4
encode/httpx,2139,2022-03-22T10:07:42Z,2022-03-31T12:41:40Z,9.106921296296296,CLOSED,9
encode/httpx,2239,2022-05-20T00:54:49Z,2022-07-25T11:04:35Z,66.42344907407407,CLOSED,5
encode/httpx,193,2019-08-06T07:51:36Z,2019-10-04T19:46:58Z,59.49678240740741,CLOSED,21
encode/httpx,2073,2022-02-09T10:20:01Z,2022-02-09T12:36:53Z,0.0950462962962963,CLOSED,5
encode/httpx,2050,2022-01-27T11:52:19Z,2022-02-04T12:33:57Z,8.028912037037037,CLOSED,1
encode/httpx,2053,2022-01-28T10:43:53Z,2022-02-02T15:21:23Z,5.192708333333333,CLOSED,2
encode/httpx,2047,2022-01-26T13:13:20Z,2022-01-31T12:15:01Z,4.959502314814815,CLOSED,12
encode/httpx,1239,2020-08-31T10:09:45Z,2022-01-13T11:45:58Z,500.0668171296296,CLOSED,8
encode/httpx,1517,2021-03-20T02:01:56Z,2021-05-10T10:53:14Z,51.36895833333333,CLOSED,3
encode/httpx,1311,2020-09-23T09:45:17Z,2020-10-08T08:37:14Z,14.952743055555555,CLOSED,3
encode/httpx,1482,2021-02-24T01:01:15Z,2021-03-25T15:35:02Z,29.60679398148148,CLOSED,1
encode/httpx,1498,2021-03-04T10:52:26Z,2021-03-24T10:51:34Z,19.99939814814815,CLOSED,3
encode/httpx,1463,2021-02-09T22:04:18Z,2021-02-17T11:32:43Z,7.561400462962963,CLOSED,2
encode/httpx,1468,2021-02-16T11:21:36Z,2021-02-16T12:33:18Z,0.049791666666666665,CLOSED,1
encode/httpx,859,2020-03-11T13:12:37Z,2020-12-07T20:12:51Z,271.2918287037037,CLOSED,22
encode/httpx,1428,2020-12-14T19:41:50Z,2020-12-21T16:02:57Z,6.847997685185185,CLOSED,6
encode/httpx,1405,2020-12-01T16:57:42Z,2020-12-02T10:07:49Z,0.7153587962962963,CLOSED,13
encode/httpx,825,2020-02-26T08:26:13Z,2020-11-25T15:38:28Z,273.3001736111111,CLOSED,16
encode/httpx,1393,2020-11-19T16:29:08Z,2020-11-20T11:47:27Z,0.8043865740740741,CLOSED,6
encode/httpx,1387,2020-11-10T09:55:53Z,2020-11-17T06:54:20Z,6.8739236111111115,CLOSED,4
encode/httpx,1365,2020-10-21T13:49:48Z,2020-11-16T09:39:53Z,25.82644675925926,CLOSED,2
encode/httpx,1360,2020-10-13T03:31:37Z,2020-10-30T08:38:24Z,17.21304398148148,CLOSED,1
encode/httpx,1213,2020-08-22T00:56:19Z,2020-10-06T09:52:03Z,45.37203703703704,CLOSED,8
encode/httpx,1323,2020-09-24T21:48:37Z,2020-09-25T10:29:18Z,0.5282523148148148,CLOSED,1
encode/httpx,1315,2020-09-23T16:33:31Z,2020-09-24T07:42:27Z,0.6312037037037037,CLOSED,0
encode/httpx,1310,2020-09-23T09:38:24Z,2020-09-23T10:26:13Z,0.03320601851851852,CLOSED,1
encode/httpx,1256,2020-09-04T12:18:58Z,2020-09-23T10:25:55Z,18.921493055555555,CLOSED,3
encode/httpx,846,2020-03-04T18:23:33Z,2020-08-05T17:56:26Z,153.9811689814815,CLOSED,16
encode/httpx,1234,2020-08-28T13:24:24Z,2020-09-01T13:08:11Z,3.9887384259259258,CLOSED,9
encode/httpx,1203,2020-08-20T09:58:15Z,2020-08-21T11:03:16Z,1.0451504629629629,CLOSED,1
encode/httpx,1189,2020-08-17T13:33:31Z,2020-08-20T09:36:36Z,2.835474537037037,CLOSED,17
encode/httpx,1174,2020-08-12T13:24:15Z,2020-08-20T09:37:26Z,7.842488425925926,CLOSED,18
encode/httpx,1188,2020-08-17T10:45:24Z,2020-08-19T11:10:05Z,2.0171412037037038,CLOSED,2
encode/httpx,1169,2020-08-11T12:53:29Z,2020-08-13T01:01:04Z,1.5052662037037037,CLOSED,9
encode/httpx,720,2020-01-04T01:31:47Z,2020-01-06T11:13:06Z,2.4036921296296296,CLOSED,3
encode/httpx,858,2020-03-10T21:09:58Z,2020-08-11T16:18:14Z,153.7974074074074,CLOSED,1
encode/httpx,328,2019-09-08T22:33:46Z,2020-08-11T16:18:14Z,337.73921296296294,CLOSED,2
encode/httpx,1168,2020-08-11T11:51:22Z,2020-08-11T15:43:58Z,0.16152777777777777,CLOSED,6
encode/httpx,1151,2020-08-08T21:33:04Z,2020-08-10T13:53:52Z,1.681111111111111,CLOSED,7
encode/httpx,1039,2020-06-30T13:37:57Z,2020-08-02T11:42:37Z,32.91990740740741,CLOSED,3
encode/httpx,1025,2020-06-16T09:53:18Z,2020-07-28T18:52:47Z,42.3746412037037,CLOSED,10
encode/httpx,1023,2020-06-15T17:57:33Z,2020-07-03T13:56:12Z,17.832395833333333,CLOSED,4
encode/httpx,1031,2020-06-24T09:38:39Z,2020-06-24T17:36:28Z,0.3318171296296296,CLOSED,12
encode/httpx,987,2020-05-24T08:37:41Z,2020-05-26T14:03:56Z,2.2265625,CLOSED,5
encode/httpx,845,2020-03-04T16:51:14Z,2020-05-07T08:04:36Z,63.634282407407404,CLOSED,4
encode/httpx,841,2020-03-02T15:20:39Z,2020-05-13T09:25:42Z,71.75350694444444,CLOSED,25
encode/httpx,873,2020-03-23T13:42:28Z,2020-05-04T10:30:08Z,41.86643518518518,CLOSED,11
encode/httpx,911,2020-04-26T22:58:45Z,2020-05-07T07:42:01Z,10.36337962962963,CLOSED,4
encode/httpx,817,2020-02-19T03:27:20Z,2020-04-30T16:27:02Z,71.54145833333334,CLOSED,8
encode/httpx,283,2019-08-27T11:50:33Z,2020-04-30T16:25:28Z,247.19091435185186,CLOSED,7
encode/httpx,514,2019-11-07T17:21:56Z,2020-04-30T16:25:23Z,174.96072916666665,CLOSED,10
encode/httpx,634,2019-12-13T06:55:17Z,2019-12-16T12:11:59Z,3.2199305555555555,CLOSED,25
encode/httpx,779,2020-01-18T22:17:36Z,2020-01-20T13:50:51Z,1.6480902777777777,CLOSED,0
encode/httpx,762,2020-01-14T03:44:09Z,2020-01-14T14:09:08Z,0.4340162037037037,CLOSED,11
encode/httpx,756,2020-01-12T03:44:39Z,2020-01-14T09:00:52Z,2.2195949074074073,CLOSED,3
encode/httpx,689,2019-12-27T22:47:16Z,2019-12-31T13:18:24Z,3.604953703703704,CLOSED,10
encode/httpx,551,2019-11-25T10:50:49Z,2019-12-31T13:18:01Z,36.102222222222224,CLOSED,6
encode/httpx,236,2019-08-19T02:52:42Z,2019-12-23T10:49:37Z,126.33119212962963,CLOSED,13
encode/httpx,376,2019-09-23T19:39:01Z,2019-12-20T16:10:17Z,87.8550462962963,CLOSED,19
encode/httpx,652,2019-12-20T02:34:35Z,2019-12-20T10:46:36Z,0.34167824074074077,CLOSED,2
encode/httpx,620,2019-12-09T07:57:04Z,2019-12-13T10:49:16Z,4.119583333333333,CLOSED,2
encode/httpx,262,2019-08-21T09:38:16Z,2019-12-12T11:57:54Z,113.09696759259259,CLOSED,6
encode/httpx,381,2019-09-24T20:37:23Z,2019-12-12T11:54:33Z,78.6369212962963,CLOSED,1
encode/httpx,289,2019-08-28T00:23:42Z,2019-12-12T11:52:50Z,106.47856481481482,CLOSED,2
encode/httpx,95,2019-06-18T17:08:55Z,2019-12-12T11:52:50Z,176.7804976851852,CLOSED,12
encode/httpx,504,2019-11-06T01:58:22Z,2019-12-04T10:05:34Z,28.338333333333335,CLOSED,4
encode/httpx,568,2019-11-29T21:58:56Z,2019-11-30T12:07:44Z,0.5894444444444444,CLOSED,4
encode/httpx,505,2019-11-06T10:00:54Z,2019-11-27T13:53:12Z,21.161319444444445,CLOSED,2
encode/httpx,541,2019-11-19T21:04:28Z,2019-11-27T13:40:20Z,7.691574074074074,CLOSED,2
encode/httpx,508,2019-11-06T12:06:34Z,2019-11-27T13:39:35Z,21.064594907407407,CLOSED,22
encode/httpx,530,2019-11-15T16:33:17Z,2019-11-26T09:05:20Z,10.688923611111111,CLOSED,0
encode/httpx,527,2019-11-14T15:32:50Z,2019-11-22T08:34:10Z,7.70925925925926,CLOSED,16
encode/httpx,382,2019-09-24T21:18:42Z,2019-09-25T11:31:51Z,0.5924652777777778,CLOSED,13
encode/httpx,366,2019-09-21T10:12:54Z,2019-10-08T20:12:05Z,17.416099537037038,CLOSED,4
encode/httpx,391,2019-09-26T13:33:23Z,2019-10-04T09:33:19Z,7.833287037037037,CLOSED,4
encode/httpx,392,2019-09-26T13:37:29Z,2019-10-01T18:35:28Z,5.206932870370371,CLOSED,4
encode/httpx,395,2019-09-26T17:34:20Z,2019-09-27T09:25:14Z,0.6603472222222222,CLOSED,12
encode/httpx,327,2019-09-08T09:50:08Z,2019-09-08T10:20:06Z,0.020810185185185185,CLOSED,1
encode/httpx,317,2019-09-05T09:13:16Z,2019-09-08T02:31:11Z,2.720775462962963,CLOSED,2
encode/httpx,318,2019-09-05T09:17:30Z,2019-09-06T01:30:20Z,0.6755787037037037,CLOSED,2
encode/httpx,278,2019-08-26T16:09:43Z,2019-08-27T20:02:03Z,1.1613425925925926,CLOSED,8
encode/httpx,235,2019-08-19T02:23:06Z,2019-08-19T15:12:01Z,0.5339699074074075,CLOSED,2
encode/httpx,229,2019-08-17T23:24:44Z,2019-08-18T19:44:46Z,0.8472453703703704,CLOSED,3
encode/httpx,233,2019-08-18T09:31:17Z,2019-08-18T10:19:15Z,0.033310185185185186,CLOSED,5
encode/httpx,198,2019-08-13T02:01:53Z,2019-08-13T11:44:24Z,0.404525462962963,CLOSED,0
encode/httpx,164,2019-07-28T18:25:59Z,2019-07-29T03:16:38Z,0.36850694444444443,CLOSED,2
encode/httpx,165,2019-07-28T21:50:33Z,2019-07-29T02:43:07Z,0.2031712962962963,CLOSED,3
encode/httpx,142,2019-07-25T08:37:16Z,2019-07-25T22:01:04Z,0.5581944444444444,CLOSED,2
aio-libs/aiohttp,3525,2019-01-11T16:24:41Z,2019-01-14T08:54:41Z,2.6875,CLOSED,11
aio-libs/aiohttp,3530,2019-01-13T07:32:05Z,2019-01-13T21:24:17Z,0.5779166666666666,CLOSED,9
aio-libs/aiohttp,3522,2019-01-11T14:44:13Z,2019-01-11T19:13:59Z,0.18733796296296296,CLOSED,5
aio-libs/aiohttp,3508,2019-01-09T10:08:35Z,2019-01-11T13:30:43Z,2.1403703703703703,CLOSED,4
aio-libs/aiohttp,3521,2019-01-11T03:20:00Z,2019-01-11T08:21:00Z,0.20902777777777778,CLOSED,4
aio-libs/aiohttp,3514,2019-01-09T20:30:09Z,2019-01-09T22:36:06Z,0.08746527777777778,CLOSED,3
aio-libs/aiohttp,3502,2019-01-08T04:10:15Z,2019-01-08T07:18:26Z,0.13068287037037038,CLOSED,3
aio-libs/aiohttp,3497,2019-01-07T13:22:02Z,2019-01-08T07:21:28Z,0.7496064814814815,CLOSED,3
aio-libs/aiohttp,4478,2019-12-31T11:47:20Z,2020-01-07T14:27:16Z,7.111064814814815,CLOSED,6
aio-libs/aiohttp,3480,2019-01-03T14:39:33Z,2019-01-04T16:04:28Z,1.0589699074074075,CLOSED,4
aio-libs/aiohttp,3482,2019-01-04T13:27:50Z,2019-01-05T09:27:05Z,0.8328125,CLOSED,8
aio-libs/aiohttp,3466,2018-12-25T15:00:57Z,2019-01-03T20:21:11Z,9.22238425925926,CLOSED,3
aio-libs/aiohttp,3292,2018-09-26T11:24:32Z,2018-09-26T11:48:23Z,0.0165625,CLOSED,12
aio-libs/aiohttp,3468,2018-12-27T10:51:55Z,2018-12-28T19:40:26Z,1.367025462962963,CLOSED,8
aio-libs/aiohttp,3464,2018-12-25T09:41:31Z,2018-12-27T19:23:22Z,2.4040625,CLOSED,2
aio-libs/aiohttp,3450,2018-12-13T16:23:18Z,2018-12-25T00:32:35Z,11.339780092592592,CLOSED,3
aio-libs/aiohttp,3455,2018-12-19T18:14:30Z,2018-12-25T00:37:16Z,5.2658101851851855,CLOSED,9
aio-libs/aiohttp,3429,2018-12-05T20:11:39Z,2018-12-25T00:38:16Z,19.185150462962962,CLOSED,3
aio-libs/aiohttp,3453,2018-12-18T02:57:11Z,2018-12-18T16:17:05Z,0.5554861111111111,CLOSED,5
aio-libs/aiohttp,3392,2018-11-16T15:06:19Z,2018-12-07T16:41:10Z,21.065868055555555,CLOSED,4
aio-libs/aiohttp,3432,2018-12-06T09:27:08Z,2018-12-07T04:33:48Z,0.7962962962962963,CLOSED,6
aio-libs/aiohttp,3361,2018-10-24T06:58:25Z,2018-12-05T21:12:53Z,42.59337962962963,CLOSED,8
aio-libs/aiohttp,3428,2018-12-05T14:28:53Z,2018-12-05T15:12:46Z,0.030474537037037036,CLOSED,4
aio-libs/aiohttp,3298,2018-09-27T16:26:40Z,2018-12-02T15:26:25Z,65.95815972222222,CLOSED,6
aio-libs/aiohttp,3393,2018-11-17T01:42:49Z,2018-11-26T11:43:42Z,9.417280092592593,CLOSED,15
aio-libs/aiohttp,3408,2018-11-25T19:15:46Z,2018-11-25T19:49:20Z,0.023310185185185184,CLOSED,4
aio-libs/aiohttp,4370,2019-11-21T18:32:06Z,2019-11-25T17:06:29Z,3.9405439814814813,CLOSED,1
aio-libs/aiohttp,3402,2018-11-20T19:16:50Z,2018-11-22T07:53:23Z,1.5253819444444445,CLOSED,6
aio-libs/aiohttp,3390,2018-11-15T16:52:42Z,2018-11-21T16:31:50Z,5.985509259259259,CLOSED,8
aio-libs/aiohttp,4178,2019-10-11T19:02:25Z,2019-11-21T12:22:34Z,40.72232638888889,CLOSED,7
aio-libs/aiohttp,3400,2018-11-20T16:40:16Z,2018-11-21T07:50:59Z,0.6324421296296296,CLOSED,4
aio-libs/aiohttp,3387,2018-11-09T09:11:24Z,2018-11-11T13:16:21Z,2.1701041666666665,CLOSED,5
aio-libs/aiohttp,3386,2018-11-08T13:44:41Z,2018-11-08T13:53:57Z,0.006435185185185185,CLOSED,3
aio-libs/aiohttp,114,2014-07-09T15:02:06Z,2014-07-10T18:02:22Z,1.1251851851851853,CLOSED,5
aio-libs/aiohttp,255,2015-01-22T09:16:00Z,2015-01-22T23:51:38Z,0.6080787037037036,CLOSED,7
aio-libs/aiohttp,264,2015-01-29T15:35:05Z,2015-01-29T19:26:45Z,0.16087962962962962,CLOSED,6
aio-libs/aiohttp,161,2014-10-22T15:00:26Z,2015-04-15T18:37:34Z,175.15078703703705,CLOSED,8
aio-libs/aiohttp,489,2015-09-03T15:55:01Z,2015-09-04T15:10:28Z,0.9690625,CLOSED,2
aio-libs/aiohttp,848,2016-04-12T03:56:10Z,2016-04-21T08:46:06Z,9.201342592592592,CLOSED,8
aio-libs/aiohttp,1146,2016-09-09T14:48:22Z,2016-09-10T09:02:11Z,0.7595949074074074,CLOSED,2
aio-libs/aiohttp,1148,2016-09-09T18:02:27Z,2016-09-12T16:41:24Z,2.9437152777777778,CLOSED,2
aio-libs/aiohttp,1125,2016-08-25T19:11:45Z,2016-09-16T13:22:43Z,21.75761574074074,CLOSED,14
aio-libs/aiohttp,1225,2016-09-29T11:01:14Z,2016-09-30T05:09:25Z,0.7556828703703704,CLOSED,4
aio-libs/aiohttp,725,2016-01-09T00:58:32Z,2016-11-22T17:26:48Z,318.6862962962963,CLOSED,11
aio-libs/aiohttp,1353,2016-10-31T18:31:37Z,2016-12-27T18:37:13Z,57.00388888888889,CLOSED,6
aio-libs/aiohttp,1211,2016-09-25T10:52:15Z,2017-01-23T18:26:24Z,120.31538194444444,CLOSED,7
aio-libs/aiohttp,732,2016-01-11T22:35:59Z,2017-02-20T05:02:13Z,405.2682175925926,CLOSED,7
aio-libs/aiohttp,1469,2016-12-09T16:43:11Z,2017-02-22T06:54:10Z,74.59096064814815,CLOSED,10
aio-libs/aiohttp,117,2014-07-15T12:22:27Z,2016-06-03T18:59:31Z,689.2757407407407,CLOSED,10
aio-libs/aiohttp,1673,2017-02-22T17:39:21Z,2017-03-22T02:41:25Z,27.376435185185183,CLOSED,3
aio-libs/aiohttp,356,2015-05-10T21:48:19Z,2017-06-01T16:21:21Z,752.7729398148148,CLOSED,9
aio-libs/aiohttp,2024,2017-06-27T09:48:42Z,2017-07-27T09:55:04Z,30.004421296296297,CLOSED,2
aio-libs/aiohttp,2201,2017-08-15T02:43:09Z,2017-08-31T12:14:05Z,16.39648148148148,CLOSED,3
aio-libs/aiohttp,2183,2017-08-09T05:00:06Z,2017-09-20T20:20:17Z,42.639016203703704,CLOSED,14
aio-libs/aiohttp,2284,2017-09-21T13:01:08Z,2017-09-23T17:58:18Z,2.2063657407407407,CLOSED,1
aio-libs/aiohttp,1699,2017-03-07T17:15:56Z,2017-10-16T17:10:10Z,222.99599537037037,CLOSED,3
aio-libs/aiohttp,2414,2017-10-26T15:38:41Z,2017-10-27T12:48:22Z,0.881724537037037,CLOSED,7
aio-libs/aiohttp,2514,2017-11-13T17:43:48Z,2017-11-17T09:33:10Z,3.6592824074074075,CLOSED,10
aio-libs/aiohttp,2522,2017-11-16T09:56:35Z,2017-11-20T07:49:20Z,3.9116319444444443,CLOSED,18
aio-libs/aiohttp,2633,2017-12-29T22:36:30Z,2017-12-30T19:21:42Z,0.8647222222222222,CLOSED,2
aio-libs/aiohttp,1955,2017-06-05T21:26:40Z,2018-02-02T10:25:42Z,241.54099537037038,CLOSED,14
aio-libs/aiohttp,2752,2018-02-21T21:00:22Z,2018-02-26T12:24:07Z,4.641493055555555,CLOSED,11
aio-libs/aiohttp,2797,2018-03-05T10:54:47Z,2018-03-15T17:47:53Z,10.286875,CLOSED,6
aio-libs/aiohttp,2841,2018-03-16T12:11:19Z,2018-03-20T23:07:39Z,4.455787037037037,CLOSED,6
aio-libs/aiohttp,2892,2018-03-29T13:10:00Z,2018-03-29T13:35:52Z,0.017962962962962962,CLOSED,3
aio-libs/aiohttp,2942,2018-04-17T11:05:57Z,2018-04-17T20:00:48Z,0.3714236111111111,CLOSED,6
aio-libs/aiohttp,1845,2017-04-26T15:26:28Z,2018-05-15T07:49:03Z,383.68234953703706,CLOSED,16
aio-libs/aiohttp,3009,2018-05-17T17:00:57Z,2018-05-19T10:01:27Z,1.7086805555555555,CLOSED,2
aio-libs/aiohttp,2997,2018-05-14T07:45:22Z,2018-05-22T20:50:37Z,8.5453125,CLOSED,23
aio-libs/aiohttp,3102,2018-06-23T10:04:54Z,2018-07-10T15:51:24Z,17.240625,CLOSED,2
aio-libs/aiohttp,3142,2018-07-18T19:36:12Z,2018-07-19T12:23:07Z,0.6992476851851852,CLOSED,25
aio-libs/aiohttp,3144,2018-07-19T08:56:25Z,2018-07-31T09:26:53Z,12.021157407407408,CLOSED,2
aio-libs/aiohttp,3208,2018-08-21T12:29:50Z,2018-08-25T14:33:34Z,4.085925925925926,CLOSED,20
aio-libs/aiohttp,3221,2018-08-27T13:16:13Z,2018-08-28T11:30:16Z,0.9264236111111112,CLOSED,12
aio-libs/aiohttp,3219,2018-08-27T11:58:18Z,2018-08-28T22:39:23Z,1.4451967592592592,CLOSED,4
aio-libs/aiohttp,3241,2018-09-04T16:07:57Z,2018-09-05T07:16:47Z,0.6311342592592593,CLOSED,5
aio-libs/aiohttp,3250,2018-09-07T15:41:33Z,2018-09-11T11:16:23Z,3.8158564814814815,CLOSED,6
aio-libs/aiohttp,3270,2018-09-16T15:13:15Z,2018-09-16T21:28:54Z,0.26086805555555553,CLOSED,4
aio-libs/aiohttp,3277,2018-09-18T12:21:04Z,2018-09-20T10:06:26Z,1.9065046296296295,CLOSED,6
aio-libs/aiohttp,3283,2018-09-23T16:28:29Z,2018-09-24T08:56:23Z,0.6860416666666667,CLOSED,8
aio-libs/aiohttp,3285,2018-09-24T02:34:00Z,2018-09-26T21:01:40Z,2.769212962962963,CLOSED,9
aio-libs/aiohttp,3273,2018-09-17T21:56:39Z,2018-09-26T21:13:53Z,8.970300925925926,CLOSED,5
aio-libs/aiohttp,3301,2018-09-29T08:20:54Z,2018-09-29T08:43:44Z,0.015856481481481482,CLOSED,2
aio-libs/aiohttp,3315,2018-10-03T11:00:42Z,2018-10-03T16:08:36Z,0.21381944444444445,CLOSED,4
aio-libs/aiohttp,3304,2018-09-30T12:36:56Z,2018-10-04T07:09:02Z,3.772291666666667,CLOSED,3
aio-libs/aiohttp,3345,2018-10-15T22:42:25Z,2018-10-16T08:40:14Z,0.415150462962963,CLOSED,3
aio-libs/aiohttp,3347,2018-10-16T12:15:34Z,2018-10-16T14:11:34Z,0.08055555555555556,CLOSED,7
aio-libs/aiohttp,3335,2018-10-08T13:32:34Z,2018-10-16T19:22:56Z,8.243310185185186,CLOSED,9
aio-libs/aiohttp,3307,2018-10-01T09:30:44Z,2018-10-19T09:33:00Z,18.001574074074075,CLOSED,6
aio-libs/aiohttp,3359,2018-10-22T23:22:17Z,2018-10-23T05:37:06Z,0.26028935185185187,CLOSED,6
aio-libs/aiohttp,3380,2018-11-05T04:31:47Z,2019-10-26T10:51:31Z,355.2637037037037,CLOSED,15
aio-libs/aiohttp,4009,2019-08-27T22:58:58Z,2019-09-27T15:48:09Z,30.70082175925926,CLOSED,11
aio-libs/aiohttp,3776,2019-05-16T15:38:16Z,2019-09-17T20:10:36Z,124.18912037037038,CLOSED,6
aio-libs/aiohttp,4018,2019-08-30T14:56:02Z,2019-08-31T07:57:37Z,0.7094328703703704,CLOSED,7
aio-libs/aiohttp,3852,2019-06-17T20:16:15Z,2019-08-30T19:27:20Z,73.96603009259259,CLOSED,1
aio-libs/aiohttp,3628,2019-02-27T16:44:27Z,2019-07-19T14:49:24Z,141.92010416666668,CLOSED,2
aio-libs/aiohttp,3621,2019-02-23T21:25:47Z,2019-07-19T14:48:49Z,145.7243287037037,CLOSED,4
aio-libs/aiohttp,3581,2019-01-28T08:01:46Z,2019-05-10T06:17:10Z,101.92736111111111,CLOSED,7
aio-libs/aiohttp,3653,2019-03-16T10:21:28Z,2019-07-05T08:46:46Z,110.9342361111111,CLOSED,1
aio-libs/aiohttp,3679,2019-04-05T00:06:52Z,,,OPEN,7
bottlepy/bottle,1505,2026-01-02T07:17:37Z,2026-01-02T10:13:12Z,0.12193287037037037,CLOSED,1
bottlepy/bottle,1463,2024-10-09T08:06:03Z,2024-10-12T12:32:02Z,3.184710648148148,CLOSED,1
bottlepy/bottle,1205,2020-01-29T10:13:23Z,,,OPEN,0
bottlepy/bottle,700,2015-01-08T09:48:40Z,,,OPEN,7
bottlepy/bottle,1148,2019-06-20T10:18:04Z,2019-06-25T05:51:10Z,4.814652777777778,CLOSED,4
bottlepy/bottle,1450,2024-09-06T12:09:50Z,2024-09-07T10:18:47Z,0.9228819444444445,CLOSED,0
bottlepy/bottle,1350,2021-09-15T09:11:58Z,2024-09-05T09:41:00Z,1086.020162037037,CLOSED,3
bottlepy/bottle,1165,2019-09-23T04:04:16Z,2023-02-21T11:43:08Z,1247.3186574074075,CLOSED,4
bottlepy/bottle,1125,2019-01-15T15:59:03Z,,,OPEN,15
bottlepy/bottle,1155,2019-08-24T19:10:29Z,2020-01-03T19:07:10Z,131.99769675925927,CLOSED,16
bottlepy/bottle,1366,2022-01-30T16:18:02Z,2022-02-02T14:23:01Z,2.920127314814815,CLOSED,2
bottlepy/bottle,602,2014-03-21T14:36:41Z,,,OPEN,10
bottlepy/bottle,1186,2019-12-10T10:39:59Z,2019-12-20T15:14:14Z,10.190451388888889,CLOSED,7
bottlepy/bottle,1187,2019-12-17T22:41:12Z,2019-12-18T10:46:27Z,0.5036458333333333,CLOSED,7
bottlepy/bottle,1177,2019-11-11T21:28:45Z,2019-12-18T11:10:52Z,36.570914351851854,CLOSED,1
bottlepy/bottle,664,2014-09-25T07:54:55Z,2019-12-09T06:28:40Z,1900.9401041666667,CLOSED,4
bottlepy/bottle,1111,2018-11-23T12:32:51Z,2019-09-23T10:39:37Z,303.9213657407407,CLOSED,12
bottlepy/bottle,1132,2019-02-28T13:50:34Z,,,OPEN,1
bottlepy/bottle,511,2013-06-11T11:15:34Z,,,OPEN,5
bottlepy/bottle,452,2013-02-06T00:33:05Z,2017-07-17T23:25:27Z,1622.9530324074074,CLOSED,4
bottlepy/bottle,923,2017-01-09T11:16:13Z,2017-01-09T12:47:34Z,0.0634375,CLOSED,4
bottlepy/bottle,845,2016-04-05T18:00:52Z,,,OPEN,2
bottlepy/bottle,447,2013-02-03T16:57:29Z,2016-05-24T21:08:04Z,1206.1740162037038,CLOSED,4
bottlepy/bottle,824,2016-01-20T18:08:08Z,2016-02-12T15:24:29Z,22.886354166666667,CLOSED,1
bottlepy/bottle,595,2014-03-04T19:06:02Z,2014-03-06T17:32:17Z,1.9348958333333333,CLOSED,1
bottlepy/bottle,10,2009-10-16T14:52:43Z,2009-10-16T14:53:04Z,0.00024305555555555555,CLOSED,0
bottlepy/bottle,513,2013-06-18T23:21:33Z,2013-06-21T14:24:28Z,2.627025462962963,CLOSED,0
bottlepy/bottle,242,2011-10-27T10:11:27Z,2011-10-27T15:11:10Z,0.20813657407407407,CLOSED,1
bottlepy/bottle,175,2011-06-23T19:52:07Z,2011-07-25T14:40:46Z,31.783784722222222,CLOSED,5
bottlepy/bottle,177,2011-06-26T23:54:14Z,2011-06-27T09:53:47Z,0.4163541666666667,CLOSED,4
bottlepy/bottle,14,2009-11-03T05:55:14Z,2011-06-16T12:54:10Z,590.2909259259259,CLOSED,2
bottlepy/bottle,130,2011-02-20T00:01:45Z,2011-04-17T15:42:23Z,56.65321759259259,CLOSED,0
bottlepy/bottle,145,2011-04-12T21:37:38Z,2011-04-13T11:14:11Z,0.5670486111111112,CLOSED,2
bottlepy/bottle,109,2010-12-17T21:42:50Z,2011-01-21T21:48:20Z,35.003819444444446,CLOSED,5
bottlepy/bottle,117,2010-12-27T01:01:40Z,2010-12-28T18:26:15Z,1.7254050925925926,CLOSED,1
bottlepy/bottle,112,2010-12-23T21:16:15Z,2010-12-28T18:19:22Z,4.877164351851852,CLOSED,1
bottlepy/bottle,97,2010-09-12T14:35:28Z,2010-09-13T08:37:22Z,0.7513194444444444,CLOSED,1
bottlepy/bottle,90,2010-08-10T08:56:34Z,2010-08-11T18:06:04Z,1.3815972222222221,CLOSED,4
bottlepy/bottle,85,2010-07-21T03:39:43Z,2010-08-06T03:45:22Z,16.003923611111112,CLOSED,10
bottlepy/bottle,87,2010-07-27T18:58:21Z,2010-07-29T12:10:58Z,1.7170949074074073,CLOSED,1
bottlepy/bottle,83,2010-07-19T02:22:33Z,2010-07-19T14:03:39Z,0.486875,CLOSED,1
bottlepy/bottle,82,2010-07-19T00:27:16Z,2010-07-19T13:43:49Z,0.5531597222222222,CLOSED,2
bottlepy/bottle,81,2010-07-14T10:33:23Z,2010-07-15T14:51:34Z,1.1792939814814816,CLOSED,3
bottlepy/bottle,77,2010-05-29T21:39:25Z,2010-06-30T08:51:22Z,31.466631944444444,CLOSED,2
bottlepy/bottle,70,2010-05-09T16:33:54Z,2010-06-26T22:55:25Z,48.26494212962963,CLOSED,2
bottlepy/bottle,24,2010-01-13T19:21:05Z,2010-03-08T00:08:11Z,53.199375,CLOSED,5
bottlepy/bottle,57,2010-04-12T20:16:25Z,2010-04-20T12:22:13Z,7.670694444444444,CLOSED,1
bottlepy/bottle,61,2010-04-19T18:43:28Z,2010-04-20T11:58:32Z,0.7187962962962963,CLOSED,1
bottlepy/bottle,50,2010-04-05T09:07:47Z,2010-04-11T13:19:01Z,6.174467592592593,CLOSED,1
bottlepy/bottle,55,2010-04-10T09:20:31Z,2010-04-11T13:18:32Z,1.165289351851852,CLOSED,3
bottlepy/bottle,49,2010-04-02T00:14:13Z,2010-04-03T08:27:46Z,1.3427430555555555,CLOSED,6
bottlepy/bottle,22,2009-12-21T15:36:34Z,2010-03-08T00:11:13Z,76.35739583333333,CLOSED,1
bottlepy/bottle,18,2009-11-09T13:05:26Z,2010-03-01T00:47:03Z,111.4872337962963,CLOSED,2
bottlepy/bottle,16,2009-11-09T10:35:22Z,2010-03-01T00:46:38Z,111.59115740740741,CLOSED,4
bottlepy/bottle,19,2009-11-25T19:39:11Z,2009-11-27T09:43:52Z,1.5865856481481482,CLOSED,8
bottlepy/bottle,6,2009-10-02T23:01:35Z,2009-10-30T19:30:23Z,27.85333333333333,CLOSED,1
bottlepy/bottle,9,2009-10-13T02:47:39Z,2009-10-30T19:25:32Z,17.69297453703704,CLOSED,1
bottlepy/bottle,12,2009-10-21T21:16:49Z,2009-10-22T10:38:25Z,0.5566666666666666,CLOSED,1
bottlepy/bottle,7,2009-10-06T11:37:30Z,2009-10-06T16:47:31Z,0.21528935185185186,CLOSED,5
bottlepy/bottle,5,2009-10-02T07:54:38Z,2009-10-02T22:58:43Z,0.6278356481481482,CLOSED,4
Kludex/starlette,1977,2022-12-06T07:53:46Z,2022-12-08T08:18:51Z,2.0174189814814816,CLOSED,4
Kludex/starlette,2977,2025-08-05T18:50:15Z,2025-09-20T21:43:27Z,46.12027777777778,CLOSED,2
Kludex/starlette,2335,2023-11-13T09:42:54Z,2024-12-28T06:08:23Z,410.85103009259257,CLOSED,9
Kludex/starlette,1259,2021-08-07T10:33:22Z,2023-12-24T09:12:13Z,868.9436458333333,CLOSED,6
Kludex/starlette,1336,2021-11-15T05:56:20Z,2023-12-01T12:55:47Z,746.2912847222223,CLOSED,2
Kludex/starlette,472,2019-04-09T01:12:14Z,2023-02-06T05:31:51Z,1399.1802893518518,CLOSED,19
Kludex/starlette,2093,2023-03-23T15:47:44Z,2023-07-13T07:48:12Z,111.66699074074074,CLOSED,12
Kludex/starlette,847,2020-02-27T04:31:02Z,2023-06-01T18:57:30Z,1190.601712962963,CLOSED,15
Kludex/starlette,1957,2022-11-18T09:21:26Z,2022-11-23T08:04:01Z,4.946238425925926,CLOSED,4
Kludex/starlette,1438,2022-01-27T02:02:53Z,2022-09-24T05:29:09Z,240.14324074074074,CLOSED,4
Kludex/starlette,1646,2022-05-23T10:46:02Z,2022-06-08T16:37:32Z,16.244097222222223,CLOSED,1
Kludex/starlette,1303,2021-10-07T21:05:59Z,2022-05-24T05:31:57Z,228.35136574074073,CLOSED,0
Kludex/starlette,1619,2022-05-03T07:25:09Z,2022-05-05T09:04:11Z,2.068773148148148,CLOSED,0
Kludex/starlette,1255,2021-07-29T12:55:10Z,2021-10-28T16:50:33Z,91.16346064814815,CLOSED,11
Kludex/starlette,1578,2022-04-07T14:37:36Z,2022-04-22T04:55:11Z,14.595543981481482,CLOSED,8
Kludex/starlette,1471,2022-02-02T18:50:38Z,2022-02-04T10:51:04Z,1.6669675925925926,CLOSED,6
Kludex/starlette,1301,2021-10-07T16:40:04Z,2022-02-03T10:31:40Z,118.74416666666667,CLOSED,4
Kludex/starlette,1125,2021-01-15T06:53:53Z,2022-02-03T11:34:26Z,384.1948263888889,CLOSED,2
Kludex/starlette,1433,2022-01-25T23:49:55Z,2022-01-31T10:12:15Z,5.432175925925926,CLOSED,0
Kludex/starlette,1012,2020-07-27T17:22:52Z,2021-06-23T08:20:13Z,330.6231597222222,CLOSED,8
Kludex/starlette,1050,2020-09-07T00:32:16Z,2021-01-31T11:43:08Z,146.46587962962963,CLOSED,2
Kludex/starlette,1022,2020-08-08T15:19:56Z,2020-08-14T03:53:38Z,5.523402777777778,CLOSED,5
Kludex/starlette,908,2020-04-21T14:40:48Z,2020-05-12T14:00:11Z,20.971793981481483,CLOSED,2
Kludex/starlette,483,2019-04-15T09:29:32Z,2019-08-16T09:42:09Z,123.00876157407407,CLOSED,9
Kludex/starlette,425,2019-03-07T11:22:10Z,2019-07-25T09:12:39Z,139.91005787037037,CLOSED,3
Kludex/starlette,330,2019-01-20T18:21:05Z,2019-01-25T14:40:34Z,4.846863425925926,CLOSED,3
Kludex/uvicorn,2000,2023-06-08T12:58:16Z,2025-04-19T06:00:21Z,680.7097800925926,CLOSED,17
Kludex/uvicorn,836,2020-10-24T16:28:52Z,2020-10-24T16:30:34Z,0.0011805555555555556,CLOSED,1
Kludex/uvicorn,1226,2021-10-21T10:04:52Z,2022-01-28T15:53:57Z,99.24241898148148,CLOSED,41
Kludex/uvicorn,1199,2021-09-28T14:29:37Z,2022-01-30T09:26:22Z,123.78940972222222,CLOSED,11
Kludex/uvicorn,111,2018-07-04T15:38:20Z,2023-06-10T09:43:54Z,1801.7538657407408,CLOSED,35
Kludex/uvicorn,683,2020-05-27T19:01:33Z,2020-10-12T06:53:57Z,137.4947222222222,CLOSED,3
Kludex/uvicorn,1344,2022-01-30T13:40:39Z,2023-01-06T12:07:22Z,340.93521990740743,CLOSED,8
Kludex/uvicorn,1160,2021-08-18T10:15:11Z,2021-11-28T17:06:54Z,102.28591435185186,CLOSED,24
Kludex/uvicorn,760,2020-08-18T11:39:55Z,2022-12-16T10:29:41Z,849.9512268518519,CLOSED,2
Kludex/uvicorn,1436,2022-04-01T05:35:17Z,2022-05-16T05:11:45Z,44.98365740740741,CLOSED,6
Kludex/uvicorn,596,2020-03-21T06:27:59Z,2022-10-31T11:06:50Z,954.1936458333333,CLOSED,9
Kludex/uvicorn,757,2020-08-17T08:42:56Z,2022-10-29T18:04:28Z,803.3899537037037,CLOSED,5
Kludex/uvicorn,1618,2022-08-30T19:05:20Z,2022-10-19T08:19:57Z,49.55181712962963,CLOSED,6
Kludex/uvicorn,1501,2022-05-25T12:36:51Z,2022-10-19T06:47:31Z,146.7574074074074,CLOSED,7
Kludex/uvicorn,1384,2022-02-21T13:35:45Z,2022-09-11T13:37:15Z,202.00104166666668,CLOSED,4
Kludex/uvicorn,936,2021-01-13T14:43:27Z,2022-09-11T12:00:49Z,605.8870601851852,CLOSED,5
Kludex/uvicorn,1564,2022-07-10T06:32:40Z,2022-08-24T06:22:03Z,44.99262731481482,CLOSED,19
Kludex/uvicorn,1317,2022-01-10T16:34:32Z,2022-06-22T08:04:44Z,162.6459722222222,CLOSED,4
Kludex/uvicorn,344,2019-04-04T23:12:04Z,2022-06-14T07:39:19Z,1166.3522569444444,CLOSED,67
Kludex/uvicorn,937,2021-01-18T10:12:39Z,2022-05-09T06:15:38Z,475.83540509259257,CLOSED,5
Kludex/uvicorn,1286,2021-12-08T16:40:16Z,2022-02-16T17:27:47Z,70.03299768518518,CLOSED,4
Kludex/uvicorn,1262,2021-11-23T11:36:21Z,2022-02-16T10:43:49Z,84.96351851851851,CLOSED,6
Kludex/uvicorn,1066,2021-06-01T13:49:38Z,2021-06-22T20:42:43Z,21.286863425925926,CLOSED,12
Kludex/uvicorn,852,2020-11-18T07:48:27Z,2021-07-30T11:49:50Z,254.1676273148148,CLOSED,10
Kludex/uvicorn,428,2019-09-18T09:33:58Z,2021-06-21T17:53:40Z,642.3470138888889,CLOSED,1
Kludex/uvicorn,924,2020-12-29T13:46:13Z,2021-06-07T12:08:50Z,159.9323726851852,CLOSED,5
Kludex/uvicorn,1045,2021-05-26T08:39:57Z,2021-05-28T12:30:25Z,2.1600462962962963,CLOSED,5
Kludex/uvicorn,840,2020-11-02T15:52:52Z,2021-05-27T12:51:35Z,205.8741087962963,CLOSED,1
Kludex/uvicorn,858,2020-11-19T15:28:37Z,2020-12-09T10:52:23Z,19.808171296296297,CLOSED,3
Kludex/uvicorn,1008,2021-03-15T06:09:48Z,2021-03-15T09:48:07Z,0.15160879629629628,CLOSED,1
Kludex/uvicorn,974,2021-03-04T17:27:17Z,2021-03-05T12:18:43Z,0.7857175925925926,CLOSED,1
Kludex/uvicorn,894,2020-12-14T19:40:22Z,2020-12-29T08:33:17Z,14.536747685185185,CLOSED,2
Kludex/uvicorn,900,2020-12-18T10:21:56Z,2020-12-26T15:36:36Z,8.218518518518518,CLOSED,7
Kludex/uvicorn,811,2020-10-10T16:46:06Z,2020-12-09T17:06:57Z,60.01447916666667,CLOSED,5
Kludex/uvicorn,244,2018-11-14T20:19:02Z,2020-12-09T17:06:15Z,755.8661226851851,CLOSED,18
Kludex/uvicorn,748,2020-08-09T18:30:58Z,2020-11-18T19:56:10Z,101.05916666666667,CLOSED,8
Kludex/uvicorn,847,2020-11-11T04:56:01Z,2020-11-18T19:56:09Z,7.625092592592592,CLOSED,10
Kludex/uvicorn,824,2020-10-19T20:30:57Z,2020-10-26T18:44:02Z,6.925752314814815,CLOSED,3
Kludex/uvicorn,825,2020-10-20T17:19:57Z,2020-10-22T07:25:04Z,1.586886574074074,CLOSED,0
Kludex/uvicorn,514,2019-12-09T10:07:30Z,2020-10-12T06:53:57Z,307.86559027777776,CLOSED,12
Kludex/uvicorn,679,2020-05-19T14:57:52Z,2020-09-29T09:23:57Z,132.76811342592592,CLOSED,4
Kludex/uvicorn,614,2020-04-08T02:59:49Z,2020-04-10T19:08:50Z,2.672928240740741,CLOSED,3
Kludex/uvicorn,85,2018-06-27T20:57:45Z,2019-02-25T10:55:30Z,242.58177083333334,CLOSED,0
Kludex/uvicorn,89,2018-06-29T12:30:47Z,2018-07-06T09:45:28Z,6.88519675925926,CLOSED,0
Kludex/uvicorn,75,2018-05-31T13:00:43Z,2018-07-04T14:30:03Z,34.06203703703704,CLOSED,6
pallets/werkzeug,690,2015-02-13T04:34:01Z,2019-01-20T17:41:26Z,1437.5468171296295,CLOSED,6
pallets/werkzeug,2364,2022-03-30T09:18:56Z,2022-04-01T15:33:27Z,2.2600810185185187,CLOSED,4
pallets/werkzeug,2262,2021-10-18T18:44:34Z,2021-11-16T21:52:39Z,29.130613425925926,CLOSED,4
pallets/werkzeug,2021,2021-01-27T15:34:33Z,2021-03-30T19:37:46Z,62.16890046296297,CLOSED,10
pallets/werkzeug,1971,2020-11-20T05:55:54Z,2021-03-25T16:53:11Z,125.45644675925926,CLOSED,3
pallets/werkzeug,875,2016-03-03T14:14:11Z,2021-01-31T17:34:42Z,1795.1392476851852,CLOSED,33
pallets/werkzeug,1937,2020-10-12T10:05:34Z,2021-01-21T03:13:12Z,100.71363425925927,CLOSED,4
pallets/werkzeug,1832,2020-05-03T13:17:42Z,2021-01-19T03:09:14Z,260.5774537037037,CLOSED,7
pallets/werkzeug,1992,2021-01-06T16:34:41Z,2021-01-16T00:55:09Z,9.347546296296295,CLOSED,2
pallets/werkzeug,1923,2020-09-03T02:44:41Z,2021-01-10T18:48:04Z,129.6690162037037,CLOSED,8
pallets/werkzeug,560,2014-08-21T21:35:31Z,2014-08-22T21:39:18Z,1.0026273148148148,CLOSED,0
pallets/werkzeug,506,2014-03-18T11:04:42Z,2014-08-22T21:39:18Z,157.44069444444443,CLOSED,1
pallets/werkzeug,492,2014-02-04T14:37:16Z,2014-08-23T09:44:19Z,199.7965625,CLOSED,4
pallets/werkzeug,477,2013-12-27T17:23:35Z,2014-08-25T15:55:33Z,240.93886574074074,CLOSED,2
pallets/werkzeug,442,2013-09-29T18:02:07Z,2014-08-26T00:35:42Z,330.27332175925926,CLOSED,2
pallets/werkzeug,539,2014-06-04T14:04:27Z,2014-08-23T00:37:49Z,79.43983796296297,CLOSED,4
pallets/werkzeug,582,2014-08-30T13:23:35Z,2014-09-05T15:36:42Z,6.09244212962963,CLOSED,6
pallets/werkzeug,569,2014-08-24T04:24:05Z,2014-08-31T18:47:08Z,7.599340277777777,CLOSED,7
pallets/werkzeug,516,2014-04-22T14:32:08Z,2014-09-14T10:47:05Z,144.8437152777778,CLOSED,4
pallets/werkzeug,451,2013-10-24T10:24:44Z,2014-12-17T16:21:32Z,419.2477777777778,CLOSED,0
pallets/werkzeug,546,2014-06-14T05:23:10Z,2015-01-25T11:18:06Z,225.24648148148148,CLOSED,2
pallets/werkzeug,712,2015-03-19T14:34:02Z,2015-03-20T20:07:04Z,1.2312731481481483,CLOSED,5
pallets/werkzeug,709,2015-03-18T00:12:52Z,2015-03-20T20:01:18Z,2.825300925925926,CLOSED,8
pallets/werkzeug,682,2015-02-09T20:49:06Z,2015-03-26T12:52:06Z,44.66875,CLOSED,37
pallets/werkzeug,512,2014-04-09T22:16:07Z,2015-04-04T13:06:37Z,359.61840277777776,CLOSED,3
pallets/werkzeug,404,2013-07-03T14:01:48Z,2015-09-07T12:34:33Z,795.9394097222222,CLOSED,6
pallets/werkzeug,670,2015-02-03T10:27:08Z,2015-10-28T23:04:35Z,267.5260069444444,CLOSED,7
pallets/werkzeug,849,2016-01-13T02:57:56Z,2016-04-05T17:41:58Z,83.61391203703704,CLOSED,8
pallets/werkzeug,822,2015-12-06T11:54:40Z,2016-04-14T13:50:41Z,130.08056712962963,CLOSED,5
pallets/werkzeug,899,2016-04-15T01:00:05Z,2016-04-15T01:02:31Z,0.0016898148148148148,CLOSED,6
pallets/werkzeug,510,2014-04-06T15:01:41Z,2016-05-24T09:24:14Z,778.7656597222223,CLOSED,6
pallets/werkzeug,965,2016-07-26T20:16:07Z,2016-07-26T21:18:14Z,0.04313657407407408,CLOSED,0
pallets/werkzeug,963,2016-07-24T22:11:57Z,2016-08-12T19:17:21Z,18.87875,CLOSED,3
pallets/werkzeug,942,2016-05-28T20:36:50Z,2016-08-12T13:45:25Z,75.71429398148148,CLOSED,3
pallets/werkzeug,979,2016-08-06T04:58:25Z,2016-08-28T21:54:29Z,22.705601851851853,CLOSED,10
pallets/werkzeug,1031,2016-11-07T07:23:07Z,2016-11-11T13:52:57Z,4.270717592592592,CLOSED,10
pallets/werkzeug,1012,2016-09-29T14:27:01Z,2016-11-15T10:51:00Z,46.84998842592593,CLOSED,0
pallets/werkzeug,695,2015-02-20T16:09:23Z,2016-12-13T15:24:17Z,661.9686805555556,CLOSED,7
pallets/werkzeug,810,2015-11-13T08:43:35Z,2017-04-09T21:39:10Z,513.538599537037,CLOSED,7
pallets/werkzeug,1177,2017-09-21T08:22:56Z,2017-12-05T15:54:01Z,75.31325231481482,CLOSED,1
pallets/werkzeug,1149,2017-07-16T21:29:42Z,2017-11-28T23:41:34Z,135.09157407407406,CLOSED,4
pallets/werkzeug,705,2015-03-14T18:54:57Z,2017-05-05T21:04:56Z,783.0902662037037,CLOSED,0
pallets/werkzeug,183,2012-04-29T14:41:09Z,2017-04-16T12:40:29Z,1812.9162037037038,CLOSED,1
pallets/werkzeug,727,2015-04-23T07:58:04Z,2018-01-03T18:38:30Z,986.4447453703704,CLOSED,2
pallets/werkzeug,185,2012-05-06T09:02:19Z,2018-01-03T18:37:38Z,2068.399525462963,CLOSED,1
pallets/werkzeug,609,2014-10-03T19:21:33Z,2018-05-23T14:49:06Z,1327.810798611111,CLOSED,21
pallets/werkzeug,397,2013-06-18T14:56:58Z,2018-07-09T16:40:59Z,1847.0722337962964,CLOSED,1
pallets/werkzeug,731,2015-04-28T08:56:02Z,2016-06-03T19:21:55Z,402.4346412037037,CLOSED,5
pallets/werkzeug,513,2014-04-12T19:11:18Z,2018-11-22T16:11:43Z,1684.875289351852,CLOSED,8
pallets/werkzeug,382,2013-06-04T09:32:06Z,2018-11-25T05:41:37Z,1999.8399421296297,CLOSED,4
pallets/werkzeug,144,2011-12-17T22:24:50Z,2018-12-01T17:05:30Z,2540.778240740741,CLOSED,2
pallets/werkzeug,953,2016-06-17T19:45:34Z,2018-12-04T18:27:29Z,899.945775462963,CLOSED,6
pallets/werkzeug,461,2013-11-11T06:24:01Z,2018-12-08T22:28:32Z,1853.6698032407407,CLOSED,12
pallets/werkzeug,1127,2017-05-29T19:49:07Z,2018-12-10T01:06:19Z,559.2202777777778,CLOSED,11
pallets/werkzeug,1140,2017-06-24T00:44:45Z,2018-11-12T19:10:24Z,506.7678125,CLOSED,9
pallets/werkzeug,876,2016-03-08T08:32:10Z,2018-12-10T14:58:43Z,1007.2684375,CLOSED,6
pallets/werkzeug,636,2014-12-04T04:07:33Z,2019-01-13T00:04:14Z,1500.8310300925925,CLOSED,10
pallets/werkzeug,464,2013-11-26T10:55:04Z,2019-01-15T04:22:16Z,1875.7272222222223,CLOSED,2
pallets/werkzeug,1491,2019-03-27T09:06:58Z,2019-03-28T18:28:52Z,1.3902083333333333,CLOSED,3
pallets/werkzeug,1495,2019-03-29T10:09:56Z,2019-03-30T13:10:48Z,1.1256018518518518,CLOSED,6
pallets/werkzeug,776,2015-10-05T09:16:59Z,2019-03-29T15:36:30Z,1271.2635532407407,CLOSED,9
pallets/werkzeug,1520,2019-04-23T18:47:38Z,2019-05-08T19:48:12Z,15.042060185185186,CLOSED,11
pallets/werkzeug,1536,2019-05-07T12:20:06Z,2019-05-12T14:56:20Z,5.10849537037037,CLOSED,2
pallets/werkzeug,58,2011-05-09T17:49:38Z,2019-05-12T19:20:18Z,2925.062962962963,CLOSED,11
pallets/werkzeug,1544,2019-05-14T23:28:44Z,2019-05-15T01:40:09Z,0.09126157407407408,CLOSED,10
pallets/werkzeug,1553,2019-05-20T09:53:31Z,2019-05-21T20:44:06Z,1.4517939814814815,CLOSED,4
pallets/werkzeug,1080,2017-03-10T20:11:48Z,2019-05-07T11:44:01Z,787.6473726851851,CLOSED,8
pallets/werkzeug,1607,2019-07-10T16:01:55Z,2019-07-10T20:59:38Z,0.2067476851851852,CLOSED,0
pallets/werkzeug,458,2013-11-05T00:32:29Z,2019-09-05T18:04:40Z,2130.7306828703704,CLOSED,7
pallets/werkzeug,379,2013-06-03T00:05:01Z,2019-09-20T18:13:25Z,2300.755833333333,CLOSED,1
pallets/werkzeug,1659,2019-10-22T08:15:14Z,2020-01-04T21:16:42Z,74.54268518518519,CLOSED,3
pallets/werkzeug,488,2014-01-24T10:29:46Z,2020-01-05T01:28:07Z,2171.6238541666667,CLOSED,3
pallets/werkzeug,1733,2020-02-15T00:42:20Z,2020-03-17T19:51:32Z,31.798055555555557,CLOSED,3
pallets/werkzeug,1797,2020-05-04T10:18:29Z,2020-05-16T09:49:32Z,11.979895833333334,CLOSED,0
pallets/werkzeug,1498,2019-04-01T12:38:45Z,2019-04-02T03:59:47Z,0.6396064814814815,CLOSED,3
pallets/werkzeug,1551,2019-05-19T06:31:47Z,2019-05-21T20:13:48Z,2.5708449074074076,CLOSED,7
falconry/falcon,1678,2020-02-19T13:19:50Z,2020-02-29T02:45:16Z,9.559328703703704,CLOSED,1
falconry/falcon,1600,2019-10-31T06:46:48Z,2019-12-16T22:02:24Z,46.63583333333333,CLOSED,2
falconry/falcon,1554,2019-06-07T15:30:45Z,2019-11-23T12:32:21Z,168.8761111111111,CLOSED,8
falconry/falcon,1507,2019-05-05T23:33:40Z,2019-11-03T21:38:08Z,181.9197685185185,CLOSED,4
falconry/falcon,1548,2019-05-29T22:07:42Z,2019-11-03T21:30:08Z,157.97391203703702,CLOSED,4
falconry/falcon,1426,2019-02-04T22:57:56Z,2019-10-23T06:26:39Z,260.3116087962963,CLOSED,2
falconry/falcon,1561,2019-07-23T21:50:52Z,2019-07-25T17:53:40Z,1.8352777777777778,CLOSED,4
falconry/falcon,925,2016-10-04T22:31:28Z,2019-05-23T06:25:55Z,960.3294791666667,CLOSED,3
falconry/falcon,1534,2019-05-07T16:20:18Z,2019-05-20T05:04:27Z,12.530659722222222,CLOSED,0
falconry/falcon,1400,2018-12-27T13:18:49Z,2019-02-17T16:11:38Z,52.12001157407408,CLOSED,0
falconry/falcon,1422,2019-01-31T21:20:47Z,2019-02-14T22:08:38Z,14.033229166666667,CLOSED,0
falconry/falcon,1265,2018-05-12T19:17:46Z,2019-02-14T15:49:40Z,277.85548611111113,CLOSED,1
falconry/falcon,1256,2018-05-09T08:38:31Z,2018-05-15T15:21:22Z,6.279756944444444,CLOSED,5
falconry/falcon,1254,2018-05-08T23:21:48Z,2018-05-15T15:14:51Z,6.661840277777777,CLOSED,0
falconry/falcon,1323,2018-06-12T14:07:21Z,2019-02-12T16:56:29Z,245.11745370370372,CLOSED,6
falconry/falcon,1031,2017-04-25T18:52:49Z,2019-01-12T21:17:30Z,627.100474537037,CLOSED,1
falconry/falcon,1234,2018-03-23T09:14:29Z,2019-01-05T17:31:55Z,288.3454398148148,CLOSED,8
falconry/falcon,1205,2018-01-16T10:50:20Z,2018-01-16T19:00:48Z,0.3406018518518519,CLOSED,3
falconry/falcon,1209,2018-01-18T19:42:56Z,2018-05-13T15:23:54Z,114.82011574074075,CLOSED,2
falconry/falcon,1214,2018-01-23T18:28:53Z,2018-04-04T15:47:18Z,70.88778935185185,CLOSED,0
falconry/falcon,1204,2018-01-16T07:26:36Z,2018-01-16T19:01:40Z,0.48268518518518516,CLOSED,2
falconry/falcon,1116,2017-09-21T06:27:21Z,2017-12-20T02:12:54Z,89.82329861111111,CLOSED,1
falconry/falcon,713,2016-02-23T23:57:08Z,2017-04-25T17:05:19Z,426.7140162037037,CLOSED,8
falconry/falcon,796,2016-05-24T03:49:48Z,2017-01-27T15:43:34Z,248.4956712962963,CLOSED,5
falconry/falcon,769,2016-04-28T22:26:34Z,2016-07-11T16:09:35Z,73.73820601851853,CLOSED,3
falconry/falcon,413,2015-01-23T00:52:40Z,2016-10-12T18:47:26Z,628.7463657407408,CLOSED,3
falconry/falcon,794,2016-05-23T19:35:18Z,2016-10-11T17:29:07Z,140.91237268518518,CLOSED,5
falconry/falcon,919,2016-09-30T14:33:09Z,2016-10-04T15:09:52Z,4.025497685185186,CLOSED,1
falconry/falcon,817,2016-06-03T11:39:55Z,2016-10-01T06:56:57Z,119.80349537037037,CLOSED,8
falconry/falcon,911,2016-09-23T01:05:29Z,2016-10-01T06:12:43Z,8.213356481481481,CLOSED,1
falconry/falcon,779,2016-05-10T20:39:29Z,2016-09-29T19:45:48Z,141.9627199074074,CLOSED,4
falconry/falcon,407,2015-01-15T21:08:49Z,2016-09-16T18:28:43Z,609.8888194444445,CLOSED,14
falconry/falcon,787,2016-05-19T13:56:08Z,2016-09-05T22:58:51Z,109.37688657407408,CLOSED,2
falconry/falcon,635,2015-10-18T11:19:28Z,2016-08-28T19:17:10Z,315.3317361111111,CLOSED,2
falconry/falcon,687,2016-01-15T18:31:50Z,2016-08-23T22:08:21Z,221.1503587962963,CLOSED,10
falconry/falcon,782,2016-05-17T23:38:58Z,2016-06-04T00:45:05Z,17.045914351851852,CLOSED,2
falconry/falcon,617,2015-09-22T20:16:30Z,2016-05-21T20:36:00Z,242.01354166666667,CLOSED,8
falconry/falcon,278,2014-06-25T00:07:47Z,2016-04-28T23:40:45Z,673.9812268518518,CLOSED,1
falconry/falcon,750,2016-04-03T00:46:17Z,2016-04-25T16:38:36Z,22.661331018518517,CLOSED,3
falconry/falcon,757,2016-04-18T04:23:12Z,2016-04-21T13:43:54Z,3.389375,CLOSED,1
falconry/falcon,41,2013-01-24T15:56:57Z,2016-04-20T21:16:09Z,1182.2216666666666,CLOSED,1
falconry/falcon,751,2016-04-03T01:01:48Z,2016-04-19T22:19:58Z,16.887615740740742,CLOSED,3
falconry/falcon,747,2016-04-01T04:22:18Z,2016-04-14T23:08:33Z,13.782118055555555,CLOSED,3
falconry/falcon,702,2016-02-03T19:56:45Z,2016-03-21T18:50:00Z,46.95364583333333,CLOSED,4
falconry/falcon,628,2015-10-07T15:43:27Z,2016-03-09T21:10:46Z,154.22730324074075,CLOSED,5
falconry/falcon,691,2016-01-22T15:54:42Z,2016-03-09T16:49:36Z,47.038125,CLOSED,3
falconry/falcon,689,2016-01-20T01:35:48Z,2016-03-02T23:25:30Z,42.90951388888889,CLOSED,2
falconry/falcon,654,2015-11-16T18:35:04Z,2016-03-02T22:51:02Z,107.17775462962963,CLOSED,2
falconry/falcon,588,2015-08-20T08:09:59Z,2016-01-21T20:07:44Z,154.4984375,CLOSED,3
falconry/falcon,544,2015-05-06T16:11:00Z,2015-12-21T20:13:32Z,229.16842592592593,CLOSED,0
falconry/falcon,567,2015-07-15T20:26:56Z,2015-10-19T20:22:55Z,95.99721064814815,CLOSED,3
falconry/falcon,534,2015-04-24T19:01:51Z,2015-05-04T23:49:54Z,10.200034722222222,CLOSED,2
falconry/falcon,224,2014-01-20T23:23:14Z,2014-04-15T01:34:31Z,84.09116898148149,CLOSED,10
falconry/falcon,205,2013-12-04T21:10:49Z,2013-12-31T23:18:03Z,27.088356481481483,CLOSED,1
falconry/falcon,155,2013-07-10T15:44:56Z,2013-09-11T18:58:12Z,63.13421296296296,CLOSED,2
falconry/falcon,132,2013-05-10T15:19:17Z,2013-05-10T16:23:25Z,0.044537037037037035,CLOSED,1
falconry/falcon,110,2013-04-23T21:17:44Z,2013-05-15T03:26:20Z,21.255972222222223,CLOSED,0
falconry/falcon,99,2013-03-25T15:15:04Z,2013-04-02T20:03:52Z,8.200555555555555,CLOSED,0
falconry/falcon,95,2013-03-22T16:05:55Z,2013-03-23T19:12:50Z,1.1298032407407408,CLOSED,0
falconry/falcon,80,2013-02-14T19:20:08Z,2013-02-16T12:08:56Z,1.7005555555555556,CLOSED,0
falconry/falcon,75,2013-02-08T22:21:47Z,2013-02-12T19:57:51Z,3.9000462962962965,CLOSED,0
falconry/falcon,69,2013-02-05T20:22:11Z,2013-02-08T15:49:38Z,2.8107291666666665,CLOSED,0
falconry/falcon,52,2013-01-25T23:33:28Z,2013-02-04T20:40:53Z,9.880150462962963,CLOSED,0
falconry/falcon,43,2013-01-24T20:37:49Z,2013-02-04T21:47:56Z,11.048692129629629,CLOSED,1
falconry/falcon,38,2013-01-23T22:07:02Z,2013-01-25T18:27:46Z,1.8477314814814816,CLOSED,0
falconry/falcon,562,2015-07-09T14:09:31Z,2015-10-02T17:48:10Z,85.15184027777778,CLOSED,2
falconry/falcon,556,2015-06-10T01:38:43Z,2015-09-30T01:51:11Z,112.00865740740741,CLOSED,5
falconry/falcon,255,2014-04-15T01:41:33Z,2015-08-21T02:53:16Z,493.04980324074074,CLOSED,4
falconry/falcon,572,2015-07-20T13:02:41Z,2015-08-07T14:30:54Z,18.061261574074074,CLOSED,1
falconry/falcon,532,2015-04-23T01:55:09Z,2015-05-06T03:31:55Z,13.067199074074074,CLOSED,3
falconry/falcon,535,2015-04-28T07:33:21Z,2015-05-05T01:47:23Z,6.7597453703703705,CLOSED,2
falconry/falcon,458,2015-02-25T03:27:25Z,2015-04-15T17:57:31Z,49.60423611111111,CLOSED,2
falconry/falcon,387,2014-11-21T21:33:37Z,2015-04-15T13:28:31Z,144.663125,CLOSED,4
falconry/falcon,369,2014-11-08T01:05:30Z,2015-04-09T16:21:03Z,152.6357986111111,CLOSED,7
falconry/falcon,424,2015-01-29T16:52:36Z,2015-03-06T22:19:58Z,36.22733796296296,CLOSED,2
falconry/falcon,392,2014-12-01T23:38:19Z,2014-12-24T16:20:34Z,22.696006944444445,CLOSED,1
falconry/falcon,53,2013-01-25T23:50:29Z,2013-01-29T18:56:26Z,3.795798611111111,CLOSED,0
falconry/falcon,362,2014-10-29T22:32:29Z,2014-10-30T14:07:37Z,0.6493981481481481,CLOSED,0
falconry/falcon,357,2014-10-27T14:46:30Z,2014-10-29T19:53:51Z,2.2134375,CLOSED,1
falconry/falcon,275,2014-06-19T04:38:06Z,2014-10-08T17:40:31Z,111.5433449074074,CLOSED,4
falconry/falcon,300,2014-07-21T16:08:12Z,2014-10-01T20:53:35Z,72.19818287037037,CLOSED,1
falconry/falcon,313,2014-09-22T17:02:54Z,2014-10-01T19:57:52Z,9.12150462962963,CLOSED,2
falconry/falcon,246,2014-03-27T08:14:28Z,2014-08-06T02:07:42Z,131.74530092592593,CLOSED,2
falconry/falcon,277,2014-06-25T00:06:14Z,2014-06-28T02:04:18Z,3.0819907407407405,CLOSED,0
falconry/falcon,264,2014-05-02T15:26:19Z,2014-05-20T21:49:32Z,18.266122685185184,CLOSED,0
falconry/falcon,226,2014-01-30T20:53:13Z,2014-03-26T22:40:51Z,55.07474537037037,CLOSED,0
falconry/falcon,233,2014-03-05T19:55:58Z,2014-03-24T17:37:23Z,18.903761574074075,CLOSED,0
falconry/falcon,113,2013-04-25T16:33:21Z,2014-01-03T00:38:10Z,252.33667824074075,CLOSED,3
falconry/falcon,185,2013-09-18T18:20:43Z,2014-01-02T19:52:08Z,106.0634837962963,CLOSED,5
falconry/falcon,189,2013-10-02T20:39:42Z,2013-12-31T23:46:10Z,90.12949074074074,CLOSED,1
falconry/falcon,192,2013-10-07T17:43:19Z,2013-12-31T23:06:21Z,85.2243287037037,CLOSED,1
falconry/falcon,154,2013-07-09T22:40:24Z,2013-09-10T22:13:56Z,62.98162037037037,CLOSED,1
falconry/falcon,167,2013-08-28T17:23:01Z,2013-08-30T22:27:10Z,2.211215277777778,CLOSED,0
falconry/falcon,129,2013-05-09T16:34:02Z,2013-05-14T00:06:39Z,4.31431712962963,CLOSED,0
falconry/falcon,93,2013-03-18T12:43:57Z,2013-05-01T20:51:39Z,44.338680555555555,CLOSED,1
falconry/falcon,108,2013-04-09T19:30:20Z,2013-04-09T20:40:22Z,0.04863425925925926,CLOSED,3
falconry/falcon,97,2013-03-22T16:57:11Z,2013-04-02T20:46:15Z,11.159074074074073,CLOSED,0
falconry/falcon,87,2013-03-01T21:14:41Z,2013-03-19T04:25:15Z,17.29900462962963,CLOSED,0
falconry/falcon,27,2013-01-23T21:41:04Z,2013-02-11T23:17:03Z,19.066655092592594,CLOSED,0
falconry/falcon,40,2013-01-24T15:38:58Z,2013-02-04T21:57:28Z,11.262847222222222,CLOSED,0
sanic-org/sanic,2702,2023-03-02T01:09:33Z,2023-03-20T08:50:16Z,18.31994212962963,CLOSED,1
sanic-org/sanic,2713,2023-03-17T09:41:52Z,,,OPEN,3
sanic-org/sanic,2694,2023-02-24T21:48:52Z,2023-02-26T22:05:20Z,2.011435185185185,CLOSED,3
sanic-org/sanic,2684,2023-02-14T19:27:43Z,2023-02-14T20:59:43Z,0.06388888888888888,CLOSED,1
sanic-org/sanic,2600,2022-11-12T08:35:05Z,,,OPEN,3
sanic-org/sanic,2658,2023-01-18T20:16:54Z,2023-02-05T13:29:03Z,17.71677083333333,CLOSED,5
sanic-org/sanic,2660,2023-01-21T02:30:48Z,,,OPEN,1
sanic-org/sanic,2649,2023-01-05T09:26:20Z,,,OPEN,0
sanic-org/sanic,2557,2022-09-30T13:57:12Z,2022-10-10T12:53:06Z,9.955486111111112,CLOSED,20
sanic-org/sanic,2647,2023-01-04T00:57:53Z,,,OPEN,0
sanic-org/sanic,2593,2022-10-28T18:27:25Z,2022-12-27T14:50:37Z,59.849444444444444,CLOSED,1
sanic-org/sanic,2596,2022-11-05T14:29:00Z,2022-12-19T17:14:48Z,44.115138888888886,CLOSED,0
sanic-org/sanic,2558,2022-10-01T19:56:23Z,2022-12-18T13:04:12Z,77.71376157407407,CLOSED,3
sanic-org/sanic,2631,2022-12-17T22:07:14Z,2022-12-18T11:43:22Z,0.5667592592592593,CLOSED,1
sanic-org/sanic,2584,2022-10-21T15:02:07Z,2022-12-07T13:08:12Z,46.920891203703704,CLOSED,1
sanic-org/sanic,2589,2022-10-26T16:46:34Z,2022-11-29T10:17:49Z,33.73003472222222,CLOSED,2
sanic-org/sanic,747,2017-05-25T16:20:44Z,2021-01-11T13:11:32Z,1326.868611111111,CLOSED,24
sanic-org/sanic,2477,2022-06-10T18:45:37Z,2022-11-06T19:17:06Z,149.02186342592591,CLOSED,2
sanic-org/sanic,2565,2022-10-10T16:26:44Z,2022-10-31T08:08:35Z,20.6540625,CLOSED,2
sanic-org/sanic,2577,2022-10-19T17:00:54Z,2022-10-31T11:22:31Z,11.765011574074075,CLOSED,0
sanic-org/sanic,2566,2022-10-11T10:21:50Z,2022-10-31T10:34:02Z,20.008472222222224,CLOSED,2
sanic-org/sanic,2594,2022-10-30T21:59:11Z,2022-10-31T05:25:56Z,0.31024305555555554,CLOSED,1
sanic-org/sanic,2583,2022-10-21T13:16:46Z,2022-10-21T13:56:07Z,0.02732638888888889,CLOSED,4
sanic-org/sanic,2580,2022-10-20T17:36:05Z,2022-10-20T17:49:04Z,0.009016203703703703,CLOSED,2
sanic-org/sanic,2563,2022-10-10T07:57:07Z,2022-10-20T09:27:58Z,10.063090277777778,CLOSED,3
sanic-org/sanic,2576,2022-10-18T12:45:41Z,2022-10-18T13:32:25Z,0.03245370370370371,CLOSED,5
sanic-org/sanic,2568,2022-10-11T13:13:14Z,2022-10-11T14:35:33Z,0.057164351851851855,CLOSED,2
sanic-org/sanic,2564,2022-10-10T16:04:56Z,,,OPEN,0
sanic-org/sanic,2561,2022-10-09T07:57:22Z,2022-10-09T12:55:02Z,0.20671296296296296,CLOSED,1
sanic-org/sanic,2538,2022-08-30T11:21:53Z,2022-09-18T15:54:36Z,19.189386574074074,CLOSED,6
sanic-org/sanic,1471,2019-01-15T15:11:11Z,2022-09-18T14:17:27Z,1341.9626851851851,CLOSED,0
sanic-org/sanic,2520,2022-08-07T19:19:48Z,2022-08-11T07:00:36Z,3.486666666666667,CLOSED,2
sanic-org/sanic,2462,2022-05-23T12:06:46Z,2022-05-23T19:47:06Z,0.3196759259259259,CLOSED,5
sanic-org/sanic,2457,2022-05-17T12:39:21Z,,,OPEN,6
sanic-org/sanic,2450,2022-05-08T14:32:17Z,2022-05-11T06:36:05Z,2.6693055555555554,CLOSED,0
sanic-org/sanic,2427,2022-04-10T12:14:39Z,2022-04-24T20:01:35Z,14.324259259259259,CLOSED,3
sanic-org/sanic,2422,2022-04-04T12:46:11Z,2022-04-17T09:25:41Z,12.860763888888888,CLOSED,11
sanic-org/sanic,2276,2021-10-17T04:36:27Z,2021-11-16T11:07:34Z,30.271608796296295,CLOSED,3
sanic-org/sanic,374,2017-01-30T16:19:03Z,2017-02-03T00:05:44Z,3.324085648148148,CLOSED,9
sanic-org/sanic,2288,2021-10-25T07:15:46Z,2021-10-27T08:55:35Z,2.0693171296296295,CLOSED,4
sanic-org/sanic,2284,2021-10-24T12:16:59Z,2021-10-24T16:14:01Z,0.1646064814814815,CLOSED,1
sanic-org/sanic,2210,2021-08-02T12:15:27Z,2021-08-02T16:12:12Z,0.16440972222222222,CLOSED,4
sanic-org/sanic,2182,2021-07-05T21:50:49Z,2021-07-28T08:57:59Z,22.463310185185186,CLOSED,1
sanic-org/sanic,2138,2021-05-19T13:32:30Z,2021-07-23T11:56:21Z,64.93322916666666,CLOSED,2
sanic-org/sanic,2177,2021-07-01T05:56:21Z,2021-07-11T21:35:28Z,10.652164351851852,CLOSED,15
sanic-org/sanic,2113,2021-04-12T21:26:58Z,2021-06-21T15:41:05Z,69.75980324074074,CLOSED,7
sanic-org/sanic,2070,2021-03-19T23:27:41Z,2021-06-21T11:39:07Z,93.50793981481482,CLOSED,8
sanic-org/sanic,2103,2021-04-06T21:03:04Z,2021-04-19T21:53:43Z,13.03517361111111,CLOSED,9
sanic-org/sanic,2101,2021-04-06T08:50:07Z,2021-04-19T21:53:43Z,13.544166666666667,CLOSED,1
sanic-org/sanic,2116,2021-04-17T22:45:01Z,2021-04-19T21:53:42Z,1.964363425925926,CLOSED,0
sanic-org/sanic,2106,2021-04-09T18:11:12Z,2021-04-10T22:04:33Z,1.162048611111111,CLOSED,4
sanic-org/sanic,2078,2021-03-21T22:45:02Z,2021-03-22T23:20:17Z,1.0244791666666666,CLOSED,13
sanic-org/sanic,2075,2021-03-21T11:10:07Z,2021-03-21T13:03:55Z,0.07902777777777778,CLOSED,1
sanic-org/sanic,1380,2018-10-25T09:14:14Z,2021-03-10T09:19:38Z,867.00375,CLOSED,15
sanic-org/sanic,1189,2018-04-05T19:39:07Z,2021-03-10T09:19:38Z,1069.5698032407408,CLOSED,0
sanic-org/sanic,1420,2018-11-25T21:56:40Z,2021-03-01T13:30:52Z,826.64875,CLOSED,17
sanic-org/sanic,1810,2020-03-18T18:19:16Z,2021-01-18T23:11:40Z,306.2030555555556,CLOSED,4
sanic-org/sanic,1151,2018-03-05T08:35:42Z,2021-01-11T13:10:22Z,1043.1907407407407,CLOSED,6
sanic-org/sanic,1773,2020-01-28T01:09:12Z,2021-01-11T12:29:03Z,349.47211805555554,CLOSED,3
sanic-org/sanic,1875,2020-06-18T09:14:44Z,2021-01-10T22:45:37Z,206.56311342592593,CLOSED,5
sanic-org/sanic,1653,2019-08-04T06:01:42Z,2020-10-25T13:01:54Z,448.2918055555556,CLOSED,13
sanic-org/sanic,1730,2019-12-13T16:33:58Z,2020-10-25T13:01:54Z,316.8527314814815,CLOSED,6
sanic-org/sanic,1938,2020-09-29T09:26:34Z,2020-09-30T12:35:40Z,1.1313194444444445,CLOSED,1
sanic-org/sanic,918,2017-08-25T07:05:24Z,2020-09-14T06:14:10Z,1115.9644212962962,CLOSED,12
sanic-org/sanic,1381,2018-10-25T16:08:48Z,2018-12-27T21:13:08Z,63.211342592592594,CLOSED,2
sanic-org/sanic,1707,2019-10-23T12:56:35Z,2019-11-01T17:32:50Z,9.191840277777779,CLOSED,3
sanic-org/sanic,1601,2019-06-05T04:03:11Z,2019-10-23T16:12:20Z,140.50635416666665,CLOSED,3
sanic-org/sanic,1629,2019-07-10T14:14:27Z,2019-08-12T17:48:57Z,33.14895833333333,CLOSED,1
sanic-org/sanic,846,2017-07-12T11:16:29Z,2019-06-18T19:12:34Z,706.3306134259259,CLOSED,5
sanic-org/sanic,784,2017-06-08T15:10:05Z,2019-05-19T18:41:43Z,710.1469675925925,CLOSED,3
sanic-org/sanic,1392,2018-11-03T22:39:22Z,2018-11-05T13:24:16Z,1.6145138888888888,CLOSED,16
sanic-org/sanic,1194,2018-04-17T19:53:10Z,2019-04-30T21:56:28Z,378.085625,CLOSED,1
sanic-org/sanic,1505,2019-03-03T17:21:06Z,2019-03-06T15:09:00Z,2.908263888888889,CLOSED,2
sanic-org/sanic,1492,2019-02-19T09:08:31Z,2019-03-03T17:03:27Z,12.329814814814815,CLOSED,15
sanic-org/sanic,1139,2018-02-22T10:48:51Z,2019-02-08T19:32:42Z,351.36378472222225,CLOSED,5
sanic-org/sanic,337,2017-01-24T04:22:12Z,2019-02-08T14:57:32Z,745.4412037037036,CLOSED,11
sanic-org/sanic,1395,2018-11-05T10:06:49Z,2018-11-06T04:37:32Z,0.7713310185185185,CLOSED,7
sanic-org/sanic,1356,2018-10-11T07:56:22Z,2018-10-23T22:12:03Z,12.594224537037038,CLOSED,3
sanic-org/sanic,1359,2018-10-11T18:27:56Z,2018-10-13T18:45:00Z,2.011851851851852,CLOSED,4
sanic-org/sanic,1326,2018-09-25T17:15:06Z,2018-10-10T12:01:21Z,14.782118055555555,CLOSED,2
sanic-org/sanic,1323,2018-09-19T22:23:36Z,2018-09-25T17:17:05Z,5.787141203703704,CLOSED,10
sanic-org/sanic,1120,2018-02-09T10:57:10Z,2018-02-16T19:12:27Z,7.343946759259259,CLOSED,3
sanic-org/sanic,1102,2018-01-28T08:53:05Z,2018-02-02T21:21:27Z,5.519699074074074,CLOSED,9
sanic-org/sanic,1089,2018-01-15T12:18:49Z,2018-01-17T08:19:54Z,1.8340856481481482,CLOSED,3
sanic-org/sanic,1065,2017-12-22T07:08:49Z,2017-12-22T07:44:19Z,0.024652777777777777,CLOSED,2
sanic-org/sanic,1042,2017-12-01T15:35:10Z,2018-01-14T01:06:46Z,43.39694444444444,CLOSED,1
sanic-org/sanic,1003,2017-11-02T00:05:43Z,2017-11-04T07:09:53Z,2.294560185185185,CLOSED,0
sanic-org/sanic,991,2017-10-21T12:57:40Z,2017-10-28T11:29:07Z,6.938506944444445,CLOSED,12
sanic-org/sanic,910,2017-08-23T07:01:50Z,2017-09-09T03:49:17Z,16.866284722222222,CLOSED,5
sanic-org/sanic,895,2017-08-19T05:40:30Z,2017-12-15T10:53:34Z,118.2174074074074,CLOSED,10
sanic-org/sanic,840,2017-07-09T22:04:14Z,2018-03-13T07:18:59Z,246.38524305555555,CLOSED,8
sanic-org/sanic,763,2017-06-01T06:46:09Z,2017-09-14T20:38:48Z,105.57822916666667,CLOSED,3
sanic-org/sanic,752,2017-05-28T08:25:23Z,2017-06-12T06:24:34Z,14.916099537037036,CLOSED,6
sanic-org/sanic,728,2017-05-15T21:10:06Z,2018-06-27T05:26:07Z,407.34445601851854,CLOSED,12
sanic-org/sanic,615,2017-04-04T17:31:25Z,2017-04-11T01:58:34Z,6.3521875,CLOSED,4
sanic-org/sanic,492,2017-02-27T14:23:44Z,2017-02-28T14:59:03Z,1.024525462962963,CLOSED,12
sanic-org/sanic,483,2017-02-24T07:06:07Z,2017-04-13T01:47:56Z,47.77903935185185,CLOSED,8
sanic-org/sanic,178,2016-12-01T23:25:52Z,2017-01-19T22:25:36Z,48.95814814814815,CLOSED,3
sanic-org/sanic,176,2016-11-29T19:04:45Z,2016-12-25T17:13:44Z,25.922905092592593,CLOSED,3
sanic-org/sanic,116,2016-10-26T01:21:32Z,2016-12-08T16:27:29Z,43.629131944444445,CLOSED,10
pallets/quart,148,2022-06-05T18:06:39Z,2022-10-03T20:45:33Z,120.11034722222222,CLOSED,2
flask-restful/flask-restful,380,2015-01-05T19:31:05Z,,,OPEN,13
flask-restful/flask-restful,203,2014-02-26T15:20:08Z,2014-05-29T01:05:11Z,91.40628472222222,CLOSED,5
flask-restful/flask-restful,791,2018-12-18T17:04:43Z,2019-05-05T18:21:50Z,138.05355324074074,CLOSED,0
flask-restful/flask-restful,702,2017-09-20T08:53:23Z,2017-09-20T13:11:26Z,0.1792013888888889,CLOSED,1
flask-restful/flask-restful,688,2017-07-01T20:48:21Z,,,OPEN,2
flask-restful/flask-restful,673,2017-04-18T07:20:22Z,2017-04-27T19:39:39Z,9.513391203703703,CLOSED,1
flask-restful/flask-restful,508,2015-09-28T23:23:31Z,2016-02-27T15:12:50Z,151.6592476851852,CLOSED,4
flask-restful/flask-restful,534,2015-11-19T16:32:36Z,2015-12-09T16:14:16Z,19.98726851851852,CLOSED,0
flask-restful/flask-restful,526,2015-10-29T18:05:24Z,2015-10-29T18:40:41Z,0.024502314814814814,CLOSED,2
flask-restful/flask-restful,205,2014-03-04T23:40:10Z,2015-07-06T17:07:36Z,488.7273842592593,CLOSED,4
flask-restful/flask-restful,443,2015-05-20T15:04:08Z,2015-05-21T11:30:25Z,0.8515856481481482,CLOSED,2
flask-restful/flask-restful,396,2015-02-10T21:25:34Z,2015-03-04T05:31:39Z,21.33755787037037,CLOSED,3
flask-restful/flask-restful,368,2014-12-16T11:58:29Z,2015-02-28T05:19:51Z,73.7231712962963,CLOSED,4
flask-restful/flask-restful,382,2015-01-07T16:24:07Z,2015-02-28T04:23:58Z,51.49989583333333,CLOSED,1
flask-restful/flask-restful,209,2014-03-06T23:55:10Z,2014-05-30T21:51:50Z,84.91435185185185,CLOSED,2
flask-restful/flask-restful,18,2012-11-27T06:53:19Z,2013-04-19T12:08:05Z,143.21858796296297,CLOSED,7
flask-restful/flask-restful,21,2012-12-03T18:02:58Z,2013-07-18T05:57:19Z,226.4960763888889,CLOSED,3
flask-restful/flask-restful,8,2012-11-04T09:09:21Z,2012-12-13T09:58:36Z,39.03420138888889,CLOSED,5
encode/django-rest-framework,2244,2014-12-10T09:05:25Z,2014-12-10T09:16:11Z,0.007476851851851852,CLOSED,1
encode/django-rest-framework,2243,2014-12-10T06:53:05Z,2014-12-10T09:16:11Z,0.099375,CLOSED,1
encode/django-rest-framework,2184,2014-12-03T01:45:40Z,2014-12-09T14:08:45Z,6.516030092592593,CLOSED,5
encode/django-rest-framework,2205,2014-12-04T19:34:34Z,2014-12-08T21:56:13Z,4.0983680555555555,CLOSED,15
encode/django-rest-framework,2231,2014-12-08T14:17:50Z,2014-12-08T15:14:04Z,0.039050925925925926,CLOSED,5
encode/django-rest-framework,2169,2014-12-01T16:42:49Z,2014-12-05T12:35:24Z,3.8281828703703704,CLOSED,8
encode/django-rest-framework,2109,2014-11-21T14:20:44Z,2014-12-02T13:52:53Z,10.980659722222223,CLOSED,6
encode/django-rest-framework,2118,2014-11-24T13:08:03Z,2014-11-25T11:14:28Z,0.9211226851851851,CLOSED,2
encode/django-rest-framework,2096,2014-11-19T14:28:46Z,2014-11-20T12:38:18Z,0.9232870370370371,CLOSED,0
encode/django-rest-framework,2099,2014-11-20T07:31:05Z,2014-11-20T09:31:08Z,0.08336805555555556,CLOSED,2
encode/django-rest-framework,2092,2014-11-19T07:19:54Z,2014-11-19T13:55:20Z,0.2746064814814815,CLOSED,1
encode/django-rest-framework,2084,2014-11-17T18:26:49Z,2014-11-18T15:43:00Z,0.8862384259259259,CLOSED,5
encode/django-rest-framework,2073,2014-11-15T08:21:12Z,2014-11-18T15:20:50Z,3.291412037037037,CLOSED,2
encode/django-rest-framework,2026,2014-11-05T09:35:50Z,2014-11-10T12:20:17Z,5.114201388888889,CLOSED,5
encode/django-rest-framework,2035,2014-11-06T14:10:51Z,2014-11-07T12:16:33Z,0.920625,CLOSED,6
encode/django-rest-framework,1965,2014-10-17T11:11:25Z,2014-11-06T10:35:07Z,19.97479166666667,CLOSED,1
encode/django-rest-framework,1988,2014-10-24T15:01:41Z,2014-11-05T15:27:33Z,12.017962962962963,CLOSED,1
encode/django-rest-framework,1954,2014-10-14T22:14:42Z,2014-11-05T10:48:35Z,21.523530092592594,CLOSED,5
encode/django-rest-framework,1223,2013-11-12T07:19:11Z,2014-11-05T10:28:40Z,358.13158564814813,CLOSED,1
encode/django-rest-framework,821,2013-05-11T18:20:35Z,2014-11-03T15:57:37Z,540.9007175925926,CLOSED,22
encode/django-rest-framework,1617,2014-06-05T00:42:18Z,2014-11-03T15:59:45Z,151.63711805555556,CLOSED,5
encode/django-rest-framework,1943,2014-10-13T04:51:22Z,2014-11-03T14:52:19Z,21.41732638888889,CLOSED,5
encode/django-rest-framework,1823,2014-09-02T19:12:07Z,2014-11-03T14:36:07Z,61.80833333333333,CLOSED,7
encode/django-rest-framework,1378,2014-01-31T10:48:43Z,2014-11-03T09:36:32Z,275.9498726851852,CLOSED,10
encode/django-rest-framework,1907,2014-09-29T14:04:29Z,2014-10-31T16:40:06Z,32.10806712962963,CLOSED,11
encode/django-rest-framework,1642,2014-06-15T09:14:13Z,2014-10-31T15:20:50Z,138.2545949074074,CLOSED,7
encode/django-rest-framework,1851,2014-09-08T15:01:51Z,2014-10-29T14:09:57Z,50.96395833333333,CLOSED,2
encode/django-rest-framework,1901,2014-09-24T12:30:57Z,2014-09-24T19:26:39Z,0.28868055555555555,CLOSED,2
encode/django-rest-framework,1884,2014-09-17T13:16:28Z,2014-09-18T18:53:45Z,1.234224537037037,CLOSED,1
encode/django-rest-framework,1864,2014-09-11T10:51:17Z,2014-09-17T14:50:26Z,6.1660763888888885,CLOSED,1
encode/django-rest-framework,1807,2014-08-29T17:19:46Z,2014-09-06T06:20:31Z,7.5421875,CLOSED,10
encode/django-rest-framework,1464,2014-03-09T17:16:15Z,2014-09-05T11:59:26Z,179.77998842592592,CLOSED,6
encode/django-rest-framework,1738,2014-08-07T13:40:09Z,2014-09-05T08:07:14Z,28.76880787037037,CLOSED,11
encode/django-rest-framework,1719,2014-07-29T12:11:16Z,2014-08-29T08:05:31Z,30.829340277777778,CLOSED,13
encode/django-rest-framework,1718,2014-07-29T08:51:53Z,2014-08-18T14:46:07Z,20.24599537037037,CLOSED,1
encode/django-rest-framework,1712,2014-07-28T02:49:39Z,2014-07-28T05:53:38Z,0.1277662037037037,CLOSED,1
encode/django-rest-framework,1237,2013-11-18T17:19:36Z,2014-07-22T11:58:05Z,245.77672453703704,CLOSED,19
encode/django-rest-framework,1458,2014-03-06T14:01:53Z,2014-03-07T14:42:18Z,1.0280671296296295,CLOSED,2
encode/django-rest-framework,1386,2014-02-04T14:42:12Z,2014-02-13T16:28:13Z,9.073622685185185,CLOSED,7
encode/django-rest-framework,1330,2014-01-03T16:34:23Z,2014-01-12T14:53:20Z,8.92982638888889,CLOSED,5
encode/django-rest-framework,1130,2013-09-25T09:30:12Z,2013-10-10T16:37:50Z,15.296967592592592,CLOSED,5
encode/django-rest-framework,380,2012-11-06T19:58:35Z,2012-11-11T10:45:50Z,4.616145833333333,CLOSED,2
encode/django-rest-framework,1028,2013-08-09T07:49:07Z,2013-08-21T20:20:04Z,12.521493055555556,CLOSED,1
encode/django-rest-framework,1196,2013-10-24T09:45:44Z,2013-12-03T17:00:25Z,40.30186342592592,CLOSED,1
encode/django-rest-framework,1035,2013-08-13T12:14:40Z,2013-11-19T15:57:00Z,98.15439814814815,CLOSED,7
encode/django-rest-framework,1197,2013-10-24T10:55:57Z,2013-11-02T09:16:00Z,8.930590277777778,CLOSED,1
encode/django-rest-framework,725,2013-03-11T19:01:50Z,2013-05-18T11:24:36Z,67.68247685185185,CLOSED,4
encode/django-rest-framework,1072,2013-08-29T08:35:08Z,2013-09-02T08:13:52Z,3.9852314814814815,CLOSED,3
encode/django-rest-framework,1055,2013-08-21T23:25:12Z,2013-08-23T10:21:56Z,1.4560648148148148,CLOSED,0
encode/django-rest-framework,960,2013-06-28T03:28:03Z,2013-06-28T04:53:51Z,0.059583333333333335,CLOSED,5
encode/django-rest-framework,705,2013-03-06T17:20:44Z,2013-03-08T20:56:38Z,2.1499305555555557,CLOSED,6
encode/django-rest-framework,913,2013-06-05T12:33:07Z,2013-06-06T07:56:51Z,0.8081481481481482,CLOSED,0
encode/django-rest-framework,878,2013-05-21T19:01:22Z,2013-06-04T13:05:49Z,13.753090277777778,CLOSED,3
encode/django-rest-framework,770,2013-04-01T16:33:12Z,2013-05-18T09:28:28Z,46.705046296296295,CLOSED,6
encode/django-rest-framework,765,2013-03-27T18:15:51Z,2013-05-18T14:06:22Z,51.82674768518518,CLOSED,6
encode/django-rest-framework,746,2013-03-21T23:23:36Z,2013-05-18T14:22:44Z,57.624398148148146,CLOSED,5
encode/django-rest-framework,675,2013-02-24T09:44:51Z,2013-05-18T14:16:12Z,83.1884375,CLOSED,6
encode/django-rest-framework,759,2013-03-26T17:20:26Z,2013-03-29T13:42:24Z,2.848587962962963,CLOSED,9
encode/django-rest-framework,740,2013-03-18T14:34:32Z,2013-03-26T12:27:09Z,7.911539351851852,CLOSED,5
encode/django-rest-framework,748,2013-03-22T15:25:00Z,2013-03-22T21:31:55Z,0.25480324074074073,CLOSED,3
encode/django-rest-framework,713,2013-03-08T11:33:11Z,2013-03-13T12:48:32Z,5.052326388888889,CLOSED,2
encode/django-rest-framework,653,2013-02-12T23:14:43Z,2013-02-22T22:13:12Z,9.957280092592592,CLOSED,1
encode/django-rest-framework,666,2013-02-18T11:31:18Z,2013-02-22T22:02:59Z,4.438668981481482,CLOSED,3
encode/django-rest-framework,516,2012-12-17T22:33:40Z,2013-02-12T09:33:17Z,56.45806712962963,CLOSED,1
encode/django-rest-framework,437,2012-11-20T18:59:03Z,2013-02-10T16:44:58Z,81.90688657407408,CLOSED,8
encode/django-rest-framework,447,2012-11-24T00:29:26Z,2013-02-07T12:57:49Z,75.51971064814815,CLOSED,7
encode/django-rest-framework,564,2013-01-07T18:24:06Z,2013-02-06T13:07:08Z,29.77988425925926,CLOSED,3
encode/django-rest-framework,618,2013-01-26T21:50:29Z,2013-01-28T12:22:13Z,1.6053703703703703,CLOSED,0
encode/django-rest-framework,604,2013-01-22T17:11:05Z,2013-01-26T20:55:11Z,4.155625,CLOSED,1
encode/django-rest-framework,593,2013-01-17T22:36:41Z,2013-01-19T16:56:54Z,1.7640393518518518,CLOSED,5
encode/django-rest-framework,590,2013-01-17T09:09:46Z,2013-01-18T21:29:31Z,1.5137152777777778,CLOSED,0
encode/django-rest-framework,580,2013-01-14T22:16:08Z,2013-01-16T14:50:17Z,1.6903819444444443,CLOSED,2
encode/django-rest-framework,563,2013-01-07T17:58:12Z,2013-01-12T09:43:18Z,4.656319444444445,CLOSED,10
encode/django-rest-framework,537,2012-12-31T04:20:36Z,2013-01-07T21:09:01Z,7.700289351851852,CLOSED,1
encode/django-rest-framework,402,2012-11-13T10:01:44Z,2013-01-04T17:31:37Z,52.31241898148148,CLOSED,1
encode/django-rest-framework,446,2012-11-22T15:18:25Z,2013-01-04T13:50:49Z,42.939166666666665,CLOSED,3
encode/django-rest-framework,532,2012-12-25T16:48:29Z,2013-01-03T22:05:37Z,9.220231481481482,CLOSED,7
encode/django-rest-framework,384,2012-11-08T07:03:12Z,2012-12-29T13:19:12Z,51.26111111111111,CLOSED,4
encode/django-rest-framework,514,2012-12-17T14:45:20Z,2012-12-29T13:25:43Z,11.944710648148147,CLOSED,0
encode/django-rest-framework,509,2012-12-15T15:45:07Z,2012-12-19T22:39:12Z,4.28755787037037,CLOSED,1
encode/django-rest-framework,442,2012-11-22T00:55:12Z,2012-12-18T19:25:08Z,26.77078703703704,CLOSED,1
encode/django-rest-framework,476,2012-12-05T16:36:10Z,2012-12-14T19:59:33Z,9.141238425925925,CLOSED,5
encode/django-rest-framework,431,2012-11-19T21:16:21Z,2012-12-07T20:35:25Z,17.971574074074073,CLOSED,7
encode/django-rest-framework,469,2012-12-03T16:23:51Z,2012-12-06T22:58:19Z,3.2739351851851852,CLOSED,3
encode/django-rest-framework,319,2012-10-24T17:20:32Z,2012-11-06T10:44:31Z,12.724988425925925,CLOSED,1
encode/django-rest-framework,340,2012-10-30T10:32:39Z,2012-10-31T20:11:41Z,1.4021064814814814,CLOSED,1
encode/django-rest-framework,324,2012-10-27T13:51:53Z,2012-10-30T11:03:09Z,2.8828240740740743,CLOSED,7
encode/django-rest-framework,185,2012-03-15T09:23:42Z,2012-10-27T17:48:57Z,226.35086805555557,CLOSED,3
encode/django-rest-framework,316,2012-10-23T12:55:08Z,2012-10-27T17:44:29Z,4.2009375,CLOSED,3
encode/django-rest-framework,60,2011-07-28T09:19:43Z,2012-10-16T08:20:28Z,445.95885416666664,CLOSED,3
encode/django-rest-framework,51,2011-07-15T11:09:10Z,2012-10-15T12:02:45Z,458.0372106481482,CLOSED,7
encode/django-rest-framework,167,2012-02-15T10:35:26Z,2012-02-21T14:09:31Z,6.148668981481482,CLOSED,7
encode/django-rest-framework,133,2012-01-19T11:31:34Z,2012-02-08T20:39:29Z,20.380497685185187,CLOSED,7
encode/django-rest-framework,148,2012-01-30T13:43:37Z,2012-01-30T14:13:59Z,0.021087962962962965,CLOSED,5
encode/django-rest-framework,146,2012-01-27T13:36:51Z,2012-01-27T19:47:20Z,0.2572800925925926,CLOSED,4
encode/django-rest-framework,73,2011-09-07T03:49:55Z,2012-01-11T14:53:33Z,126.46085648148149,CLOSED,4
encode/django-rest-framework,102,2011-12-30T16:20:52Z,2011-12-30T16:31:02Z,0.007060185185185185,CLOSED,0
encode/django-rest-framework,24,2011-06-10T01:58:13Z,2011-12-14T20:21:24Z,187.76609953703704,CLOSED,4
encode/django-rest-framework,16,2011-05-27T13:46:35Z,2011-05-31T14:03:18Z,4.011608796296296,CLOSED,0
encode/django-rest-framework,17,2011-05-27T13:49:27Z,2011-05-27T15:12:14Z,0.05748842592592593,CLOSED,0
strawberry-graphql/strawberry,3761,2025-01-31T19:43:26Z,2025-02-09T11:58:00Z,8.676782407407407,CLOSED,0
strawberry-graphql/strawberry,3713,2024-11-29T22:04:43Z,,,OPEN,2
strawberry-graphql/strawberry,3603,2024-08-24T06:33:39Z,2024-09-12T19:20:36Z,19.532604166666665,CLOSED,4
strawberry-graphql/strawberry,3584,2024-07-31T16:22:54Z,,,OPEN,0
strawberry-graphql/strawberry,3521,2024-05-28T13:23:04Z,2024-05-29T17:43:33Z,1.1808912037037036,CLOSED,0
strawberry-graphql/strawberry,3362,2024-01-26T23:11:30Z,2024-01-29T16:47:17Z,2.73318287037037,CLOSED,4
strawberry-graphql/strawberry,2871,2023-06-20T23:55:31Z,2023-06-21T09:15:13Z,0.38868055555555553,CLOSED,1
strawberry-graphql/strawberry,2862,2023-06-17T21:18:24Z,2023-06-20T14:56:40Z,2.7349074074074076,CLOSED,2
strawberry-graphql/strawberry,2793,2023-05-31T13:13:36Z,2023-06-16T10:48:49Z,15.899456018518519,CLOSED,1
strawberry-graphql/strawberry,2815,2023-06-06T22:31:37Z,2023-06-15T23:17:37Z,9.031944444444445,CLOSED,4
strawberry-graphql/strawberry,2853,2023-06-15T18:53:46Z,2023-06-15T20:43:54Z,0.07648148148148148,CLOSED,3
strawberry-graphql/strawberry,2830,2023-06-08T23:43:08Z,2023-06-09T13:01:13Z,0.554224537037037,CLOSED,0
strawberry-graphql/strawberry,2818,2023-06-07T14:50:09Z,2023-06-07T16:29:24Z,0.06892361111111112,CLOSED,0
strawberry-graphql/strawberry,2480,2023-01-20T10:21:10Z,2023-06-07T10:51:42Z,138.0212037037037,CLOSED,4
strawberry-graphql/strawberry,2504,2023-02-01T12:03:47Z,2023-06-06T13:04:36Z,125.0422337962963,CLOSED,1
strawberry-graphql/strawberry,2796,2023-05-31T19:40:14Z,2023-05-31T20:06:48Z,0.018449074074074073,CLOSED,1
strawberry-graphql/strawberry,702,2021-02-04T00:26:12Z,2021-03-30T16:03:29Z,54.6508912037037,CLOSED,16
strawberry-graphql/strawberry,2691,2023-04-06T17:53:26Z,2023-04-06T20:04:47Z,0.09121527777777778,CLOSED,1
strawberry-graphql/strawberry,2011,2022-07-13T11:16:33Z,2023-03-31T09:45:09Z,260.93652777777777,CLOSED,4
strawberry-graphql/strawberry,2663,2023-03-26T20:17:57Z,2023-03-26T21:59:36Z,0.07059027777777778,CLOSED,2
strawberry-graphql/strawberry,2607,2023-03-02T20:26:41Z,2023-03-20T16:07:00Z,17.819664351851852,CLOSED,2
strawberry-graphql/strawberry,2646,2023-03-17T18:56:59Z,2023-03-18T15:00:57Z,0.836087962962963,CLOSED,2
strawberry-graphql/strawberry,2645,2023-03-17T18:44:33Z,2023-03-17T18:44:41Z,9.259259259259259e-05,CLOSED,0
strawberry-graphql/strawberry,2622,2023-03-08T08:51:28Z,2023-03-14T23:51:03Z,6.624710648148148,CLOSED,1
strawberry-graphql/strawberry,2533,2023-02-11T17:19:39Z,2023-02-22T20:12:29Z,11.120023148148148,CLOSED,6
strawberry-graphql/strawberry,2578,2023-02-21T08:13:35Z,2023-02-21T15:11:16Z,0.2900578703703704,CLOSED,1
strawberry-graphql/strawberry,2532,2023-02-10T11:39:07Z,2023-02-19T15:23:22Z,9.155729166666667,CLOSED,1
strawberry-graphql/strawberry,2553,2023-02-17T07:28:43Z,2023-02-19T11:35:54Z,2.1716550925925926,CLOSED,3
strawberry-graphql/strawberry,445,2020-09-04T18:16:21Z,2023-02-18T14:08:18Z,896.8277430555555,CLOSED,3
strawberry-graphql/strawberry,1058,2021-07-13T14:27:41Z,2023-02-18T11:44:38Z,584.8867708333333,CLOSED,2
strawberry-graphql/strawberry,2534,2023-02-12T22:17:40Z,2023-02-13T00:08:56Z,0.07726851851851851,CLOSED,1
strawberry-graphql/strawberry,1195,2021-08-31T22:19:58Z,2023-02-08T21:47:42Z,525.9775925925926,CLOSED,3
strawberry-graphql/strawberry,2469,2023-01-18T17:57:57Z,2023-02-06T22:26:06Z,19.186215277777777,CLOSED,4
strawberry-graphql/strawberry,2507,2023-02-02T16:36:50Z,2023-02-02T16:39:43Z,0.002002314814814815,CLOSED,3
strawberry-graphql/strawberry,2502,2023-02-01T07:58:53Z,2023-02-01T11:02:57Z,0.12782407407407406,CLOSED,0
strawberry-graphql/strawberry,2487,2023-01-23T16:45:30Z,2023-01-23T16:46:29Z,0.0006828703703703704,CLOSED,1
strawberry-graphql/strawberry,2468,2023-01-18T11:18:17Z,2023-01-18T13:05:24Z,0.07438657407407408,CLOSED,8
strawberry-graphql/strawberry,2466,2023-01-17T14:45:45Z,2023-01-17T23:40:01Z,0.3710185185185185,CLOSED,4
strawberry-graphql/strawberry,2362,2022-11-27T00:56:06Z,2023-01-13T15:37:31Z,47.61209490740741,CLOSED,0
strawberry-graphql/strawberry,2249,2022-10-13T18:22:42Z,2023-01-13T13:37:34Z,91.80199074074073,CLOSED,11
strawberry-graphql/strawberry,2410,2022-12-20T15:11:04Z,2022-12-20T16:01:13Z,0.034826388888888886,CLOSED,3
strawberry-graphql/strawberry,2285,2022-10-26T00:12:47Z,2022-12-10T21:20:21Z,45.88025462962963,CLOSED,5
strawberry-graphql/strawberry,2379,2022-12-03T10:09:43Z,2022-12-06T22:17:33Z,3.5054398148148147,CLOSED,2
strawberry-graphql/strawberry,2154,2022-09-07T00:36:00Z,2022-12-03T01:22:40Z,87.0324074074074,CLOSED,1
strawberry-graphql/strawberry,2169,2022-09-14T04:01:18Z,2022-11-29T02:23:19Z,75.93195601851852,CLOSED,4
strawberry-graphql/strawberry,2298,2022-10-31T16:41:06Z,2022-11-08T20:39:49Z,8.165775462962962,CLOSED,1
strawberry-graphql/strawberry,2305,2022-11-02T22:15:43Z,2022-11-08T18:03:03Z,5.824537037037037,CLOSED,3
strawberry-graphql/strawberry,2322,2022-11-08T15:16:42Z,2022-11-08T16:00:05Z,0.030127314814814815,CLOSED,0
strawberry-graphql/strawberry,2307,2022-11-03T09:25:26Z,2022-11-03T09:30:28Z,0.0034953703703703705,CLOSED,1
strawberry-graphql/strawberry,2107,2022-08-19T06:20:17Z,2022-10-20T23:28:02Z,62.71371527777778,CLOSED,2
strawberry-graphql/strawberry,1025,2021-06-17T17:05:43Z,2022-10-20T18:43:58Z,490.06822916666664,CLOSED,1
strawberry-graphql/strawberry,1327,2021-10-11T11:07:21Z,2022-10-20T18:02:16Z,374.2881365740741,CLOSED,2
strawberry-graphql/strawberry,2175,2022-09-15T10:22:18Z,2022-10-18T01:31:12Z,32.63118055555555,CLOSED,2
strawberry-graphql/strawberry,1914,2022-05-19T01:50:54Z,2022-10-11T14:22:53Z,145.52221064814816,CLOSED,4
strawberry-graphql/strawberry,1942,2022-06-01T18:07:07Z,2022-10-11T14:14:41Z,131.83858796296298,CLOSED,4
strawberry-graphql/strawberry,2241,2022-10-10T16:21:30Z,2022-10-10T16:43:06Z,0.015,CLOSED,2
strawberry-graphql/strawberry,2071,2022-08-04T05:38:24Z,2022-10-10T13:21:45Z,67.32177083333333,CLOSED,5
strawberry-graphql/strawberry,2221,2022-10-01T10:46:24Z,2022-10-07T13:27:23Z,6.1117939814814815,CLOSED,3
strawberry-graphql/strawberry,2015,2022-07-14T07:59:19Z,2022-09-22T14:22:10Z,70.26586805555556,CLOSED,0
strawberry-graphql/strawberry,1946,2022-06-06T17:47:24Z,2022-09-15T11:28:43Z,100.73702546296296,CLOSED,4
strawberry-graphql/strawberry,2167,2022-09-13T08:12:10Z,2022-09-13T09:04:08Z,0.03608796296296296,CLOSED,2
strawberry-graphql/strawberry,2134,2022-08-29T17:51:28Z,2022-09-12T22:56:27Z,14.211793981481481,CLOSED,1
strawberry-graphql/strawberry,2125,2022-08-25T15:19:51Z,2022-08-31T12:21:20Z,5.876030092592592,CLOSED,7
strawberry-graphql/strawberry,2103,2022-08-16T21:30:37Z,2022-08-20T08:36:10Z,3.4621875,CLOSED,6
strawberry-graphql/strawberry,1879,2022-05-03T16:34:34Z,2022-07-28T22:07:42Z,86.2313425925926,CLOSED,5
strawberry-graphql/strawberry,1920,2022-05-20T17:59:33Z,2022-07-28T16:21:44Z,68.93207175925926,CLOSED,1
strawberry-graphql/strawberry,1572,2022-01-11T16:35:11Z,2022-07-26T09:14:56Z,195.69427083333332,CLOSED,1
strawberry-graphql/strawberry,2028,2022-07-19T08:47:05Z,2022-07-23T09:28:18Z,4.028622685185185,CLOSED,0
strawberry-graphql/strawberry,1993,2022-07-05T13:08:15Z,2022-07-08T13:17:35Z,3.0064814814814813,CLOSED,6
strawberry-graphql/strawberry,1964,2022-06-23T09:19:08Z,2022-07-07T16:13:19Z,14.287627314814815,CLOSED,1
strawberry-graphql/strawberry,565,2020-11-10T20:37:07Z,2022-07-06T11:16:11Z,602.610462962963,CLOSED,3
strawberry-graphql/strawberry,1995,2022-07-05T15:51:18Z,2022-07-05T16:17:47Z,0.018391203703703705,CLOSED,2
strawberry-graphql/strawberry,1983,2022-07-02T00:13:51Z,2022-07-04T18:14:37Z,2.7505324074074076,CLOSED,1
strawberry-graphql/strawberry,1943,2022-06-02T04:29:44Z,2022-07-04T10:09:37Z,32.23603009259259,CLOSED,6
strawberry-graphql/strawberry,1938,2022-06-01T12:21:09Z,2022-07-01T18:39:33Z,30.262777777777778,CLOSED,0
strawberry-graphql/strawberry,1887,2022-05-06T16:20:22Z,2022-05-09T22:20:57Z,3.2504050925925925,CLOSED,10
strawberry-graphql/strawberry,843,2021-04-12T15:49:07Z,2022-05-02T17:05:16Z,385.05288194444444,CLOSED,1
strawberry-graphql/strawberry,1654,2022-02-18T16:48:50Z,2022-03-18T03:56:40Z,27.46377314814815,CLOSED,2
strawberry-graphql/strawberry,1535,2022-01-02T19:21:43Z,2022-02-02T09:37:21Z,30.594189814814815,CLOSED,12
strawberry-graphql/strawberry,1403,2021-11-03T20:49:15Z,2021-12-02T13:51:46Z,28.71008101851852,CLOSED,5
strawberry-graphql/strawberry,1204,2021-09-02T18:13:15Z,2021-10-13T10:46:30Z,40.68975694444445,CLOSED,4
strawberry-graphql/strawberry,1017,2021-06-14T23:08:03Z,2021-10-10T17:12:41Z,117.75321759259259,CLOSED,4
strawberry-graphql/strawberry,1158,2021-08-19T13:40:53Z,2021-09-14T11:51:08Z,25.923784722222223,CLOSED,3
strawberry-graphql/strawberry,1104,2021-08-03T17:35:18Z,2021-09-14T11:51:07Z,41.760983796296294,CLOSED,0
strawberry-graphql/strawberry,1178,2021-08-26T20:20:44Z,2021-08-27T08:08:02Z,0.49118055555555556,CLOSED,4
strawberry-graphql/strawberry,894,2021-04-30T12:15:22Z,2021-08-19T06:05:02Z,110.74282407407408,CLOSED,3
strawberry-graphql/strawberry,693,2021-01-31T21:14:44Z,2021-04-06T22:38:04Z,65.05787037037037,CLOSED,1
strawberry-graphql/strawberry,747,2021-03-09T19:55:48Z,2021-03-09T20:35:14Z,0.02738425925925926,CLOSED,6
strawberry-graphql/strawberry,714,2021-02-19T13:44:50Z,2021-03-09T20:12:20Z,18.26909722222222,CLOSED,1
strawberry-graphql/strawberry,602,2020-11-26T23:07:22Z,2020-12-10T20:39:03Z,13.897002314814815,CLOSED,0
strawberry-graphql/strawberry,604,2020-11-28T19:28:55Z,2020-11-30T08:10:14Z,1.5286921296296296,CLOSED,3
strawberry-graphql/strawberry,583,2020-11-18T21:45:53Z,2020-11-18T23:14:18Z,0.06140046296296296,CLOSED,3
strawberry-graphql/strawberry,402,2020-08-01T15:41:46Z,2020-08-01T18:55:04Z,0.1342361111111111,CLOSED,4
strawberry-graphql/strawberry,349,2020-06-11T06:37:17Z,2020-07-24T21:10:30Z,43.60640046296297,CLOSED,2
strawberry-graphql/strawberry,377,2020-07-12T20:00:25Z,2020-07-14T08:11:33Z,1.5077314814814815,CLOSED,3
strawberry-graphql/strawberry,142,2019-09-06T22:38:04Z,2019-10-14T18:32:24Z,37.82939814814815,CLOSED,0
strawberry-graphql/strawberry,161,2019-09-26T18:42:06Z,2019-10-01T11:19:21Z,4.692534722222222,CLOSED,4
strawberry-graphql/strawberry,127,2019-08-30T22:46:51Z,2019-08-31T08:03:03Z,0.38625,CLOSED,0
strawberry-graphql/strawberry,33,2019-03-31T22:31:38Z,2019-04-06T09:12:51Z,5.4452893518518515,CLOSED,0
strawberry-graphql/strawberry,17,2019-03-02T14:48:56Z,2019-03-24T00:01:35Z,21.383784722222224,CLOSED,0
pandas-dev/pandas,501,2011-12-17T17:38:00Z,2011-12-17T18:01:28Z,0.016296296296296295,CLOSED,0
pandas-dev/pandas,490,2011-12-14T19:49:16Z,2011-12-15T20:13:46Z,1.0170138888888889,CLOSED,1
pandas-dev/pandas,492,2011-12-15T08:52:27Z,2011-12-15T17:53:24Z,0.3756597222222222,CLOSED,1
pandas-dev/pandas,486,2011-12-14T09:48:57Z,2011-12-15T17:22:57Z,1.3152777777777778,CLOSED,1
pandas-dev/pandas,495,2011-12-15T15:46:25Z,2011-12-15T17:04:54Z,0.054502314814814816,CLOSED,1
pandas-dev/pandas,489,2011-12-14T18:59:52Z,2011-12-15T04:40:17Z,0.40306712962962965,CLOSED,3
pandas-dev/pandas,487,2011-12-14T16:48:19Z,2011-12-15T04:23:28Z,0.4827430555555556,CLOSED,1
pandas-dev/pandas,481,2011-12-13T02:11:04Z,2011-12-13T20:00:31Z,0.7426736111111111,CLOSED,0
pandas-dev/pandas,484,2011-12-13T18:08:37Z,2011-12-13T19:36:02Z,0.06070601851851852,CLOSED,1
pandas-dev/pandas,475,2011-12-12T20:45:34Z,2011-12-12T20:59:22Z,0.009583333333333333,CLOSED,0
pandas-dev/pandas,473,2011-12-12T19:14:18Z,2011-12-12T19:56:19Z,0.02917824074074074,CLOSED,0
pandas-dev/pandas,454,2011-12-06T16:30:34Z,2011-12-12T04:09:23Z,5.4852893518518515,CLOSED,2
pandas-dev/pandas,469,2011-12-11T23:47:42Z,2011-12-12T00:52:25Z,0.04494212962962963,CLOSED,1
pandas-dev/pandas,467,2011-12-09T23:30:29Z,2011-12-10T20:26:45Z,0.8724074074074074,CLOSED,0
pandas-dev/pandas,452,2011-12-06T15:32:31Z,2011-12-08T19:50:19Z,2.179027777777778,CLOSED,1
pandas-dev/pandas,451,2011-12-06T14:52:41Z,2011-12-08T05:06:53Z,1.5931944444444444,CLOSED,1
pandas-dev/pandas,456,2011-12-06T20:04:32Z,2011-12-08T03:48:17Z,1.3220486111111112,CLOSED,0
pandas-dev/pandas,412,2011-11-24T17:58:54Z,2011-12-03T17:51:12Z,8.994652777777778,CLOSED,2
pandas-dev/pandas,421,2011-11-28T10:45:38Z,2011-12-02T22:01:06Z,4.469074074074074,CLOSED,0
pandas-dev/pandas,431,2011-12-02T16:17:55Z,2011-12-02T21:02:23Z,0.1975462962962963,CLOSED,2
pandas-dev/pandas,432,2011-12-02T16:43:57Z,2011-12-02T20:46:17Z,0.16828703703703704,CLOSED,0
pandas-dev/pandas,434,2011-12-02T20:09:31Z,2011-12-02T20:23:30Z,0.009710648148148149,CLOSED,0
pandas-dev/pandas,423,2011-11-28T20:31:16Z,2011-11-29T00:10:45Z,0.15241898148148147,CLOSED,0
pandas-dev/pandas,416,2011-11-25T20:06:03Z,2011-11-26T03:09:18Z,0.2939236111111111,CLOSED,1
pandas-dev/pandas,411,2011-11-24T11:27:35Z,2011-11-25T05:50:26Z,0.7658680555555556,CLOSED,1
pandas-dev/pandas,408,2011-11-24T00:53:07Z,2011-11-24T02:12:48Z,0.05533564814814815,CLOSED,0
pandas-dev/pandas,405,2011-11-23T16:11:30Z,2011-11-23T17:07:42Z,0.03902777777777778,CLOSED,1
pandas-dev/pandas,382,2011-11-18T00:07:02Z,2011-11-23T03:41:21Z,5.148831018518519,CLOSED,0
pandas-dev/pandas,384,2011-11-18T07:33:01Z,2011-11-23T03:40:33Z,4.838564814814815,CLOSED,0
pandas-dev/pandas,397,2011-11-22T05:00:20Z,2011-11-23T03:40:24Z,0.9444907407407407,CLOSED,0
pandas-dev/pandas,389,2011-11-18T18:59:34Z,2011-11-22T18:38:03Z,3.9850578703703703,CLOSED,5
pandas-dev/pandas,394,2011-11-21T18:56:54Z,2011-11-22T05:50:21Z,0.4537847222222222,CLOSED,0
pandas-dev/pandas,379,2011-11-17T22:03:21Z,2011-11-22T05:38:32Z,4.316099537037037,CLOSED,0
pandas-dev/pandas,390,2011-11-18T19:38:38Z,2011-11-22T05:14:27Z,3.3998726851851853,CLOSED,1
pandas-dev/pandas,378,2011-11-17T18:52:42Z,2011-11-18T06:48:05Z,0.49679398148148146,CLOSED,2
pandas-dev/pandas,375,2011-11-17T12:21:36Z,2011-11-18T06:08:34Z,0.7409490740740741,CLOSED,2
pandas-dev/pandas,377,2011-11-17T17:34:22Z,2011-11-17T17:57:48Z,0.016273148148148148,CLOSED,2
pandas-dev/pandas,367,2011-11-15T15:53:22Z,2011-11-16T08:50:45Z,0.7065162037037037,CLOSED,2
pandas-dev/pandas,366,2011-11-15T11:09:50Z,2011-11-16T08:35:13Z,0.8926273148148148,CLOSED,2
pandas-dev/pandas,358,2011-11-10T21:50:56Z,2011-11-11T18:37:45Z,0.8658449074074074,CLOSED,0
pandas-dev/pandas,351,2011-11-08T21:34:02Z,2011-11-10T03:17:05Z,1.2382291666666667,CLOSED,2
pandas-dev/pandas,353,2011-11-09T21:49:54Z,2011-11-10T02:09:06Z,0.18,CLOSED,0
pandas-dev/pandas,349,2011-11-08T04:57:10Z,2011-11-08T05:22:20Z,0.01747685185185185,CLOSED,0
pandas-dev/pandas,337,2011-11-05T03:59:53Z,2011-11-06T23:03:50Z,1.7944097222222222,CLOSED,0
pandas-dev/pandas,329,2011-11-03T21:25:02Z,2011-11-05T01:08:44Z,1.1553472222222223,CLOSED,4
pandas-dev/pandas,325,2011-11-02T21:17:27Z,2011-11-05T00:32:56Z,2.1357523148148148,CLOSED,3
pandas-dev/pandas,323,2011-11-02T18:34:47Z,2011-11-05T00:00:46Z,2.226377314814815,CLOSED,3
pandas-dev/pandas,311,2011-11-01T00:42:23Z,2011-11-04T22:19:15Z,3.9006018518518517,CLOSED,1
pandas-dev/pandas,293,2011-10-26T13:52:34Z,2011-11-04T20:04:21Z,9.258182870370371,CLOSED,1
pandas-dev/pandas,331,2011-11-04T16:36:19Z,2011-11-04T16:43:36Z,0.0050578703703703706,CLOSED,0
pandas-dev/pandas,314,2011-11-01T18:56:52Z,2011-11-03T21:31:38Z,2.107476851851852,CLOSED,1
pandas-dev/pandas,315,2011-11-01T19:56:01Z,2011-11-03T21:19:25Z,2.057916666666667,CLOSED,3
pandas-dev/pandas,326,2011-11-02T21:57:40Z,2011-11-03T21:03:07Z,0.9621180555555555,CLOSED,0
pandas-dev/pandas,304,2011-10-27T14:45:53Z,2011-10-28T15:13:43Z,1.0193287037037038,CLOSED,2
pandas-dev/pandas,290,2011-10-26T00:56:05Z,2011-10-26T01:14:10Z,0.01255787037037037,CLOSED,2
pandas-dev/pandas,285,2011-10-24T19:00:45Z,2011-10-25T01:35:04Z,0.27383101851851854,CLOSED,0
pandas-dev/pandas,270,2011-10-21T16:02:13Z,2011-10-21T17:13:58Z,0.04982638888888889,CLOSED,0
pandas-dev/pandas,260,2011-10-20T12:19:18Z,2011-10-21T04:32:09Z,0.6755902777777778,CLOSED,1
pandas-dev/pandas,262,2011-10-20T15:11:40Z,2011-10-20T22:54:13Z,0.32121527777777775,CLOSED,0
pandas-dev/pandas,252,2011-10-18T19:36:14Z,2011-10-19T21:07:19Z,1.0632523148148147,CLOSED,0
pandas-dev/pandas,258,2011-10-19T16:06:23Z,2011-10-19T17:27:37Z,0.05641203703703704,CLOSED,0
pandas-dev/pandas,257,2011-10-19T15:40:45Z,2011-10-19T17:27:28Z,0.0741087962962963,CLOSED,0
pandas-dev/pandas,251,2011-10-18T19:12:20Z,2011-10-18T20:59:19Z,0.07429398148148147,CLOSED,1
pandas-dev/pandas,246,2011-10-18T18:22:23Z,2011-10-18T18:31:50Z,0.0065625,CLOSED,0
pandas-dev/pandas,239,2011-10-15T19:36:07Z,2011-10-15T19:52:37Z,0.011458333333333333,CLOSED,2
pandas-dev/pandas,238,2011-10-14T22:28:24Z,2011-10-15T18:53:42Z,0.8509027777777778,CLOSED,4
pandas-dev/pandas,231,2011-10-13T13:45:18Z,2011-10-15T19:20:41Z,2.2329050925925924,CLOSED,0
pandas-dev/pandas,237,2011-10-14T21:01:49Z,2011-10-14T21:15:38Z,0.009594907407407408,CLOSED,0
pandas-dev/pandas,155,2011-09-18T01:44:00Z,2011-10-14T04:39:36Z,26.121944444444445,CLOSED,1
pandas-dev/pandas,225,2011-10-12T14:19:49Z,2011-10-12T18:54:16Z,0.1905902777777778,CLOSED,6
pandas-dev/pandas,224,2011-10-12T12:03:52Z,2011-10-12T15:04:10Z,0.12520833333333334,CLOSED,6
pandas-dev/pandas,199,2011-10-06T18:25:09Z,2011-10-09T17:36:26Z,2.9661689814814816,CLOSED,1
pandas-dev/pandas,205,2011-10-08T20:25:44Z,2011-10-09T14:25:43Z,0.749988425925926,CLOSED,0
pandas-dev/pandas,204,2011-10-07T18:30:04Z,2011-10-07T19:18:07Z,0.033368055555555554,CLOSED,1
pandas-dev/pandas,201,2011-10-06T18:57:04Z,2011-10-06T21:24:33Z,0.10241898148148149,CLOSED,2
pandas-dev/pandas,202,2011-10-06T20:26:31Z,2011-10-06T20:46:52Z,0.014131944444444445,CLOSED,2
pandas-dev/pandas,182,2011-09-28T15:03:45Z,2011-10-01T19:24:10Z,3.1808449074074074,CLOSED,2
pandas-dev/pandas,181,2011-09-28T02:32:20Z,2011-10-01T19:56:43Z,3.7252662037037036,CLOSED,1
pandas-dev/pandas,185,2011-09-29T01:31:48Z,2011-09-30T01:05:08Z,0.9814814814814815,CLOSED,0
pandas-dev/pandas,168,2011-09-22T19:41:56Z,2011-09-25T05:16:37Z,2.399085648148148,CLOSED,0
pandas-dev/pandas,169,2011-09-23T18:56:20Z,2011-09-25T04:55:27Z,1.4160532407407407,CLOSED,3
pandas-dev/pandas,144,2011-09-16T03:21:33Z,2011-09-22T15:59:55Z,6.526643518518519,CLOSED,1
pandas-dev/pandas,160,2011-09-20T01:05:12Z,2011-09-22T15:22:03Z,2.595034722222222,CLOSED,0
pandas-dev/pandas,138,2011-09-14T16:26:08Z,2011-09-22T13:45:44Z,7.8886111111111115,CLOSED,0
pandas-dev/pandas,135,2011-09-13T01:30:09Z,2011-09-20T16:30:48Z,7.625451388888889,CLOSED,0
pandas-dev/pandas,154,2011-09-17T21:37:51Z,2011-09-20T15:52:17Z,2.7600231481481483,CLOSED,0
pandas-dev/pandas,147,2011-09-17T01:19:26Z,2011-09-20T15:38:48Z,3.5967824074074075,CLOSED,0
pandas-dev/pandas,131,2011-09-08T22:32:28Z,2011-09-09T03:07:28Z,0.1909722222222222,CLOSED,2
pandas-dev/pandas,133,2011-09-09T02:27:47Z,2011-09-09T02:55:30Z,0.019247685185185184,CLOSED,2
pandas-dev/pandas,128,2011-09-06T17:23:12Z,2011-09-08T03:07:23Z,1.4056828703703703,CLOSED,0
pandas-dev/pandas,107,2011-08-22T00:39:43Z,2011-09-05T20:23:29Z,14.822060185185185,CLOSED,1
pandas-dev/pandas,106,2011-08-19T17:04:42Z,2011-08-23T02:20:04Z,3.3856712962962963,CLOSED,2
pandas-dev/pandas,100,2011-08-10T00:51:55Z,2011-08-19T20:12:50Z,9.806192129629629,CLOSED,1
pandas-dev/pandas,98,2011-08-09T20:53:42Z,2011-08-09T22:54:57Z,0.0842013888888889,CLOSED,0
pandas-dev/pandas,81,2011-07-27T23:02:15Z,2011-07-31T16:23:24Z,3.7230208333333334,CLOSED,2
pandas-dev/pandas,66,2011-07-18T15:45:19Z,2011-07-30T18:02:16Z,12.095104166666667,CLOSED,1
pandas-dev/pandas,61,2011-07-18T02:15:11Z,2011-07-20T19:46:25Z,2.730023148148148,CLOSED,1
pandas-dev/pandas,76,2011-07-18T21:00:39Z,2011-07-20T03:52:38Z,1.286099537037037,CLOSED,1
pandas-dev/pandas,45,2011-05-20T22:13:31Z,2011-06-23T04:17:27Z,33.25273148148148,CLOSED,2
pandas-dev/pandas,48,2011-06-03T09:08:28Z,2011-06-14T14:06:41Z,11.207094907407408,CLOSED,1
scikit-learn/scikit-learn,1965,2013-05-15T08:05:44Z,2013-06-02T11:15:36Z,18.131851851851852,CLOSED,3
scikit-learn/scikit-learn,1981,2013-05-21T13:00:13Z,2013-05-21T13:16:02Z,0.010983796296296297,CLOSED,1
scikit-learn/scikit-learn,1897,2013-04-26T09:57:40Z,2013-05-20T20:59:23Z,24.45952546296296,CLOSED,8
scikit-learn/scikit-learn,1734,2013-03-04T23:20:12Z,2013-03-10T17:42:34Z,5.765532407407408,CLOSED,13
scikit-learn/scikit-learn,1417,2012-11-26T22:58:40Z,2013-05-01T11:51:07Z,155.5364236111111,CLOSED,35
scikit-learn/scikit-learn,1869,2013-04-18T08:19:38Z,2013-05-05T21:33:25Z,17.551238425925927,CLOSED,11
scikit-learn/scikit-learn,1903,2013-04-26T15:21:35Z,2013-05-04T15:10:40Z,7.992418981481482,CLOSED,4
scikit-learn/scikit-learn,1815,2013-03-26T14:53:03Z,2013-05-04T12:52:37Z,38.916365740740744,CLOSED,7
scikit-learn/scikit-learn,1900,2013-04-26T10:45:30Z,2013-05-04T11:36:18Z,8.035277777777777,CLOSED,0
scikit-learn/scikit-learn,1901,2013-04-26T12:00:23Z,2013-04-26T12:11:50Z,0.007951388888888888,CLOSED,2
scikit-learn/scikit-learn,1896,2013-04-26T09:12:35Z,2013-04-26T10:30:08Z,0.05385416666666667,CLOSED,2
scikit-learn/scikit-learn,1872,2013-04-18T18:45:18Z,2013-04-22T12:41:07Z,3.7470949074074076,CLOSED,3
scikit-learn/scikit-learn,1876,2013-04-19T19:06:49Z,2013-04-20T15:11:11Z,0.8363657407407408,CLOSED,5
scikit-learn/scikit-learn,1466,2012-12-12T08:01:53Z,2013-04-11T09:06:15Z,120.04469907407407,CLOSED,5
scikit-learn/scikit-learn,1789,2013-03-18T16:38:37Z,2013-04-10T13:53:17Z,22.885185185185186,CLOSED,1
scikit-learn/scikit-learn,1832,2013-04-03T14:18:15Z,2013-04-03T16:37:25Z,0.09664351851851852,CLOSED,2
scikit-learn/scikit-learn,792,2012-04-24T22:39:59Z,2013-03-28T00:31:09Z,337.0771990740741,CLOSED,4
scikit-learn/scikit-learn,1690,2013-02-18T13:31:58Z,2013-03-17T10:17:41Z,26.86508101851852,CLOSED,8
scikit-learn/scikit-learn,1782,2013-03-16T16:12:00Z,2013-03-16T20:18:21Z,0.17107638888888888,CLOSED,1
scikit-learn/scikit-learn,1703,2013-02-22T10:55:27Z,2013-03-15T11:37:41Z,21.029328703703705,CLOSED,4
scikit-learn/scikit-learn,1724,2013-03-01T19:05:04Z,2013-03-14T13:11:35Z,12.754525462962963,CLOSED,11
scikit-learn/scikit-learn,1749,2013-03-06T22:47:40Z,2013-03-08T16:45:10Z,1.7482638888888888,CLOSED,2
scikit-learn/scikit-learn,1744,2013-03-06T08:04:07Z,2013-03-06T11:31:46Z,0.1442013888888889,CLOSED,3
scikit-learn/scikit-learn,1158,2012-09-16T19:42:03Z,2012-10-27T21:41:20Z,41.08283564814815,CLOSED,8
scikit-learn/scikit-learn,1729,2013-03-03T12:53:22Z,2013-03-05T08:20:02Z,1.8101851851851851,CLOSED,8
scikit-learn/scikit-learn,1723,2013-03-01T17:23:25Z,2013-03-02T13:19:28Z,0.8305902777777778,CLOSED,3
scikit-learn/scikit-learn,1658,2013-02-06T03:12:36Z,2013-02-17T10:20:01Z,11.29681712962963,CLOSED,4
scikit-learn/scikit-learn,1617,2013-01-24T00:32:26Z,2013-02-16T19:39:52Z,23.796828703703703,CLOSED,6
scikit-learn/scikit-learn,1398,2012-11-23T13:38:52Z,2013-02-14T14:17:47Z,83.02702546296297,CLOSED,10
scikit-learn/scikit-learn,1671,2013-02-10T16:56:40Z,2013-02-10T17:32:32Z,0.024907407407407406,CLOSED,5
scikit-learn/scikit-learn,1621,2013-01-24T15:16:44Z,2013-02-01T17:56:33Z,8.110983796296296,CLOSED,3
scikit-learn/scikit-learn,1634,2013-01-29T14:07:55Z,2013-01-30T12:23:15Z,0.9273148148148148,CLOSED,7
scikit-learn/scikit-learn,1602,2013-01-21T13:27:20Z,2013-01-26T19:22:35Z,5.246701388888889,CLOSED,5
scikit-learn/scikit-learn,1555,2013-01-10T10:10:07Z,2013-01-20T15:51:07Z,10.236805555555556,CLOSED,4
scikit-learn/scikit-learn,1225,2012-10-09T04:11:44Z,2013-01-18T16:55:23Z,101.5303125,CLOSED,12
scikit-learn/scikit-learn,393,2011-10-12T16:07:59Z,2013-01-17T16:43:13Z,463.0244675925926,CLOSED,17
scikit-learn/scikit-learn,1476,2012-12-15T12:34:23Z,2013-01-17T15:57:54Z,33.14133101851852,CLOSED,29
scikit-learn/scikit-learn,1547,2013-01-09T01:39:33Z,2013-01-13T20:12:53Z,4.773148148148148,CLOSED,23
scikit-learn/scikit-learn,1533,2013-01-07T22:53:20Z,2013-01-08T09:09:06Z,0.42761574074074077,CLOSED,21
scikit-learn/scikit-learn,1260,2012-10-21T17:40:06Z,2013-01-07T23:12:41Z,78.23096064814816,CLOSED,14
scikit-learn/scikit-learn,1277,2012-10-25T14:47:14Z,2013-01-06T21:48:46Z,73.29273148148148,CLOSED,11
scikit-learn/scikit-learn,1192,2012-09-29T18:14:38Z,2013-01-05T14:19:05Z,97.83642361111112,CLOSED,6
scikit-learn/scikit-learn,1510,2013-01-03T03:53:49Z,2013-01-03T14:03:56Z,0.42369212962962965,CLOSED,6
scikit-learn/scikit-learn,1472,2012-12-14T06:22:27Z,2013-01-03T13:35:09Z,20.300486111111113,CLOSED,11
scikit-learn/scikit-learn,1411,2012-11-26T16:18:28Z,2013-01-03T12:58:04Z,37.86083333333333,CLOSED,31
scikit-learn/scikit-learn,1509,2013-01-02T21:59:49Z,2013-01-02T22:59:47Z,0.04164351851851852,CLOSED,4
scikit-learn/scikit-learn,1461,2012-12-11T15:09:37Z,2012-12-29T16:28:23Z,18.054699074074072,CLOSED,11
scikit-learn/scikit-learn,1492,2012-12-26T14:35:35Z,2012-12-26T20:02:03Z,0.22671296296296295,CLOSED,3
scikit-learn/scikit-learn,1342,2012-11-08T17:21:23Z,2012-12-24T22:28:35Z,46.21333333333333,CLOSED,5
scikit-learn/scikit-learn,1481,2012-12-21T16:48:16Z,2012-12-21T17:15:04Z,0.01861111111111111,CLOSED,1
scikit-learn/scikit-learn,1137,2012-09-11T09:15:36Z,2012-12-21T09:56:46Z,101.02858796296296,CLOSED,31
scikit-learn/scikit-learn,1462,2012-12-11T18:21:09Z,2012-12-16T16:44:39Z,4.932986111111111,CLOSED,6
scikit-learn/scikit-learn,1368,2012-11-15T08:59:50Z,2012-12-16T16:44:39Z,31.322789351851853,CLOSED,10
scikit-learn/scikit-learn,1406,2012-11-24T20:55:52Z,2012-12-12T07:54:21Z,17.457280092592594,CLOSED,19
scikit-learn/scikit-learn,1455,2012-12-09T15:14:57Z,2012-12-09T15:26:21Z,0.007916666666666667,CLOSED,3
scikit-learn/scikit-learn,1420,2012-11-27T20:47:16Z,2012-12-05T22:41:41Z,8.079456018518519,CLOSED,10
scikit-learn/scikit-learn,1431,2012-12-01T23:01:14Z,2012-12-04T21:16:06Z,2.9269907407407407,CLOSED,14
scikit-learn/scikit-learn,1439,2012-12-03T10:27:18Z,2012-12-04T17:25:51Z,1.2906597222222222,CLOSED,20
scikit-learn/scikit-learn,1407,2012-11-24T20:58:48Z,2012-12-02T01:10:20Z,7.174675925925926,CLOSED,7
scikit-learn/scikit-learn,1422,2012-11-28T10:34:06Z,2012-11-29T13:48:12Z,1.1347916666666666,CLOSED,5
scikit-learn/scikit-learn,1307,2012-11-01T18:06:12Z,2012-11-14T22:36:51Z,13.187951388888889,CLOSED,8
scikit-learn/scikit-learn,1295,2012-10-30T16:10:09Z,2012-11-10T17:34:21Z,11.058472222222223,CLOSED,10
scikit-learn/scikit-learn,1027,2012-08-15T19:00:23Z,2012-11-10T16:03:49Z,86.87738425925926,CLOSED,22
scikit-learn/scikit-learn,1341,2012-11-08T14:11:15Z,2012-11-08T21:43:51Z,0.31430555555555556,CLOSED,8
scikit-learn/scikit-learn,1302,2012-10-31T21:27:49Z,2012-11-07T16:01:15Z,6.773217592592593,CLOSED,3
scikit-learn/scikit-learn,1303,2012-10-31T21:50:48Z,2012-11-07T15:59:15Z,6.755868055555555,CLOSED,7
scikit-learn/scikit-learn,1160,2012-09-17T06:22:59Z,2012-11-07T15:25:37Z,51.3768287037037,CLOSED,9
scikit-learn/scikit-learn,1336,2012-11-06T06:54:43Z,2012-11-07T05:19:38Z,0.9339699074074074,CLOSED,0
scikit-learn/scikit-learn,870,2012-05-29T14:01:23Z,2012-11-03T14:10:17Z,158.00618055555555,CLOSED,6
scikit-learn/scikit-learn,871,2012-05-29T18:23:31Z,2012-10-27T21:41:48Z,151.13769675925926,CLOSED,47
scikit-learn/scikit-learn,1278,2012-10-25T15:08:28Z,2012-10-25T16:12:22Z,0.044375,CLOSED,4
scikit-learn/scikit-learn,1255,2012-10-19T17:15:02Z,2012-10-24T23:05:03Z,5.24306712962963,CLOSED,10
scikit-learn/scikit-learn,1099,2012-09-02T12:00:12Z,2012-10-24T16:47:21Z,52.19940972222222,CLOSED,1
scikit-learn/scikit-learn,1254,2012-10-19T15:35:18Z,2012-10-23T11:43:19Z,3.838900462962963,CLOSED,7
scikit-learn/scikit-learn,1239,2012-10-14T12:06:01Z,2012-10-18T15:24:12Z,4.137627314814814,CLOSED,9
scikit-learn/scikit-learn,1216,2012-10-07T18:57:56Z,2012-10-18T11:54:34Z,10.70599537037037,CLOSED,1
scikit-learn/scikit-learn,784,2012-04-19T13:24:36Z,2012-10-18T11:36:04Z,181.92462962962964,CLOSED,4
scikit-learn/scikit-learn,1139,2012-09-11T20:42:39Z,2012-10-17T08:00:33Z,35.47076388888889,CLOSED,28
scikit-learn/scikit-learn,919,2012-06-27T20:31:26Z,2012-10-16T20:41:21Z,111.00688657407407,CLOSED,5
scikit-learn/scikit-learn,1240,2012-10-14T12:09:13Z,2012-10-16T15:41:14Z,2.1472337962962964,CLOSED,15
scikit-learn/scikit-learn,1112,2012-09-04T19:33:51Z,2012-10-12T12:25:02Z,37.702210648148146,CLOSED,5
scikit-learn/scikit-learn,1228,2012-10-09T12:42:57Z,2012-10-12T09:27:50Z,2.864502314814815,CLOSED,3
scikit-learn/scikit-learn,884,2012-06-03T17:31:35Z,2012-10-11T20:04:41Z,130.10631944444444,CLOSED,1
scikit-learn/scikit-learn,1153,2012-09-16T00:43:36Z,2012-10-01T14:29:39Z,15.573645833333334,CLOSED,25
scikit-learn/scikit-learn,994,2012-08-02T18:53:29Z,2012-09-21T08:56:00Z,49.585081018518515,CLOSED,45
scikit-learn/scikit-learn,1098,2012-09-01T21:24:17Z,2012-09-20T14:36:58Z,18.717141203703704,CLOSED,10
scikit-learn/scikit-learn,860,2012-05-16T00:40:59Z,2012-09-18T12:08:44Z,125.47760416666667,CLOSED,23
scikit-learn/scikit-learn,584,2012-01-24T09:59:55Z,2012-09-18T11:51:22Z,238.07739583333333,CLOSED,10
scikit-learn/scikit-learn,1127,2012-09-06T23:01:12Z,2012-09-18T08:44:33Z,11.405104166666666,CLOSED,3
scikit-learn/scikit-learn,1129,2012-09-07T18:22:39Z,2012-09-17T20:26:56Z,10.086307870370371,CLOSED,7
scikit-learn/scikit-learn,1155,2012-09-16T14:48:03Z,2012-09-17T20:25:49Z,1.2345601851851853,CLOSED,2
scikit-learn/scikit-learn,1163,2012-09-17T16:18:37Z,2012-09-17T16:28:33Z,0.006898148148148148,CLOSED,3
scikit-learn/scikit-learn,1113,2012-09-05T01:00:48Z,2012-09-13T13:36:32Z,8.524814814814814,CLOSED,10
scikit-learn/scikit-learn,1114,2012-09-05T10:21:20Z,2012-09-08T12:12:06Z,3.0769212962962964,CLOSED,8
scikit-learn/scikit-learn,598,2012-01-30T17:51:13Z,2012-09-05T20:12:24Z,219.09804398148148,CLOSED,6
scikit-learn/scikit-learn,960,2012-07-17T17:27:29Z,2012-09-05T20:10:07Z,50.112939814814816,CLOSED,4
scikit-learn/scikit-learn,713,2012-03-19T16:42:48Z,2012-09-05T20:08:55Z,170.14313657407408,CLOSED,13
scikit-learn/scikit-learn,1011,2012-08-10T23:02:00Z,2012-09-03T09:45:54Z,23.447152777777777,CLOSED,6
scikit-learn/scikit-learn,918,2012-06-27T19:17:18Z,2012-09-03T09:06:02Z,67.57550925925926,CLOSED,10
scikit-learn/scikit-learn,1054,2012-08-23T19:56:02Z,2012-09-02T18:53:49Z,9.956793981481482,CLOSED,7
mwaskom/seaborn,3058,2022-10-07T16:51:19Z,2022-10-08T23:02:17Z,1.2576157407407407,CLOSED,5
mwaskom/seaborn,3023,2022-09-13T21:24:39Z,2022-10-04T23:44:56Z,21.097418981481482,CLOSED,1
mwaskom/seaborn,2992,2022-09-03T17:35:22Z,2022-09-12T00:24:03Z,8.28380787037037,CLOSED,0
mwaskom/seaborn,2976,2022-08-26T00:48:10Z,2022-08-27T00:31:23Z,0.9883449074074074,CLOSED,0
mwaskom/seaborn,2943,2022-08-07T12:05:02Z,2022-08-08T23:57:57Z,1.4950810185185186,CLOSED,5
mwaskom/seaborn,2869,2022-06-21T00:45:52Z,,,OPEN,0
mwaskom/seaborn,2908,2022-07-14T13:17:42Z,2022-07-24T00:25:25Z,9.46369212962963,CLOSED,1
mwaskom/seaborn,2885,2022-07-05T00:22:04Z,2022-07-24T00:25:25Z,19.00232638888889,CLOSED,0
mwaskom/seaborn,2891,2022-07-06T21:12:30Z,2022-07-24T00:24:59Z,17.13366898148148,CLOSED,0
mwaskom/seaborn,2886,2022-07-05T00:28:58Z,2022-07-14T00:15:24Z,8.990578703703704,CLOSED,1
mwaskom/seaborn,2870,2022-06-21T22:44:02Z,2022-06-26T20:12:32Z,4.894791666666666,CLOSED,1
mwaskom/seaborn,2820,2022-05-25T07:05:56Z,2022-06-11T23:42:20Z,17.691944444444445,CLOSED,3
mwaskom/seaborn,2419,2021-01-06T16:05:47Z,2022-06-11T22:23:46Z,521.2624884259259,CLOSED,6
mwaskom/seaborn,2590,2021-05-20T06:44:33Z,2022-06-11T18:04:50Z,387.4724189814815,CLOSED,3
mwaskom/seaborn,2712,2021-12-13T13:40:27Z,2022-06-11T18:04:30Z,180.18336805555555,CLOSED,5
mwaskom/seaborn,2624,2021-07-27T12:44:27Z,2022-06-11T18:04:30Z,319.22225694444444,CLOSED,0
mwaskom/seaborn,2835,2022-06-04T21:44:25Z,2022-06-11T16:07:00Z,6.76568287037037,CLOSED,0
mwaskom/seaborn,2838,2022-06-06T21:57:21Z,2022-06-07T00:45:56Z,0.11707175925925926,CLOSED,1
mwaskom/seaborn,2742,2022-02-13T12:51:38Z,2022-05-22T19:40:54Z,98.28421296296297,CLOSED,13
mwaskom/seaborn,2785,2022-04-28T08:18:26Z,2022-05-18T10:47:26Z,20.103472222222223,CLOSED,1
mwaskom/seaborn,2721,2022-01-02T21:22:49Z,2022-05-18T10:47:26Z,135.55876157407408,CLOSED,6
mwaskom/seaborn,2655,2021-09-06T08:45:11Z,2022-05-18T10:37:59Z,254.07833333333335,CLOSED,6
mwaskom/seaborn,2673,2021-10-02T17:32:18Z,2022-04-04T10:11:42Z,183.6940277777778,CLOSED,5
mwaskom/seaborn,2638,2021-08-12T11:40:11Z,2021-08-14T20:35:29Z,2.3717361111111113,CLOSED,6
mwaskom/seaborn,2622,2021-07-26T19:11:13Z,2021-08-02T00:02:00Z,6.201932870370371,CLOSED,3
mwaskom/seaborn,2488,2021-02-25T09:48:10Z,2021-05-11T19:23:48Z,75.39974537037037,CLOSED,2
mwaskom/seaborn,2539,2021-04-02T11:51:34Z,2021-05-10T21:16:17Z,38.392164351851854,CLOSED,4
mwaskom/seaborn,2516,2021-03-22T19:54:46Z,2021-05-07T19:00:26Z,45.96226851851852,CLOSED,6
mwaskom/seaborn,2509,2021-03-17T05:28:15Z,2021-05-06T21:26:19Z,50.66532407407407,CLOSED,3
mwaskom/seaborn,2523,2021-03-25T16:04:30Z,2021-03-25T16:56:42Z,0.03625,CLOSED,0
mwaskom/seaborn,2513,2021-03-19T11:13:07Z,2021-03-25T16:56:42Z,6.238599537037037,CLOSED,2
mwaskom/seaborn,2502,2021-03-11T19:49:29Z,2021-03-24T21:54:09Z,13.086574074074074,CLOSED,10
mwaskom/seaborn,2476,2021-02-09T03:11:07Z,2021-02-10T00:01:13Z,0.868125,CLOSED,6
mwaskom/seaborn,2465,2021-02-02T12:30:19Z,2021-02-05T01:20:16Z,2.5346875,CLOSED,2
mwaskom/seaborn,2452,2021-01-27T01:40:59Z,2021-02-03T02:45:09Z,7.044560185185185,CLOSED,0
mwaskom/seaborn,2450,2021-01-26T20:34:32Z,2021-01-31T19:39:03Z,4.961469907407407,CLOSED,1
mwaskom/seaborn,2451,2021-01-27T01:09:52Z,2021-01-31T13:03:20Z,4.4954629629629625,CLOSED,0
mwaskom/seaborn,2441,2021-01-19T12:34:33Z,2021-01-31T13:00:58Z,12.018344907407407,CLOSED,0
mwaskom/seaborn,2420,2021-01-06T16:32:34Z,2021-01-07T13:27:16Z,0.8713194444444444,CLOSED,3
mwaskom/seaborn,2295,2020-09-23T10:47:41Z,2021-01-05T19:40:57Z,104.37032407407408,CLOSED,4
mwaskom/seaborn,2294,2020-09-23T10:41:56Z,2020-12-12T23:42:17Z,80.54190972222223,CLOSED,1
mwaskom/seaborn,2354,2020-11-15T16:04:49Z,2020-12-12T23:42:17Z,27.317685185185184,CLOSED,2
mwaskom/seaborn,2348,2020-11-12T22:31:09Z,2020-12-12T23:42:17Z,30.04939814814815,CLOSED,0
mwaskom/seaborn,2372,2020-12-04T11:51:18Z,2020-12-12T23:42:16Z,8.493726851851852,CLOSED,1
mwaskom/seaborn,2366,2020-11-30T11:59:28Z,2020-12-12T23:42:16Z,12.488055555555556,CLOSED,0
mwaskom/seaborn,2272,2020-09-12T18:40:09Z,2020-12-12T14:16:43Z,90.81706018518518,CLOSED,3
mwaskom/seaborn,2377,2020-12-08T22:03:50Z,2020-12-09T16:50:34Z,0.7824537037037037,CLOSED,0
mwaskom/seaborn,2307,2020-10-02T21:07:05Z,2020-12-01T20:48:45Z,59.98726851851852,CLOSED,4
mwaskom/seaborn,2329,2020-10-21T15:26:56Z,2020-11-25T18:12:10Z,35.11474537037037,CLOSED,0
mwaskom/seaborn,2346,2020-11-12T10:23:24Z,2020-11-23T22:25:09Z,11.501215277777778,CLOSED,1
mwaskom/seaborn,2260,2020-09-09T11:43:07Z,2020-10-26T22:04:09Z,47.43127314814815,CLOSED,3
mwaskom/seaborn,2292,2020-09-22T15:53:54Z,2020-10-26T22:25:44Z,34.27210648148148,CLOSED,3
mwaskom/seaborn,2285,2020-09-17T11:38:07Z,2020-10-26T22:07:11Z,39.43685185185185,CLOSED,1
mwaskom/seaborn,2261,2020-09-09T13:29:54Z,2020-09-11T23:54:54Z,2.4340277777777777,CLOSED,1
mwaskom/seaborn,2228,2020-08-27T20:15:46Z,2020-08-29T14:29:07Z,1.7592708333333333,CLOSED,0
mwaskom/seaborn,2122,2020-06-04T12:11:11Z,2020-08-26T00:44:29Z,82.523125,CLOSED,2
mwaskom/seaborn,2101,2020-05-25T19:08:26Z,2020-08-22T21:02:28Z,89.07918981481481,CLOSED,0
mwaskom/seaborn,2166,2020-07-15T16:06:02Z,2020-08-18T21:59:38Z,34.245555555555555,CLOSED,2
mwaskom/seaborn,2145,2020-06-22T07:49:01Z,2020-08-18T00:23:30Z,56.690613425925925,CLOSED,3
mwaskom/seaborn,2065,2020-05-09T18:49:04Z,2020-08-18T00:23:30Z,100.23224537037036,CLOSED,0
mwaskom/seaborn,2085,2020-05-19T08:16:25Z,2020-06-04T14:09:49Z,16.245416666666667,CLOSED,2
mwaskom/seaborn,2063,2020-05-09T16:50:37Z,2020-06-04T14:09:49Z,25.888333333333332,CLOSED,0
mwaskom/seaborn,2102,2020-05-26T13:10:54Z,2020-06-02T16:26:31Z,7.1358449074074075,CLOSED,0
mwaskom/seaborn,2080,2020-05-17T21:34:06Z,2020-05-23T21:37:55Z,6.002650462962963,CLOSED,0
mwaskom/seaborn,114,2014-02-26T11:55:08Z,2014-03-05T00:28:58Z,6.52349537037037,CLOSED,6
mwaskom/seaborn,1560,2018-09-08T13:55:39Z,2019-12-30T22:29:20Z,478.35672453703705,CLOSED,1
mwaskom/seaborn,168,2014-04-11T21:05:05Z,2014-04-21T16:13:55Z,9.797800925925927,CLOSED,7
mwaskom/seaborn,837,2016-01-25T23:57:46Z,2017-07-02T22:27:07Z,523.9370486111111,CLOSED,11
mwaskom/seaborn,28,2013-12-10T13:47:18Z,2018-06-13T22:43:56Z,1646.3726620370371,CLOSED,7
mwaskom/seaborn,719,2015-09-30T22:06:30Z,2016-03-13T22:22:19Z,165.0109837962963,CLOSED,2
mwaskom/seaborn,666,2015-08-07T07:29:03Z,2016-01-24T03:24:22Z,169.8300810185185,CLOSED,0
mwaskom/seaborn,600,2015-06-17T23:30:10Z,2015-06-28T23:05:02Z,10.982546296296297,CLOSED,4
mwaskom/seaborn,560,2015-05-13T23:53:49Z,2015-05-15T04:33:49Z,1.1944444444444444,CLOSED,10
mwaskom/seaborn,550,2015-05-10T16:58:38Z,2015-05-10T18:59:11Z,0.08371527777777778,CLOSED,1
mwaskom/seaborn,472,2015-03-17T07:23:16Z,2015-05-09T22:08:39Z,53.61484953703704,CLOSED,2
mwaskom/seaborn,512,2015-04-13T23:13:00Z,2015-05-03T20:51:54Z,19.902013888888888,CLOSED,9
mwaskom/seaborn,464,2015-03-06T21:35:32Z,2015-03-13T06:50:42Z,6.385532407407408,CLOSED,3
mwaskom/seaborn,435,2015-01-28T20:58:10Z,2015-03-13T06:15:21Z,43.38693287037037,CLOSED,1
mwaskom/seaborn,246,2014-08-02T20:34:36Z,2015-01-19T20:43:45Z,170.00635416666665,CLOSED,1
mwaskom/seaborn,414,2015-01-05T21:25:38Z,2015-01-11T20:02:28Z,5.942245370370371,CLOSED,3
mwaskom/seaborn,368,2014-11-19T01:41:20Z,2014-11-19T02:04:41Z,0.016215277777777776,CLOSED,0
mwaskom/seaborn,353,2014-11-06T18:13:07Z,2014-11-10T04:01:46Z,3.4087847222222223,CLOSED,0
mwaskom/seaborn,278,2014-09-04T03:59:26Z,2014-09-21T19:30:14Z,17.64638888888889,CLOSED,3
mwaskom/seaborn,296,2014-09-19T11:50:09Z,2014-09-21T16:51:45Z,2.2094444444444443,CLOSED,4
mwaskom/seaborn,284,2014-09-05T18:14:08Z,2014-09-21T19:42:45Z,16.061539351851852,CLOSED,0
mwaskom/seaborn,280,2014-09-04T20:23:18Z,2014-09-21T17:17:05Z,16.87068287037037,CLOSED,2
mwaskom/seaborn,275,2014-09-03T19:08:05Z,2014-09-04T15:54:09Z,0.8653240740740741,CLOSED,3
mwaskom/seaborn,193,2014-05-09T01:31:10Z,2014-05-13T16:01:44Z,4.604560185185186,CLOSED,11
mwaskom/seaborn,55,2013-12-26T20:22:29Z,2014-01-15T06:18:16Z,19.413738425925924,CLOSED,32
mwaskom/seaborn,144,2014-03-24T22:50:08Z,2014-03-29T21:58:02Z,4.963819444444445,CLOSED,0
mwaskom/seaborn,150,2014-03-27T01:14:02Z,2014-03-28T18:30:11Z,1.7195486111111111,CLOSED,3
mwaskom/seaborn,116,2014-02-28T18:38:07Z,2014-03-05T06:01:23Z,4.474490740740741,CLOSED,0
mwaskom/seaborn,108,2014-02-17T06:50:33Z,2014-02-18T07:10:42Z,1.0139930555555556,CLOSED,3
mwaskom/seaborn,107,2014-02-17T04:27:51Z,2014-02-17T16:59:21Z,0.521875,CLOSED,2
mwaskom/seaborn,57,2013-12-29T02:05:06Z,2014-01-18T19:53:00Z,20.74159722222222,CLOSED,4
mwaskom/seaborn,58,2013-12-29T06:02:19Z,2014-01-15T06:18:27Z,17.011203703703703,CLOSED,1
mwaskom/seaborn,78,2014-01-10T09:32:07Z,2014-01-15T06:02:54Z,4.854710648148148,CLOSED,5
mwaskom/seaborn,52,2013-12-24T23:01:36Z,2013-12-27T02:38:45Z,2.150798611111111,CLOSED,6
mwaskom/seaborn,14,2013-11-21T02:55:31Z,2013-11-21T03:46:55Z,0.035694444444444445,CLOSED,7
mwaskom/seaborn,38,2013-12-15T13:32:29Z,2013-12-15T19:26:49Z,0.24606481481481482,CLOSED,2
catboost/catboost,2211,2022-10-31T02:58:48Z,2022-10-31T20:38:40Z,0.7360185185185185,CLOSED,0
catboost/catboost,1438,2020-10-02T18:29:30Z,2021-07-20T15:43:46Z,290.8849074074074,CLOSED,6
catboost/catboost,2132,2022-07-19T08:53:58Z,2022-09-24T11:11:27Z,67.09547453703703,CLOSED,3
catboost/catboost,696,2019-02-25T14:04:02Z,2020-05-07T09:43:11Z,436.81885416666665,CLOSED,23
catboost/catboost,1347,2020-06-30T00:00:25Z,2022-09-08T17:30:17Z,800.7290740740741,CLOSED,3
catboost/catboost,1125,2019-12-24T08:28:16Z,2020-01-21T14:08:22Z,28.236180555555556,CLOSED,27
catboost/catboost,2037,2022-03-19T15:43:26Z,,,OPEN,0
catboost/catboost,1976,2022-01-14T14:23:27Z,2022-02-01T09:15:05Z,17.78585648148148,CLOSED,1
catboost/catboost,1795,2021-08-04T00:06:44Z,2021-08-12T06:24:36Z,8.262407407407407,CLOSED,2
catboost/catboost,1901,2021-11-01T11:21:20Z,2022-01-31T12:40:41Z,91.05510416666667,CLOSED,1
catboost/catboost,1955,2021-12-14T11:18:34Z,2022-01-19T13:39:41Z,36.097997685185184,CLOSED,3
catboost/catboost,1967,2022-01-01T14:30:21Z,2022-01-14T05:57:55Z,12.644143518518518,CLOSED,2
catboost/catboost,1971,2022-01-06T07:39:44Z,2022-01-11T04:51:08Z,4.882916666666667,CLOSED,2
catboost/catboost,1937,2021-11-26T10:47:08Z,,,OPEN,2
catboost/catboost,1916,2021-11-12T13:54:48Z,2021-11-22T12:16:11Z,9.931516203703703,CLOSED,1
catboost/catboost,1877,2021-10-07T12:54:14Z,2021-10-25T07:32:42Z,17.776712962962964,CLOSED,3
catboost/catboost,1730,2021-06-02T10:18:21Z,2021-11-01T04:34:25Z,151.7611574074074,CLOSED,4
catboost/catboost,1882,2021-10-13T00:17:25Z,2021-10-15T10:37:35Z,2.430671296296296,CLOSED,2
catboost/catboost,1451,2020-10-10T13:40:54Z,2021-09-28T10:37:04Z,352.87233796296294,CLOSED,1
catboost/catboost,1499,2020-11-24T15:49:11Z,2021-09-27T19:33:35Z,307.1558333333333,CLOSED,1
catboost/catboost,1711,2021-05-18T10:47:12Z,,,OPEN,2
catboost/catboost,1831,2021-09-02T03:07:19Z,2021-09-24T11:45:18Z,22.35971064814815,CLOSED,2
catboost/catboost,1782,2021-07-25T22:49:57Z,2021-08-11T17:47:41Z,16.790092592592593,CLOSED,4
catboost/catboost,1353,2020-07-07T17:06:52Z,2021-07-12T09:59:52Z,369.7034722222222,CLOSED,1
catboost/catboost,1003,2019-09-19T15:25:25Z,2019-11-11T09:28:24Z,52.75207175925926,CLOSED,5
catboost/catboost,1638,2021-04-08T12:40:50Z,2021-04-15T08:02:31Z,6.806724537037037,CLOSED,1
catboost/catboost,1602,2021-03-07T21:30:12Z,2021-04-05T23:06:52Z,29.06712962962963,CLOSED,2
catboost/catboost,1473,2020-10-29T11:20:16Z,2021-04-05T23:05:02Z,158.48942129629629,CLOSED,1
catboost/catboost,1525,2020-12-27T13:13:40Z,2021-01-13T18:24:04Z,17.215555555555557,CLOSED,18
catboost/catboost,1594,2021-02-25T13:50:53Z,2021-03-25T13:59:33Z,28.00601851851852,CLOSED,1
catboost/catboost,1563,2021-01-29T13:31:39Z,2021-03-24T23:50:02Z,54.42943287037037,CLOSED,1
catboost/catboost,1552,2021-01-20T19:37:47Z,2021-03-10T15:45:31Z,48.8387037037037,CLOSED,2
catboost/catboost,1516,2020-12-20T21:39:35Z,2021-02-24T20:25:36Z,65.94862268518519,CLOSED,2
catboost/catboost,1399,2020-08-27T11:19:45Z,2021-02-19T18:36:39Z,176.3034027777778,CLOSED,6
catboost/catboost,1512,2020-12-09T21:42:28Z,2020-12-27T09:14:21Z,17.480474537037036,CLOSED,3
catboost/catboost,1284,2020-05-12T19:32:07Z,2020-12-27T09:14:34Z,228.57114583333333,CLOSED,5
catboost/catboost,1363,2020-07-20T20:57:05Z,2020-08-27T02:03:42Z,37.21292824074074,CLOSED,2
catboost/catboost,1318,2020-06-02T14:27:56Z,2020-08-06T15:16:45Z,65.03390046296296,CLOSED,4
catboost/catboost,1339,2020-06-19T07:24:32Z,,,OPEN,5
catboost/catboost,1330,2020-06-12T00:11:34Z,2020-06-26T22:24:55Z,14.9259375,CLOSED,4
catboost/catboost,1277,2020-05-07T08:11:38Z,,,OPEN,7
catboost/catboost,1189,2020-02-23T16:53:25Z,2020-04-09T17:20:54Z,46.01908564814815,CLOSED,2
catboost/catboost,1132,2020-01-02T14:29:38Z,2020-03-24T22:03:11Z,82.31496527777777,CLOSED,2
catboost/catboost,685,2019-02-21T01:29:11Z,2020-03-20T10:38:24Z,393.381400462963,CLOSED,15
catboost/catboost,798,2019-04-19T14:51:17Z,2019-05-13T15:31:57Z,24.028240740740742,CLOSED,9
catboost/catboost,1192,2020-02-27T06:19:15Z,2020-02-28T12:29:49Z,1.257337962962963,CLOSED,5
catboost/catboost,1174,2020-02-12T10:06:46Z,2020-02-25T23:09:57Z,13.543877314814814,CLOSED,2
catboost/catboost,1175,2020-02-12T11:47:32Z,2020-02-25T23:08:46Z,13.473078703703704,CLOSED,1
catboost/catboost,1072,2019-11-13T17:29:18Z,2020-02-12T11:06:23Z,90.73408564814815,CLOSED,17
catboost/catboost,1164,2020-02-02T19:23:55Z,2020-02-12T09:05:29Z,9.570532407407407,CLOSED,1
catboost/catboost,885,2019-06-27T17:33:56Z,2019-12-10T13:23:20Z,165.82597222222222,CLOSED,9
catboost/catboost,1032,2019-10-14T12:01:30Z,2019-12-11T23:30:16Z,58.47831018518519,CLOSED,2
catboost/catboost,1101,2019-11-29T08:21:42Z,2019-12-02T12:23:43Z,3.1680671296296294,CLOSED,2
catboost/catboost,1043,2019-10-21T14:48:43Z,2019-11-27T09:49:31Z,36.79222222222222,CLOSED,2
catboost/catboost,1051,2019-10-28T09:58:34Z,2019-11-27T09:10:34Z,29.966666666666665,CLOSED,2
catboost/catboost,1078,2019-11-15T23:52:22Z,2019-11-26T13:28:42Z,10.566898148148148,CLOSED,2
catboost/catboost,1027,2019-10-08T14:25:58Z,2019-10-15T15:31:18Z,7.04537037037037,CLOSED,3
catboost/catboost,998,2019-09-17T11:08:57Z,2019-10-23T12:17:56Z,36.04790509259259,CLOSED,2
catboost/catboost,848,2019-05-28T00:10:00Z,2019-10-21T10:14:20Z,146.41967592592593,CLOSED,5
catboost/catboost,1021,2019-10-02T18:44:33Z,2019-10-17T08:02:04Z,14.553831018518519,CLOSED,2
catboost/catboost,1010,2019-09-25T08:31:21Z,2019-10-14T11:55:11Z,19.141550925925927,CLOSED,9
catboost/catboost,1008,2019-09-23T12:07:52Z,,,OPEN,0
catboost/catboost,1004,2019-09-19T18:29:40Z,2019-10-11T09:59:02Z,21.645393518518517,CLOSED,9
catboost/catboost,1020,2019-09-30T23:06:00Z,2019-10-01T13:34:23Z,0.6030439814814815,CLOSED,2
catboost/catboost,962,2019-08-18T20:43:26Z,2019-08-19T15:02:59Z,0.7635763888888889,CLOSED,2
catboost/catboost,705,2019-02-28T14:58:25Z,2019-08-12T13:48:48Z,164.9516550925926,CLOSED,6
catboost/catboost,941,2019-08-05T13:48:08Z,2019-08-12T10:16:38Z,6.853125,CLOSED,2
catboost/catboost,932,2019-08-01T08:57:54Z,2019-08-06T16:01:49Z,5.294386574074074,CLOSED,2
catboost/catboost,931,2019-07-31T03:23:59Z,2019-08-06T15:50:13Z,6.518217592592593,CLOSED,1
catboost/catboost,926,2019-07-30T12:16:13Z,2019-08-01T09:16:33Z,1.8752314814814814,CLOSED,2
catboost/catboost,896,2019-07-05T22:53:57Z,2019-07-08T13:00:51Z,2.588125,CLOSED,4
catboost/catboost,880,2019-06-26T10:00:46Z,2019-07-04T17:42:31Z,8.320659722222222,CLOSED,1
catboost/catboost,879,2019-06-25T18:12:19Z,2019-07-01T08:51:18Z,5.610405092592592,CLOSED,1
catboost/catboost,625,2019-01-19T08:46:18Z,2019-04-09T14:20:12Z,80.231875,CLOSED,7
catboost/catboost,722,2019-03-14T05:08:33Z,2019-04-15T14:47:29Z,32.40203703703704,CLOSED,4
catboost/catboost,770,2019-04-06T08:22:28Z,2019-04-09T14:54:20Z,3.27212962962963,CLOSED,1
catboost/catboost,745,2019-03-26T15:31:21Z,2019-04-08T21:06:08Z,13.232488425925926,CLOSED,18
catboost/catboost,753,2019-03-29T11:53:23Z,2019-04-08T10:24:56Z,9.938576388888889,CLOSED,2
catboost/catboost,740,2019-03-22T19:18:30Z,2019-04-04T15:42:06Z,12.849722222222223,CLOSED,2
catboost/catboost,739,2019-03-22T04:00:32Z,2019-04-04T12:31:01Z,13.354502314814814,CLOSED,2
catboost/catboost,592,2018-12-20T13:06:05Z,2019-04-04T12:18:18Z,104.96681712962963,CLOSED,3
catboost/catboost,725,2019-03-14T15:36:40Z,2019-03-21T14:50:27Z,6.967905092592592,CLOSED,3
catboost/catboost,636,2019-01-28T06:16:39Z,2019-03-06T14:07:51Z,37.327222222222225,CLOSED,3
catboost/catboost,594,2018-12-21T06:06:51Z,2019-02-25T17:10:59Z,66.4612037037037,CLOSED,2
catboost/catboost,634,2019-01-27T12:51:29Z,2019-02-25T13:59:48Z,29.04744212962963,CLOSED,5
catboost/catboost,621,2019-01-15T17:33:27Z,2019-01-16T07:48:23Z,0.5937037037037037,CLOSED,1
catboost/catboost,606,2018-12-28T14:01:43Z,2018-12-31T00:07:07Z,2.4204166666666667,CLOSED,5
catboost/catboost,586,2018-12-14T13:29:12Z,2018-12-18T16:09:33Z,4.111354166666667,CLOSED,1
catboost/catboost,585,2018-12-13T19:58:11Z,2018-12-18T04:05:03Z,4.338101851851852,CLOSED,1
catboost/catboost,569,2018-12-04T19:26:30Z,2018-12-17T22:20:59Z,13.121168981481482,CLOSED,15
catboost/catboost,576,2018-12-06T17:04:54Z,2018-12-12T06:34:52Z,5.5624768518518515,CLOSED,1
catboost/catboost,523,2018-10-31T21:41:55Z,2018-12-10T18:47:54Z,39.87915509259259,CLOSED,18
catboost/catboost,558,2018-11-29T15:32:04Z,2018-12-05T15:10:59Z,5.985358796296296,CLOSED,3
catboost/catboost,568,2018-12-04T12:48:29Z,2018-12-05T12:21:16Z,0.981099537037037,CLOSED,2
catboost/catboost,556,2018-11-28T19:10:10Z,2018-11-29T12:28:18Z,0.720925925925926,CLOSED,0
catboost/catboost,491,2018-10-11T12:39:01Z,2018-10-23T13:32:31Z,12.037152777777777,CLOSED,0
catboost/catboost,509,2018-10-22T07:15:06Z,2018-10-22T10:31:33Z,0.13642361111111112,CLOSED,5
catboost/catboost,452,2018-08-22T07:43:10Z,2018-09-11T13:08:45Z,20.226099537037037,CLOSED,2
catboost/catboost,442,2018-08-13T12:16:18Z,2018-08-24T12:52:55Z,11.025428240740741,CLOSED,2
catboost/catboost,441,2018-08-12T20:13:36Z,2018-08-15T08:01:45Z,2.4917708333333333,CLOSED,2
microsoft/LightGBM,4843,2021-12-01T23:05:06Z,2022-04-08T04:03:12Z,127.2070138888889,CLOSED,35
microsoft/LightGBM,5371,2022-07-13T16:01:50Z,2023-02-01T02:11:27Z,202.4233449074074,CLOSED,4
microsoft/LightGBM,2392,2019-09-09T21:14:15Z,2023-02-01T02:31:28Z,1240.2202893518518,CLOSED,29
microsoft/LightGBM,3447,2020-10-09T13:37:54Z,2021-04-14T10:49:56Z,186.88335648148148,CLOSED,14
microsoft/LightGBM,6007,2023-07-25T15:47:07Z,,,OPEN,1
microsoft/LightGBM,5935,2023-06-20T02:32:49Z,,,OPEN,2
microsoft/LightGBM,4301,2021-05-19T12:16:38Z,2021-06-03T03:38:05Z,14.639895833333334,CLOSED,16
microsoft/LightGBM,5878,2023-05-09T14:01:16Z,,,OPEN,1
microsoft/LightGBM,4951,2022-01-15T14:33:20Z,,,OPEN,2
microsoft/LightGBM,4980,2022-01-26T00:14:16Z,,,OPEN,4
microsoft/LightGBM,5814,2023-03-30T08:20:48Z,,,OPEN,0
microsoft/LightGBM,5680,2023-01-23T10:19:07Z,,,OPEN,3
microsoft/LightGBM,2648,2019-12-24T20:32:34Z,,,OPEN,13
microsoft/LightGBM,4904,2021-12-22T11:17:43Z,,,OPEN,7
microsoft/LightGBM,5542,2022-10-14T08:43:53Z,,,OPEN,0
microsoft/LightGBM,3998,2021-02-18T22:40:11Z,,,OPEN,9
microsoft/LightGBM,5489,2022-09-15T06:24:26Z,,,OPEN,1
microsoft/LightGBM,5464,2022-09-02T21:30:12Z,,,OPEN,4
microsoft/LightGBM,5405,2022-08-05T10:51:16Z,,,OPEN,0
microsoft/LightGBM,5056,2022-03-06T00:47:54Z,,,OPEN,12
microsoft/LightGBM,5332,2022-06-28T02:17:40Z,,,OPEN,1
microsoft/LightGBM,5207,2022-05-10T18:33:23Z,,,OPEN,1
microsoft/LightGBM,5106,2022-03-30T18:58:32Z,,,OPEN,17
microsoft/LightGBM,5156,2022-04-17T15:52:55Z,,,OPEN,0
microsoft/LightGBM,5093,2022-03-23T20:32:17Z,,,OPEN,4
microsoft/LightGBM,4220,2021-04-23T02:43:24Z,,,OPEN,1
microsoft/LightGBM,5095,2022-03-25T14:41:21Z,,,OPEN,0
microsoft/LightGBM,5008,2022-02-15T10:47:43Z,,,OPEN,0
microsoft/LightGBM,4721,2021-10-26T18:07:45Z,,,OPEN,2
microsoft/LightGBM,5025,2022-02-22T20:11:47Z,,,OPEN,8
microsoft/LightGBM,5020,2022-02-20T19:01:29Z,,,OPEN,3
microsoft/LightGBM,4681,2021-10-14T20:33:53Z,,,OPEN,8
microsoft/LightGBM,4936,2022-01-07T21:58:55Z,,,OPEN,9
microsoft/LightGBM,4771,2021-11-05T02:20:12Z,,,OPEN,9
microsoft/LightGBM,4116,2021-03-26T14:55:29Z,2021-04-28T12:33:47Z,32.90159722222222,CLOSED,11
microsoft/LightGBM,4612,2021-09-17T16:12:21Z,,,OPEN,0
microsoft/LightGBM,4433,2021-07-03T15:40:09Z,2021-08-17T11:30:03Z,44.826319444444444,CLOSED,4
microsoft/LightGBM,4286,2021-05-14T08:41:57Z,,,OPEN,9
microsoft/LightGBM,4007,2021-02-21T06:43:54Z,2021-04-30T21:29:38Z,68.61509259259259,CLOSED,16
microsoft/LightGBM,4394,2021-06-20T04:10:43Z,,,OPEN,0
microsoft/LightGBM,4180,2021-04-15T14:50:01Z,,,OPEN,7
microsoft/LightGBM,4316,2021-05-24T04:47:45Z,,,OPEN,1
microsoft/LightGBM,3030,2020-04-28T15:29:14Z,,,OPEN,1
microsoft/LightGBM,3513,2020-11-01T03:25:51Z,,,OPEN,7
microsoft/LightGBM,3645,2020-12-12T19:33:07Z,,,OPEN,0
microsoft/LightGBM,2943,2020-03-25T16:47:57Z,,,OPEN,3
microsoft/LightGBM,2363,2019-08-28T06:40:08Z,,,OPEN,18
microsoft/LightGBM,2715,2020-01-28T14:53:33Z,2020-03-04T17:52:46Z,36.124456018518515,CLOSED,13
microsoft/LightGBM,2933,2020-03-22T11:18:27Z,2020-03-30T14:45:17Z,8.14363425925926,CLOSED,4
microsoft/LightGBM,2979,2020-04-07T14:01:02Z,2020-04-12T03:54:34Z,4.578842592592593,CLOSED,11
microsoft/LightGBM,2988,2020-04-09T18:47:47Z,2020-04-15T00:18:00Z,5.22931712962963,CLOSED,4
microsoft/LightGBM,2970,2020-04-04T11:48:30Z,2020-04-23T20:24:40Z,19.358449074074073,CLOSED,10
microsoft/LightGBM,2295,2019-07-30T13:41:20Z,2020-04-25T16:36:01Z,270.12130787037034,CLOSED,7
microsoft/LightGBM,2915,2020-03-15T05:53:41Z,2020-03-22T01:51:41Z,6.831944444444445,CLOSED,0
microsoft/LightGBM,2899,2020-03-12T03:18:56Z,2020-03-16T18:54:35Z,4.649756944444444,CLOSED,3
microsoft/LightGBM,2913,2020-03-15T05:22:26Z,2020-03-21T13:51:04Z,6.353217592592593,CLOSED,0
microsoft/LightGBM,2855,2020-03-02T15:42:03Z,2020-03-03T12:31:46Z,0.8678587962962963,CLOSED,2
microsoft/LightGBM,2439,2019-09-24T13:03:20Z,2020-02-24T00:02:51Z,152.45799768518518,CLOSED,4
microsoft/LightGBM,1024,2017-10-30T14:06:10Z,2017-11-01T05:55:59Z,1.6595949074074074,CLOSED,5
microsoft/LightGBM,2572,2019-11-16T17:03:32Z,2020-01-16T04:19:44Z,60.46958333333333,CLOSED,3
microsoft/LightGBM,1502,2018-07-11T00:04:49Z,2018-09-08T01:36:17Z,59.06351851851852,CLOSED,24
microsoft/LightGBM,1706,2018-09-27T10:13:32Z,2018-10-03T01:07:16Z,5.620648148148148,CLOSED,1
microsoft/LightGBM,539,2017-05-22T08:42:36Z,2018-06-13T00:05:19Z,386.64077546296295,CLOSED,35
microsoft/LightGBM,390,2017-04-09T17:49:13Z,2017-08-07T02:06:50Z,119.34556712962963,CLOSED,11
microsoft/LightGBM,1843,2018-11-14T01:32:13Z,2018-12-17T05:56:32Z,33.18355324074074,CLOSED,8
microsoft/LightGBM,1945,2019-01-14T08:30:38Z,2019-04-30T04:26:17Z,105.8303125,CLOSED,29
microsoft/LightGBM,2029,2019-02-25T20:01:26Z,2019-05-29T10:35:27Z,92.60695601851852,CLOSED,8
microsoft/LightGBM,2198,2019-05-29T09:09:33Z,2019-06-04T05:44:27Z,5.857569444444445,CLOSED,1
microsoft/LightGBM,2189,2019-05-24T09:02:52Z,2019-05-27T09:27:56Z,3.0174074074074073,CLOSED,9
microsoft/LightGBM,2249,2019-07-04T09:21:51Z,2019-07-08T09:08:45Z,3.990902777777778,CLOSED,8
microsoft/LightGBM,2240,2019-06-24T07:17:31Z,2019-07-12T13:13:43Z,18.24736111111111,CLOSED,10
microsoft/LightGBM,2285,2019-07-25T11:46:12Z,2019-07-28T07:19:00Z,2.8144444444444443,CLOSED,1
microsoft/LightGBM,2290,2019-07-27T00:42:35Z,2019-07-31T14:45:50Z,4.5855902777777775,CLOSED,0
microsoft/LightGBM,2143,2019-05-01T13:54:29Z,2019-08-13T11:48:48Z,103.9127199074074,CLOSED,8
microsoft/LightGBM,2266,2019-07-16T16:37:35Z,2019-08-14T16:24:58Z,28.991238425925925,CLOSED,0
microsoft/LightGBM,2313,2019-08-06T17:45:24Z,2019-08-15T20:07:54Z,9.098958333333334,CLOSED,7
microsoft/LightGBM,2259,2019-07-10T04:05:55Z,2019-08-21T03:14:35Z,41.96435185185185,CLOSED,9
microsoft/LightGBM,2057,2019-03-19T02:45:23Z,2019-06-15T11:59:56Z,88.38510416666666,CLOSED,8
microsoft/LightGBM,2328,2019-08-14T17:55:24Z,2019-08-25T16:08:18Z,10.925625,CLOSED,1
microsoft/LightGBM,2366,2019-08-29T20:37:12Z,2019-08-29T23:58:55Z,0.1400810185185185,CLOSED,1
microsoft/LightGBM,2350,2019-08-23T15:23:30Z,2019-08-30T10:52:34Z,6.811851851851852,CLOSED,6
microsoft/LightGBM,2351,2019-08-23T16:42:54Z,2019-09-03T18:48:41Z,11.087349537037037,CLOSED,6
microsoft/LightGBM,2419,2019-09-17T03:38:47Z,2019-09-19T07:43:30Z,2.1699421296296295,CLOSED,5
microsoft/LightGBM,2360,2019-08-27T06:35:58Z,2019-09-26T07:35:04Z,30.04104166666667,CLOSED,5
microsoft/LightGBM,2452,2019-09-26T04:39:42Z,2019-09-26T15:36:38Z,0.4562037037037037,CLOSED,1
microsoft/LightGBM,2357,2019-08-26T09:31:51Z,2019-09-27T00:10:16Z,31.610011574074075,CLOSED,8
microsoft/LightGBM,2277,2019-07-22T18:48:40Z,2019-09-30T02:17:22Z,69.31159722222222,CLOSED,1
microsoft/LightGBM,2499,2019-10-08T20:55:30Z,2019-10-09T14:43:51Z,0.7419097222222222,CLOSED,6
microsoft/LightGBM,2484,2019-10-01T12:13:26Z,2019-10-15T10:58:26Z,13.947916666666666,CLOSED,6
microsoft/LightGBM,2516,2019-10-18T00:35:32Z,2019-10-18T03:28:35Z,0.1201736111111111,CLOSED,4
microsoft/LightGBM,2500,2019-10-09T15:44:20Z,2019-10-09T18:57:11Z,0.13392361111111112,CLOSED,5
microsoft/LightGBM,2503,2019-10-10T17:30:20Z,2019-10-24T01:48:29Z,13.3459375,CLOSED,5
microsoft/LightGBM,2531,2019-10-28T09:51:48Z,2019-10-29T06:04:25Z,0.8420949074074074,CLOSED,3
microsoft/LightGBM,1157,2017-12-30T01:46:54Z,2018-09-06T11:35:50Z,250.40898148148148,CLOSED,26
microsoft/LightGBM,2536,2019-10-31T19:26:33Z,2019-11-07T20:15:26Z,7.033946759259259,CLOSED,13
microsoft/LightGBM,2552,2019-11-08T05:16:38Z,2019-11-08T05:57:15Z,0.02820601851851852,CLOSED,2
microsoft/LightGBM,2564,2019-11-13T08:12:34Z,2019-11-15T02:59:40Z,1.7827083333333333,CLOSED,0
microsoft/LightGBM,2610,2019-12-03T20:48:28Z,2019-12-09T17:36:54Z,5.866967592592593,CLOSED,3
microsoft/LightGBM,2642,2019-12-19T07:34:37Z,2019-12-20T03:53:35Z,0.8465046296296296,CLOSED,1
microsoft/LightGBM,2126,2019-04-22T12:31:00Z,,,OPEN,2
huggingface/tokenizers,1636,2024-09-25T15:23:39Z,,,OPEN,3
huggingface/tokenizers,1534,2024-05-18T03:11:35Z,,,OPEN,11
huggingface/tokenizers,1050,2022-08-23T23:20:33Z,2024-02-19T02:19:17Z,544.1241203703704,CLOSED,68
huggingface/tokenizers,1663,2024-10-11T09:30:00Z,,,OPEN,1
huggingface/tokenizers,1620,2024-08-10T04:41:25Z,2024-10-01T07:22:22Z,52.11177083333333,CLOSED,5
huggingface/tokenizers,930,2022-03-01T09:59:25Z,2024-07-17T01:54:48Z,868.6634606481482,CLOSED,2
huggingface/tokenizers,1392,2023-11-16T03:33:33Z,2024-07-15T10:12:04Z,242.27674768518517,CLOSED,9
huggingface/tokenizers,157,2020-02-19T20:22:20Z,2024-06-05T01:50:48Z,1567.2281018518518,CLOSED,3
huggingface/tokenizers,550,2020-12-04T17:18:00Z,2024-05-09T01:50:27Z,1251.3558680555554,CLOSED,1
huggingface/tokenizers,552,2020-12-04T22:24:10Z,2024-05-09T01:50:26Z,1251.1432407407408,CLOSED,1
huggingface/tokenizers,1461,2024-02-27T23:10:21Z,2024-05-01T01:50:48Z,63.111423611111114,CLOSED,2
huggingface/tokenizers,1164,2023-02-21T21:02:17Z,2024-02-18T01:49:06Z,361.19917824074076,CLOSED,6
huggingface/tokenizers,645,2021-03-02T16:59:51Z,2023-07-14T10:54:38Z,863.7463773148148,CLOSED,8
huggingface/tokenizers,322,2020-06-28T15:40:46Z,2020-08-03T16:08:18Z,36.01912037037037,CLOSED,0
huggingface/tokenizers,108,2020-01-28T20:15:48Z,2020-01-30T14:20:19Z,1.753136574074074,CLOSED,1
Lightning-AI/pytorch-lightning,604,2019-12-07T22:15:17Z,2020-02-11T17:44:13Z,65.81175925925926,CLOSED,6
Lightning-AI/pytorch-lightning,739,2020-01-23T19:29:52Z,2020-02-11T12:57:29Z,18.727511574074075,CLOSED,4
Lightning-AI/pytorch-lightning,796,2020-02-07T09:36:51Z,2020-02-09T22:48:38Z,2.549849537037037,CLOSED,4
Lightning-AI/pytorch-lightning,675,2020-01-09T13:16:11Z,2020-02-05T10:15:51Z,26.87476851851852,CLOSED,9
Lightning-AI/pytorch-lightning,734,2020-01-23T05:56:44Z,2020-02-01T18:36:51Z,9.527858796296297,CLOSED,4
Lightning-AI/pytorch-lightning,740,2020-01-24T03:02:41Z,2020-02-02T14:31:45Z,9.478518518518518,CLOSED,0
Lightning-AI/pytorch-lightning,766,2020-01-29T17:29:33Z,2020-01-29T17:53:54Z,0.016909722222222222,CLOSED,1
Lightning-AI/pytorch-lightning,745,2020-01-24T22:57:49Z,2020-01-26T22:53:03Z,1.996689814814815,CLOSED,1
Lightning-AI/pytorch-lightning,748,2020-01-25T07:00:17Z,2020-01-26T19:12:40Z,1.508599537037037,CLOSED,6
Lightning-AI/pytorch-lightning,712,2020-01-19T20:18:08Z,2020-01-21T13:09:27Z,1.7023032407407408,CLOSED,16
Lightning-AI/pytorch-lightning,568,2019-12-02T14:04:19Z,2020-01-21T12:52:40Z,49.95024305555555,CLOSED,2
Lightning-AI/pytorch-lightning,240,2019-09-20T19:03:50Z,2020-01-21T12:43:16Z,122.7357175925926,CLOSED,2
Lightning-AI/pytorch-lightning,639,2019-12-19T17:01:44Z,2020-01-21T12:34:11Z,32.81420138888889,CLOSED,4
Lightning-AI/pytorch-lightning,677,2020-01-09T16:29:41Z,2020-01-21T12:30:43Z,11.834050925925926,CLOSED,4
Lightning-AI/pytorch-lightning,663,2020-01-05T11:49:59Z,2020-01-21T12:26:44Z,16.025520833333335,CLOSED,5
Lightning-AI/pytorch-lightning,669,2020-01-08T12:15:36Z,2020-01-21T12:09:27Z,12.995729166666667,CLOSED,2
Lightning-AI/pytorch-lightning,688,2020-01-15T15:42:14Z,2020-01-20T19:51:44Z,5.173263888888889,CLOSED,0
Lightning-AI/pytorch-lightning,703,2020-01-17T13:59:28Z,2020-01-20T19:50:57Z,3.244085648148148,CLOSED,0
Lightning-AI/pytorch-lightning,683,2020-01-14T08:24:45Z,2020-01-20T19:50:32Z,6.476238425925926,CLOSED,2
Lightning-AI/pytorch-lightning,704,2020-01-17T16:17:56Z,2020-01-18T12:17:54Z,0.8333101851851852,CLOSED,0
Lightning-AI/pytorch-lightning,700,2020-01-17T11:10:44Z,2020-01-17T13:10:06Z,0.08289351851851852,CLOSED,0
Lightning-AI/pytorch-lightning,220,2019-09-10T07:09:45Z,2019-09-10T10:14:09Z,0.12805555555555556,CLOSED,2
Lightning-AI/pytorch-lightning,631,2019-12-17T01:16:01Z,2020-01-05T19:36:07Z,19.763958333333335,CLOSED,2
Lightning-AI/pytorch-lightning,618,2019-12-10T08:43:52Z,2019-12-11T00:24:23Z,0.6531365740740741,CLOSED,0
Lightning-AI/pytorch-lightning,606,2019-12-08T00:30:41Z,2019-12-09T18:32:50Z,1.7514930555555555,CLOSED,2
Lightning-AI/pytorch-lightning,537,2019-11-21T15:44:20Z,2019-12-09T12:42:07Z,17.873460648148146,CLOSED,1
Lightning-AI/pytorch-lightning,586,2019-12-05T07:57:14Z,2019-12-07T13:48:00Z,2.243587962962963,CLOSED,2
Lightning-AI/pytorch-lightning,456,2019-11-04T11:12:42Z,2019-12-04T12:39:05Z,30.059988425925926,CLOSED,1
Lightning-AI/pytorch-lightning,461,2019-11-05T11:11:03Z,2019-12-04T12:38:15Z,29.060555555555556,CLOSED,1
Lightning-AI/pytorch-lightning,512,2019-11-15T06:32:18Z,2019-12-04T12:26:27Z,19.2459375,CLOSED,0
Lightning-AI/pytorch-lightning,510,2019-11-15T01:38:14Z,2019-12-04T12:23:06Z,19.447824074074074,CLOSED,3
Lightning-AI/pytorch-lightning,518,2019-11-16T05:32:06Z,2019-12-04T12:05:35Z,18.273252314814815,CLOSED,9
Lightning-AI/pytorch-lightning,566,2019-12-02T11:24:36Z,2019-12-04T12:04:59Z,2.0280439814814817,CLOSED,2
Lightning-AI/pytorch-lightning,558,2019-11-28T16:22:16Z,2019-11-30T19:50:50Z,2.144837962962963,CLOSED,1
Lightning-AI/pytorch-lightning,527,2019-11-20T06:49:42Z,2019-11-27T01:06:08Z,6.761412037037037,CLOSED,10
Lightning-AI/pytorch-lightning,491,2019-11-11T17:41:45Z,2019-11-26T15:58:51Z,14.928541666666666,CLOSED,10
Lightning-AI/pytorch-lightning,523,2019-11-18T17:33:02Z,2019-11-25T11:38:07Z,6.753530092592593,CLOSED,1
Lightning-AI/pytorch-lightning,529,2019-11-20T19:38:00Z,2019-11-21T18:27:40Z,0.9511574074074074,CLOSED,0
Lightning-AI/pytorch-lightning,511,2019-11-15T06:03:47Z,2019-11-21T05:57:08Z,5.9953819444444445,CLOSED,7
Lightning-AI/pytorch-lightning,522,2019-11-18T17:01:19Z,2019-11-20T17:43:45Z,2.0294675925925927,CLOSED,0
Lightning-AI/pytorch-lightning,501,2019-11-13T07:12:24Z,2019-11-13T17:39:44Z,0.4356481481481482,CLOSED,1
Lightning-AI/pytorch-lightning,498,2019-11-12T18:37:49Z,2019-11-13T11:03:39Z,0.6846064814814815,CLOSED,1
Lightning-AI/pytorch-lightning,470,2019-11-07T02:13:02Z,2019-11-12T04:00:32Z,5.074652777777778,CLOSED,0
Lightning-AI/pytorch-lightning,468,2019-11-06T20:02:27Z,2019-11-09T05:59:15Z,2.4144444444444444,CLOSED,4
Lightning-AI/pytorch-lightning,479,2019-11-08T13:40:45Z,2019-11-08T13:52:57Z,0.008472222222222223,CLOSED,2
Lightning-AI/pytorch-lightning,437,2019-10-28T06:57:53Z,2019-10-29T10:49:54Z,1.1611226851851852,CLOSED,7
Lightning-AI/pytorch-lightning,394,2019-10-18T23:21:11Z,2019-11-05T15:42:01Z,17.68113425925926,CLOSED,12
Lightning-AI/pytorch-lightning,452,2019-11-03T13:54:04Z,2019-11-05T13:55:45Z,2.0011689814814817,CLOSED,0
Lightning-AI/pytorch-lightning,447,2019-10-31T23:07:33Z,2019-11-03T10:47:52Z,2.4863310185185186,CLOSED,1
Lightning-AI/pytorch-lightning,420,2019-10-24T00:13:05Z,2019-11-03T10:42:54Z,10.437372685185185,CLOSED,2
Lightning-AI/pytorch-lightning,430,2019-10-25T07:49:46Z,2019-10-30T16:13:40Z,5.349930555555556,CLOSED,2
Lightning-AI/pytorch-lightning,436,2019-10-27T03:35:09Z,2019-10-27T17:48:40Z,0.5927199074074074,CLOSED,2
Lightning-AI/pytorch-lightning,403,2019-10-21T12:28:38Z,2019-10-24T03:27:20Z,2.6240972222222223,CLOSED,0
Lightning-AI/pytorch-lightning,367,2019-10-14T05:21:19Z,2019-10-23T10:27:16Z,9.212465277777778,CLOSED,6
Lightning-AI/pytorch-lightning,411,2019-10-22T17:58:31Z,2019-10-23T10:11:18Z,0.6755439814814815,CLOSED,2
Lightning-AI/pytorch-lightning,408,2019-10-22T10:27:41Z,2019-10-22T17:18:37Z,0.2853703703703704,CLOSED,4
Lightning-AI/pytorch-lightning,366,2019-10-14T03:58:21Z,2019-10-19T15:27:01Z,5.47824074074074,CLOSED,10
Lightning-AI/pytorch-lightning,401,2019-10-21T08:22:36Z,2019-10-21T09:53:29Z,0.06311342592592592,CLOSED,2
Lightning-AI/pytorch-lightning,381,2019-10-17T15:47:58Z,2019-10-18T13:28:14Z,0.902962962962963,CLOSED,9
Lightning-AI/pytorch-lightning,371,2019-10-15T07:50:40Z,2019-10-18T08:18:06Z,3.0190509259259257,CLOSED,1
Lightning-AI/pytorch-lightning,369,2019-10-15T01:22:51Z,2019-10-15T02:02:59Z,0.027870370370370372,CLOSED,2
Lightning-AI/pytorch-lightning,363,2019-10-13T08:05:21Z,2019-10-14T11:00:46Z,1.1218171296296295,CLOSED,1
Lightning-AI/pytorch-lightning,346,2019-10-09T15:31:11Z,2019-10-12T10:00:25Z,2.770300925925926,CLOSED,2
Lightning-AI/pytorch-lightning,354,2019-10-10T18:07:32Z,2019-10-10T22:19:54Z,0.17525462962962962,CLOSED,3
Lightning-AI/pytorch-lightning,342,2019-10-09T00:53:29Z,2019-10-09T12:21:44Z,0.4779513888888889,CLOSED,3
Lightning-AI/pytorch-lightning,286,2019-10-02T16:53:38Z,2019-10-09T14:23:09Z,6.895497685185185,CLOSED,0
Lightning-AI/pytorch-lightning,333,2019-10-08T13:04:52Z,2019-10-09T12:23:04Z,0.9709722222222222,CLOSED,2
Lightning-AI/pytorch-lightning,316,2019-10-06T03:39:34Z,2019-10-08T21:33:34Z,2.745833333333333,CLOSED,6
Lightning-AI/pytorch-lightning,326,2019-10-07T21:33:42Z,2019-10-08T11:39:55Z,0.587650462962963,CLOSED,0
Lightning-AI/pytorch-lightning,324,2019-10-07T16:28:33Z,2019-10-08T10:50:32Z,0.7652662037037037,CLOSED,7
Lightning-AI/pytorch-lightning,329,2019-10-08T07:38:23Z,2019-10-08T08:48:28Z,0.04866898148148148,CLOSED,0
Lightning-AI/pytorch-lightning,321,2019-10-07T11:35:13Z,2019-10-07T21:20:41Z,0.4065740740740741,CLOSED,2
Lightning-AI/pytorch-lightning,279,2019-10-02T14:46:28Z,2019-10-06T16:23:15Z,4.067210648148148,CLOSED,3
Lightning-AI/pytorch-lightning,272,2019-10-01T08:19:47Z,2019-10-02T15:11:08Z,1.2856597222222221,CLOSED,2
Lightning-AI/pytorch-lightning,266,2019-09-29T07:44:39Z,2019-10-01T10:14:21Z,2.1039583333333334,CLOSED,3
Lightning-AI/pytorch-lightning,259,2019-09-26T17:58:19Z,2019-09-26T18:32:17Z,0.023587962962962963,CLOSED,1
Lightning-AI/pytorch-lightning,235,2019-09-19T14:55:14Z,2019-09-19T15:30:29Z,0.024479166666666666,CLOSED,8
Lightning-AI/pytorch-lightning,232,2019-09-17T17:36:39Z,2019-09-19T12:25:25Z,1.7838657407407408,CLOSED,1
Lightning-AI/pytorch-lightning,195,2019-09-04T13:13:13Z,2019-09-05T11:13:07Z,0.9165972222222222,CLOSED,2
Lightning-AI/pytorch-lightning,189,2019-09-03T15:48:23Z,2019-09-05T02:31:12Z,1.446400462962963,CLOSED,1
Lightning-AI/pytorch-lightning,196,2019-09-04T18:01:03Z,2019-09-04T18:04:32Z,0.0024189814814814816,CLOSED,1
Lightning-AI/pytorch-lightning,187,2019-09-02T01:15:24Z,2019-09-02T11:40:16Z,0.4339351851851852,CLOSED,5
Lightning-AI/pytorch-lightning,142,2019-08-18T23:07:54Z,2019-08-23T12:22:12Z,4.551597222222222,CLOSED,14
Lightning-AI/pytorch-lightning,160,2019-08-22T00:47:16Z,2019-08-23T11:43:08Z,1.455462962962963,CLOSED,3
Lightning-AI/pytorch-lightning,157,2019-08-21T04:32:22Z,2019-08-21T14:22:59Z,0.410150462962963,CLOSED,1
Lightning-AI/pytorch-lightning,154,2019-08-20T16:57:39Z,2019-08-20T20:59:27Z,0.16791666666666666,CLOSED,0
Lightning-AI/pytorch-lightning,153,2019-08-20T15:21:49Z,2019-08-20T15:35:29Z,0.00949074074074074,CLOSED,1
Lightning-AI/pytorch-lightning,138,2019-08-18T19:51:39Z,2019-08-19T14:42:25Z,0.7852546296296297,CLOSED,4
Lightning-AI/pytorch-lightning,139,2019-08-18T20:13:32Z,2019-08-18T22:18:10Z,0.08655092592592592,CLOSED,4
Lightning-AI/pytorch-lightning,65,2019-08-07T16:25:55Z,2019-08-07T17:06:54Z,0.028460648148148148,CLOSED,5
Lightning-AI/pytorch-lightning,133,2019-08-17T14:39:41Z,2019-08-17T15:11:32Z,0.022118055555555554,CLOSED,1
Lightning-AI/pytorch-lightning,130,2019-08-17T10:22:19Z,2019-08-17T14:21:24Z,0.1660300925925926,CLOSED,1
Lightning-AI/pytorch-lightning,122,2019-08-15T14:03:39Z,2019-08-15T15:45:14Z,0.07054398148148149,CLOSED,6
Lightning-AI/pytorch-lightning,117,2019-08-14T16:26:34Z,2019-08-14T16:33:52Z,0.005069444444444444,CLOSED,1
Lightning-AI/pytorch-lightning,105,2019-08-13T08:53:20Z,2019-08-13T10:59:32Z,0.08763888888888889,CLOSED,5
Lightning-AI/pytorch-lightning,99,2019-08-11T16:35:49Z,2019-08-12T20:03:10Z,1.1439930555555555,CLOSED,2
Lightning-AI/pytorch-lightning,94,2019-08-11T08:11:02Z,2019-08-11T14:02:45Z,0.2442476851851852,CLOSED,6
Lightning-AI/pytorch-lightning,93,2019-08-11T08:03:14Z,2019-08-11T08:18:39Z,0.01070601851851852,CLOSED,0
Lightning-AI/pytorch-lightning,87,2019-08-10T01:35:41Z,2019-08-10T12:32:47Z,0.45631944444444444,CLOSED,7
Lightning-AI/pytorch-lightning,72,2019-08-08T08:11:33Z,2019-08-08T10:00:05Z,0.07537037037037037,CLOSED,4
huggingface/transformers,17052,2022-05-02T17:33:58Z,2022-06-10T15:03:03Z,38.89519675925926,CLOSED,1
huggingface/transformers,17128,2022-05-07T19:19:10Z,2022-06-10T13:36:48Z,33.76224537037037,CLOSED,3
huggingface/transformers,17649,2022-06-10T08:22:11Z,2022-06-10T11:43:13Z,0.13960648148148147,CLOSED,1
huggingface/transformers,17594,2022-06-07T20:36:26Z,2022-06-09T22:30:48Z,2.0794212962962964,CLOSED,4
huggingface/transformers,17583,2022-06-07T09:03:11Z,2022-06-09T17:18:26Z,2.3439236111111112,CLOSED,5
huggingface/transformers,17616,2022-06-09T00:34:28Z,2022-06-09T17:04:43Z,0.6876736111111111,CLOSED,3
huggingface/transformers,17599,2022-06-08T04:09:56Z,2022-06-09T16:20:39Z,1.5074421296296296,CLOSED,5
huggingface/transformers,17173,2022-05-11T07:45:01Z,2022-06-09T09:35:21Z,29.07662037037037,CLOSED,5
huggingface/transformers,17371,2022-05-20T17:41:59Z,2022-06-08T13:30:41Z,18.82548611111111,CLOSED,1
huggingface/transformers,17486,2022-05-31T07:42:01Z,2022-06-08T06:34:24Z,7.953043981481481,CLOSED,4
huggingface/transformers,17578,2022-06-07T00:41:16Z,2022-06-07T23:51:00Z,0.9650925925925926,CLOSED,2
huggingface/transformers,17590,2022-06-07T16:30:36Z,2022-06-07T17:25:50Z,0.038356481481481484,CLOSED,3
huggingface/transformers,17026,2022-04-30T13:18:52Z,2022-06-07T15:02:17Z,38.07181712962963,CLOSED,1
huggingface/transformers,16952,2022-04-26T22:57:35Z,2022-06-04T15:02:00Z,38.6697337962963,CLOSED,10
huggingface/transformers,17096,2022-05-05T12:46:07Z,2022-06-06T07:55:36Z,31.798252314814814,CLOSED,3
huggingface/transformers,17567,2022-06-06T07:25:39Z,2022-06-06T07:42:19Z,0.011574074074074073,CLOSED,1
huggingface/transformers,17385,2022-05-23T21:07:44Z,2022-06-05T15:51:20Z,12.780277777777778,CLOSED,5
huggingface/transformers,16972,2022-04-27T18:34:04Z,2022-06-05T15:02:02Z,38.85275462962963,CLOSED,4
huggingface/transformers,16955,2022-04-27T06:55:42Z,2022-06-04T15:01:59Z,38.33769675925926,CLOSED,3
huggingface/transformers,17093,2022-05-05T09:34:51Z,2022-06-04T14:00:31Z,30.184490740740742,CLOSED,4
huggingface/transformers,17535,2022-06-03T06:13:29Z,2022-06-03T16:05:55Z,0.41141203703703705,CLOSED,5
huggingface/transformers,17278,2022-05-16T09:57:17Z,2022-06-03T14:40:18Z,18.19653935185185,CLOSED,4
huggingface/transformers,17075,2022-05-04T00:06:13Z,2022-05-04T07:54:37Z,0.3252777777777778,CLOSED,22
huggingface/transformers,17523,2022-06-02T09:43:15Z,2022-06-03T08:02:56Z,0.9303356481481482,CLOSED,4
huggingface/transformers,17516,2022-06-01T21:03:15Z,2022-06-02T11:45:41Z,0.6128009259259259,CLOSED,2
huggingface/transformers,16910,2022-04-23T19:59:14Z,2022-06-01T15:12:19Z,38.800752314814815,CLOSED,1
huggingface/transformers,17453,2022-05-27T09:03:10Z,2022-06-01T13:56:16Z,5.203541666666666,CLOSED,2
huggingface/transformers,17467,2022-05-29T23:41:48Z,2022-05-31T15:11:50Z,1.6458564814814816,CLOSED,2
huggingface/transformers,16903,2022-04-23T09:54:34Z,2022-05-31T15:02:32Z,38.213865740740744,CLOSED,6
huggingface/transformers,16936,2022-04-25T20:45:42Z,2022-05-31T14:36:45Z,35.74378472222222,CLOSED,14
huggingface/transformers,17424,2022-05-25T19:33:40Z,2022-05-31T12:59:49Z,5.726493055555555,CLOSED,6
huggingface/transformers,17489,2022-05-31T09:00:08Z,2022-05-31T11:18:06Z,0.09581018518518518,CLOSED,4
huggingface/transformers,17019,2022-04-30T04:52:58Z,2022-05-31T09:34:20Z,31.195393518518518,CLOSED,1
huggingface/transformers,16868,2022-04-20T23:38:29Z,2022-05-29T15:01:55Z,38.64127314814815,CLOSED,1
huggingface/transformers,16877,2022-04-21T14:59:58Z,2022-05-29T15:01:54Z,38.00134259259259,CLOSED,1
huggingface/transformers,16822,2022-04-18T21:43:09Z,2022-05-28T15:01:58Z,39.72140046296296,CLOSED,5
huggingface/transformers,17448,2022-05-27T07:05:25Z,2022-05-27T07:08:56Z,0.0024421296296296296,CLOSED,0
huggingface/transformers,16856,2022-04-20T13:26:59Z,2022-05-26T11:32:28Z,35.92047453703704,CLOSED,23
huggingface/transformers,17425,2022-05-25T19:45:55Z,2022-05-25T20:12:33Z,0.01849537037037037,CLOSED,2
huggingface/transformers,17394,2022-05-24T13:12:20Z,2022-05-25T13:53:02Z,1.0282638888888889,CLOSED,1
huggingface/transformers,17258,2022-05-15T00:43:11Z,2022-05-25T03:48:16Z,10.128530092592593,CLOSED,10
huggingface/transformers,17236,2022-05-13T14:57:19Z,2022-05-24T16:59:45Z,11.085023148148148,CLOSED,4
huggingface/transformers,17033,2022-05-02T01:53:28Z,2022-05-23T16:00:20Z,21.588101851851853,CLOSED,4
huggingface/transformers,17372,2022-05-20T20:30:45Z,2022-05-20T21:39:51Z,0.04798611111111111,CLOSED,1
huggingface/transformers,16842,2022-04-19T19:38:41Z,2022-05-20T16:32:22Z,30.870613425925924,CLOSED,2
huggingface/transformers,17361,2022-05-19T23:03:26Z,2022-05-19T23:51:58Z,0.0337037037037037,CLOSED,1
huggingface/transformers,17323,2022-05-18T12:43:27Z,2022-05-19T20:42:44Z,1.3328356481481483,CLOSED,2
huggingface/transformers,17292,2022-05-16T22:28:15Z,2022-05-19T20:21:19Z,2.9118518518518517,CLOSED,0
huggingface/transformers,17345,2022-05-19T01:15:56Z,2022-05-19T15:37:51Z,0.5985532407407408,CLOSED,1
huggingface/transformers,17346,2022-05-19T01:21:12Z,2022-05-19T15:37:18Z,0.5945138888888889,CLOSED,1
huggingface/transformers,17348,2022-05-19T08:23:44Z,2022-05-19T11:20:32Z,0.12277777777777778,CLOSED,2
huggingface/transformers,17305,2022-05-17T14:22:41Z,2022-05-19T08:29:16Z,1.7545717592592593,CLOSED,3
huggingface/transformers,17317,2022-05-18T07:42:05Z,2022-05-19T07:59:15Z,1.0119212962962962,CLOSED,1
huggingface/transformers,17214,2022-05-12T13:47:02Z,2022-05-18T18:17:40Z,6.187939814814815,CLOSED,0
huggingface/transformers,17200,2022-05-12T07:44:56Z,2022-05-18T18:17:40Z,6.439398148148148,CLOSED,2
huggingface/transformers,17110,2022-05-06T08:46:16Z,2022-05-18T15:13:36Z,12.26898148148148,CLOSED,2
huggingface/transformers,17241,2022-05-13T15:45:23Z,2022-05-18T13:46:12Z,4.917233796296296,CLOSED,5
huggingface/transformers,17252,2022-05-14T10:42:16Z,2022-05-17T11:56:06Z,3.051273148148148,CLOSED,0
huggingface/transformers,17248,2022-05-13T18:33:04Z,2022-05-16T21:30:50Z,3.123449074074074,CLOSED,0
huggingface/transformers,17244,2022-05-13T16:18:34Z,2022-05-16T20:47:48Z,3.1869675925925924,CLOSED,2
huggingface/transformers,17264,2022-05-15T19:04:44Z,2022-05-16T20:21:58Z,1.0536342592592594,CLOSED,3
huggingface/transformers,17266,2022-05-16T00:06:18Z,2022-05-16T18:55:47Z,0.7843634259259259,CLOSED,1
huggingface/transformers,17132,2022-05-08T09:20:43Z,2022-05-16T11:40:28Z,8.097048611111111,CLOSED,2
huggingface/transformers,16858,2022-04-20T15:53:44Z,2022-04-21T13:24:42Z,0.8965046296296296,CLOSED,5
huggingface/transformers,16992,2022-04-28T14:31:38Z,,,OPEN,5
huggingface/transformers,17211,2022-05-12T12:33:01Z,2022-05-13T14:23:02Z,1.0764004629629629,CLOSED,2
huggingface/transformers,17195,2022-05-12T04:07:37Z,2022-05-12T19:28:08Z,0.6392476851851852,CLOSED,1
huggingface/transformers,17191,2022-05-11T22:05:28Z,2022-05-12T18:25:16Z,0.8470833333333333,CLOSED,3
huggingface/transformers,17185,2022-05-11T16:07:02Z,2022-05-12T15:28:38Z,0.9733333333333334,CLOSED,2
huggingface/transformers,17189,2022-05-11T19:39:02Z,2022-05-12T13:23:33Z,0.7392476851851851,CLOSED,2
huggingface/transformers,17184,2022-05-11T15:37:39Z,2022-05-12T04:08:59Z,0.5217592592592593,CLOSED,0
huggingface/transformers,17094,2022-05-05T09:50:14Z,2022-05-11T09:21:10Z,5.979814814814815,CLOSED,4
huggingface/transformers,17140,2022-05-09T11:32:58Z,2022-05-10T08:03:56Z,0.854837962962963,CLOSED,3
huggingface/transformers,17144,2022-05-09T15:26:00Z,2022-05-09T17:06:04Z,0.06949074074074074,CLOSED,2
huggingface/transformers,16967,2022-04-27T15:03:18Z,2022-05-08T14:28:41Z,10.975960648148147,CLOSED,1
huggingface/transformers,17125,2022-05-07T14:35:09Z,2022-05-07T14:37:18Z,0.0014930555555555556,CLOSED,0
huggingface/transformers,17081,2022-05-04T09:49:17Z,2022-05-06T10:27:34Z,2.0265856481481483,CLOSED,2
huggingface/transformers,16971,2022-04-27T18:17:45Z,2022-05-05T18:01:54Z,7.9889930555555555,CLOSED,2
huggingface/transformers,16975,2022-04-27T21:17:48Z,2022-05-05T16:04:54Z,7.782708333333333,CLOSED,3
huggingface/transformers,17100,2022-05-05T14:30:56Z,2022-05-05T14:57:35Z,0.018506944444444444,CLOSED,2
huggingface/transformers,17066,2022-05-03T18:23:46Z,2022-05-05T13:49:56Z,1.809837962962963,CLOSED,0
huggingface/transformers,17006,2022-04-29T08:19:46Z,2022-05-05T06:39:17Z,5.930219907407407,CLOSED,4
huggingface/transformers,17072,2022-05-03T20:58:32Z,2022-05-04T18:03:02Z,0.878125,CLOSED,3
huggingface/transformers,17065,2022-05-03T17:49:22Z,2022-05-04T15:10:36Z,0.8897453703703704,CLOSED,1
huggingface/transformers,17056,2022-05-03T10:47:23Z,2022-05-04T11:47:57Z,1.0420601851851852,CLOSED,1
huggingface/transformers,17032,2022-05-01T17:43:22Z,2022-05-03T14:31:25Z,1.8667013888888888,CLOSED,2
huggingface/transformers,17003,2022-04-29T03:41:15Z,2022-04-29T13:15:43Z,0.39893518518518517,CLOSED,4
huggingface/transformers,16846,2022-04-20T07:34:24Z,2022-04-26T10:59:21Z,6.142326388888889,CLOSED,7
huggingface/transformers,16956,2022-04-27T07:47:53Z,2022-04-27T07:48:34Z,0.00047453703703703704,CLOSED,0
huggingface/transformers,16931,2022-04-25T15:38:49Z,2022-04-26T14:39:19Z,0.9586805555555555,CLOSED,2
huggingface/transformers,16940,2022-04-26T08:39:10Z,2022-04-26T08:40:34Z,0.0009722222222222222,CLOSED,1
huggingface/transformers,16838,2022-04-19T15:40:30Z,2022-04-25T19:10:51Z,6.146076388888889,CLOSED,24
huggingface/transformers,16895,2022-04-22T16:47:12Z,2022-04-25T07:29:51Z,2.612951388888889,CLOSED,2
huggingface/transformers,16888,2022-04-22T04:31:07Z,2022-04-25T02:24:42Z,2.912210648148148,CLOSED,1
huggingface/transformers,16862,2022-04-20T18:35:19Z,2022-04-22T03:32:14Z,1.3728587962962964,CLOSED,6
huggingface/transformers,16855,2022-04-20T12:48:20Z,2022-04-22T08:09:25Z,1.8063078703703703,CLOSED,1
huggingface/transformers,16854,2022-04-20T11:58:58Z,2022-04-20T18:01:24Z,0.25168981481481484,CLOSED,1
huggingface/transformers,16845,2022-04-20T06:19:11Z,2022-04-20T10:39:36Z,0.1808449074074074,CLOSED,2
huggingface/transformers,16847,2022-04-20T09:42:35Z,2022-04-20T10:14:17Z,0.02201388888888889,CLOSED,1
huggingface/transformers,15595,2022-02-09T19:57:10Z,2022-03-20T15:01:55Z,38.79496527777778,CLOSED,2
huggingface/datasets,2860,2021-09-01T11:04:10Z,2021-09-02T06:47:40Z,0.821875,CLOSED,1
huggingface/datasets,2831,2021-08-24T08:50:42Z,,,OPEN,1
huggingface/datasets,2821,2021-08-20T12:15:15Z,2021-08-31T13:12:09Z,11.039513888888889,CLOSED,1
huggingface/datasets,2503,2021-06-14T17:42:46Z,,,OPEN,4
huggingface/datasets,2794,2021-08-12T23:09:13Z,,,OPEN,0
huggingface/datasets,2781,2021-08-10T09:59:41Z,2021-08-10T11:16:07Z,0.053078703703703704,CLOSED,0
huggingface/datasets,2768,2021-08-07T13:17:29Z,2021-08-09T11:26:43Z,1.9230787037037036,CLOSED,2
huggingface/datasets,2765,2021-08-06T15:58:57Z,2021-08-09T11:16:25Z,2.803796296296296,CLOSED,1
huggingface/datasets,2749,2021-08-03T10:26:27Z,2021-08-04T11:36:30Z,1.0486458333333333,CLOSED,2
huggingface/datasets,2761,2021-08-05T08:16:58Z,2021-08-08T19:44:34Z,3.4775,CLOSED,4
huggingface/datasets,2757,2021-08-04T07:10:39Z,2021-08-04T16:01:23Z,0.3685648148148148,CLOSED,2
huggingface/datasets,2743,2021-08-02T13:01:26Z,2021-08-03T09:25:33Z,0.8500810185185185,CLOSED,2
huggingface/datasets,2728,2021-07-29T14:18:38Z,,,OPEN,4
huggingface/datasets,2727,2021-07-29T12:53:09Z,2021-07-30T13:03:55Z,1.0074768518518518,CLOSED,2
huggingface/datasets,2724,2021-07-28T14:24:23Z,2021-07-28T16:38:01Z,0.09280092592592593,CLOSED,3
huggingface/datasets,2716,2021-07-26T13:24:59Z,2021-07-26T18:04:43Z,0.19425925925925927,CLOSED,3
huggingface/datasets,2644,2021-07-14T09:58:19Z,2021-07-26T14:55:15Z,12.206203703703704,CLOSED,6
huggingface/datasets,2691,2021-07-21T14:18:05Z,2021-07-26T09:34:22Z,4.802974537037037,CLOSED,5
huggingface/datasets,2709,2021-07-23T12:25:32Z,2021-07-26T09:30:55Z,2.878738425925926,CLOSED,1
huggingface/datasets,2708,2021-07-22T21:59:44Z,2021-07-23T13:30:07Z,0.646099537037037,CLOSED,2
huggingface/datasets,2705,2021-07-22T09:55:50Z,2021-07-23T08:07:32Z,0.9247916666666667,CLOSED,1
huggingface/datasets,2695,2021-07-21T15:52:51Z,2021-07-22T07:09:07Z,0.6362962962962962,CLOSED,5
huggingface/datasets,2700,2021-07-22T03:51:23Z,2021-07-22T07:09:07Z,0.1373148148148148,CLOSED,1
huggingface/datasets,2679,2021-07-20T10:13:20Z,2021-07-21T13:11:58Z,1.124050925925926,CLOSED,3
huggingface/datasets,2688,2021-07-20T23:13:52Z,2021-07-21T16:34:53Z,0.7229282407407407,CLOSED,2
huggingface/datasets,2678,2021-07-20T09:28:38Z,2021-07-21T13:03:02Z,1.1488888888888888,CLOSED,4
huggingface/datasets,2681,2021-07-20T14:25:00Z,2021-07-20T15:44:17Z,0.05505787037037037,CLOSED,2
huggingface/datasets,2677,2021-07-20T08:37:30Z,2021-07-20T14:38:10Z,0.25046296296296294,CLOSED,3
huggingface/datasets,2607,2021-07-07T11:36:33Z,2021-07-08T16:08:41Z,1.1889814814814814,CLOSED,6
huggingface/datasets,2583,2021-07-02T19:55:58Z,2021-07-05T23:48:23Z,3.161400462962963,CLOSED,2
huggingface/datasets,2669,2021-07-18T08:32:31Z,2021-07-18T11:19:04Z,0.11565972222222222,CLOSED,2
huggingface/datasets,2645,2021-07-14T12:23:53Z,2021-07-15T09:34:02Z,0.8820486111111111,CLOSED,2
huggingface/datasets,2624,2021-07-10T20:23:45Z,2021-07-12T05:54:29Z,1.3963425925925925,CLOSED,1
huggingface/datasets,2615,2021-07-09T14:02:05Z,2021-07-09T15:28:33Z,0.0600462962962963,CLOSED,10
huggingface/datasets,2585,2021-07-04T15:39:49Z,2021-07-07T13:18:51Z,2.9021064814814816,CLOSED,2
huggingface/datasets,2598,2021-07-06T14:00:52Z,2021-07-07T12:56:35Z,0.9553587962962963,CLOSED,1
huggingface/datasets,2600,2021-07-06T16:53:25Z,2021-07-07T12:50:31Z,0.8313194444444445,CLOSED,0
huggingface/datasets,2595,2021-07-06T03:20:55Z,2021-07-06T05:59:49Z,0.11034722222222222,CLOSED,2
huggingface/datasets,2573,2021-07-01T08:48:35Z,,,OPEN,1
huggingface/datasets,2470,2021-06-09T22:40:22Z,2021-07-01T09:11:13Z,21.43809027777778,CLOSED,6
huggingface/datasets,2569,2021-06-29T18:55:23Z,2021-06-30T07:35:49Z,0.5280787037037037,CLOSED,2
huggingface/datasets,2553,2021-06-28T09:26:46Z,2021-06-28T17:23:16Z,0.33090277777777777,CLOSED,2
huggingface/datasets,2365,2021-05-17T10:19:10Z,2021-06-28T15:05:34Z,42.19888888888889,CLOSED,0
huggingface/datasets,2443,2021-06-03T00:27:30Z,2021-06-28T08:47:39Z,25.347326388888888,CLOSED,3
huggingface/datasets,2542,2021-06-23T18:41:16Z,2021-06-24T14:57:08Z,0.8443518518518518,CLOSED,4
huggingface/datasets,2528,2021-06-21T15:04:54Z,2021-06-24T14:42:47Z,2.9846412037037036,CLOSED,1
huggingface/datasets,2548,2021-06-24T13:29:53Z,2021-06-24T14:34:05Z,0.044583333333333336,CLOSED,1
huggingface/datasets,2516,2021-06-18T06:47:26Z,,,OPEN,7
huggingface/datasets,2532,2021-06-22T10:08:18Z,2021-06-23T05:17:25Z,0.7979976851851852,CLOSED,2
huggingface/datasets,2444,2021-06-04T09:10:26Z,2021-06-18T11:53:43Z,14.113391203703705,CLOSED,2
huggingface/datasets,2512,2021-06-17T15:36:02Z,2021-06-17T15:46:07Z,0.0070023148148148145,CLOSED,1
huggingface/datasets,2396,2021-05-23T13:06:02Z,,,OPEN,2
huggingface/datasets,2366,2021-05-17T10:26:08Z,2021-06-16T10:47:49Z,30.01505787037037,CLOSED,0
huggingface/datasets,2288,2021-04-29T15:01:10Z,2021-06-15T13:49:26Z,46.950185185185184,CLOSED,3
huggingface/datasets,2391,2021-05-21T14:57:07Z,2021-06-14T17:29:11Z,24.10560185185185,CLOSED,2
huggingface/datasets,2472,2021-06-10T15:15:46Z,2021-06-14T16:49:42Z,4.065231481481481,CLOSED,4
huggingface/datasets,2475,2021-06-10T18:05:29Z,2021-06-13T08:13:13Z,2.5887037037037035,CLOSED,2
huggingface/datasets,2471,2021-06-10T08:31:49Z,2021-06-11T15:11:50Z,1.277789351851852,CLOSED,0
huggingface/datasets,2459,2021-06-08T16:16:32Z,2021-06-10T08:31:09Z,1.6768171296296297,CLOSED,1
huggingface/datasets,2401,2021-05-24T18:38:53Z,2021-06-09T09:07:25Z,15.603148148148149,CLOSED,4
huggingface/datasets,2440,2021-06-01T17:18:42Z,2021-06-09T09:06:30Z,7.658194444444445,CLOSED,4
huggingface/datasets,2322,2021-05-05T12:11:27Z,2021-06-08T19:08:21Z,34.28951388888889,CLOSED,6
huggingface/datasets,2452,2021-06-07T14:20:26Z,2021-06-07T14:34:32Z,0.009791666666666667,CLOSED,1
huggingface/datasets,2447,2021-06-05T14:57:38Z,2021-06-07T11:13:07Z,1.8440856481481482,CLOSED,2
huggingface/datasets,2441,2021-06-01T17:59:41Z,2021-06-04T23:50:03Z,3.243310185185185,CLOSED,2
huggingface/datasets,2388,2021-05-21T07:22:35Z,2021-06-04T17:39:45Z,14.428587962962963,CLOSED,0
huggingface/datasets,2415,2021-05-27T15:40:06Z,2021-06-02T13:15:47Z,5.899780092592593,CLOSED,5
huggingface/datasets,2431,2021-05-31T12:11:19Z,2021-06-01T08:52:11Z,0.861712962962963,CLOSED,1
huggingface/datasets,2413,2021-05-27T13:44:28Z,2021-06-01T01:05:47Z,4.473136574074074,CLOSED,1
huggingface/datasets,2267,2021-04-27T00:03:25Z,,,OPEN,6
huggingface/datasets,2407,2021-05-27T01:54:26Z,2021-05-27T13:46:40Z,0.4946064814814815,CLOSED,3
huggingface/datasets,2402,2021-05-24T21:22:59Z,2021-05-26T16:39:29Z,1.803125,CLOSED,0
huggingface/datasets,2387,2021-05-21T00:12:58Z,2021-05-26T16:07:54Z,5.6631481481481485,CLOSED,13
huggingface/datasets,2400,2021-05-24T17:40:15Z,2021-05-25T05:51:59Z,0.5081481481481481,CLOSED,2
huggingface/datasets,2386,2021-05-20T23:57:43Z,2021-05-21T19:18:03Z,0.805787037037037,CLOSED,1
huggingface/datasets,2327,2021-05-06T14:34:44Z,2021-05-20T03:04:19Z,13.520543981481481,CLOSED,2
huggingface/datasets,2350,2021-05-12T03:41:56Z,2021-05-17T13:41:41Z,5.416493055555556,CLOSED,1
huggingface/datasets,2337,2021-05-09T02:02:02Z,2021-05-10T13:35:53Z,1.4818402777777777,CLOSED,1
huggingface/datasets,2335,2021-05-08T20:44:57Z,2021-05-10T13:26:12Z,1.6953125,CLOSED,0
huggingface/datasets,2323,2021-05-05T13:14:48Z,2021-05-07T10:32:30Z,1.8872916666666666,CLOSED,3
huggingface/datasets,2319,2021-05-05T09:22:52Z,2021-05-05T10:50:55Z,0.06114583333333334,CLOSED,3
huggingface/datasets,2316,2021-05-04T19:15:11Z,2021-05-05T10:10:03Z,0.6214351851851851,CLOSED,1
huggingface/datasets,2134,2021-03-29T10:43:15Z,2021-05-03T17:59:21Z,35.30284722222222,CLOSED,6
huggingface/datasets,2243,2021-04-20T14:58:20Z,2021-05-03T17:54:32Z,13.122361111111111,CLOSED,5
huggingface/datasets,2276,2021-04-28T14:27:21Z,2021-05-03T08:41:55Z,4.760115740740741,CLOSED,7
huggingface/datasets,2272,2021-04-27T16:13:18Z,2021-04-30T12:54:27Z,2.8619097222222223,CLOSED,1
huggingface/datasets,2279,2021-04-28T22:08:07Z,2021-04-29T07:42:42Z,0.3990162037037037,CLOSED,2
huggingface/datasets,2256,2021-04-24T09:56:20Z,2021-04-26T17:12:15Z,2.3027199074074076,CLOSED,2
huggingface/datasets,2214,2021-04-12T20:26:01Z,2021-04-23T15:20:02Z,10.787511574074074,CLOSED,4
huggingface/datasets,2239,2021-04-19T21:02:31Z,2021-04-20T16:33:11Z,0.812962962962963,CLOSED,4
huggingface/datasets,2242,2021-04-20T14:19:51Z,2021-04-20T15:02:45Z,0.029791666666666668,CLOSED,1
huggingface/datasets,2131,2021-03-29T08:45:58Z,2021-04-10T11:08:55Z,12.099270833333334,CLOSED,3
huggingface/datasets,2195,2021-04-09T01:37:12Z,2021-04-09T09:54:39Z,0.3454513888888889,CLOSED,2
huggingface/datasets,2071,2021-03-17T16:08:58Z,2021-03-18T09:10:23Z,0.7093171296296297,CLOSED,1
huggingface/datasets,2010,2021-03-09T09:01:38Z,2021-03-09T14:06:03Z,0.21140046296296297,CLOSED,3
huggingface/datasets,1064,2020-12-03T17:04:43Z,2021-01-14T02:51:25Z,41.40743055555556,CLOSED,2
huggingface/datasets,1610,2020-12-19T20:59:39Z,2021-01-04T10:00:03Z,15.541944444444445,CLOSED,3
huggingface/datasets,794,2020-11-03T09:27:34Z,2020-11-19T17:35:38Z,16.338935185185186,CLOSED,1
huggingface/datasets,620,2020-09-11T22:30:06Z,2020-10-08T16:31:46Z,26.75115740740741,CLOSED,22
huggingface/datasets,649,2020-09-19T08:41:12Z,2020-09-21T16:13:05Z,2.31380787037037,CLOSED,1
huggingface/safetensors,562,2024-11-19T07:21:31Z,,,OPEN,20
huggingface/accelerate,1383,2023-05-02T22:07:52Z,2023-05-05T15:55:54Z,2.7416898148148148,CLOSED,10
huggingface/accelerate,582,2022-07-28T17:03:25Z,2022-09-05T15:06:21Z,38.918703703703706,CLOSED,6
huggingface/accelerate,1598,2023-06-16T06:13:08Z,2023-07-17T09:07:22Z,31.12099537037037,CLOSED,4
huggingface/accelerate,882,2022-11-23T03:38:11Z,,,OPEN,6
huggingface/accelerate,483,2022-06-30T11:39:54Z,2022-08-15T15:06:10Z,46.143240740740744,CLOSED,10
huggingface/accelerate,1207,2023-03-17T17:06:14Z,2023-04-25T15:06:34Z,38.91689814814815,CLOSED,7
huggingface/accelerate,525,2022-07-16T00:53:16Z,,,OPEN,6
huggingface/accelerate,1400,2023-05-09T13:01:05Z,2023-06-28T15:06:24Z,50.08702546296296,CLOSED,4
huggingface/accelerate,1573,2023-06-10T06:22:15Z,2023-06-13T13:03:49Z,3.278865740740741,CLOSED,1
huggingface/accelerate,1546,2023-06-06T19:58:51Z,2023-06-09T16:50:30Z,2.869201388888889,CLOSED,2
huggingface/accelerate,866,2022-11-17T19:03:05Z,2022-11-21T14:24:43Z,3.8066898148148147,CLOSED,27
huggingface/accelerate,1489,2023-05-30T14:55:14Z,2023-06-01T12:48:32Z,1.912013888888889,CLOSED,17
huggingface/accelerate,788,2022-10-25T01:18:07Z,2023-05-23T16:42:39Z,210.64203703703703,CLOSED,19
huggingface/accelerate,1183,2023-03-12T09:09:34Z,2023-05-17T15:06:29Z,66.2478587962963,CLOSED,11
huggingface/accelerate,765,2022-10-17T07:56:29Z,2022-11-25T15:05:58Z,39.29825231481482,CLOSED,6
huggingface/accelerate,870,2022-11-18T14:37:01Z,2022-12-06T20:12:45Z,18.23314814814815,CLOSED,9
huggingface/accelerate,846,2022-11-11T21:28:01Z,2023-03-27T15:06:37Z,135.73513888888888,CLOSED,19
huggingface/accelerate,1196,2023-03-15T08:00:01Z,2023-03-18T12:15:54Z,3.177696759259259,CLOSED,4
huggingface/accelerate,1200,2023-03-16T11:50:44Z,2023-03-16T14:34:30Z,0.11372685185185186,CLOSED,4
huggingface/accelerate,1174,2023-03-10T12:10:25Z,2023-03-10T15:22:28Z,0.13336805555555556,CLOSED,0
huggingface/accelerate,886,2022-11-24T12:23:37Z,2023-03-09T15:06:26Z,105.11306712962963,CLOSED,3
huggingface/accelerate,1163,2023-03-08T16:40:52Z,2023-03-08T17:34:24Z,0.037175925925925925,CLOSED,0
huggingface/accelerate,621,2022-08-09T18:35:56Z,2023-03-08T16:51:16Z,210.92731481481482,CLOSED,1
huggingface/accelerate,960,2023-01-09T05:27:52Z,2023-03-07T20:04:45Z,57.60894675925926,CLOSED,4
huggingface/accelerate,944,2022-12-25T04:59:58Z,,,OPEN,15
huggingface/accelerate,1112,2023-02-25T08:10:06Z,2023-02-28T14:18:11Z,3.255613425925926,CLOSED,1
huggingface/accelerate,996,2023-01-22T18:58:40Z,2023-02-28T12:54:35Z,36.74716435185185,CLOSED,4
huggingface/accelerate,898,2022-12-01T11:43:16Z,2023-02-20T15:06:12Z,81.14092592592593,CLOSED,5
huggingface/accelerate,987,2023-01-19T06:27:05Z,,,OPEN,1
huggingface/accelerate,952,2023-01-04T23:29:50Z,2023-02-15T23:12:14Z,41.98777777777778,CLOSED,4
huggingface/accelerate,923,2022-12-15T11:32:02Z,2023-02-14T18:36:35Z,61.294826388888886,CLOSED,0
huggingface/accelerate,471,2022-06-24T18:16:04Z,2023-02-09T18:02:17Z,229.99042824074073,CLOSED,6
huggingface/accelerate,1004,2023-01-24T16:24:13Z,2023-01-24T17:08:27Z,0.03071759259259259,CLOSED,3
huggingface/accelerate,993,2023-01-20T19:54:55Z,2023-01-23T18:10:32Z,2.927511574074074,CLOSED,1
huggingface/accelerate,963,2023-01-10T13:31:57Z,2023-01-23T18:06:47Z,13.19085648148148,CLOSED,13
huggingface/accelerate,822,2022-11-07T07:24:34Z,2022-12-31T15:05:57Z,54.320405092592594,CLOSED,5
huggingface/accelerate,903,2022-12-05T22:17:47Z,2022-12-06T20:46:48Z,0.9368171296296296,CLOSED,0
huggingface/accelerate,874,2022-11-19T09:31:23Z,2022-11-29T23:43:09Z,10.591504629629629,CLOSED,4
huggingface/accelerate,867,2022-11-17T23:38:06Z,2022-11-29T16:36:24Z,11.707152777777777,CLOSED,1
huggingface/accelerate,844,2022-11-11T09:48:24Z,2022-11-15T13:56:45Z,4.1724652777777775,CLOSED,2
huggingface/accelerate,745,2022-10-06T18:02:28Z,2022-11-14T15:06:18Z,38.877662037037034,CLOSED,3
huggingface/accelerate,733,2022-10-01T08:30:24Z,2022-11-08T15:06:13Z,38.27487268518519,CLOSED,3
huggingface/accelerate,585,2022-07-29T15:01:35Z,2022-08-02T11:13:12Z,3.841400462962963,CLOSED,1
huggingface/accelerate,805,2022-11-01T11:41:57Z,2022-11-02T14:13:39Z,1.1053472222222223,CLOSED,3
huggingface/accelerate,681,2022-09-06T10:45:14Z,2022-10-30T15:06:08Z,54.18118055555556,CLOSED,10
huggingface/accelerate,694,2022-09-12T04:37:44Z,,,OPEN,13
huggingface/accelerate,614,2022-08-08T22:00:58Z,2022-09-20T14:31:42Z,42.68800925925926,CLOSED,20
huggingface/accelerate,770,2022-10-18T08:39:24Z,2022-10-19T19:10:58Z,1.438587962962963,CLOSED,6
huggingface/accelerate,693,2022-09-10T21:33:02Z,2022-10-19T15:08:15Z,38.73278935185185,CLOSED,1
huggingface/accelerate,685,2022-09-07T08:17:57Z,2022-10-16T15:06:14Z,39.28353009259259,CLOSED,2
huggingface/accelerate,641,2022-08-18T18:09:47Z,2022-08-18T20:08:18Z,0.08230324074074075,CLOSED,12
huggingface/accelerate,662,2022-08-29T06:37:56Z,2022-10-10T15:08:49Z,42.35478009259259,CLOSED,19
huggingface/accelerate,661,2022-08-28T08:45:01Z,2022-10-07T15:07:32Z,40.26563657407407,CLOSED,3
huggingface/accelerate,646,2022-08-21T15:04:26Z,2022-09-29T15:06:47Z,39.00163194444445,CLOSED,4
huggingface/accelerate,690,2022-09-09T23:32:07Z,2022-09-28T20:35:37Z,18.877430555555556,CLOSED,4
huggingface/accelerate,721,2022-09-26T15:19:21Z,,,OPEN,22
huggingface/accelerate,717,2022-09-24T09:48:07Z,2022-09-28T00:18:29Z,3.6044212962962963,CLOSED,2
huggingface/accelerate,706,2022-09-21T06:26:03Z,2022-09-27T05:09:28Z,5.94681712962963,CLOSED,7
huggingface/accelerate,526,2022-07-17T14:50:07Z,2022-09-26T15:06:26Z,71.01133101851852,CLOSED,8
huggingface/accelerate,697,2022-09-13T16:20:57Z,2022-09-14T02:14:44Z,0.41234953703703703,CLOSED,1
huggingface/accelerate,692,2022-09-10T08:06:24Z,2022-09-12T11:48:50Z,2.1544675925925927,CLOSED,1
huggingface/accelerate,491,2022-07-06T15:21:23Z,2022-09-09T15:06:24Z,64.98959490740741,CLOSED,1
huggingface/accelerate,570,2022-07-26T14:14:45Z,2022-09-05T15:06:22Z,41.03584490740741,CLOSED,8
huggingface/accelerate,451,2022-06-18T19:17:49Z,2022-08-24T15:06:24Z,66.82540509259259,CLOSED,5
huggingface/accelerate,640,2022-08-18T10:21:57Z,2022-08-19T01:49:08Z,0.6438773148148148,CLOSED,2
huggingface/accelerate,615,2022-08-09T06:29:47Z,2022-08-10T12:15:16Z,1.2399189814814815,CLOSED,3
huggingface/accelerate,617,2022-08-09T12:42:16Z,2022-08-09T19:40:19Z,0.2903125,CLOSED,3
huggingface/accelerate,616,2022-08-09T09:34:45Z,2022-08-09T16:32:53Z,0.2903703703703704,CLOSED,0
huggingface/accelerate,608,2022-08-05T23:41:12Z,2022-08-08T16:54:40Z,2.7176851851851853,CLOSED,4
huggingface/accelerate,474,2022-06-28T03:41:28Z,2022-08-05T15:06:06Z,38.47543981481481,CLOSED,8
huggingface/accelerate,575,2022-07-27T06:19:43Z,2022-08-02T19:06:38Z,6.532581018518519,CLOSED,1
huggingface/accelerate,480,2022-06-28T15:30:09Z,,,OPEN,0
huggingface/accelerate,455,2022-06-20T17:28:38Z,2022-07-29T15:06:27Z,38.90126157407408,CLOSED,6
huggingface/accelerate,555,2022-07-22T16:42:33Z,2022-07-26T23:12:35Z,4.270856481481482,CLOSED,0
huggingface/accelerate,448,2022-06-16T03:14:38Z,2022-07-25T15:06:00Z,39.49400462962963,CLOSED,3
huggingface/accelerate,536,2022-07-20T06:44:05Z,2022-07-25T05:41:03Z,4.956226851851852,CLOSED,5
huggingface/accelerate,559,2022-07-23T15:59:54Z,2022-07-23T16:01:00Z,0.0007638888888888889,CLOSED,0
huggingface/accelerate,549,2022-07-22T10:18:08Z,2022-07-22T10:21:09Z,0.0020949074074074073,CLOSED,3
huggingface/accelerate,538,2022-07-20T09:02:42Z,2022-07-22T08:34:44Z,1.9805787037037037,CLOSED,1
huggingface/accelerate,433,2022-06-09T13:02:37Z,2022-07-18T15:06:30Z,39.086030092592594,CLOSED,2
huggingface/accelerate,438,2022-06-10T06:56:45Z,2022-07-18T15:06:28Z,38.34008101851852,CLOSED,7
huggingface/accelerate,516,2022-07-13T10:25:34Z,2022-07-18T12:15:58Z,5.076666666666667,CLOSED,1
huggingface/accelerate,498,2022-07-07T20:23:58Z,2022-07-14T13:11:27Z,6.699641203703703,CLOSED,10
huggingface/accelerate,512,2022-07-12T18:44:19Z,2022-07-12T20:18:00Z,0.06505787037037038,CLOSED,3
huggingface/accelerate,486,2022-07-05T08:18:53Z,2022-07-06T12:10:58Z,1.1611689814814814,CLOSED,1
huggingface/accelerate,485,2022-07-01T06:15:11Z,2022-07-02T09:53:34Z,1.1516550925925926,CLOSED,6
huggingface/accelerate,450,2022-06-18T17:08:51Z,2022-06-28T16:29:58Z,9.972997685185184,CLOSED,8
huggingface/accelerate,452,2022-06-18T21:02:10Z,2022-06-28T16:29:58Z,9.810972222222222,CLOSED,0
huggingface/accelerate,473,2022-06-27T19:19:06Z,2022-06-28T08:00:34Z,0.5287962962962963,CLOSED,2
huggingface/accelerate,440,2022-06-10T11:01:18Z,2022-06-23T15:31:56Z,13.187939814814815,CLOSED,3
huggingface/accelerate,434,2022-06-09T18:46:10Z,2022-06-22T15:10:36Z,12.850300925925925,CLOSED,2
huggingface/accelerate,454,2022-06-19T17:26:19Z,2022-06-22T13:20:48Z,2.829502314814815,CLOSED,4
huggingface/accelerate,444,2022-06-15T04:41:20Z,2022-06-15T15:03:52Z,0.4323148148148148,CLOSED,3
huggingface/accelerate,436,2022-06-10T03:16:03Z,2022-06-10T12:11:31Z,0.3718518518518519,CLOSED,2
huggingface/accelerate,327,2022-04-27T14:13:11Z,2022-06-05T15:06:00Z,39.03667824074074,CLOSED,2
huggingface/accelerate,423,2022-06-03T07:37:18Z,2022-06-03T11:10:43Z,0.14820601851851853,CLOSED,1
huggingface/accelerate,310,2022-04-06T17:37:57Z,2022-06-02T15:06:11Z,56.89460648148148,CLOSED,3
huggingface/accelerate,402,2022-05-26T15:50:18Z,2022-05-31T18:59:29Z,5.131377314814815,CLOSED,0
huggingface/accelerate,403,2022-05-26T18:37:01Z,2022-05-31T12:47:16Z,4.757118055555556,CLOSED,3
huggingface/accelerate,322,2022-04-21T10:39:43Z,2022-04-21T18:25:10Z,0.3232291666666667,CLOSED,0
huggingface/huggingface_hub,1473,2023-05-15T04:47:30Z,2023-07-28T12:18:29Z,74.31318287037037,CLOSED,4
huggingface/huggingface_hub,1563,2023-07-19T18:31:04Z,2023-07-19T18:58:14Z,0.018865740740740742,CLOSED,0
huggingface/huggingface_hub,1562,2023-07-18T05:55:46Z,2023-07-18T07:25:40Z,0.06243055555555556,CLOSED,1
huggingface/huggingface_hub,1546,2023-07-07T15:40:21Z,2023-07-07T16:27:17Z,0.03259259259259259,CLOSED,3
huggingface/huggingface_hub,1536,2023-07-01T08:56:58Z,2023-07-03T10:17:42Z,2.056064814814815,CLOSED,0
huggingface/huggingface_hub,1537,2023-07-01T18:17:58Z,2023-07-02T11:52:07Z,0.7320486111111111,CLOSED,2
huggingface/huggingface_hub,1445,2023-04-22T16:08:23Z,2023-06-30T14:36:06Z,68.93591435185185,CLOSED,7
huggingface/huggingface_hub,1521,2023-06-21T04:41:32Z,2023-06-30T14:25:39Z,9.405636574074075,CLOSED,14
huggingface/huggingface_hub,1527,2023-06-22T19:33:25Z,2023-06-27T13:39:14Z,4.754039351851852,CLOSED,6
huggingface/huggingface_hub,1423,2023-04-05T16:34:09Z,2023-04-06T08:40:26Z,0.6710300925925926,CLOSED,16
huggingface/huggingface_hub,1516,2023-06-17T19:40:20Z,2023-06-21T08:04:47Z,3.5169791666666668,CLOSED,4
huggingface/huggingface_hub,1519,2023-06-19T17:52:38Z,2023-06-20T06:56:08Z,0.5440972222222222,CLOSED,3
huggingface/huggingface_hub,1373,2023-03-03T06:32:38Z,2023-06-08T14:20:00Z,97.32456018518519,CLOSED,9
huggingface/huggingface_hub,1471,2023-05-12T14:27:29Z,2023-06-08T14:17:48Z,26.993275462962963,CLOSED,2
huggingface/huggingface_hub,1496,2023-06-04T21:04:11Z,2023-06-06T09:27:17Z,1.5160416666666667,CLOSED,8
huggingface/huggingface_hub,1499,2023-06-07T13:06:21Z,2023-06-07T14:37:50Z,0.0635300925925926,CLOSED,1
huggingface/huggingface_hub,1493,2023-06-02T05:00:02Z,2023-06-02T09:53:07Z,0.20353009259259258,CLOSED,3
huggingface/huggingface_hub,1490,2023-05-31T19:35:21Z,2023-05-31T20:19:10Z,0.030428240740740742,CLOSED,6
huggingface/huggingface_hub,1480,2023-05-19T08:21:49Z,2023-05-31T22:29:46Z,12.588854166666666,CLOSED,4
huggingface/huggingface_hub,1477,2023-05-16T21:38:12Z,2023-05-30T12:48:47Z,13.632349537037037,CLOSED,4
huggingface/huggingface_hub,1472,2023-05-14T02:02:33Z,2023-05-22T17:58:50Z,8.664085648148149,CLOSED,9
huggingface/huggingface_hub,1466,2023-05-09T15:11:00Z,2023-05-19T09:39:47Z,9.769988425925925,CLOSED,3
huggingface/huggingface_hub,1463,2023-05-04T10:17:03Z,2023-05-08T18:10:44Z,4.328946759259259,CLOSED,1
huggingface/huggingface_hub,1459,2023-04-29T07:03:05Z,2023-04-29T08:42:52Z,0.06929398148148148,CLOSED,2
huggingface/huggingface_hub,1453,2023-04-27T11:50:24Z,,,OPEN,4
huggingface/huggingface_hub,1385,2023-03-09T17:53:49Z,2023-04-13T10:51:13Z,34.70652777777778,CLOSED,10
huggingface/huggingface_hub,1426,2023-04-05T19:32:34Z,2023-04-06T08:41:26Z,0.5478240740740741,CLOSED,3
huggingface/huggingface_hub,1425,2023-04-05T17:07:34Z,,,OPEN,0
huggingface/huggingface_hub,1384,2023-03-09T17:31:22Z,2023-04-04T13:51:23Z,25.847233796296297,CLOSED,5
huggingface/huggingface_hub,1401,2023-03-21T10:50:58Z,2023-03-24T13:53:14Z,3.126574074074074,CLOSED,5
huggingface/huggingface_hub,1393,2023-03-16T11:40:43Z,2023-03-24T13:21:12Z,8.069780092592593,CLOSED,1
huggingface/huggingface_hub,1388,2023-03-13T11:23:56Z,2023-03-13T17:56:46Z,0.2728009259259259,CLOSED,4
huggingface/huggingface_hub,1374,2023-03-03T11:39:07Z,2023-03-03T13:23:15Z,0.07231481481481482,CLOSED,4
huggingface/huggingface_hub,1371,2023-03-02T15:00:43Z,2023-03-07T10:50:16Z,4.826076388888889,CLOSED,13
huggingface/huggingface_hub,1363,2023-02-28T12:22:08Z,2023-03-03T11:44:17Z,2.973715277777778,CLOSED,6
huggingface/huggingface_hub,1343,2023-02-15T18:27:34Z,2023-02-25T08:23:49Z,9.580729166666666,CLOSED,20
huggingface/huggingface_hub,1350,2023-02-18T16:41:35Z,2023-02-18T19:33:56Z,0.1196875,CLOSED,2
huggingface/huggingface_hub,1324,2023-02-07T10:51:03Z,2023-02-17T09:43:40Z,9.953206018518518,CLOSED,0
huggingface/huggingface_hub,1336,2023-02-13T07:57:24Z,2023-02-14T16:02:36Z,1.3369444444444445,CLOSED,0
huggingface/huggingface_hub,1327,2023-02-08T13:34:27Z,,,OPEN,0
huggingface/huggingface_hub,1319,2023-02-03T07:47:41Z,2023-02-07T06:16:00Z,3.9363310185185183,CLOSED,1
huggingface/huggingface_hub,1318,2023-02-03T07:43:54Z,2023-02-07T06:15:35Z,3.9386689814814817,CLOSED,2
huggingface/huggingface_hub,1322,2023-02-06T15:56:27Z,2023-02-06T17:11:29Z,0.05210648148148148,CLOSED,1
huggingface/huggingface_hub,1314,2023-01-30T15:20:19Z,2023-01-30T15:37:11Z,0.011712962962962963,CLOSED,3
huggingface/huggingface_hub,1284,2023-01-03T06:37:15Z,2023-01-30T10:26:53Z,27.15946759259259,CLOSED,9
huggingface/huggingface_hub,1311,2023-01-28T10:06:05Z,2023-01-28T17:06:09Z,0.29171296296296295,CLOSED,6
huggingface/huggingface_hub,1305,2023-01-23T12:44:43Z,2023-01-25T11:05:16Z,1.9309375,CLOSED,2
huggingface/huggingface_hub,1280,2022-12-22T20:58:29Z,2023-01-19T15:56:18Z,27.790150462962963,CLOSED,4
huggingface/huggingface_hub,1294,2023-01-17T15:50:00Z,2023-01-19T15:11:45Z,1.9734375,CLOSED,1
huggingface/huggingface_hub,1239,2022-12-02T03:19:17Z,2023-01-19T10:13:27Z,48.28761574074074,CLOSED,3
huggingface/huggingface_hub,1275,2022-12-19T12:44:49Z,2023-01-17T13:12:06Z,29.018946759259258,CLOSED,9
huggingface/huggingface_hub,1287,2023-01-05T20:32:41Z,2023-01-17T08:13:15Z,11.48650462962963,CLOSED,1
huggingface/huggingface_hub,1259,2022-12-11T19:12:09Z,2023-01-12T11:57:49Z,31.69837962962963,CLOSED,5
huggingface/huggingface_hub,1274,2022-12-19T08:14:27Z,2022-12-28T00:42:25Z,8.686087962962963,CLOSED,3
huggingface/huggingface_hub,1246,2022-12-07T16:24:21Z,2022-12-07T17:23:09Z,0.04083333333333333,CLOSED,2
huggingface/huggingface_hub,1208,2022-11-20T14:10:02Z,2022-12-06T11:35:01Z,15.892349537037036,CLOSED,1
huggingface/huggingface_hub,1230,2022-11-27T15:57:28Z,2022-12-06T07:10:36Z,8.63412037037037,CLOSED,3
huggingface/huggingface_hub,1242,2022-12-04T18:23:55Z,2022-12-05T07:46:19Z,0.5572222222222222,CLOSED,4
huggingface/huggingface_hub,1210,2022-11-20T20:13:42Z,2022-11-29T05:47:02Z,8.398148148148149,CLOSED,1
huggingface/huggingface_hub,1215,2022-11-22T02:25:40Z,2022-11-25T16:57:51Z,3.6056828703703703,CLOSED,1
huggingface/huggingface_hub,1209,2022-11-20T16:18:57Z,2022-11-22T16:09:57Z,1.99375,CLOSED,6
huggingface/huggingface_hub,1199,2022-11-18T10:44:08Z,2022-11-22T12:24:52Z,4.069953703703704,CLOSED,4
huggingface/huggingface_hub,1211,2022-11-20T23:54:32Z,2022-11-21T13:03:24Z,0.5478240740740741,CLOSED,1
huggingface/huggingface_hub,918,2022-06-21T23:42:30Z,2022-11-18T16:18:13Z,149.6914699074074,CLOSED,22
huggingface/huggingface_hub,1185,2022-11-14T14:58:04Z,2022-11-15T08:49:59Z,0.744386574074074,CLOSED,0
huggingface/huggingface_hub,1182,2022-11-10T15:16:59Z,2022-11-10T16:18:25Z,0.04266203703703704,CLOSED,1
huggingface/huggingface_hub,946,2022-07-20T12:42:18Z,2022-11-10T14:28:29Z,113.07373842592592,CLOSED,1
huggingface/huggingface_hub,1160,2022-11-06T23:27:46Z,2022-11-07T10:13:00Z,0.44807870370370373,CLOSED,4
huggingface/huggingface_hub,1146,2022-11-02T18:33:33Z,2022-11-07T09:40:18Z,4.6296875,CLOSED,1
huggingface/huggingface_hub,1154,2022-11-03T17:57:23Z,2022-11-04T10:01:02Z,0.6692013888888889,CLOSED,0
huggingface/huggingface_hub,915,2022-06-20T09:17:57Z,2022-10-26T14:57:25Z,128.23574074074074,CLOSED,3
huggingface/huggingface_hub,1133,2022-10-26T13:36:24Z,2022-10-26T13:49:45Z,0.009270833333333334,CLOSED,2
huggingface/huggingface_hub,1119,2022-10-19T03:42:27Z,2022-10-21T14:13:27Z,2.4381944444444446,CLOSED,6
huggingface/huggingface_hub,1085,2022-09-27T10:20:03Z,2022-10-21T06:06:18Z,23.82378472222222,CLOSED,11
huggingface/huggingface_hub,1072,2022-09-22T12:13:12Z,2022-09-22T12:34:16Z,0.01462962962962963,CLOSED,8
huggingface/huggingface_hub,1080,2022-09-26T13:52:37Z,2022-09-26T15:02:42Z,0.04866898148148148,CLOSED,2
huggingface/huggingface_hub,1078,2022-09-23T14:56:16Z,2022-09-26T12:33:15Z,2.90068287037037,CLOSED,5
huggingface/huggingface_hub,1009,2022-08-23T21:07:09Z,2022-09-26T07:35:28Z,33.436331018518516,CLOSED,5
huggingface/huggingface_hub,926,2022-06-23T10:25:46Z,2022-09-22T09:02:29Z,90.94216435185186,CLOSED,5
huggingface/huggingface_hub,1010,2022-08-23T21:13:57Z,2022-09-20T13:31:09Z,27.67861111111111,CLOSED,8
huggingface/huggingface_hub,1043,2022-09-09T16:19:48Z,2022-09-15T12:43:23Z,5.8497106481481485,CLOSED,7
huggingface/huggingface_hub,1027,2022-09-01T13:28:28Z,2022-09-08T14:15:36Z,7.032731481481481,CLOSED,5
huggingface/huggingface_hub,968,2022-08-06T21:07:46Z,2022-09-06T17:23:58Z,30.844583333333333,CLOSED,8
huggingface/huggingface_hub,1002,2022-08-19T13:02:37Z,2022-09-01T12:26:04Z,12.974618055555556,CLOSED,7
huggingface/huggingface_hub,1020,2022-08-31T03:22:13Z,2022-08-31T12:02:39Z,0.36141203703703706,CLOSED,4
huggingface/huggingface_hub,1016,2022-08-26T09:29:17Z,2022-08-31T10:16:33Z,5.032824074074074,CLOSED,1
huggingface/huggingface_hub,1017,2022-08-26T13:51:47Z,2022-08-26T14:07:57Z,0.011226851851851852,CLOSED,4
huggingface/huggingface_hub,1007,2022-08-23T12:48:29Z,2022-08-23T13:06:49Z,0.01273148148148148,CLOSED,3
huggingface/huggingface_hub,997,2022-08-18T08:25:25Z,2022-08-19T13:52:15Z,1.2269675925925927,CLOSED,10
huggingface/huggingface_hub,897,2022-06-09T14:15:59Z,2022-08-19T13:43:32Z,70.97746527777778,CLOSED,6
huggingface/huggingface_hub,973,2022-08-09T14:09:53Z,2022-08-09T15:35:22Z,0.059363425925925924,CLOSED,1
huggingface/huggingface_hub,937,2022-07-04T08:10:37Z,2022-07-04T08:48:48Z,0.026516203703703705,CLOSED,1
huggingface/huggingface_hub,932,2022-06-28T05:29:35Z,2022-06-28T20:01:22Z,0.6054050925925926,CLOSED,6
huggingface/huggingface_hub,896,2022-06-07T17:23:55Z,2022-06-08T07:30:23Z,0.5878240740740741,CLOSED,2
huggingface/huggingface_hub,894,2022-06-03T20:04:23Z,2022-06-05T15:47:28Z,1.821585648148148,CLOSED,0
huggingface/huggingface_hub,873,2022-05-14T05:16:37Z,2022-05-16T21:18:57Z,2.668287037037037,CLOSED,2
huggingface/huggingface_hub,826,2022-04-08T19:32:02Z,2022-04-09T13:50:51Z,0.7630671296296296,CLOSED,2
huggingface/huggingface_hub,821,2022-04-06T09:09:59Z,2022-04-06T11:58:07Z,0.11675925925925926,CLOSED,1
huggingface/huggingface_hub,686,2022-02-15T17:36:35Z,2022-02-23T11:10:46Z,7.732071759259259,CLOSED,3
huggingface/huggingface_hub,144,2021-06-29T14:11:13Z,2021-07-09T07:18:40Z,9.713506944444445,CLOSED,2
jax-ml/jax,810,2019-06-03T16:51:30Z,2019-11-11T21:25:50Z,161.19050925925927,CLOSED,15
jax-ml/jax,1173,2019-08-13T09:42:43Z,2019-09-03T14:03:33Z,21.18113425925926,CLOSED,8
jax-ml/jax,1600,2019-10-30T17:00:35Z,2019-10-31T23:58:05Z,1.2899305555555556,CLOSED,0
jax-ml/jax,1548,2019-10-21T20:26:50Z,2019-10-22T00:31:08Z,0.1696527777777778,CLOSED,0
jax-ml/jax,1521,2019-10-17T19:36:46Z,2019-10-18T23:17:19Z,1.1531597222222223,CLOSED,9
jax-ml/jax,1401,2019-09-26T15:11:28Z,2019-10-03T17:22:24Z,7.090925925925926,CLOSED,1
jax-ml/jax,1397,2019-09-25T15:21:32Z,2019-09-26T06:44:43Z,0.641099537037037,CLOSED,4
jax-ml/jax,1372,2019-09-19T01:27:15Z,2019-09-23T21:34:02Z,4.838043981481482,CLOSED,0
jax-ml/jax,1383,2019-09-21T02:08:12Z,2019-09-23T17:16:44Z,2.630925925925926,CLOSED,1
jax-ml/jax,1361,2019-09-16T23:26:10Z,2019-09-20T23:20:26Z,3.9960185185185186,CLOSED,8
jax-ml/jax,1082,2019-08-01T12:22:39Z,2019-09-14T14:25:25Z,44.08525462962963,CLOSED,3
jax-ml/jax,1350,2019-09-14T22:13:39Z,2019-09-15T17:16:08Z,0.7933912037037038,CLOSED,1
jax-ml/jax,1213,2019-08-20T17:04:57Z,2019-09-11T13:00:31Z,21.83025462962963,CLOSED,3
jax-ml/jax,1258,2019-08-28T16:27:35Z,2019-09-10T14:16:48Z,12.90917824074074,CLOSED,11
jax-ml/jax,1271,2019-08-30T18:47:09Z,2019-09-02T15:34:21Z,2.866111111111111,CLOSED,1
jax-ml/jax,1297,2019-09-02T13:04:20Z,2019-09-02T14:51:14Z,0.07423611111111111,CLOSED,1
jax-ml/jax,1267,2019-08-29T21:45:19Z,2019-08-31T15:21:04Z,1.7331597222222221,CLOSED,3
jax-ml/jax,1263,2019-08-29T15:04:58Z,2019-08-31T00:06:52Z,1.3763194444444444,CLOSED,4
jax-ml/jax,1248,2019-08-26T01:32:11Z,2019-08-26T03:12:38Z,0.06975694444444444,CLOSED,1
jax-ml/jax,1241,2019-08-23T15:41:16Z,2019-08-25T20:26:55Z,2.1983680555555556,CLOSED,11
jax-ml/jax,790,2019-05-30T04:33:23Z,2019-08-23T19:17:59Z,85.61430555555556,CLOSED,5
jax-ml/jax,1239,2019-08-23T05:05:25Z,2019-08-23T15:43:23Z,0.4430324074074074,CLOSED,5
jax-ml/jax,1150,2019-08-09T13:19:27Z,2019-08-16T18:23:14Z,7.2109606481481485,CLOSED,4
jax-ml/jax,995,2019-07-08T14:49:33Z,2019-08-14T12:27:14Z,36.90116898148148,CLOSED,8
jax-ml/jax,1172,2019-08-13T03:35:43Z,2019-08-13T20:13:50Z,0.693136574074074,CLOSED,3
jax-ml/jax,1170,2019-08-13T00:47:36Z,2019-08-13T03:46:01Z,0.12390046296296296,CLOSED,1
jax-ml/jax,1151,2019-08-09T13:51:27Z,2019-08-09T15:44:35Z,0.07856481481481481,CLOSED,3
jax-ml/jax,1130,2019-08-07T00:19:30Z,2019-08-09T15:04:10Z,2.614351851851852,CLOSED,6
jax-ml/jax,1049,2019-07-22T00:38:54Z,2019-08-01T15:52:15Z,10.634270833333334,CLOSED,5
jax-ml/jax,1072,2019-07-28T19:36:08Z,2019-08-01T15:52:15Z,3.844525462962963,CLOSED,3
jax-ml/jax,1131,2019-08-07T06:45:07Z,2019-08-08T16:33:07Z,1.4083333333333334,CLOSED,8
jax-ml/jax,1101,2019-08-02T23:40:45Z,2019-08-05T17:45:18Z,2.753159722222222,CLOSED,1
jax-ml/jax,964,2019-07-02T18:24:08Z,2019-08-02T02:06:07Z,30.32082175925926,CLOSED,7
jax-ml/jax,1065,2019-07-25T19:33:01Z,2019-07-26T14:22:27Z,0.7843287037037037,CLOSED,0
jax-ml/jax,1000,2019-07-09T01:04:12Z,2019-07-09T02:37:17Z,0.0646412037037037,CLOSED,1
jax-ml/jax,972,2019-07-03T18:33:06Z,2019-07-08T12:56:09Z,4.766006944444444,CLOSED,2
jax-ml/jax,777,2019-05-27T11:15:49Z,2019-07-08T12:57:32Z,42.07063657407407,CLOSED,3
jax-ml/jax,804,2019-06-03T09:44:52Z,2019-07-05T23:45:41Z,32.583900462962966,CLOSED,5
jax-ml/jax,979,2019-07-05T13:50:57Z,2019-07-05T21:59:57Z,0.33958333333333335,CLOSED,4
jax-ml/jax,956,2019-07-01T16:15:40Z,2019-07-01T19:48:37Z,0.14788194444444444,CLOSED,0
jax-ml/jax,921,2019-06-25T14:21:38Z,2019-06-27T17:10:45Z,2.1174421296296297,CLOSED,5
jax-ml/jax,927,2019-06-26T05:29:55Z,2019-06-27T12:26:57Z,1.2896064814814814,CLOSED,3
jax-ml/jax,694,2019-05-10T05:40:16Z,2019-06-27T14:24:37Z,48.364131944444445,CLOSED,2
jax-ml/jax,902,2019-06-22T02:20:04Z,2019-06-24T15:27:27Z,2.5467939814814815,CLOSED,2
jax-ml/jax,775,2019-05-27T01:47:59Z,2019-06-19T19:34:36Z,23.74070601851852,CLOSED,4
jax-ml/jax,830,2019-06-08T22:43:37Z,2019-06-10T17:38:19Z,1.787986111111111,CLOSED,1
jax-ml/jax,801,2019-06-01T22:57:03Z,2019-06-03T18:55:47Z,1.8324537037037036,CLOSED,4
jax-ml/jax,812,2019-06-03T20:32:52Z,2019-06-03T21:08:33Z,0.024780092592592593,CLOSED,4
jax-ml/jax,772,2019-05-25T22:16:06Z,2019-05-29T15:47:09Z,3.7298958333333334,CLOSED,10
jax-ml/jax,757,2019-05-22T19:27:26Z,2019-05-22T21:38:30Z,0.09101851851851851,CLOSED,3
jax-ml/jax,776,2019-05-27T05:40:37Z,2019-05-28T20:32:35Z,1.6194212962962964,CLOSED,2
jax-ml/jax,764,2019-05-23T15:07:13Z,2019-05-25T14:55:46Z,1.992048611111111,CLOSED,4
jax-ml/jax,758,2019-05-22T19:40:28Z,2019-05-22T23:36:50Z,0.16414351851851852,CLOSED,2
jax-ml/jax,746,2019-05-21T20:21:02Z,2019-05-22T05:31:30Z,0.3822685185185185,CLOSED,0
jax-ml/jax,751,2019-05-22T02:11:01Z,2019-05-22T03:16:32Z,0.04549768518518518,CLOSED,0
jax-ml/jax,748,2019-05-21T20:56:07Z,2019-05-22T01:49:29Z,0.20372685185185185,CLOSED,0
jax-ml/jax,738,2019-05-20T23:15:04Z,2019-05-21T00:41:30Z,0.060023148148148145,CLOSED,3
jax-ml/jax,740,2019-05-20T23:34:47Z,2019-05-21T00:53:12Z,0.05445601851851852,CLOSED,1
jax-ml/jax,121,2018-12-16T14:58:44Z,2019-05-20T19:54:02Z,155.20506944444443,CLOSED,3
jax-ml/jax,711,2019-05-14T14:50:28Z,2019-05-20T16:42:44Z,6.077962962962963,CLOSED,5
jax-ml/jax,732,2019-05-18T17:56:22Z,2019-05-20T14:08:43Z,1.8419097222222223,CLOSED,2
jax-ml/jax,731,2019-05-17T20:00:12Z,2019-05-17T20:55:59Z,0.038738425925925926,CLOSED,2
jax-ml/jax,728,2019-05-17T18:20:18Z,2019-05-17T20:37:27Z,0.09524305555555555,CLOSED,7
jax-ml/jax,691,2019-05-10T02:43:30Z,2019-05-10T03:11:58Z,0.01976851851851852,CLOSED,7
jax-ml/jax,649,2019-04-29T14:41:22Z,2019-04-30T20:22:59Z,1.2372337962962963,CLOSED,0
jax-ml/jax,469,2019-03-02T21:56:15Z,2019-04-30T14:11:19Z,58.67712962962963,CLOSED,8
jax-ml/jax,634,2019-04-22T20:30:45Z,2019-04-30T14:08:47Z,7.73474537037037,CLOSED,0
jax-ml/jax,459,2019-02-28T20:39:59Z,2019-04-08T18:24:01Z,38.9055787037037,CLOSED,0
jax-ml/jax,582,2019-04-06T21:02:18Z,2019-04-06T21:32:11Z,0.020752314814814814,CLOSED,1
jax-ml/jax,563,2019-04-03T02:02:01Z,2019-04-03T14:55:37Z,0.5372222222222223,CLOSED,3
jax-ml/jax,536,2019-03-27T12:25:04Z,2019-03-29T15:52:54Z,2.1443287037037035,CLOSED,0
jax-ml/jax,514,2019-03-17T03:41:25Z,2019-03-19T16:04:38Z,2.5161226851851852,CLOSED,2
jax-ml/jax,461,2019-02-28T22:08:25Z,2019-03-14T21:14:28Z,13.962534722222221,CLOSED,1
jax-ml/jax,489,2019-03-10T05:59:15Z,2019-03-11T23:26:07Z,1.7269907407407408,CLOSED,3
jax-ml/jax,471,2019-03-02T22:54:05Z,2019-03-03T01:33:15Z,0.11053240740740741,CLOSED,5
jax-ml/jax,453,2019-02-27T07:00:18Z,2019-03-01T00:59:44Z,1.7496064814814816,CLOSED,1
jax-ml/jax,275,2019-01-24T21:22:33Z,2019-02-03T06:00:47Z,9.359884259259259,CLOSED,3
jax-ml/jax,304,2019-02-01T18:53:25Z,2019-02-20T13:22:13Z,18.77,CLOSED,16
jax-ml/jax,380,2019-02-15T05:01:22Z,2019-02-16T00:57:19Z,0.8305208333333334,CLOSED,3
jax-ml/jax,434,2019-02-22T18:58:14Z,2019-02-25T02:08:49Z,2.2990162037037036,CLOSED,2
jax-ml/jax,406,2019-02-19T15:43:39Z,2019-02-19T20:20:35Z,0.19231481481481483,CLOSED,5
jax-ml/jax,442,2019-02-24T23:09:51Z,2019-02-25T01:03:31Z,0.07893518518518519,CLOSED,1
jax-ml/jax,433,2019-02-22T18:48:18Z,2019-02-23T05:11:55Z,0.4330671296296296,CLOSED,1
jax-ml/jax,347,2019-02-10T20:15:56Z,2019-02-16T16:10:20Z,5.829444444444444,CLOSED,0
jax-ml/jax,387,2019-02-15T21:45:16Z,2019-02-16T05:33:43Z,0.3253125,CLOSED,1
jax-ml/jax,354,2019-02-11T22:26:09Z,2019-02-13T17:57:48Z,1.8136458333333334,CLOSED,4
jax-ml/jax,292,2019-01-29T19:13:10Z,2019-02-11T18:16:15Z,12.960474537037037,CLOSED,7
jax-ml/jax,357,2019-02-12T01:54:55Z,2019-02-12T20:29:53Z,0.7742824074074074,CLOSED,0
jax-ml/jax,330,2019-02-06T11:02:05Z,2019-02-06T17:46:58Z,0.2811689814814815,CLOSED,1
jax-ml/jax,301,2019-02-01T08:27:30Z,2019-02-01T19:24:22Z,0.4561574074074074,CLOSED,3
jax-ml/jax,273,2019-01-24T16:27:23Z,2019-01-28T14:56:59Z,3.937222222222222,CLOSED,3
jax-ml/jax,120,2018-12-16T08:50:37Z,2019-01-18T20:00:39Z,33.46530092592592,CLOSED,9
jax-ml/jax,255,2019-01-17T15:16:29Z,2019-01-17T19:29:06Z,0.17542824074074073,CLOSED,2
jax-ml/jax,222,2019-01-11T01:58:11Z,2019-01-12T23:00:26Z,1.8765625,CLOSED,1
jax-ml/jax,227,2019-01-11T20:27:59Z,2019-01-12T19:54:54Z,0.977025462962963,CLOSED,2
jax-ml/jax,129,2018-12-17T21:13:12Z,2019-01-07T15:44:22Z,20.77164351851852,CLOSED,6
jax-ml/jax,187,2019-01-02T23:00:18Z,2019-01-03T02:43:42Z,0.15513888888888888,CLOSED,3
jax-ml/jax,145,2018-12-19T16:53:26Z,2018-12-19T17:22:33Z,0.02021990740740741,CLOSED,4
jax-ml/jax,128,2018-12-17T17:13:25Z,2018-12-18T20:52:53Z,1.1524074074074073,CLOSED,3
jax-ml/jax,108,2018-12-13T22:25:12Z,2018-12-14T17:00:01Z,0.7741782407407407,CLOSED,0
dask/dask,9698,2022-11-28T05:50:58Z,,,OPEN,1
dask/dask,9690,2022-11-23T13:22:28Z,2022-12-23T11:17:58Z,29.913541666666667,CLOSED,5
dask/dask,9656,2022-11-14T19:37:40Z,,,OPEN,1
dask/dask,9663,2022-11-15T17:56:17Z,,,OPEN,1
dask/dask,9615,2022-11-01T18:28:34Z,2022-12-12T23:20:32Z,41.20275462962963,CLOSED,4
dask/dask,9591,2022-10-25T07:44:57Z,2022-12-08T16:14:44Z,44.3540162037037,CLOSED,21
dask/dask,9715,2022-12-05T09:53:33Z,2022-12-06T18:32:48Z,1.3605902777777779,CLOSED,0
dask/dask,8964,2022-04-21T10:51:22Z,2022-12-06T17:33:38Z,229.27935185185186,CLOSED,1
dask/dask,9003,2022-04-29T15:18:05Z,2022-12-06T17:31:55Z,221.09293981481483,CLOSED,8
dask/dask,9608,2022-10-30T08:01:04Z,,,OPEN,1
dask/dask,9611,2022-10-31T15:18:17Z,,,OPEN,1
dask/dask,9313,2022-07-26T16:09:06Z,2022-09-02T00:38:22Z,37.353657407407404,CLOSED,4
dask/dask,9567,2022-10-12T08:26:05Z,2022-11-30T21:46:26Z,49.55579861111111,CLOSED,2
dask/dask,9122,2022-05-24T09:53:18Z,2022-11-30T14:28:16Z,190.19094907407407,CLOSED,10
dask/dask,9679,2022-11-18T18:53:19Z,2022-11-22T21:56:36Z,4.127280092592593,CLOSED,1
dask/dask,9643,2022-11-10T14:27:29Z,2022-11-21T20:59:18Z,11.272094907407407,CLOSED,0
dask/dask,9641,2022-11-09T16:23:51Z,2022-11-14T22:28:10Z,5.252997685185186,CLOSED,1
dask/dask,9525,2022-09-29T13:39:32Z,,,OPEN,1
dask/dask,9546,2022-10-05T17:53:03Z,,,OPEN,3
dask/dask,9610,2022-10-30T19:52:35Z,2022-11-02T18:30:53Z,2.9432638888888887,CLOSED,8
dask/dask,9509,2022-09-20T18:05:09Z,,,OPEN,1
dask/dask,9512,2022-09-23T03:46:17Z,,,OPEN,1
dask/dask,9515,2022-09-23T19:00:04Z,,,OPEN,2
dask/dask,9118,2022-05-23T18:14:58Z,2022-10-18T20:39:34Z,148.10041666666666,CLOSED,4
dask/dask,9577,2022-10-18T14:15:30Z,2022-10-18T17:28:02Z,0.1337037037037037,CLOSED,0
dask/dask,9533,2022-09-30T20:11:55Z,2022-10-14T15:41:50Z,13.81244212962963,CLOSED,8
dask/dask,9181,2022-06-10T15:14:23Z,2022-10-14T02:43:53Z,125.47881944444444,CLOSED,9
dask/dask,9467,2022-09-06T18:11:22Z,,,OPEN,1
dask/dask,9526,2022-09-29T15:11:30Z,2022-10-05T15:07:21Z,5.997118055555555,CLOSED,2
dask/dask,9514,2022-09-23T18:34:36Z,2022-10-04T20:03:08Z,11.061481481481481,CLOSED,3
dask/dask,9536,2022-10-03T14:55:12Z,2022-10-04T16:35:08Z,1.069398148148148,CLOSED,0
dask/dask,9186,2022-06-14T16:41:15Z,2022-09-28T14:55:03Z,105.92625,CLOSED,6
dask/dask,9488,2022-09-13T23:25:34Z,2022-09-23T20:32:13Z,9.879618055555556,CLOSED,16
dask/dask,8999,2022-04-29T11:49:23Z,2022-09-15T20:27:59Z,139.36013888888888,CLOSED,3
dask/dask,9339,2022-08-02T15:26:26Z,2022-09-15T20:27:58Z,44.209398148148146,CLOSED,3
dask/dask,9490,2022-09-14T13:32:49Z,2022-09-14T21:24:41Z,0.3276851851851852,CLOSED,7
dask/dask,9411,2022-08-22T10:17:38Z,2022-09-13T14:34:51Z,22.178622685185186,CLOSED,3
dask/dask,9370,2022-08-10T11:21:44Z,,,OPEN,0
dask/dask,9477,2022-09-08T20:01:26Z,2022-09-08T20:17:44Z,0.011319444444444444,CLOSED,2
dask/dask,9359,2022-08-07T06:51:38Z,2022-09-02T00:24:25Z,25.731099537037036,CLOSED,2
dask/dask,9445,2022-08-31T09:27:03Z,2022-09-01T12:06:49Z,1.1109490740740742,CLOSED,4
dask/dask,9305,2022-07-25T21:26:52Z,,,OPEN,1
dask/dask,9301,2022-07-23T17:07:25Z,2022-08-17T13:46:07Z,24.860208333333333,CLOSED,4
dask/dask,9376,2022-08-12T12:46:37Z,2022-08-16T02:43:56Z,3.5814699074074072,CLOSED,0
dask/dask,9291,2022-07-19T13:03:57Z,2022-08-12T03:20:51Z,23.595069444444444,CLOSED,5
dask/dask,8879,2022-04-05T07:47:49Z,2022-08-10T12:00:39Z,127.1755787037037,CLOSED,1
dask/dask,9324,2022-07-27T19:44:45Z,2022-08-09T18:46:21Z,12.959444444444445,CLOSED,2
dask/dask,9249,2022-07-07T09:39:21Z,2022-08-09T13:59:05Z,33.18037037037037,CLOSED,6
dask/dask,9218,2022-06-25T02:01:46Z,2022-08-03T21:59:59Z,39.83209490740741,CLOSED,1
dask/dask,9315,2022-07-27T03:57:55Z,2022-08-03T14:57:10Z,7.4578125,CLOSED,4
dask/dask,9224,2022-06-28T20:23:59Z,,,OPEN,0
dask/dask,9225,2022-06-28T20:33:08Z,,,OPEN,0
dask/dask,9227,2022-06-28T20:45:04Z,,,OPEN,0
dask/dask,9328,2022-07-28T15:30:01Z,2022-07-28T18:47:01Z,0.13680555555555557,CLOSED,6
dask/dask,9238,2022-07-04T11:45:29Z,2022-07-26T15:26:15Z,22.153310185185184,CLOSED,0
dask/dask,9279,2022-07-15T16:16:31Z,2022-07-26T14:27:22Z,10.92420138888889,CLOSED,4
dask/dask,9286,2022-07-18T07:04:45Z,2022-07-26T14:22:36Z,8.3040625,CLOSED,2
dask/dask,9183,2022-06-13T13:16:33Z,2022-07-22T12:53:50Z,38.984224537037036,CLOSED,1
dask/dask,9258,2022-07-11T10:37:23Z,2022-07-19T20:04:06Z,8.39355324074074,CLOSED,1
dask/dask,9246,2022-07-07T09:24:17Z,2022-07-12T21:42:09Z,5.512407407407407,CLOSED,1
dask/dask,9129,2022-05-26T02:43:38Z,,,OPEN,3
dask/dask,9046,2022-05-06T05:02:55Z,2022-06-28T17:22:42Z,53.51373842592593,CLOSED,1
dask/dask,9123,2022-05-24T11:33:37Z,,,OPEN,1
dask/dask,9093,2022-05-16T16:19:49Z,,,OPEN,3
dask/dask,9006,2022-04-30T10:40:22Z,2022-05-02T21:11:42Z,2.4384259259259258,CLOSED,3
dask/dask,9162,2022-06-04T17:18:06Z,2022-06-16T07:52:25Z,11.607164351851852,CLOSED,9
dask/dask,9163,2022-06-06T13:48:04Z,2022-06-07T17:50:43Z,1.1685069444444445,CLOSED,3
dask/dask,9018,2022-05-03T19:00:19Z,2022-06-07T14:47:03Z,34.82412037037037,CLOSED,0
dask/dask,9135,2022-05-27T13:07:39Z,2022-06-06T19:22:43Z,10.260462962962963,CLOSED,2
dask/dask,9166,2022-06-06T18:42:22Z,2022-06-06T18:48:42Z,0.004398148148148148,CLOSED,3
dask/dask,8983,2022-04-26T15:40:41Z,,,OPEN,2
dask/dask,9142,2022-05-27T21:38:31Z,2022-05-27T23:27:30Z,0.07568287037037037,CLOSED,2
dask/dask,8959,2022-04-20T20:02:11Z,,,OPEN,1
dask/dask,9104,2022-05-19T18:21:25Z,2022-05-20T03:17:27Z,0.37224537037037037,CLOSED,2
dask/dask,9086,2022-05-14T08:17:41Z,2022-05-19T20:29:52Z,5.508460648148148,CLOSED,2
dask/dask,9072,2022-05-12T13:34:12Z,2022-05-19T16:27:28Z,7.120324074074074,CLOSED,3
dask/dask,9016,2022-05-03T15:05:53Z,2022-05-12T12:45:51Z,8.90275462962963,CLOSED,4
dask/dask,8951,2022-04-19T15:15:13Z,2022-05-11T15:59:18Z,22.030613425925925,CLOSED,4
dask/dask,9058,2022-05-09T23:14:44Z,2022-05-10T14:30:47Z,0.6361458333333333,CLOSED,3
dask/dask,8978,2022-04-25T13:33:36Z,2022-05-09T14:00:47Z,14.018877314814814,CLOSED,0
dask/dask,9026,2022-05-05T10:38:21Z,2022-05-05T15:12:48Z,0.1905902777777778,CLOSED,0
dask/dask,8947,2022-04-19T10:34:29Z,2022-04-28T19:17:25Z,9.363148148148149,CLOSED,0
dask/dask,8955,2022-04-20T14:51:28Z,2022-04-26T13:24:30Z,5.939606481481482,CLOSED,5
dask/dask,8844,2022-03-25T09:24:55Z,,,OPEN,2
dask/dask,8929,2022-04-14T10:56:29Z,2022-04-19T13:12:24Z,5.094386574074074,CLOSED,0
dask/dask,8880,2022-04-05T09:44:39Z,2022-04-11T17:51:34Z,6.338136574074074,CLOSED,2
dask/dask,8902,2022-04-07T21:10:12Z,2022-04-08T18:44:56Z,0.8991203703703704,CLOSED,1
dask/dask,8866,2022-03-31T11:56:23Z,2022-04-07T16:40:35Z,7.197361111111111,CLOSED,2
dask/dask,8712,2022-02-11T12:42:09Z,2022-04-01T19:44:55Z,49.29358796296296,CLOSED,8
dask/dask,8830,2022-03-22T14:10:13Z,2022-04-01T13:49:37Z,9.985694444444444,CLOSED,7
dask/dask,8856,2022-03-29T18:42:00Z,2022-03-31T13:03:30Z,1.7649305555555554,CLOSED,1
dask/dask,8458,2021-12-04T14:54:29Z,2022-03-30T15:12:25Z,116.0124537037037,CLOSED,10
dask/dask,8753,2022-02-24T09:53:58Z,2022-03-24T16:00:42Z,28.254675925925927,CLOSED,13
dask/dask,8779,2022-03-04T18:55:33Z,2022-03-09T18:20:24Z,4.975590277777778,CLOSED,1
dask/dask,8783,2022-03-05T21:07:01Z,2022-03-09T16:47:52Z,3.820034722222222,CLOSED,2
dask/dask,8749,2022-02-22T16:10:16Z,2022-03-08T20:46:22Z,14.191736111111112,CLOSED,6
dask/dask,8773,2022-03-02T15:58:40Z,2022-03-07T18:48:25Z,5.117881944444444,CLOSED,2
dask/dask,8702,2022-02-10T01:38:27Z,2022-03-03T17:08:59Z,21.646203703703705,CLOSED,5
dask/dask,8738,2022-02-18T15:55:21Z,2022-02-23T22:31:24Z,5.275034722222222,CLOSED,4
dask/dask,8666,2022-02-06T04:02:12Z,2022-02-21T17:04:58Z,15.543587962962963,CLOSED,6
pola-rs/polars,3125,2022-04-12T05:19:56Z,2022-04-12T08:24:26Z,0.128125,CLOSED,2
pola-rs/polars,3104,2022-04-10T18:00:24Z,2022-04-12T08:29:04Z,1.6032407407407407,CLOSED,3
pola-rs/polars,3119,2022-04-11T17:39:53Z,2022-04-12T08:25:43Z,0.6151620370370371,CLOSED,0
pola-rs/polars,3067,2022-04-05T18:37:42Z,2022-04-06T07:49:18Z,0.5497222222222222,CLOSED,2
pola-rs/polars,3099,2022-04-09T17:44:18Z,2022-04-11T08:52:11Z,1.630474537037037,CLOSED,2
pola-rs/polars,3109,2022-04-11T08:51:48Z,2022-04-11T14:26:47Z,0.23262731481481483,CLOSED,2
pola-rs/polars,3015,2022-03-31T01:12:45Z,2022-04-11T07:02:55Z,11.243171296296296,CLOSED,0
pola-rs/polars,3081,2022-04-07T02:23:00Z,2022-04-07T12:10:31Z,0.4079976851851852,CLOSED,0
pola-rs/polars,3079,2022-04-07T01:32:11Z,2022-04-07T09:33:46Z,0.3344328703703704,CLOSED,0
pola-rs/polars,3062,2022-04-05T08:39:06Z,2022-04-06T05:02:50Z,0.8498148148148148,CLOSED,3
pola-rs/polars,3060,2022-04-04T19:18:20Z,2022-04-05T10:29:38Z,0.6328472222222222,CLOSED,0
pola-rs/polars,3057,2022-04-03T22:52:42Z,2022-04-04T17:03:59Z,0.7578356481481482,CLOSED,0
pola-rs/polars,3047,2022-04-03T02:05:36Z,2022-04-03T09:20:56Z,0.3023148148148148,CLOSED,2
pola-rs/polars,2964,2022-03-24T20:40:14Z,2022-04-03T11:44:02Z,9.627638888888889,CLOSED,0
pola-rs/polars,3042,2022-04-02T20:51:45Z,2022-04-03T09:10:44Z,0.5131828703703704,CLOSED,1
pola-rs/polars,3041,2022-04-02T16:10:02Z,2022-04-03T07:43:27Z,0.6482060185185186,CLOSED,1
pola-rs/polars,3038,2022-04-02T07:57:40Z,2022-04-02T14:45:20Z,0.2831018518518518,CLOSED,9
pola-rs/polars,3037,2022-04-02T07:49:21Z,2022-04-03T04:13:21Z,0.85,CLOSED,3
pola-rs/polars,3035,2022-04-01T18:38:20Z,2022-04-02T13:42:39Z,0.7946643518518518,CLOSED,0
pola-rs/polars,3025,2022-03-31T20:15:40Z,2022-04-01T11:25:29Z,0.6318171296296297,CLOSED,0
pola-rs/polars,3029,2022-04-01T07:58:18Z,2022-04-01T10:15:41Z,0.0954050925925926,CLOSED,0
pola-rs/polars,3020,2022-03-31T17:21:48Z,2022-04-01T08:59:27Z,0.6511458333333333,CLOSED,1
pola-rs/polars,3027,2022-04-01T05:21:31Z,2022-04-01T08:46:27Z,0.1423148148148148,CLOSED,0
pola-rs/polars,3026,2022-03-31T23:31:23Z,2022-04-01T08:14:49Z,0.3634953703703704,CLOSED,1
pola-rs/polars,3019,2022-03-31T11:59:40Z,2022-03-31T18:57:34Z,0.29020833333333335,CLOSED,0
pola-rs/polars,2988,2022-03-26T08:06:33Z,2022-03-31T18:23:40Z,5.428553240740741,CLOSED,8
pola-rs/polars,2970,2022-03-24T22:09:33Z,2022-03-31T18:07:41Z,6.832037037037037,CLOSED,2
pola-rs/polars,3014,2022-03-30T22:57:11Z,2022-03-31T07:17:40Z,0.3475578703703704,CLOSED,1
pola-rs/polars,3002,2022-03-29T12:36:10Z,2022-03-30T12:51:55Z,1.0109375,CLOSED,4
pola-rs/polars,3005,2022-03-30T06:41:13Z,2022-03-30T12:47:01Z,0.2540277777777778,CLOSED,0
pola-rs/polars,2998,2022-03-28T21:44:29Z,2022-03-30T09:07:13Z,1.4741203703703705,CLOSED,1
pola-rs/polars,2999,2022-03-29T07:25:33Z,2022-03-30T08:33:43Z,1.0473379629629629,CLOSED,2
pola-rs/polars,2984,2022-03-25T14:19:31Z,2022-03-28T16:39:59Z,3.0975462962962963,CLOSED,0
pola-rs/polars,2982,2022-03-25T11:24:50Z,2022-03-28T09:01:45Z,2.900636574074074,CLOSED,0
pola-rs/polars,2983,2022-03-25T12:52:30Z,2022-03-28T07:26:57Z,2.773923611111111,CLOSED,1
pola-rs/polars,2961,2022-03-24T12:53:25Z,2022-03-24T21:07:56Z,0.3434143518518519,CLOSED,3
pola-rs/polars,2957,2022-03-24T01:38:14Z,2022-03-24T12:15:25Z,0.4424884259259259,CLOSED,3
pola-rs/polars,2948,2022-03-23T01:54:35Z,2022-03-23T09:34:49Z,0.31960648148148146,CLOSED,0
pola-rs/polars,2943,2022-03-21T23:21:25Z,2022-03-22T18:09:03Z,0.7830787037037037,CLOSED,1
pola-rs/polars,2942,2022-03-21T22:07:06Z,2022-03-21T22:18:08Z,0.007662037037037037,CLOSED,1
pola-rs/polars,2931,2022-03-18T14:48:46Z,2022-03-20T10:18:48Z,1.812523148148148,CLOSED,3
pola-rs/polars,2929,2022-03-18T13:49:22Z,2022-03-18T18:04:55Z,0.1774652777777778,CLOSED,3
pola-rs/polars,2932,2022-03-18T15:12:36Z,2022-03-18T17:18:27Z,0.08739583333333334,CLOSED,0
pola-rs/polars,2928,2022-03-18T13:26:02Z,2022-03-18T14:04:24Z,0.026643518518518518,CLOSED,2
pola-rs/polars,2894,2022-03-15T01:35:29Z,2022-03-17T16:21:42Z,2.6154282407407408,CLOSED,3
pola-rs/polars,2892,2022-03-14T17:19:49Z,2022-03-16T16:39:19Z,1.971875,CLOSED,1
pola-rs/polars,2904,2022-03-16T02:55:32Z,2022-03-16T10:02:10Z,0.29627314814814815,CLOSED,5
pola-rs/polars,2905,2022-03-16T03:09:10Z,2022-03-16T10:15:36Z,0.29613425925925924,CLOSED,0
pola-rs/polars,2900,2022-03-15T15:10:48Z,2022-03-16T09:28:51Z,0.7625347222222222,CLOSED,0
pola-rs/polars,2903,2022-03-16T01:26:51Z,2022-03-16T08:45:16Z,0.3044560185185185,CLOSED,1
pola-rs/polars,2906,2022-03-16T03:38:57Z,2022-03-16T07:54:06Z,0.1771875,CLOSED,1
pola-rs/polars,2898,2022-03-15T13:56:08Z,2022-03-16T07:45:09Z,0.7423726851851852,CLOSED,1
pola-rs/polars,2907,2022-03-16T04:49:48Z,2022-03-16T06:45:24Z,0.08027777777777778,CLOSED,1
pola-rs/polars,2891,2022-03-14T13:33:54Z,2022-03-15T15:29:33Z,1.0803125,CLOSED,1
pola-rs/polars,2896,2022-03-15T05:10:36Z,2022-03-15T06:41:59Z,0.06346064814814815,CLOSED,2
pola-rs/polars,2861,2022-03-09T12:16:35Z,2022-03-11T14:18:09Z,2.0844212962962962,CLOSED,7
pola-rs/polars,2863,2022-03-09T15:05:05Z,2022-03-11T09:22:01Z,1.7617592592592592,CLOSED,0
pola-rs/polars,2867,2022-03-10T10:16:48Z,2022-03-10T16:33:39Z,0.2617013888888889,CLOSED,0
pola-rs/polars,2855,2022-03-08T10:38:23Z,2022-03-09T10:17:26Z,0.9854513888888888,CLOSED,1
pola-rs/polars,2850,2022-03-08T04:36:36Z,2022-03-08T09:23:18Z,0.19909722222222223,CLOSED,2
pola-rs/polars,2844,2022-03-07T15:33:44Z,2022-03-08T06:55:03Z,0.6398032407407407,CLOSED,0
pola-rs/polars,2842,2022-03-07T14:23:38Z,2022-03-07T20:19:47Z,0.2473263888888889,CLOSED,2
pola-rs/polars,2828,2022-03-04T11:00:08Z,2022-03-05T15:45:34Z,1.1982175925925926,CLOSED,1
pola-rs/polars,2830,2022-03-04T19:21:01Z,2022-03-05T11:39:14Z,0.6793171296296296,CLOSED,0
pola-rs/polars,2814,2022-03-02T19:12:08Z,2022-03-03T09:15:40Z,0.585787037037037,CLOSED,2
pola-rs/polars,2817,2022-03-03T01:08:27Z,2022-03-03T09:14:33Z,0.3375694444444444,CLOSED,1
pola-rs/polars,2806,2022-03-02T10:37:35Z,2022-03-02T14:00:29Z,0.14090277777777777,CLOSED,3
pola-rs/polars,2686,2022-02-17T20:53:35Z,2022-03-02T10:35:45Z,12.570949074074074,CLOSED,3
pola-rs/polars,2745,2022-02-23T10:04:18Z,2022-02-25T17:50:32Z,2.323773148148148,CLOSED,0
pola-rs/polars,2744,2022-02-23T09:07:20Z,2022-02-25T15:50:33Z,2.280011574074074,CLOSED,0
pola-rs/polars,2705,2022-02-19T21:17:56Z,2022-02-20T15:43:53Z,0.7680208333333334,CLOSED,1
pola-rs/polars,2683,2022-02-17T13:50:21Z,2022-02-20T15:43:30Z,3.078576388888889,CLOSED,7
pola-rs/polars,2599,2022-02-10T06:51:27Z,2022-02-11T12:46:09Z,1.2463194444444445,CLOSED,0
pola-rs/polars,2498,2022-01-30T15:24:32Z,2022-02-10T15:20:32Z,10.997222222222222,CLOSED,32
pola-rs/polars,2350,2022-01-12T07:45:52Z,2022-02-02T11:53:19Z,21.17184027777778,CLOSED,2
pola-rs/polars,2475,2022-01-27T09:39:55Z,2022-02-01T16:04:51Z,5.267314814814815,CLOSED,1
pola-rs/polars,2502,2022-01-30T19:25:56Z,2022-01-30T20:24:50Z,0.04090277777777778,CLOSED,2
pola-rs/polars,2413,2022-01-17T17:00:00Z,2022-01-19T08:38:32Z,1.6517592592592591,CLOSED,3
pola-rs/polars,2414,2022-01-17T19:24:23Z,2022-01-18T15:44:17Z,0.8471527777777778,CLOSED,0
pola-rs/polars,2405,2022-01-16T23:24:59Z,2022-01-17T13:58:59Z,0.6069444444444444,CLOSED,0
pola-rs/polars,2362,2022-01-13T00:41:09Z,2022-01-13T22:07:37Z,0.8933796296296296,CLOSED,4
pola-rs/polars,2380,2022-01-14T21:13:25Z,2022-01-15T09:20:30Z,0.5049189814814815,CLOSED,1
pola-rs/polars,2382,2022-01-14T23:36:56Z,2022-01-15T09:48:27Z,0.42466435185185186,CLOSED,0
pola-rs/polars,2381,2022-01-14T21:46:04Z,2022-01-15T08:57:08Z,0.4660185185185185,CLOSED,0
pola-rs/polars,2384,2022-01-15T04:38:03Z,2022-01-15T08:57:59Z,0.18050925925925926,CLOSED,2
pola-rs/polars,2365,2022-01-13T19:27:40Z,2022-01-14T10:52:08Z,0.6419907407407407,CLOSED,3
pola-rs/polars,2339,2022-01-11T10:54:13Z,2022-01-11T17:19:33Z,0.2675925925925926,CLOSED,1
pola-rs/polars,2331,2022-01-10T13:08:39Z,2022-01-11T07:17:17Z,0.7559953703703703,CLOSED,2
pola-rs/polars,2313,2022-01-07T20:03:29Z,2022-01-08T10:51:43Z,0.6168287037037037,CLOSED,1
pola-rs/polars,2033,2021-12-12T12:41:31Z,2022-01-07T16:21:07Z,26.1525,CLOSED,0
pola-rs/polars,2278,2022-01-06T08:55:01Z,2022-01-07T08:56:27Z,1.0009953703703705,CLOSED,6
pola-rs/polars,2264,2022-01-04T19:13:08Z,2022-01-06T14:56:04Z,1.8214814814814815,CLOSED,9
pola-rs/polars,2276,2022-01-06T02:54:14Z,2022-01-06T14:07:52Z,0.4678009259259259,CLOSED,0
pola-rs/polars,2234,2021-12-30T16:15:11Z,2021-12-31T10:40:04Z,0.7672800925925926,CLOSED,4
pola-rs/polars,2162,2021-12-25T09:09:39Z,2021-12-30T14:51:49Z,5.237615740740741,CLOSED,1
pola-rs/polars,2217,2021-12-29T07:30:49Z,2021-12-29T14:52:22Z,0.30663194444444447,CLOSED,0
pola-rs/polars,2185,2021-12-27T17:32:33Z,2021-12-28T07:36:47Z,0.5862731481481481,CLOSED,2
pola-rs/polars,1577,2021-10-21T13:34:44Z,2021-10-22T08:50:20Z,0.8025,CLOSED,1
pola-rs/polars,599,2021-05-03T18:26:38Z,2021-05-05T09:22:17Z,1.6219791666666667,CLOSED,0
pola-rs/polars,24,2020-07-14T14:46:30Z,2020-07-29T13:22:08Z,14.941412037037036,CLOSED,3
jupyter/notebook,912,2015-12-30T19:23:29Z,2015-12-31T20:47:26Z,1.058298611111111,CLOSED,18
jupyter/notebook,986,2016-01-21T22:40:04Z,2016-02-06T18:32:02Z,15.827754629629629,CLOSED,5
jupyter/notebook,735,2015-11-19T20:43:05Z,2015-12-17T13:48:57Z,27.712407407407408,CLOSED,13
jupyter/notebook,1003,2016-01-26T23:33:45Z,2016-02-21T16:31:00Z,25.706423611111113,CLOSED,10
jupyter/notebook,1210,2016-03-15T04:18:32Z,2016-03-18T16:24:37Z,3.504224537037037,CLOSED,6
jupyter/notebook,1379,2016-04-20T17:43:25Z,2016-05-30T09:00:29Z,39.63685185185185,CLOSED,16
jupyter/notebook,1407,2016-04-29T16:31:45Z,2016-05-04T17:42:02Z,5.0488078703703705,CLOSED,6
jupyter/notebook,1305,2016-04-06T01:38:26Z,2016-04-06T03:04:13Z,0.05957175925925926,CLOSED,11
jupyter/notebook,1377,2016-04-20T11:08:41Z,2016-06-03T08:06:32Z,43.87350694444444,CLOSED,9
jupyter/notebook,949,2016-01-12T22:48:04Z,2016-07-16T12:04:34Z,185.553125,CLOSED,2
jupyter/notebook,1454,2016-05-13T21:22:44Z,2016-08-12T20:53:51Z,90.97994212962963,CLOSED,2
jupyter/notebook,1691,2016-08-19T01:21:12Z,2016-08-22T17:34:31Z,3.675914351851852,CLOSED,4
jupyter/notebook,1532,2016-06-11T10:53:19Z,2016-06-29T09:49:41Z,17.955810185185186,CLOSED,10
jupyter/notebook,956,2016-01-14T18:33:17Z,2016-09-07T05:29:24Z,236.45563657407408,CLOSED,15
jupyter/notebook,1040,2016-02-02T18:41:07Z,2016-02-27T05:05:45Z,24.43377314814815,CLOSED,2
jupyter/notebook,1708,2016-08-24T05:21:51Z,2016-09-14T03:13:46Z,20.911053240740742,CLOSED,0
jupyter/notebook,1674,2016-08-12T07:12:19Z,2016-09-16T00:59:59Z,34.74143518518518,CLOSED,19
jupyter/notebook,1758,2016-09-12T17:05:58Z,2016-09-12T18:08:30Z,0.04342592592592592,CLOSED,2
jupyter/notebook,1589,2016-07-04T15:38:30Z,2016-11-14T03:27:43Z,132.4925115740741,CLOSED,5
jupyter/notebook,1746,2016-09-06T16:27:54Z,2016-09-06T19:56:44Z,0.14502314814814815,CLOSED,4
jupyter/notebook,1724,2016-08-31T14:49:33Z,2016-09-12T18:08:38Z,12.138252314814816,CLOSED,5
jupyter/notebook,1910,2016-11-19T12:46:53Z,2016-11-23T15:16:31Z,4.103912037037037,CLOSED,1
jupyter/notebook,1940,2016-12-02T08:13:48Z,2016-12-04T22:35:51Z,2.5986458333333333,CLOSED,1
jupyter/notebook,1970,2016-12-12T21:06:38Z,2016-12-16T21:02:04Z,3.9968287037037036,CLOSED,3
jupyter/notebook,1967,2016-12-12T01:43:27Z,2016-12-21T21:03:46Z,9.805775462962963,CLOSED,10
jupyter/notebook,1689,2016-08-18T11:05:57Z,2016-11-12T02:19:30Z,85.63440972222222,CLOSED,16
jupyter/notebook,1431,2016-05-06T18:43:51Z,2017-01-19T11:17:23Z,257.6899537037037,CLOSED,5
jupyter/notebook,2024,2017-01-06T05:30:19Z,2017-01-19T11:17:23Z,13.24101851851852,CLOSED,1
jupyter/notebook,2071,2017-01-25T04:48:23Z,2017-01-25T21:39:33Z,0.7021990740740741,CLOSED,4
jupyter/notebook,2082,2017-01-29T10:41:55Z,2017-01-30T15:14:31Z,1.1893055555555556,CLOSED,0
jupyter/notebook,1439,2016-05-10T15:28:10Z,2017-01-31T15:03:19Z,265.98274305555555,CLOSED,16
jupyter/notebook,2037,2017-01-11T19:53:58Z,2017-01-25T21:39:55Z,14.073576388888888,CLOSED,16
jupyter/notebook,2113,2017-02-01T17:48:36Z,2017-02-02T00:43:05Z,0.28783564814814816,CLOSED,8
jupyter/notebook,2101,2017-01-31T17:34:02Z,2017-02-02T02:44:12Z,1.3820601851851853,CLOSED,31
jupyter/notebook,2158,2017-02-08T11:53:06Z,2017-02-08T16:14:58Z,0.18185185185185185,CLOSED,3
jupyter/notebook,2141,2017-02-07T00:18:22Z,2017-02-08T14:09:05Z,1.576886574074074,CLOSED,19
jupyter/notebook,2172,2017-02-10T11:58:59Z,2017-02-13T19:13:01Z,3.301412037037037,CLOSED,11
jupyter/notebook,2170,2017-02-10T03:20:24Z,2017-02-14T11:29:51Z,4.339895833333333,CLOSED,0
jupyter/notebook,1779,2016-09-21T21:41:46Z,2017-02-07T21:00:45Z,138.97151620370371,CLOSED,3
jupyter/notebook,2206,2017-02-19T18:54:10Z,2017-02-21T11:28:29Z,1.6904976851851852,CLOSED,3
jupyter/notebook,2205,2017-02-19T18:48:03Z,2017-02-24T16:03:50Z,4.885960648148148,CLOSED,3
jupyter/notebook,448,2015-09-17T09:33:13Z,2015-10-06T19:44:38Z,19.424594907407407,CLOSED,40
jupyter/notebook,2362,2017-04-03T18:50:26Z,2017-04-07T22:59:32Z,4.172986111111111,CLOSED,1
jupyter/notebook,1129,2016-02-22T17:28:30Z,2017-04-27T16:48:33Z,429.97225694444444,CLOSED,2
jupyter/notebook,2404,2017-04-12T18:57:30Z,2017-06-21T08:49:11Z,69.57755787037037,CLOSED,3
jupyter/notebook,1845,2016-10-19T19:10:39Z,2017-06-22T06:06:47Z,245.45564814814816,CLOSED,9
jupyter/notebook,2575,2017-06-13T21:17:06Z,2017-06-22T09:18:08Z,8.500717592592592,CLOSED,1
jupyter/notebook,2053,2017-01-19T19:33:58Z,2017-07-03T17:30:25Z,164.9142013888889,CLOSED,7
jupyter/notebook,1942,2016-12-02T21:46:29Z,2017-07-11T08:42:23Z,220.4554861111111,CLOSED,1
jupyter/notebook,1218,2016-03-16T05:26:01Z,2017-07-11T08:42:23Z,482.13636574074076,CLOSED,11
jupyter/notebook,2611,2017-06-28T07:09:52Z,2017-07-11T08:51:33Z,13.070613425925925,CLOSED,1
jupyter/notebook,2207,2017-02-20T03:29:32Z,2017-07-25T20:41:15Z,155.7164699074074,CLOSED,6
jupyter/notebook,2686,2017-07-26T06:55:15Z,2017-07-27T08:56:15Z,1.0840277777777778,CLOSED,2
jupyter/notebook,1976,2016-12-14T15:54:23Z,2017-07-27T16:10:11Z,225.01097222222222,CLOSED,2
jupyter/notebook,2590,2017-06-21T14:41:49Z,2017-07-30T22:44:03Z,39.33488425925926,CLOSED,1
jupyter/notebook,2369,2017-04-05T09:41:37Z,2017-08-02T02:01:00Z,118.68012731481481,CLOSED,6
jupyter/notebook,2203,2017-02-19T18:28:39Z,2017-02-28T11:30:33Z,8.709652777777778,CLOSED,27
jupyter/notebook,186,2015-07-07T01:32:35Z,2017-12-06T23:29:44Z,883.9146875,CLOSED,6
jupyter/notebook,3074,2017-11-23T06:29:20Z,2017-12-14T11:53:43Z,21.225266203703704,CLOSED,12
jupyter/notebook,1740,2016-09-05T19:31:27Z,2017-07-26T21:21:07Z,324.0761574074074,CLOSED,13
jupyter/notebook,1045,2016-02-04T17:31:14Z,2018-03-19T11:13:13Z,773.7374884259259,CLOSED,20
jupyter/notebook,2216,2017-02-23T07:19:14Z,2018-03-28T12:34:41Z,398.2190625,CLOSED,9
jupyter/notebook,2747,2017-08-11T13:41:11Z,2017-09-14T13:05:01Z,33.97488425925926,CLOSED,50
jupyter/notebook,1291,2016-04-01T10:29:09Z,2016-04-07T18:38:11Z,6.339606481481481,CLOSED,4
jupyter/notebook,2382,2017-04-06T22:01:35Z,2017-10-06T17:45:14Z,182.82197916666667,CLOSED,37
jupyter/notebook,650,2015-10-24T16:23:11Z,2017-07-03T17:50:21Z,618.0605324074074,CLOSED,27
jupyter/notebook,3127,2017-12-13T16:53:27Z,2017-12-13T18:26:51Z,0.0648611111111111,CLOSED,6
jupyter/notebook,973,2015-03-17T16:14:15Z,2017-12-01T20:58:55Z,990.1976851851852,CLOSED,5
jupyter/notebook,2087,2017-01-30T23:26:18Z,2017-03-18T10:05:13Z,46.44369212962963,CLOSED,6
jupyter/notebook,4037,2018-09-26T15:25:18Z,2018-10-02T08:53:05Z,5.727627314814815,CLOSED,1
jupyter/notebook,3268,2018-01-26T21:57:49Z,,,OPEN,7
jupyter/notebook,581,2015-10-10T08:07:24Z,2015-10-19T16:19:10Z,9.341504629629629,CLOSED,2
jupyter/notebook,96,2015-05-15T17:52:30Z,2017-07-13T14:54:47Z,789.8765856481482,CLOSED,27
jupyter/notebook,1667,2016-08-09T10:43:16Z,2017-12-05T20:39:22Z,483.4139583333333,CLOSED,11
jupyter/notebook,900,2015-12-24T19:41:22Z,2017-02-02T17:27:06Z,405.9067592592593,CLOSED,16
jupyter/notebook,548,2015-10-08T05:25:35Z,2015-10-26T17:49:40Z,18.51672453703704,CLOSED,15
jupyter/notebook,2379,2017-04-06T12:53:25Z,2017-06-07T19:10:43Z,62.26201388888889,CLOSED,40
jupyter/notebook,1914,2016-11-21T14:05:08Z,2020-01-07T16:36:20Z,1142.105,CLOSED,7
jupyter/notebook,5399,2020-04-24T05:14:31Z,2020-05-05T07:02:41Z,11.07511574074074,CLOSED,14
jupyter/notebook,5345,2020-04-07T23:52:59Z,2020-05-25T09:48:43Z,47.4137037037037,CLOSED,0
jupyter/notebook,1164,2016-03-03T14:18:48Z,2018-08-14T02:09:03Z,893.4932291666667,CLOSED,32
jupyter/notebook,5599,2020-07-10T21:06:36Z,2020-07-11T15:26:13Z,0.7636226851851852,CLOSED,1
jupyter/notebook,5715,2020-08-31T07:20:26Z,2020-08-31T17:51:37Z,0.43832175925925926,CLOSED,2
jupyter/notebook,5732,2020-09-04T22:41:30Z,2020-09-08T14:00:26Z,3.638148148148148,CLOSED,4
jupyter/notebook,1957,2016-12-08T18:52:19Z,,,OPEN,8
jupyter/notebook,1467,2016-05-18T22:41:51Z,,,OPEN,4
jupyter/notebook,3711,2018-06-25T02:26:30Z,,,OPEN,0
jupyter/notebook,1923,2016-11-26T08:21:12Z,,,OPEN,10
jupyter/notebook,1525,2016-06-10T09:06:48Z,,,OPEN,5
jupyter/notebook,2566,2017-06-09T15:44:08Z,,,OPEN,0
jupyter/notebook,2444,2017-04-25T12:29:31Z,,,OPEN,3
jupyter/notebook,2439,2017-04-24T21:04:44Z,,,OPEN,5
jupyter/notebook,1800,2016-09-29T21:09:28Z,,,OPEN,2
jupyter/notebook,2136,2017-02-05T01:40:28Z,,,OPEN,1
jupyter/notebook,2075,2017-01-25T22:03:33Z,,,OPEN,5
jupyter/notebook,699,2015-11-01T01:26:40Z,,,OPEN,30
jupyter/notebook,733,2015-11-18T10:34:50Z,,,OPEN,0
jupyter/notebook,1141,2016-02-24T23:02:25Z,,,OPEN,3
jupyter/notebook,1176,2016-03-05T23:52:32Z,,,OPEN,0
jupyter/notebook,1225,2016-03-17T14:24:42Z,,,OPEN,3
jupyterlab/jupyterlab,5509,2018-10-17T20:36:07Z,2018-11-16T02:54:13Z,29.262569444444445,CLOSED,3
jupyterlab/jupyterlab,3336,2017-12-07T17:37:53Z,2018-01-03T19:26:51Z,27.075671296296296,CLOSED,13
jupyterlab/jupyterlab,5671,2018-11-25T11:14:15Z,2018-11-27T17:53:25Z,2.277199074074074,CLOSED,1
jupyterlab/jupyterlab,5655,2018-11-21T03:21:07Z,2018-11-29T22:17:21Z,8.789050925925926,CLOSED,0
jupyterlab/jupyterlab,5664,2018-11-24T08:27:44Z,2018-11-29T23:02:16Z,5.607314814814814,CLOSED,1
jupyterlab/jupyterlab,3072,2017-10-09T07:11:53Z,2018-12-05T19:17:26Z,422.50385416666666,CLOSED,2
jupyterlab/jupyterlab,5730,2018-12-06T00:29:34Z,2018-12-09T01:48:18Z,3.0546759259259257,CLOSED,4
jupyterlab/jupyterlab,5740,2018-12-07T19:03:35Z,2018-12-29T20:08:07Z,22.044814814814814,CLOSED,8
jupyterlab/jupyterlab,5214,2018-08-25T19:13:40Z,2019-01-07T21:13:54Z,135.08349537037037,CLOSED,0
jupyterlab/jupyterlab,4544,2018-05-09T14:00:31Z,2019-01-08T18:38:31Z,244.19305555555556,CLOSED,13
jupyterlab/jupyterlab,5372,2018-09-24T13:29:14Z,2019-01-08T18:57:37Z,106.22804398148148,CLOSED,1
jupyterlab/jupyterlab,5796,2018-12-22T06:32:09Z,2019-01-11T12:56:24Z,20.266840277777778,CLOSED,5
jupyterlab/jupyterlab,4165,2018-03-10T10:56:15Z,2019-01-23T00:26:13Z,318.56247685185184,CLOSED,15
jupyterlab/jupyterlab,5244,2018-08-30T20:37:41Z,2019-01-23T18:33:09Z,145.91351851851852,CLOSED,1
jupyterlab/jupyterlab,5527,2018-10-26T00:32:02Z,2019-01-25T00:17:01Z,90.98957175925926,CLOSED,4
jupyterlab/jupyterlab,5877,2019-01-16T21:10:09Z,2019-01-25T19:47:21Z,8.9425,CLOSED,2
jupyterlab/jupyterlab,4822,2018-06-30T17:12:23Z,2019-01-26T00:31:24Z,209.3048726851852,CLOSED,2
jupyterlab/jupyterlab,5676,2018-11-26T15:59:50Z,2019-01-26T00:43:30Z,60.36365740740741,CLOSED,1
jupyterlab/jupyterlab,5876,2019-01-16T20:41:44Z,2019-01-26T15:19:49Z,9.77644675925926,CLOSED,3
jupyterlab/jupyterlab,1435,2016-12-21T22:10:50Z,2016-12-23T19:29:59Z,1.888298611111111,CLOSED,18
jupyterlab/jupyterlab,5976,2019-02-11T18:22:05Z,2019-02-14T12:06:18Z,2.7390393518518517,CLOSED,8
jupyterlab/jupyterlab,5987,2019-02-14T21:29:44Z,2019-02-15T01:57:04Z,0.18564814814814815,CLOSED,2
jupyterlab/jupyterlab,5569,2018-11-01T21:40:18Z,2019-02-15T14:24:08Z,105.69710648148148,CLOSED,2
jupyterlab/jupyterlab,5326,2018-09-17T03:59:52Z,2019-02-19T15:48:07Z,155.49184027777778,CLOSED,7
jupyterlab/jupyterlab,4800,2018-06-28T15:26:13Z,2019-02-26T15:15:31Z,242.99256944444446,CLOSED,5
jupyterlab/jupyterlab,4748,2018-06-19T09:22:33Z,2019-02-27T21:23:28Z,253.50063657407406,CLOSED,2
jupyterlab/jupyterlab,6021,2019-02-22T15:43:51Z,2019-02-28T14:23:06Z,5.943923611111111,CLOSED,0
jupyterlab/jupyterlab,5211,2018-08-25T14:51:29Z,2019-02-28T16:58:52Z,187.08846064814816,CLOSED,21
jupyterlab/jupyterlab,5949,2019-02-05T23:40:17Z,2019-03-19T22:00:12Z,41.93049768518519,CLOSED,2
jupyterlab/jupyterlab,5973,2019-02-09T03:12:12Z,2019-03-22T21:41:18Z,41.770208333333336,CLOSED,0
jupyterlab/jupyterlab,2649,2017-07-10T13:02:54Z,2017-07-10T17:07:36Z,0.16993055555555556,CLOSED,9
jupyterlab/jupyterlab,6106,2019-03-19T20:27:14Z,2019-03-27T03:51:55Z,7.30880787037037,CLOSED,7
jupyterlab/jupyterlab,6077,2019-03-08T02:33:17Z,2019-03-28T07:44:06Z,20.21584490740741,CLOSED,9
jupyterlab/jupyterlab,3460,2017-12-22T09:38:10Z,2018-02-16T18:51:17Z,56.384108796296296,CLOSED,24
jupyterlab/jupyterlab,6023,2019-02-22T21:31:42Z,2019-04-13T21:49:35Z,50.01241898148148,CLOSED,6
jupyterlab/jupyterlab,5874,2019-01-16T13:47:28Z,2019-04-17T10:35:38Z,90.86678240740741,CLOSED,7
jupyterlab/jupyterlab,3984,2018-02-23T18:04:35Z,2018-02-27T15:31:50Z,3.893923611111111,CLOSED,22
jupyterlab/jupyterlab,6166,2019-04-04T21:28:05Z,2019-04-24T20:43:05Z,19.96875,CLOSED,7
jupyterlab/jupyterlab,5561,2018-10-31T21:38:22Z,2019-04-27T02:26:01Z,177.19975694444443,CLOSED,12
jupyterlab/jupyterlab,6273,2019-04-29T12:26:21Z,2019-04-30T18:37:12Z,1.2575347222222222,CLOSED,3
jupyterlab/jupyterlab,5588,2018-11-05T15:07:39Z,2018-11-28T23:03:05Z,23.330162037037038,CLOSED,19
jupyterlab/jupyterlab,5743,2018-12-09T04:06:16Z,2019-05-04T01:49:26Z,145.90497685185184,CLOSED,1
jupyterlab/jupyterlab,5803,2018-12-23T20:44:36Z,2019-05-10T22:59:21Z,138.0935763888889,CLOSED,6
jupyterlab/jupyterlab,6280,2019-04-29T17:36:10Z,2019-05-12T20:49:05Z,13.133969907407407,CLOSED,3
jupyterlab/jupyterlab,6772,2019-07-06T15:04:00Z,2019-07-07T11:13:18Z,0.8397916666666667,CLOSED,2
jupyterlab/jupyterlab,3233,2017-11-12T14:03:44Z,2019-05-15T18:24:38Z,549.1811805555556,CLOSED,10
jupyterlab/jupyterlab,6551,2019-06-12T16:09:00Z,,,OPEN,1
jupyterlab/jupyterlab,6588,2019-06-15T23:32:40Z,,,OPEN,0
jupyterlab/jupyterlab,6562,2019-06-13T11:05:42Z,,,OPEN,1
jupyterlab/jupyterlab,4001,2018-02-25T15:25:27Z,,,OPEN,5
jupyterlab/jupyterlab,6362,2019-05-16T08:44:45Z,,,OPEN,0
jupyterlab/jupyterlab,6242,2019-04-25T02:13:43Z,,,OPEN,8
jupyterlab/jupyterlab,4490,2018-04-29T03:41:38Z,,,OPEN,3
jupyterlab/jupyterlab,6096,2019-03-17T20:28:37Z,,,OPEN,8
jupyterlab/jupyterlab,2413,2017-06-09T15:35:47Z,,,OPEN,9
jupyterlab/jupyterlab,5305,2018-09-13T02:11:27Z,,,OPEN,1
jupyterlab/jupyterlab,5842,2019-01-07T18:18:32Z,,,OPEN,2
jupyterlab/jupyterlab,4091,2018-03-02T13:49:36Z,,,OPEN,9
jupyterlab/jupyterlab,5333,2018-09-17T23:55:41Z,,,OPEN,16
jupyterlab/jupyterlab,4571,2018-05-15T08:23:45Z,,,OPEN,1
jupyterlab/jupyterlab,5455,2018-10-08T04:44:35Z,,,OPEN,3
jupyterlab/jupyterlab,3963,2018-02-22T16:56:42Z,,,OPEN,2
jupyterlab/jupyterlab,4095,2018-03-03T00:11:07Z,,,OPEN,3
jupyterlab/jupyterlab,4117,2018-03-05T17:20:22Z,,,OPEN,7
jupyterlab/jupyterlab,5228,2018-08-28T12:32:35Z,,,OPEN,4
jupyterlab/jupyterlab,5019,2018-08-01T07:03:01Z,,,OPEN,4
jupyterlab/jupyterlab,3249,2017-11-15T22:42:59Z,,,OPEN,1
jupyterlab/jupyterlab,3412,2017-12-18T20:42:23Z,,,OPEN,2
jupyterlab/jupyterlab,3807,2018-02-04T13:02:44Z,,,OPEN,12
jupyterlab/jupyterlab,4136,2018-03-07T16:04:24Z,,,OPEN,3
jupyterlab/jupyterlab,4309,2018-04-03T12:39:17Z,,,OPEN,0
jupyterlab/jupyterlab,3923,2018-02-21T08:27:36Z,,,OPEN,4
jupyterlab/jupyterlab,4321,2018-04-05T05:00:35Z,,,OPEN,0
jupyterlab/jupyterlab,4217,2018-03-21T16:48:59Z,,,OPEN,3
jupyterlab/jupyterlab,4318,2018-04-04T09:54:46Z,,,OPEN,3
jupyterlab/jupyterlab,4168,2018-03-10T14:17:35Z,,,OPEN,1
jupyterlab/jupyterlab,744,2016-08-24T20:45:16Z,,,OPEN,0
jupyterlab/jupyterlab,3190,2017-11-05T15:00:09Z,,,OPEN,3
jupyterlab/jupyterlab,4302,2018-04-02T18:49:01Z,,,OPEN,0
jupyterlab/jupyterlab,4255,2018-03-27T23:35:42Z,,,OPEN,0
jupyterlab/jupyterlab,4657,2018-05-29T17:38:42Z,,,OPEN,0
jupyterlab/jupyterlab,4755,2018-06-20T13:20:08Z,,,OPEN,0
jupyterlab/jupyterlab,5094,2018-08-10T17:00:12Z,,,OPEN,8
jupyterlab/jupyterlab,4523,2018-05-04T14:52:55Z,,,OPEN,2
jupyterlab/jupyterlab,4580,2018-05-16T08:34:55Z,,,OPEN,5
jupyterlab/jupyterlab,4564,2018-05-14T03:40:51Z,,,OPEN,0
jupyterlab/jupyterlab,4619,2018-05-23T09:22:46Z,,,OPEN,18
jupyterlab/jupyterlab,4652,2018-05-28T13:47:14Z,,,OPEN,0
jupyterlab/jupyterlab,4679,2018-06-03T12:45:35Z,,,OPEN,0
jupyterlab/jupyterlab,4732,2018-06-15T01:49:07Z,,,OPEN,4
jupyterlab/jupyterlab,2355,2017-06-05T16:33:18Z,,,OPEN,7
jupyterlab/jupyterlab,4743,2018-06-18T14:24:33Z,,,OPEN,0
jupyterlab/jupyterlab,4561,2018-05-13T06:09:35Z,,,OPEN,0
jupyterlab/jupyterlab,3116,2017-10-18T11:41:26Z,,,OPEN,7
jupyterlab/jupyterlab,4862,2018-07-10T14:11:20Z,,,OPEN,5
jupyterlab/jupyterlab,4781,2018-06-26T11:12:10Z,,,OPEN,0
jupyterlab/jupyterlab,4860,2018-07-10T13:55:35Z,,,OPEN,0
jupyterlab/jupyterlab,4998,2018-07-28T22:36:50Z,,,OPEN,1
jupyterlab/jupyterlab,5198,2018-08-23T20:35:04Z,,,OPEN,0
jupyterlab/jupyterlab,5229,2018-08-28T14:56:57Z,,,OPEN,3
ipython/ipython,1359,2012-01-31T20:20:15Z,2012-02-02T21:41:05Z,2.056134259259259,CLOSED,1
ipython/ipython,1360,2012-01-31T21:33:08Z,2012-02-17T20:19:55Z,16.949155092592594,CLOSED,6
ipython/ipython,1439,2012-02-26T16:05:59Z,2012-02-28T23:14:51Z,2.297824074074074,CLOSED,5
ipython/ipython,1268,2012-01-14T17:39:41Z,2012-03-07T00:08:26Z,52.26996527777778,CLOSED,4
ipython/ipython,1412,2012-02-18T19:44:56Z,2012-02-27T21:20:51Z,9.066608796296297,CLOSED,1
ipython/ipython,1408,2012-02-15T11:43:34Z,2012-02-21T15:21:14Z,6.151157407407408,CLOSED,1
ipython/ipython,645,2011-07-30T13:44:09Z,2012-02-07T21:34:25Z,192.32657407407407,CLOSED,6
ipython/ipython,1205,2011-12-24T17:49:07Z,2012-01-31T20:52:11Z,38.12712962962963,CLOSED,2
ipython/ipython,1304,2012-01-20T22:49:42Z,2012-01-23T22:14:21Z,2.9754513888888887,CLOSED,3
ipython/ipython,1251,2012-01-10T08:00:27Z,2012-01-21T01:40:46Z,10.736331018518518,CLOSED,9
ipython/ipython,1302,2012-01-20T20:01:39Z,2012-01-21T03:04:09Z,0.2934027777777778,CLOSED,4
ipython/ipython,1281,2012-01-17T16:17:12Z,2012-01-18T20:56:54Z,1.194236111111111,CLOSED,3
ipython/ipython,1198,2011-12-22T20:29:45Z,2012-01-06T10:06:48Z,14.567395833333334,CLOSED,14
ipython/ipython,1204,2011-12-24T11:30:24Z,2011-12-24T21:18:07Z,0.40813657407407405,CLOSED,3
ipython/ipython,1156,2011-12-15T15:15:17Z,2011-12-15T22:44:49Z,0.3121759259259259,CLOSED,6
ipython/ipython,1148,2011-12-13T18:21:10Z,2011-12-13T20:09:17Z,0.07508101851851852,CLOSED,5
ipython/ipython,1136,2011-12-09T21:29:12Z,2011-12-13T00:15:41Z,3.115613425925926,CLOSED,6
ipython/ipython,700,2011-08-15T21:03:51Z,2011-12-11T01:00:13Z,117.16414351851851,CLOSED,3
ipython/ipython,1117,2011-12-07T21:30:57Z,2011-12-09T18:47:40Z,1.8866087962962963,CLOSED,6
ipython/ipython,568,2011-07-11T21:18:46Z,2011-12-07T22:21:08Z,149.0433101851852,CLOSED,12
ipython/ipython,1087,2011-12-01T21:36:03Z,2011-12-06T06:50:06Z,4.384756944444445,CLOSED,6
ipython/ipython,1018,2011-11-20T09:11:55Z,2011-12-06T05:27:41Z,15.844282407407407,CLOSED,4
ipython/ipython,1067,2011-11-30T00:50:18Z,2011-12-06T05:27:41Z,6.192627314814815,CLOSED,0
ipython/ipython,993,2011-11-11T07:47:59Z,2011-12-06T01:40:32Z,24.74482638888889,CLOSED,18
ipython/ipython,633,2011-07-29T10:23:19Z,2011-12-05T23:58:11Z,129.56587962962962,CLOSED,3
ipython/ipython,1095,2011-12-04T07:48:32Z,2011-12-04T22:18:13Z,0.6039467592592592,CLOSED,2
ipython/ipython,904,2011-10-20T05:23:41Z,2011-10-25T21:29:05Z,5.670416666666667,CLOSED,18
ipython/ipython,1076,2011-12-01T02:13:18Z,2011-12-01T19:03:13Z,0.7013310185185185,CLOSED,4
ipython/ipython,1074,2011-11-30T22:41:45Z,2011-11-30T22:59:52Z,0.01258101851851852,CLOSED,1
ipython/ipython,592,2011-07-18T20:27:42Z,2011-11-30T21:13:49Z,135.03202546296296,CLOSED,4
ipython/ipython,378,2011-04-13T20:08:10Z,2011-11-30T18:47:32Z,230.94400462962963,CLOSED,6
ipython/ipython,1057,2011-11-27T23:44:30Z,2011-11-30T06:06:30Z,2.265277777777778,CLOSED,17
ipython/ipython,1058,2011-11-28T03:07:40Z,2011-11-28T21:01:59Z,0.7460532407407408,CLOSED,3
ipython/ipython,693,2011-08-11T16:21:05Z,2011-11-27T02:45:29Z,107.4336111111111,CLOSED,4
ipython/ipython,1022,2011-11-21T00:32:32Z,2011-11-24T22:03:03Z,3.89619212962963,CLOSED,8
ipython/ipython,787,2011-09-13T08:45:19Z,2011-11-24T21:37:48Z,72.53644675925926,CLOSED,5
ipython/ipython,1024,2011-11-21T20:38:48Z,2011-11-21T21:13:33Z,0.024131944444444445,CLOSED,4
ipython/ipython,822,2011-09-29T18:35:05Z,2011-11-20T22:54:00Z,52.17980324074074,CLOSED,22
ipython/ipython,833,2011-10-01T22:22:56Z,2011-11-20T10:41:46Z,49.513078703703705,CLOSED,11
ipython/ipython,992,2011-11-11T07:42:58Z,2011-11-20T08:48:20Z,9.045393518518518,CLOSED,5
ipython/ipython,681,2011-08-06T19:24:02Z,2011-11-15T04:34:16Z,100.38210648148149,CLOSED,6
ipython/ipython,698,2011-08-13T09:01:54Z,2011-11-15T04:26:53Z,93.8090162037037,CLOSED,2
ipython/ipython,988,2011-11-10T16:25:46Z,2011-11-11T01:59:17Z,0.39827546296296296,CLOSED,8
ipython/ipython,978,2011-11-08T02:39:24Z,2011-11-11T08:00:34Z,3.2230324074074073,CLOSED,3
ipython/ipython,952,2011-10-30T23:56:50Z,2011-11-11T04:16:43Z,11.180474537037037,CLOSED,4
ipython/ipython,949,2011-10-30T20:34:49Z,2011-11-02T19:28:01Z,2.953611111111111,CLOSED,2
ipython/ipython,918,2011-10-21T20:40:36Z,2011-11-10T03:49:42Z,19.29798611111111,CLOSED,4
ipython/ipython,986,2011-11-09T22:46:07Z,2011-11-10T03:20:12Z,0.19033564814814816,CLOSED,3
ipython/ipython,911,2011-10-20T19:17:20Z,2011-11-07T23:01:33Z,18.15570601851852,CLOSED,2
ipython/ipython,939,2011-10-28T19:36:15Z,2011-11-02T21:36:48Z,5.083715277777777,CLOSED,13
ipython/ipython,946,2011-10-30T00:43:38Z,2011-11-02T19:49:13Z,3.7955439814814813,CLOSED,2
ipython/ipython,934,2011-10-26T22:58:22Z,2011-10-30T23:11:44Z,4.009282407407407,CLOSED,10
ipython/ipython,908,2011-10-20T16:48:19Z,2011-10-29T04:14:02Z,8.476192129629629,CLOSED,3
ipython/ipython,869,2011-10-13T20:26:14Z,2011-10-26T18:06:31Z,12.902974537037037,CLOSED,5
ipython/ipython,886,2011-10-17T07:43:40Z,2011-10-25T04:08:05Z,7.850289351851852,CLOSED,8
ipython/ipython,636,2011-07-29T19:10:39Z,2011-10-25T00:50:57Z,87.23631944444445,CLOSED,1
ipython/ipython,808,2011-09-20T17:39:07Z,2011-10-24T23:30:21Z,34.243912037037035,CLOSED,5
ipython/ipython,917,2011-10-21T19:40:53Z,2011-10-21T21:11:13Z,0.06273148148148149,CLOSED,1
ipython/ipython,818,2011-09-22T17:36:31Z,2011-10-20T21:13:36Z,28.150752314814813,CLOSED,10
ipython/ipython,867,2011-10-13T16:09:48Z,2011-10-20T20:21:41Z,7.174918981481482,CLOSED,2
ipython/ipython,900,2011-10-19T03:41:18Z,2011-10-20T18:20:37Z,1.610636574074074,CLOSED,1
ipython/ipython,710,2011-08-19T13:37:59Z,2011-10-19T00:52:34Z,60.468460648148145,CLOSED,2
ipython/ipython,692,2011-08-10T10:20:14Z,2011-10-18T22:49:36Z,69.52039351851852,CLOSED,1
ipython/ipython,690,2011-08-10T09:15:48Z,2011-10-18T19:05:04Z,69.40921296296297,CLOSED,3
ipython/ipython,749,2011-08-30T18:46:42Z,2011-10-17T23:18:13Z,48.18855324074074,CLOSED,2
ipython/ipython,885,2011-10-17T02:41:11Z,2011-10-17T02:57:56Z,0.011631944444444445,CLOSED,7
ipython/ipython,535,2011-06-22T19:09:44Z,2011-10-14T22:28:29Z,114.13802083333333,CLOSED,6
ipython/ipython,871,2011-10-14T01:19:20Z,2011-10-14T01:52:28Z,0.02300925925925926,CLOSED,4
ipython/ipython,673,2011-08-03T20:40:35Z,2011-10-12T22:28:45Z,70.07511574074074,CLOSED,3
ipython/ipython,812,2011-09-21T01:50:28Z,2011-09-23T20:07:09Z,2.761585648148148,CLOSED,21
ipython/ipython,756,2011-09-02T23:34:21Z,2011-09-20T22:35:40Z,17.959247685185186,CLOSED,2
ipython/ipython,768,2011-09-06T18:35:46Z,2011-09-13T05:38:39Z,6.460335648148148,CLOSED,14
ipython/ipython,785,2011-09-13T02:23:53Z,2011-09-13T04:12:45Z,0.07560185185185185,CLOSED,1
ipython/ipython,728,2011-08-24T23:00:15Z,2011-09-12T20:44:18Z,18.905590277777776,CLOSED,2
ipython/ipython,739,2011-08-27T10:05:45Z,2011-09-09T22:25:07Z,13.513449074074074,CLOSED,4
ipython/ipython,655,2011-08-01T14:19:40Z,2011-09-09T21:28:12Z,39.29759259259259,CLOSED,8
ipython/ipython,302,2011-03-24T19:10:38Z,2011-07-20T16:15:33Z,117.87841435185184,CLOSED,1
ipython/ipython,435,2011-05-13T23:06:38Z,2011-07-20T16:14:26Z,67.71375,CLOSED,3
ipython/ipython,566,2011-07-11T18:54:23Z,2011-07-11T19:13:41Z,0.013402777777777777,CLOSED,1
ipython/ipython,553,2011-07-04T16:06:55Z,2011-07-04T16:40:30Z,0.02332175925925926,CLOSED,0
ipython/ipython,549,2011-07-01T03:23:41Z,2011-07-01T05:15:15Z,0.07747685185185185,CLOSED,7
ipython/ipython,541,2011-06-25T20:30:16Z,2011-06-26T08:49:21Z,0.5132523148148148,CLOSED,1
ipython/ipython,351,2011-04-10T05:50:17Z,2011-06-24T23:58:49Z,75.75592592592592,CLOSED,6
ipython/ipython,340,2011-04-08T18:23:52Z,2011-06-24T17:52:31Z,76.97822916666667,CLOSED,3
ipython/ipython,522,2011-06-16T12:28:47Z,2011-06-20T12:33:47Z,4.003472222222222,CLOSED,16
ipython/ipython,458,2011-05-20T01:59:39Z,2011-06-01T00:35:08Z,11.94130787037037,CLOSED,1
ipython/ipython,439,2011-05-13T23:19:33Z,2011-05-17T23:32:25Z,4.0089351851851855,CLOSED,4
ipython/ipython,25,2010-05-10T09:29:16Z,2011-03-25T02:01:50Z,318.6892824074074,CLOSED,23
ipython/ipython,379,2011-04-14T01:20:04Z,2011-04-26T18:25:21Z,12.712002314814814,CLOSED,1
ipython/ipython,386,2011-04-14T22:10:29Z,2011-04-21T19:24:13Z,6.884537037037037,CLOSED,4
ipython/ipython,387,2011-04-15T22:52:28Z,2011-04-20T21:56:36Z,4.961203703703704,CLOSED,7
ipython/ipython,26,2010-05-10T09:29:34Z,2011-04-18T21:39:51Z,343.5071412037037,CLOSED,3
ipython/ipython,368,2011-04-12T00:57:09Z,2011-04-18T21:37:28Z,6.861331018518518,CLOSED,3
ipython/ipython,71,2010-05-10T09:37:10Z,2011-04-13T21:17:58Z,338.4866666666667,CLOSED,4
ipython/ipython,308,2011-03-25T07:50:04Z,2011-03-25T17:26:29Z,0.4002893518518518,CLOSED,5
ipython/ipython,306,2011-03-25T06:58:36Z,2011-04-07T23:28:12Z,13.687222222222223,CLOSED,5
ipython/ipython,290,2011-03-13T06:28:17Z,2011-03-25T00:15:20Z,11.741006944444445,CLOSED,4
ipython/ipython,197,2010-10-31T13:52:20Z,2011-03-25T18:21:23Z,145.18684027777778,CLOSED,10
ipython/ipython,196,2010-10-31T12:07:04Z,2011-03-25T02:04:14Z,144.58136574074075,CLOSED,4
ipython/ipython,77,2010-05-10T09:37:23Z,2011-03-23T08:18:07Z,316.94495370370373,CLOSED,3
ipython/ipykernel,1442,2025-10-14T07:25:20Z,2025-10-22T04:35:31Z,7.882071759259259,CLOSED,2
ipython/ipykernel,1454,2025-10-16T02:27:33Z,2025-10-20T11:59:57Z,4.3975,CLOSED,2
ipython/ipykernel,1289,2024-10-30T09:31:07Z,2025-10-16T15:57:52Z,351.2685763888889,CLOSED,3
ipython/ipykernel,1351,2025-02-20T07:59:51Z,,,OPEN,2
ipython/ipykernel,1278,2024-10-22T11:19:37Z,2024-10-25T12:49:03Z,3.0621064814814813,CLOSED,0
ipython/ipykernel,1239,2024-05-22T23:23:53Z,,,OPEN,4
ipython/ipykernel,1279,2024-10-22T11:44:10Z,,,OPEN,0
ipython/ipykernel,1252,2024-06-28T12:01:39Z,2024-07-01T08:14:10Z,2.842025462962963,CLOSED,0
ipython/ipykernel,1170,2023-11-23T16:13:37Z,2023-11-27T18:21:02Z,4.0884837962962965,CLOSED,4
ipython/ipykernel,1066,2022-12-26T14:54:34Z,,,OPEN,11
ipython/ipykernel,881,2022-03-14T18:41:01Z,,,OPEN,1
ipython/ipykernel,1043,2022-11-30T02:39:35Z,2022-12-07T21:26:26Z,7.7825347222222225,CLOSED,4
ipython/ipykernel,1026,2022-11-21T18:38:10Z,2022-11-30T12:09:05Z,8.729803240740742,CLOSED,13
ipython/ipykernel,1040,2022-11-29T16:42:02Z,2022-11-29T23:19:01Z,0.27568287037037037,CLOSED,7
ipython/ipykernel,929,2022-05-12T07:42:00Z,,,OPEN,2
ipython/ipykernel,940,2022-05-25T15:12:09Z,2022-05-25T19:43:15Z,0.1882638888888889,CLOSED,2
ipython/ipykernel,934,2022-05-19T01:18:19Z,,,OPEN,3
ipython/ipykernel,923,2022-04-27T15:15:59Z,,,OPEN,3
ipython/ipykernel,914,2022-04-11T08:04:38Z,2022-04-11T09:05:48Z,0.04247685185185185,CLOSED,2
ipython/ipykernel,901,2022-04-02T17:46:51Z,2022-04-04T09:50:09Z,1.6689583333333333,CLOSED,2
ipython/ipykernel,872,2022-02-18T21:29:09Z,2022-02-21T16:13:19Z,2.7806712962962963,CLOSED,10
ipython/ipykernel,860,2022-02-09T17:04:45Z,2022-02-15T15:41:27Z,5.942152777777777,CLOSED,4
ipython/ipykernel,824,2021-12-14T03:39:01Z,,,OPEN,1
ipython/ipykernel,763,2021-09-03T13:22:40Z,2021-12-02T12:40:53Z,89.9709837962963,CLOSED,1
ipython/ipykernel,798,2021-11-11T15:02:29Z,,,OPEN,2
ipython/ipykernel,393,2019-03-17T12:17:43Z,,,OPEN,0
ipython/ipykernel,143,2016-06-14T16:32:42Z,2016-07-07T08:28:17Z,22.663599537037037,CLOSED,5
ipython/ipykernel,137,2016-05-30T21:11:27Z,2016-05-31T07:57:44Z,0.44880787037037034,CLOSED,0
ipython/ipykernel,9,2015-04-23T22:58:55Z,2015-04-28T23:53:42Z,5.038043981481482,CLOSED,5
jupyter/nbformat,328,2022-11-23T00:10:53Z,,,OPEN,1
jupyter/nbformat,186,2020-06-29T02:01:00Z,,,OPEN,2
opencv/opencv-python,1191,2026-01-23T21:05:14Z,,,OPEN,7
opencv/opencv-python,814,2023-03-07T12:59:53Z,,,OPEN,42
opencv/opencv-python,551,2021-10-04T16:07:53Z,2022-03-22T05:59:28Z,168.57748842592594,CLOSED,6
opencv/opencv-python,1114,2024-07-16T09:55:24Z,2025-07-04T15:15:31Z,353.22230324074076,CLOSED,17
opencv/opencv-python,534,2021-09-01T00:56:59Z,,,OPEN,15
opencv/opencv-python,1085,2025-02-20T15:38:50Z,2025-05-05T12:12:31Z,73.85672453703704,CLOSED,6
opencv/opencv-python,1078,2025-01-23T03:04:14Z,2025-01-28T08:08:53Z,5.2115625,CLOSED,2
opencv/opencv-python,532,2021-08-28T04:24:48Z,,,OPEN,9
opencv/opencv-python,1005,2024-06-18T00:35:29Z,2024-08-01T16:13:05Z,44.65111111111111,CLOSED,2
opencv/opencv-python,1009,2024-06-22T04:26:01Z,,,OPEN,0
opencv/opencv-python,777,2023-01-13T12:10:47Z,2023-02-21T11:45:22Z,38.98234953703704,CLOSED,12
opencv/opencv-python,953,2024-02-08T15:10:18Z,2024-02-08T17:47:16Z,0.10900462962962963,CLOSED,3
opencv/opencv-python,944,2024-01-04T02:26:31Z,,,OPEN,0
opencv/opencv-python,899,2023-09-11T13:48:31Z,2023-11-11T05:53:42Z,60.670266203703704,CLOSED,4
opencv/opencv-python,574,2021-10-27T11:36:31Z,2021-10-30T12:40:54Z,3.0447106481481483,CLOSED,8
opencv/opencv-python,772,2023-01-04T02:50:56Z,2023-02-21T11:54:56Z,48.37777777777778,CLOSED,5
opencv/opencv-python,765,2022-12-30T10:06:21Z,2023-02-21T11:44:59Z,53.06849537037037,CLOSED,5
opencv/opencv-python,798,2023-02-17T22:17:53Z,2023-02-21T11:40:55Z,3.557662037037037,CLOSED,4
opencv/opencv-python,775,2023-01-11T20:38:50Z,2023-01-24T11:09:38Z,12.604722222222222,CLOSED,0
opencv/opencv-python,753,2022-12-02T22:23:31Z,,,OPEN,2
opencv/opencv-python,689,2022-07-13T15:40:47Z,2022-08-14T18:28:27Z,32.11643518518518,CLOSED,6
opencv/opencv-python,621,2022-02-07T12:02:45Z,,,OPEN,0
opencv/opencv-python,572,2021-10-22T14:50:45Z,2021-11-22T05:54:50Z,30.62783564814815,CLOSED,18
opencv/opencv-python,485,2021-05-12T16:31:20Z,2021-10-21T06:10:06Z,161.56858796296297,CLOSED,0
opencv/opencv-python,537,2021-09-05T18:13:02Z,2021-10-08T11:42:07Z,32.72853009259259,CLOSED,21
opencv/opencv-python,517,2021-07-20T23:41:05Z,2021-08-25T06:59:41Z,35.30458333333333,CLOSED,8
opencv/opencv-python,492,2021-05-27T15:49:17Z,,,OPEN,0
opencv/opencv-python,48,2017-10-02T08:14:01Z,2017-12-23T13:01:02Z,82.19931712962963,CLOSED,8
python-pillow/Pillow,272,2013-07-05T12:56:30Z,2013-07-09T10:20:49Z,3.891886574074074,CLOSED,16
python-pillow/Pillow,2810,2017-10-24T11:48:04Z,2017-10-25T19:01:29Z,1.3009837962962962,CLOSED,1
python-pillow/Pillow,940,2014-10-02T11:20:59Z,2017-10-16T08:54:22Z,1109.8981828703704,CLOSED,10
python-pillow/Pillow,1404,2015-08-31T18:54:18Z,2017-09-20T08:12:13Z,750.5541087962963,CLOSED,4
python-pillow/Pillow,835,2014-08-01T13:13:25Z,2017-09-29T14:36:17Z,1155.0575462962963,CLOSED,14
python-pillow/Pillow,2063,2016-08-08T20:42:43Z,2017-08-31T12:23:48Z,387.6535300925926,CLOSED,3
python-pillow/Pillow,2618,2017-07-13T03:49:54Z,2017-07-16T15:27:47Z,3.4846412037037036,CLOSED,1
python-pillow/Pillow,2617,2017-07-11T12:27:12Z,2017-07-16T15:22:53Z,5.122002314814814,CLOSED,1
python-pillow/Pillow,2607,2017-07-03T19:09:32Z,2017-07-04T06:02:32Z,0.4534722222222222,CLOSED,3
python-pillow/Pillow,2451,2017-03-18T19:08:09Z,2017-06-21T12:57:37Z,94.74268518518518,CLOSED,7
python-pillow/Pillow,2454,2017-03-22T11:53:22Z,2017-06-21T12:52:24Z,91.04099537037037,CLOSED,4
python-pillow/Pillow,2402,2017-02-14T08:03:23Z,2017-06-21T10:00:03Z,127.08101851851852,CLOSED,2
python-pillow/Pillow,2514,2017-05-10T00:14:40Z,2017-05-14T11:51:23Z,4.483831018518519,CLOSED,1
python-pillow/Pillow,2481,2017-04-10T22:51:38Z,2017-04-19T11:10:45Z,8.513275462962962,CLOSED,6
python-pillow/Pillow,2268,2016-12-01T13:49:38Z,2017-04-03T22:30:26Z,123.36166666666666,CLOSED,5
python-pillow/Pillow,2314,2016-12-27T20:20:11Z,2017-03-12T17:18:39Z,74.87393518518519,CLOSED,10
python-pillow/Pillow,1662,2016-01-15T15:27:02Z,2017-02-07T19:38:06Z,389.17435185185184,CLOSED,4
python-pillow/Pillow,1902,2016-05-10T10:11:32Z,2017-01-26T14:13:28Z,261.16800925925924,CLOSED,4
python-pillow/Pillow,2376,2017-01-26T11:30:00Z,2017-01-26T14:12:41Z,0.11297453703703704,CLOSED,1
python-pillow/Pillow,2280,2016-12-08T22:29:52Z,2017-01-16T11:05:21Z,38.5246412037037,CLOSED,6
python-pillow/Pillow,2299,2016-12-21T20:13:26Z,2016-12-27T10:25:49Z,5.59193287037037,CLOSED,1
python-pillow/Pillow,2258,2016-11-27T02:55:20Z,2016-12-04T10:27:40Z,7.314120370370371,CLOSED,1
python-pillow/Pillow,2231,2016-11-17T14:46:20Z,2016-11-23T14:10:17Z,5.974965277777778,CLOSED,8
python-pillow/Pillow,2161,2016-10-09T20:40:53Z,2016-10-17T10:30:12Z,7.575914351851852,CLOSED,6
python-pillow/Pillow,2093,2016-08-28T06:51:44Z,2016-10-03T13:03:12Z,36.257962962962964,CLOSED,11
python-pillow/Pillow,2037,2016-07-24T21:53:44Z,2016-10-03T13:02:39Z,70.63119212962962,CLOSED,3
python-pillow/Pillow,1129,2015-03-06T20:54:53Z,2016-06-30T15:50:08Z,481.78836805555557,CLOSED,10
python-pillow/Pillow,1722,2016-02-09T01:58:49Z,2016-09-29T17:43:11Z,233.65581018518517,CLOSED,4
python-pillow/Pillow,350,2013-09-30T17:16:25Z,2016-08-25T10:28:08Z,1059.7164699074074,CLOSED,8
python-pillow/Pillow,1293,2015-06-20T15:47:43Z,2016-07-06T07:35:03Z,381.65787037037035,CLOSED,52
python-pillow/Pillow,767,2014-07-04T05:59:41Z,2016-06-30T15:57:01Z,727.4148148148148,CLOSED,29
python-pillow/Pillow,1345,2015-07-14T09:21:58Z,2016-07-01T11:51:30Z,353.10384259259257,CLOSED,4
python-pillow/Pillow,1462,2015-10-02T22:00:02Z,2016-06-29T21:36:57Z,270.9839699074074,CLOSED,24
python-pillow/Pillow,863,2014-08-21T02:20:06Z,2016-06-30T15:53:46Z,679.5650462962963,CLOSED,2
python-pillow/Pillow,623,2014-04-14T18:48:43Z,2014-06-22T20:04:18Z,69.05248842592593,CLOSED,14
python-pillow/Pillow,975,2014-10-26T09:39:43Z,2016-04-03T20:19:16Z,525.4441319444444,CLOSED,6
python-pillow/Pillow,1778,2016-03-25T00:30:41Z,2016-04-03T08:15:44Z,9.322951388888889,CLOSED,5
python-pillow/Pillow,568,2014-03-25T06:11:57Z,2016-02-04T15:52:14Z,681.402974537037,CLOSED,17
python-pillow/Pillow,701,2014-06-16T13:43:54Z,2016-01-22T12:00:26Z,584.9281481481481,CLOSED,7
python-pillow/Pillow,1541,2015-11-17T08:38:54Z,2016-01-09T09:35:45Z,53.039479166666666,CLOSED,6
python-pillow/Pillow,1477,2015-10-07T09:06:41Z,2015-12-30T05:35:46Z,83.85353009259259,CLOSED,14
python-pillow/Pillow,1188,2015-04-13T21:51:13Z,2015-12-29T23:21:09Z,260.0624537037037,CLOSED,6
python-pillow/Pillow,1194,2015-04-14T21:54:55Z,2015-12-29T23:20:30Z,259.05943287037036,CLOSED,8
python-pillow/Pillow,1259,2015-06-07T10:58:18Z,2015-12-29T23:09:06Z,205.5075,CLOSED,10
python-pillow/Pillow,494,2014-01-18T14:58:00Z,2014-03-17T18:01:24Z,58.127361111111114,CLOSED,6
python-pillow/Pillow,1039,2014-12-06T02:27:41Z,2015-10-28T08:39:12Z,326.25799768518516,CLOSED,10
python-pillow/Pillow,1460,2015-10-02T19:31:06Z,2015-10-05T08:42:00Z,2.549236111111111,CLOSED,35
python-pillow/Pillow,1454,2015-10-02T07:51:47Z,2015-10-03T14:36:06Z,1.280775462962963,CLOSED,6
python-pillow/Pillow,1355,2015-07-24T09:38:02Z,2015-09-24T20:57:14Z,62.471666666666664,CLOSED,13
python-pillow/Pillow,1227,2015-05-11T13:55:29Z,2015-09-20T11:53:14Z,131.91510416666668,CLOSED,5
python-pillow/Pillow,1176,2015-04-03T17:01:59Z,2015-09-10T14:08:39Z,159.87962962962962,CLOSED,3
python-pillow/Pillow,1377,2015-08-15T03:36:35Z,2015-09-09T20:43:32Z,25.713159722222223,CLOSED,3
python-pillow/Pillow,1396,2015-08-28T04:22:19Z,2015-08-28T14:24:53Z,0.41844907407407406,CLOSED,6
python-pillow/Pillow,1369,2015-08-03T21:38:36Z,2015-08-09T08:26:51Z,5.450173611111111,CLOSED,5
python-pillow/Pillow,1328,2015-07-02T10:09:40Z,2015-07-19T17:26:51Z,17.303599537037037,CLOSED,12
python-pillow/Pillow,663,2014-05-15T08:23:13Z,2015-07-04T10:52:38Z,415.1037615740741,CLOSED,7
python-pillow/Pillow,1310,2015-06-27T22:00:27Z,2015-06-30T11:54:15Z,2.5790277777777777,CLOSED,4
python-pillow/Pillow,807,2014-07-17T16:20:04Z,2015-05-13T06:18:04Z,299.58194444444445,CLOSED,2
python-pillow/Pillow,831,2014-07-31T06:59:40Z,2015-04-21T18:48:22Z,264.4921527777778,CLOSED,6
python-pillow/Pillow,1082,2015-01-22T17:12:36Z,2015-04-03T10:12:11Z,70.70804398148148,CLOSED,4
python-pillow/Pillow,1111,2015-02-20T17:17:05Z,2015-03-26T11:35:45Z,33.762962962962966,CLOSED,8
python-pillow/Pillow,586,2014-03-30T08:40:21Z,2015-02-25T18:26:23Z,332.4069675925926,CLOSED,7
python-pillow/Pillow,1093,2015-01-29T21:55:07Z,2015-01-30T19:39:50Z,0.9060532407407408,CLOSED,1
python-pillow/Pillow,891,2014-09-07T15:14:49Z,2015-01-08T08:38:06Z,122.72450231481481,CLOSED,4
python-pillow/Pillow,1046,2014-12-10T22:49:03Z,2014-12-29T23:17:23Z,19.019675925925927,CLOSED,1
python-pillow/Pillow,986,2014-11-03T19:59:24Z,2014-11-27T18:26:48Z,23.935694444444444,CLOSED,3
python-pillow/Pillow,973,2014-10-25T15:43:53Z,2014-10-29T18:19:12Z,4.107858796296297,CLOSED,7
python-pillow/Pillow,884,2014-09-02T21:41:39Z,2014-09-30T10:03:07Z,27.514907407407406,CLOSED,20
python-pillow/Pillow,870,2014-08-25T12:18:21Z,2014-09-13T06:05:22Z,18.740983796296295,CLOSED,5
python-pillow/Pillow,857,2014-08-19T16:31:51Z,2014-09-02T21:58:11Z,14.22662037037037,CLOSED,6
python-pillow/Pillow,867,2014-08-24T23:13:56Z,2014-09-02T21:44:34Z,8.937939814814815,CLOSED,3
python-pillow/Pillow,532,2014-02-28T07:14:07Z,2014-03-17T14:31:10Z,17.303506944444443,CLOSED,6
python-pillow/Pillow,640,2014-04-28T07:33:41Z,2014-07-30T16:41:13Z,93.38023148148149,CLOSED,8
python-pillow/Pillow,820,2014-07-23T16:49:33Z,2014-07-29T10:13:36Z,5.725034722222222,CLOSED,1
python-pillow/Pillow,658,2014-05-12T12:30:54Z,2014-07-23T17:52:34Z,72.22337962962963,CLOSED,4
python-pillow/Pillow,634,2014-04-18T21:12:47Z,2014-07-07T20:05:28Z,79.95325231481482,CLOSED,4
python-pillow/Pillow,702,2014-06-18T20:16:07Z,2014-07-07T18:59:51Z,18.94703703703704,CLOSED,3
python-pillow/Pillow,750,2014-06-30T00:02:51Z,2014-07-01T06:27:09Z,1.266875,CLOSED,8
python-pillow/Pillow,740,2014-06-27T22:48:26Z,2014-06-28T19:03:16Z,0.8436342592592593,CLOSED,8
python-pillow/Pillow,66,2013-03-06T15:10:24Z,2013-10-07T11:09:42Z,214.83284722222223,CLOSED,9
python-pillow/Pillow,692,2014-06-05T02:50:28Z,2014-06-11T07:04:09Z,6.1761689814814815,CLOSED,2
python-pillow/Pillow,659,2014-05-13T07:21:05Z,2014-05-24T12:16:57Z,11.205462962962963,CLOSED,5
python-pillow/Pillow,431,2013-11-30T00:30:25Z,2014-05-24T12:19:18Z,175.49228009259258,CLOSED,2
python-pillow/Pillow,584,2014-03-29T03:39:21Z,2014-04-01T00:58:11Z,2.888078703703704,CLOSED,6
python-pillow/Pillow,631,2014-04-18T00:24:44Z,2014-04-18T04:03:11Z,0.1517013888888889,CLOSED,2
python-pillow/Pillow,585,2014-03-29T13:58:11Z,2014-04-12T09:29:06Z,13.813136574074074,CLOSED,6
python-pillow/Pillow,526,2014-02-18T15:00:01Z,2014-03-29T22:25:57Z,39.30967592592592,CLOSED,5
python-pillow/Pillow,434,2013-12-04T02:10:41Z,2014-03-20T21:25:34Z,106.80200231481481,CLOSED,9
python-pillow/Pillow,513,2014-02-01T22:24:19Z,2014-03-17T13:49:00Z,43.6421412037037,CLOSED,10
python-pillow/Pillow,447,2013-12-13T21:50:23Z,2014-03-17T12:54:10Z,93.62762731481482,CLOSED,36
python-pillow/Pillow,483,2014-01-12T18:38:11Z,2014-01-31T22:13:46Z,19.149710648148147,CLOSED,3
python-pillow/Pillow,421,2013-11-23T00:04:26Z,2013-12-28T13:56:03Z,35.57751157407407,CLOSED,3
python-pillow/Pillow,401,2013-11-06T00:50:53Z,2013-12-28T13:47:47Z,52.53951388888889,CLOSED,3
python-pillow/Pillow,192,2013-04-16T17:07:21Z,2013-11-29T23:41:54Z,227.27399305555556,CLOSED,5
python-pillow/Pillow,254,2013-06-20T18:28:42Z,2013-10-02T10:27:11Z,103.66561342592593,CLOSED,8
python-pillow/Pillow,273,2013-07-08T23:39:19Z,2013-09-30T17:13:41Z,83.73219907407407,CLOSED,4
python-pillow/Pillow,274,2013-07-08T23:44:06Z,2013-07-09T10:28:47Z,0.4476967592592593,CLOSED,2
python-pillow/Pillow,279,2013-07-09T14:05:36Z,2013-07-11T10:38:19Z,1.8560532407407409,CLOSED,6
python-pillow/Pillow,258,2013-06-29T09:57:00Z,2013-06-30T19:18:39Z,1.3900347222222222,CLOSED,6
python-pillow/Pillow,226,2013-05-22T04:15:54Z,2013-05-22T16:28:37Z,0.5088310185185185,CLOSED,2
nltk/nltk,3035,2022-08-23T08:50:04Z,2022-12-13T21:41:31Z,112.53572916666667,CLOSED,6
nltk/nltk,3074,2022-11-29T17:09:02Z,2022-12-06T21:17:34Z,7.172592592592593,CLOSED,1
nltk/nltk,3069,2022-11-07T08:50:10Z,2022-11-30T02:10:11Z,22.722233796296297,CLOSED,1
nltk/nltk,2996,2022-05-06T12:37:39Z,2022-09-05T12:06:06Z,121.97809027777778,CLOSED,0
nltk/nltk,3001,2022-05-11T08:29:07Z,,,OPEN,2
nltk/nltk,3041,2022-08-25T16:27:09Z,2022-09-01T13:38:49Z,6.883101851851852,CLOSED,0
nltk/nltk,3037,2022-08-24T22:31:23Z,2022-09-01T08:27:40Z,7.4140856481481485,CLOSED,0
nltk/nltk,2934,2022-01-24T15:50:45Z,2022-07-04T05:40:03Z,160.57590277777777,CLOSED,5
nltk/nltk,2932,2022-01-21T09:49:26Z,2022-01-21T10:00:11Z,0.007465277777777778,CLOSED,3
nltk/nltk,2921,2021-12-21T13:03:05Z,2021-12-28T23:38:31Z,7.441273148148148,CLOSED,2
nltk/nltk,1510,2016-11-18T10:21:47Z,2017-10-04T03:05:19Z,319.69689814814814,CLOSED,20
nltk/nltk,2904,2021-12-07T16:23:00Z,2021-12-13T22:55:40Z,6.2726851851851855,CLOSED,0
nltk/nltk,2891,2021-11-24T22:14:08Z,2021-11-28T13:59:27Z,3.6564699074074074,CLOSED,1
nltk/nltk,2866,2021-10-26T21:56:15Z,2021-11-26T11:58:19Z,30.58476851851852,CLOSED,4
nltk/nltk,1324,2016-03-09T00:50:03Z,2021-11-12T13:31:54Z,2074.5290625,CLOSED,2
nltk/nltk,2500,2020-02-14T11:58:01Z,,,OPEN,6
nltk/nltk,2876,2021-11-04T12:38:16Z,2021-11-06T23:34:16Z,2.4555555555555557,CLOSED,1
nltk/nltk,2076,2018-08-05T07:39:31Z,2021-11-06T23:34:16Z,1189.6630208333333,CLOSED,2
nltk/nltk,1750,2017-06-12T08:13:27Z,2021-11-06T23:34:16Z,1608.6394560185186,CLOSED,16
nltk/nltk,2204,2018-12-16T14:23:55Z,2021-10-27T21:13:53Z,1046.284699074074,CLOSED,4
nltk/nltk,2848,2021-10-07T11:32:41Z,2021-10-27T05:07:52Z,19.732766203703704,CLOSED,0
nltk/nltk,2838,2021-10-03T14:49:14Z,2021-10-14T10:35:15Z,10.823622685185185,CLOSED,2
nltk/nltk,2833,2021-10-01T06:57:33Z,2021-10-11T07:20:33Z,10.015972222222222,CLOSED,7
nltk/nltk,1799,2017-08-01T08:16:35Z,2021-09-24T12:31:27Z,1515.1769907407408,CLOSED,3
nltk/nltk,1706,2017-05-02T07:12:33Z,,,OPEN,4
nltk/nltk,2299,2019-05-15T08:19:00Z,2021-09-05T12:58:34Z,844.1941435185186,CLOSED,12
nltk/nltk,2334,2019-07-09T08:51:19Z,2021-09-03T12:45:40Z,787.1627430555556,CLOSED,3
nltk/nltk,2584,2020-08-19T14:35:14Z,2021-08-18T07:57:26Z,363.72375,CLOSED,3
nltk/nltk,2669,2021-03-02T17:56:39Z,2021-08-17T14:37:45Z,167.861875,CLOSED,2
nltk/nltk,2729,2021-06-15T02:41:51Z,2021-08-13T02:21:02Z,58.985543981481484,CLOSED,0
nltk/nltk,2519,2020-03-24T10:45:58Z,2021-08-03T12:33:51Z,497.07491898148146,CLOSED,0
nltk/nltk,2751,2021-07-22T08:21:34Z,2021-07-31T03:14:17Z,8.786608796296296,CLOSED,1
nltk/nltk,2303,2019-05-21T13:51:29Z,2021-06-18T07:25:57Z,758.7322685185185,CLOSED,1
nltk/nltk,1765,2017-07-03T10:14:27Z,2021-04-23T13:33:28Z,1390.1382060185185,CLOSED,7
nltk/nltk,2295,2019-05-09T04:10:52Z,2020-12-12T21:05:57Z,583.7049189814815,CLOSED,1
nltk/nltk,2356,2019-08-05T05:02:53Z,2020-10-06T09:34:37Z,428.1887037037037,CLOSED,2
nltk/nltk,2063,2018-07-12T19:47:00Z,2020-05-17T13:47:27Z,674.7503125,CLOSED,2
nltk/nltk,2265,2019-04-16T05:06:15Z,2019-05-09T09:00:32Z,23.16269675925926,CLOSED,4
nltk/nltk,2015,2018-05-05T01:51:51Z,,,OPEN,13
nltk/nltk,2335,2019-07-12T18:58:36Z,2020-03-13T16:22:16Z,244.89143518518517,CLOSED,4
nltk/nltk,1996,2018-03-29T20:27:33Z,2020-03-13T16:09:51Z,714.8210416666667,CLOSED,4
nltk/nltk,2119,2018-09-13T05:09:39Z,2020-03-13T16:08:29Z,547.4575231481482,CLOSED,0
nltk/nltk,1255,2016-01-18T13:00:40Z,2019-09-07T00:57:06Z,1327.497523148148,CLOSED,3
nltk/nltk,1258,2016-01-20T10:33:09Z,2019-09-04T11:12:55Z,1323.0276157407407,CLOSED,1
nltk/nltk,1201,2015-11-10T13:31:05Z,2019-09-04T11:12:55Z,1393.904050925926,CLOSED,1
nltk/nltk,1144,2015-09-27T04:44:36Z,2019-08-22T04:17:32Z,1424.9812037037036,CLOSED,1
nltk/nltk,985,2015-05-23T14:04:43Z,2019-08-22T04:17:29Z,1551.5921990740742,CLOSED,2
nltk/nltk,947,2015-04-15T22:45:02Z,2019-08-22T04:17:28Z,1589.2308564814814,CLOSED,22
nltk/nltk,769,2014-10-12T18:10:49Z,2019-08-22T04:16:34Z,1774.4206597222221,CLOSED,5
nltk/nltk,681,2014-06-18T08:38:05Z,2019-08-22T04:16:32Z,1890.8183680555555,CLOSED,0
nltk/nltk,272,2012-06-12T07:54:29Z,2019-08-22T04:15:35Z,2626.847986111111,CLOSED,0
nltk/nltk,186,2012-01-17T08:33:55Z,2019-08-22T04:15:33Z,2773.8205787037036,CLOSED,3
nltk/nltk,1182,2015-10-28T15:23:33Z,2019-08-22T04:13:31Z,1393.534699074074,CLOSED,3
nltk/nltk,184,2012-01-17T06:28:00Z,2019-08-13T12:56:40Z,2765.2699074074076,CLOSED,2
nltk/nltk,60,2012-01-17T06:25:07Z,2019-08-12T13:24:25Z,2764.2911805555555,CLOSED,0
nltk/nltk,2332,2019-07-05T12:26:25Z,2019-08-12T13:09:32Z,38.02994212962963,CLOSED,1
nltk/nltk,1859,2017-10-14T19:18:50Z,,,OPEN,3
nltk/nltk,2275,2019-04-22T16:13:32Z,2019-05-09T09:00:05Z,16.698993055555555,CLOSED,1
nltk/nltk,2264,2019-04-11T07:10:13Z,,,OPEN,2
nltk/nltk,1883,2017-11-13T15:34:20Z,,,OPEN,11
nltk/nltk,2212,2019-01-09T02:01:25Z,,,OPEN,4
nltk/nltk,2090,2018-08-21T17:44:55Z,2018-11-14T02:30:19Z,84.36486111111111,CLOSED,2
nltk/nltk,1928,2018-01-03T14:13:53Z,2018-11-12T05:25:33Z,312.63310185185185,CLOSED,11
nltk/nltk,2102,2018-08-31T02:13:29Z,2018-11-11T21:49:06Z,72.81640046296296,CLOSED,2
nltk/nltk,2088,2018-08-20T11:12:42Z,2018-09-19T00:06:41Z,29.537488425925925,CLOSED,4
nltk/nltk,2121,2018-09-13T05:38:11Z,,,OPEN,0
nltk/nltk,1986,2018-03-20T16:15:14Z,2018-04-29T23:21:57Z,40.296331018518515,CLOSED,2
nltk/nltk,2083,2018-08-15T02:44:59Z,2018-08-15T06:06:38Z,0.1400347222222222,CLOSED,1
nltk/nltk,1865,2017-10-18T04:22:58Z,2018-04-24T01:19:10Z,187.8723611111111,CLOSED,1
nltk/nltk,1955,2018-02-14T19:21:38Z,2018-04-24T01:17:00Z,68.24678240740741,CLOSED,4
nltk/nltk,1852,2017-10-11T11:04:43Z,2018-04-01T20:42:25Z,172.40118055555556,CLOSED,7
nltk/nltk,1946,2018-01-25T17:10:01Z,2018-04-01T20:41:46Z,66.14704861111112,CLOSED,2
nltk/nltk,1926,2017-12-27T07:35:07Z,2018-04-01T20:40:03Z,95.5450925925926,CLOSED,3
nltk/nltk,1486,2016-10-24T08:39:25Z,2018-04-01T20:39:46Z,524.5002430555555,CLOSED,1
nltk/nltk,1877,2017-11-01T20:21:27Z,2017-12-11T02:56:56Z,39.2746412037037,CLOSED,5
nltk/nltk,1932,2018-01-08T15:17:57Z,2018-01-09T22:41:28Z,1.307997685185185,CLOSED,2
nltk/nltk,1829,2017-09-14T16:33:31Z,2017-12-15T04:48:23Z,91.51032407407408,CLOSED,4
nltk/nltk,1761,2017-06-28T15:54:14Z,2017-12-11T03:06:26Z,165.46680555555557,CLOSED,1
nltk/nltk,1209,2015-11-21T18:54:42Z,2017-12-11T02:58:57Z,750.3362847222222,CLOSED,3
nltk/nltk,1336,2016-03-16T16:39:15Z,2017-11-03T09:07:04Z,596.6859837962963,CLOSED,2
nltk/nltk,1861,2017-10-16T11:23:13Z,2017-10-23T10:52:32Z,6.978692129629629,CLOSED,4
nltk/nltk,1786,2017-07-26T02:53:19Z,,,OPEN,4
nltk/nltk,945,2015-04-14T08:46:28Z,2017-10-13T21:41:02Z,913.5378935185186,CLOSED,1
nltk/nltk,1033,2015-07-03T08:40:49Z,2017-10-13T21:34:28Z,833.5372569444445,CLOSED,6
nltk/nltk,1656,2017-03-18T12:35:05Z,,,OPEN,3
nltk/nltk,1614,2017-02-08T19:00:12Z,2017-10-13T09:00:45Z,246.58371527777777,CLOSED,5
nltk/nltk,1789,2017-07-26T16:46:24Z,2017-09-01T02:06:08Z,36.388703703703705,CLOSED,7
nltk/nltk,1030,2015-06-29T18:04:41Z,2017-08-16T23:25:14Z,779.2226041666667,CLOSED,2
nltk/nltk,1796,2017-07-28T10:16:06Z,2017-08-14T05:18:02Z,16.79300925925926,CLOSED,2
nltk/nltk,1616,2017-02-09T02:10:54Z,2017-05-05T04:24:36Z,85.09284722222222,CLOSED,5
nltk/nltk,1717,2017-05-12T06:05:25Z,2017-05-12T06:28:31Z,0.016041666666666666,CLOSED,0
nltk/nltk,1184,2015-11-02T10:50:12Z,2017-01-04T20:43:30Z,429.4120138888889,CLOSED,5
nltk/nltk,1551,2016-12-20T10:06:57Z,2016-12-29T07:59:35Z,8.911550925925926,CLOSED,3
nltk/nltk,1421,2016-06-21T15:24:00Z,2016-07-06T06:05:00Z,14.611805555555556,CLOSED,3
nltk/nltk,1001,2015-06-03T21:33:42Z,2015-08-07T04:36:46Z,64.29379629629629,CLOSED,1
nltk/nltk,882,2015-02-11T10:18:04Z,2015-02-11T12:30:37Z,0.09204861111111111,CLOSED,12
nltk/nltk,977,2015-05-12T21:19:10Z,2015-05-12T21:33:09Z,0.009710648148148149,CLOSED,1
nltk/nltk,851,2015-01-25T06:22:35Z,2015-02-08T22:41:54Z,14.680081018518518,CLOSED,14
nltk/nltk,840,2015-01-16T23:37:26Z,2015-01-25T05:46:42Z,8.256435185185186,CLOSED,0
nltk/nltk,789,2014-11-07T06:48:31Z,2014-11-07T17:02:03Z,0.42606481481481484,CLOSED,3
RaRe-Technologies/gensim,1718,2017-11-15T18:28:16Z,2017-11-20T05:20:02Z,4.4526157407407405,CLOSED,3
RaRe-Technologies/gensim,1711,2017-11-12T13:20:30Z,,,OPEN,2
RaRe-Technologies/gensim,1604,2017-10-02T10:38:52Z,,,OPEN,15
RaRe-Technologies/gensim,1575,2017-09-07T23:15:52Z,2017-11-09T06:43:48Z,62.31106481481481,CLOSED,0
RaRe-Technologies/gensim,1698,2017-11-07T08:46:48Z,2017-11-08T05:15:51Z,0.8535069444444444,CLOSED,0
RaRe-Technologies/gensim,1683,2017-11-01T18:28:08Z,2017-11-02T06:34:49Z,0.5046412037037037,CLOSED,2
RaRe-Technologies/gensim,1136,2017-02-04T20:18:43Z,,,OPEN,13
RaRe-Technologies/gensim,1592,2017-09-18T14:15:29Z,,,OPEN,2
RaRe-Technologies/gensim,1646,2017-10-23T18:46:03Z,2017-10-26T12:00:43Z,2.7185185185185183,CLOSED,3
RaRe-Technologies/gensim,805,2016-07-25T12:51:13Z,2017-10-26T11:08:41Z,457.9287962962963,CLOSED,14
RaRe-Technologies/gensim,1635,2017-10-18T21:39:38Z,2017-10-24T12:33:59Z,5.621076388888889,CLOSED,6
RaRe-Technologies/gensim,1533,2017-08-15T11:22:19Z,2017-10-24T12:22:57Z,70.04210648148148,CLOSED,5
RaRe-Technologies/gensim,1637,2017-10-19T14:08:43Z,2017-10-24T11:22:15Z,4.884398148148148,CLOSED,1
RaRe-Technologies/gensim,1320,2017-05-14T10:01:32Z,2017-10-24T10:27:40Z,163.01814814814816,CLOSED,6
RaRe-Technologies/gensim,1415,2017-06-14T18:22:40Z,2017-10-21T10:54:20Z,128.68865740740742,CLOSED,4
RaRe-Technologies/gensim,531,2015-11-17T21:02:21Z,,,OPEN,4
RaRe-Technologies/gensim,589,2016-01-21T22:44:11Z,2017-10-17T09:20:02Z,634.4415625,CLOSED,2
RaRe-Technologies/gensim,532,2015-11-17T22:51:19Z,2017-10-10T07:48:54Z,692.3733217592593,CLOSED,55
RaRe-Technologies/gensim,1617,2017-10-10T04:05:44Z,2017-10-10T05:48:56Z,0.07166666666666667,CLOSED,2
RaRe-Technologies/gensim,1614,2017-10-06T03:23:32Z,2017-10-06T10:26:13Z,0.2935300925925926,CLOSED,0
RaRe-Technologies/gensim,1082,2017-01-08T11:42:33Z,2017-05-26T05:46:09Z,137.7525,CLOSED,17
RaRe-Technologies/gensim,298,2015-02-27T02:06:52Z,,,OPEN,11
RaRe-Technologies/gensim,377,2015-07-01T01:38:58Z,,,OPEN,27
RaRe-Technologies/gensim,462,2015-09-23T13:48:39Z,2017-10-03T06:51:56Z,740.7106134259259,CLOSED,7
RaRe-Technologies/gensim,609,2016-02-11T17:09:44Z,,,OPEN,5
RaRe-Technologies/gensim,896,2016-09-28T12:54:09Z,2017-10-02T11:58:50Z,368.9615856481482,CLOSED,10
RaRe-Technologies/gensim,1034,2016-12-02T19:20:49Z,2017-10-02T11:31:50Z,303.6743171296296,CLOSED,8
RaRe-Technologies/gensim,1123,2017-01-29T18:46:01Z,2017-10-02T11:19:33Z,245.6899537037037,CLOSED,3
RaRe-Technologies/gensim,1386,2017-06-02T13:19:32Z,,,OPEN,2
RaRe-Technologies/gensim,1447,2017-06-23T14:49:16Z,,,OPEN,7
RaRe-Technologies/gensim,1511,2017-07-29T07:00:57Z,2017-09-14T11:01:41Z,47.167175925925925,CLOSED,2
RaRe-Technologies/gensim,1561,2017-09-02T06:13:08Z,2017-09-04T14:16:51Z,2.335914351851852,CLOSED,8
RaRe-Technologies/gensim,1557,2017-09-01T02:59:55Z,2017-09-01T15:23:11Z,0.5161574074074075,CLOSED,2
RaRe-Technologies/gensim,1450,2017-06-26T05:25:26Z,2017-07-07T04:56:56Z,10.980208333333334,CLOSED,1
RaRe-Technologies/gensim,1441,2017-06-22T12:08:27Z,2017-07-06T10:40:22Z,13.938831018518519,CLOSED,1
RaRe-Technologies/gensim,1192,2017-03-07T23:06:46Z,2017-07-05T08:04:19Z,119.37329861111111,CLOSED,1
RaRe-Technologies/gensim,1236,2017-03-23T11:24:37Z,2017-06-28T09:28:21Z,96.91925925925926,CLOSED,14
RaRe-Technologies/gensim,910,2016-10-02T12:02:51Z,2016-10-16T08:55:11Z,13.869675925925925,CLOSED,5
RaRe-Technologies/gensim,1370,2017-05-27T20:57:03Z,2017-05-29T15:31:47Z,1.7741203703703703,CLOSED,1
RaRe-Technologies/gensim,794,2016-07-16T20:12:37Z,2017-05-23T21:51:19Z,311.06854166666665,CLOSED,4
RaRe-Technologies/gensim,1276,2017-04-12T09:24:57Z,2017-05-10T09:47:15Z,28.015486111111112,CLOSED,3
RaRe-Technologies/gensim,1188,2017-03-07T13:05:58Z,2017-05-02T23:07:51Z,56.41797453703704,CLOSED,3
RaRe-Technologies/gensim,1196,2017-03-08T09:04:40Z,2017-03-30T14:03:25Z,22.20746527777778,CLOSED,18
RaRe-Technologies/gensim,671,2016-04-18T09:25:08Z,2017-03-19T21:58:35Z,335.5232291666667,CLOSED,4
RaRe-Technologies/gensim,1022,2016-11-16T12:22:29Z,2017-03-19T01:16:49Z,122.53773148148149,CLOSED,9
RaRe-Technologies/gensim,576,2016-01-09T21:32:14Z,2017-03-12T18:28:49Z,427.8726273148148,CLOSED,3
RaRe-Technologies/gensim,911,2016-10-03T03:53:10Z,2017-03-08T23:20:47Z,156.81084490740741,CLOSED,15
RaRe-Technologies/gensim,1069,2017-01-03T12:45:54Z,2017-02-17T14:08:06Z,45.05708333333333,CLOSED,8
RaRe-Technologies/gensim,1006,2016-11-11T10:04:52Z,2016-11-27T15:13:59Z,16.21466435185185,CLOSED,5
RaRe-Technologies/gensim,695,2016-05-10T08:29:20Z,,,OPEN,12
RaRe-Technologies/gensim,1106,2017-01-24T13:33:12Z,2017-01-27T08:00:50Z,2.7691898148148146,CLOSED,3
RaRe-Technologies/gensim,789,2016-07-13T16:18:35Z,2017-01-25T10:40:32Z,195.76524305555554,CLOSED,1
RaRe-Technologies/gensim,1096,2017-01-18T06:45:48Z,2017-01-25T00:49:53Z,6.752835648148148,CLOSED,2
RaRe-Technologies/gensim,1044,2016-12-13T06:29:16Z,2017-01-20T22:49:17Z,38.68056712962963,CLOSED,2
RaRe-Technologies/gensim,1046,2016-12-14T16:17:18Z,2017-01-20T22:39:19Z,37.265289351851855,CLOSED,2
RaRe-Technologies/gensim,1045,2016-12-13T12:25:06Z,2017-01-18T00:04:00Z,35.485347222222224,CLOSED,5
RaRe-Technologies/gensim,1060,2016-12-25T12:37:35Z,2017-01-05T14:51:23Z,11.092916666666667,CLOSED,8
RaRe-Technologies/gensim,1048,2016-12-17T02:26:31Z,2016-12-28T14:05:18Z,11.485266203703704,CLOSED,3
RaRe-Technologies/gensim,1031,2016-12-02T06:58:38Z,2016-12-19T18:32:57Z,17.482164351851853,CLOSED,2
RaRe-Technologies/gensim,955,2016-10-16T14:18:32Z,2016-12-05T07:55:18Z,49.73386574074074,CLOSED,4
RaRe-Technologies/gensim,908,2016-10-02T06:57:26Z,2016-11-11T13:34:39Z,40.27584490740741,CLOSED,6
RaRe-Technologies/gensim,601,2016-02-03T13:00:45Z,2016-11-09T13:03:30Z,280.0019097222222,CLOSED,1
RaRe-Technologies/gensim,958,2016-10-17T20:28:34Z,2016-10-28T14:52:25Z,10.7665625,CLOSED,13
RaRe-Technologies/gensim,971,2016-10-20T21:04:40Z,,,OPEN,7
RaRe-Technologies/gensim,807,2016-07-27T12:31:48Z,2016-10-20T21:39:03Z,85.38003472222222,CLOSED,12
RaRe-Technologies/gensim,940,2016-10-12T11:04:21Z,2016-10-20T10:39:47Z,7.982939814814815,CLOSED,13
RaRe-Technologies/gensim,905,2016-09-30T03:22:37Z,2016-10-19T11:56:08Z,19.356608796296296,CLOSED,0
RaRe-Technologies/gensim,737,2016-06-07T04:27:26Z,2016-10-18T14:38:56Z,133.42465277777777,CLOSED,6
RaRe-Technologies/gensim,822,2016-08-11T05:22:47Z,2016-10-18T14:36:59Z,68.3848611111111,CLOSED,3
RaRe-Technologies/gensim,791,2016-07-15T09:03:41Z,2016-10-07T00:33:13Z,83.64550925925926,CLOSED,1
RaRe-Technologies/gensim,599,2016-02-02T08:57:44Z,2016-10-06T05:46:37Z,246.86728009259258,CLOSED,12
RaRe-Technologies/gensim,635,2016-03-23T15:21:06Z,2016-10-06T05:09:21Z,196.5751736111111,CLOSED,5
RaRe-Technologies/gensim,709,2016-05-27T14:13:07Z,2016-10-05T13:13:20Z,130.9584837962963,CLOSED,3
RaRe-Technologies/gensim,851,2016-09-07T12:13:07Z,2016-09-29T08:30:01Z,21.845069444444444,CLOSED,4
RaRe-Technologies/gensim,838,2016-08-25T09:30:16Z,2016-09-28T09:37:12Z,34.004814814814814,CLOSED,9
RaRe-Technologies/gensim,693,2016-05-08T05:59:09Z,2016-09-27T10:27:50Z,142.18658564814814,CLOSED,7
RaRe-Technologies/gensim,661,2016-04-06T15:47:12Z,2016-05-25T19:08:13Z,49.13959490740741,CLOSED,1
RaRe-Technologies/gensim,667,2016-04-13T20:46:27Z,2016-05-18T15:32:26Z,34.78193287037037,CLOSED,1
RaRe-Technologies/gensim,682,2016-04-24T23:41:53Z,2016-04-28T06:11:31Z,3.2705787037037037,CLOSED,5
RaRe-Technologies/gensim,670,2016-04-17T03:57:43Z,2016-04-27T16:47:48Z,10.534780092592593,CLOSED,3
RaRe-Technologies/gensim,562,2015-12-14T12:21:21Z,2016-04-02T13:24:53Z,110.04412037037036,CLOSED,9
RaRe-Technologies/gensim,646,2016-03-29T13:44:38Z,2016-03-31T03:37:03Z,1.5780671296296296,CLOSED,4
RaRe-Technologies/gensim,621,2016-02-29T12:46:45Z,2016-03-23T11:42:59Z,22.955717592592592,CLOSED,7
RaRe-Technologies/gensim,613,2016-02-19T03:03:14Z,2016-02-24T07:13:46Z,5.173981481481482,CLOSED,10
RaRe-Technologies/gensim,564,2015-12-17T06:44:27Z,2015-12-17T08:16:22Z,0.06383101851851852,CLOSED,2
RaRe-Technologies/gensim,554,2015-11-30T13:19:29Z,2015-12-05T04:41:55Z,4.640578703703704,CLOSED,6
RaRe-Technologies/gensim,553,2015-11-30T07:31:26Z,2015-12-05T04:39:35Z,4.880659722222222,CLOSED,6
RaRe-Technologies/gensim,505,2015-10-31T06:00:39Z,2015-12-02T12:21:24Z,32.264409722222226,CLOSED,4
RaRe-Technologies/gensim,499,2015-10-24T14:01:37Z,2015-11-25T02:48:52Z,31.5328125,CLOSED,1
RaRe-Technologies/gensim,461,2015-09-23T13:29:29Z,2015-11-15T01:36:03Z,52.504560185185184,CLOSED,2
RaRe-Technologies/gensim,82,2012-03-24T12:26:04Z,2014-04-10T08:48:34Z,746.8489583333334,CLOSED,9
RaRe-Technologies/gensim,459,2015-09-23T13:05:31Z,2015-09-30T14:26:56Z,7.0565393518518515,CLOSED,5
RaRe-Technologies/gensim,131,2013-10-25T17:53:08Z,2013-11-04T16:49:39Z,9.955914351851852,CLOSED,4
RaRe-Technologies/gensim,108,2013-01-28T17:21:56Z,2014-05-20T13:54:44Z,476.8561111111111,CLOSED,4
RaRe-Technologies/gensim,75,2012-02-12T17:44:21Z,2013-03-02T21:23:59Z,384.15252314814813,CLOSED,1
RaRe-Technologies/gensim,94,2012-08-13T12:45:50Z,2012-08-19T10:22:21Z,5.900358796296296,CLOSED,1
RaRe-Technologies/gensim,68,2011-11-29T12:41:52Z,2011-12-03T02:09:38Z,3.560949074074074,CLOSED,3
RaRe-Technologies/gensim,65,2011-11-16T14:36:33Z,2011-11-29T12:38:50Z,12.918252314814815,CLOSED,0
RaRe-Technologies/gensim,60,2011-10-29T23:30:56Z,2011-10-29T23:47:34Z,0.011550925925925926,CLOSED,0
RaRe-Technologies/gensim,59,2011-10-29T16:23:54Z,2011-10-29T23:29:10Z,0.29532407407407407,CLOSED,0
sloria/TextBlob,215,2018-06-20T03:01:09Z,2020-04-26T18:46:17Z,676.6563425925926,CLOSED,21
sloria/TextBlob,8,2013-08-13T22:27:11Z,2013-08-14T05:00:22Z,0.27304398148148146,CLOSED,11
sloria/TextBlob,40,2013-11-01T03:42:07Z,2013-11-17T06:52:04Z,16.131909722222222,CLOSED,7
sloria/TextBlob,34,2013-10-04T13:22:08Z,2013-10-15T00:54:35Z,10.480868055555556,CLOSED,4
sloria/TextBlob,30,2013-09-26T05:15:32Z,2013-09-30T19:05:23Z,4.576284722222222,CLOSED,3
sloria/TextBlob,33,2013-09-29T15:37:50Z,2013-09-29T21:20:28Z,0.23793981481481483,CLOSED,1
sloria/TextBlob,15,2013-09-04T12:46:36Z,2013-09-04T14:23:31Z,0.06730324074074075,CLOSED,3
sloria/TextBlob,9,2013-08-14T00:05:47Z,2013-08-14T03:06:30Z,0.1254976851851852,CLOSED,1
explosion/spaCy,1061,2017-05-16T01:15:12Z,2017-07-22T13:10:14Z,67.49655092592593,CLOSED,6
explosion/spaCy,1296,2017-09-01T19:52:41Z,2017-09-16T09:38:58Z,14.57380787037037,CLOSED,3
explosion/spaCy,1257,2017-08-14T14:23:26Z,2017-09-16T09:40:15Z,32.80334490740741,CLOSED,3
explosion/spaCy,1330,2017-09-18T06:51:19Z,2017-09-18T13:32:19Z,0.27847222222222223,CLOSED,2
explosion/spaCy,1189,2017-07-12T20:41:33Z,2017-09-19T13:47:04Z,68.71216435185185,CLOSED,3
explosion/spaCy,626,2016-11-12T18:46:34Z,2017-09-21T18:16:53Z,312.97938657407406,CLOSED,3
explosion/spaCy,1336,2017-09-19T15:41:47Z,2017-09-21T18:17:27Z,2.1081018518518517,CLOSED,8
explosion/spaCy,835,2017-02-16T12:37:10Z,2017-09-26T13:51:16Z,222.05145833333333,CLOSED,6
explosion/spaCy,1380,2017-09-30T19:37:52Z,2017-10-04T23:34:20Z,4.164212962962963,CLOSED,4
explosion/spaCy,1368,2017-09-27T14:09:05Z,2017-10-09T00:10:41Z,11.417777777777777,CLOSED,3
explosion/spaCy,1357,2017-09-23T19:46:11Z,2017-10-09T01:51:43Z,15.253842592592592,CLOSED,3
explosion/spaCy,1374,2017-09-28T19:25:31Z,2017-10-04T02:43:17Z,5.304004629629629,CLOSED,6
explosion/spaCy,864,2017-02-27T14:47:00Z,2017-10-16T15:54:00Z,231.04652777777778,CLOSED,7
explosion/spaCy,1225,2017-07-26T03:09:30Z,2017-10-16T18:01:12Z,82.6192361111111,CLOSED,3
explosion/spaCy,1158,2017-06-27T19:48:19Z,2017-10-16T18:03:36Z,110.9272800925926,CLOSED,3
explosion/spaCy,1243,2017-08-05T01:03:17Z,2017-10-16T18:11:05Z,72.71375,CLOSED,3
explosion/spaCy,285,2016-03-10T17:34:10Z,2017-10-16T18:20:36Z,585.0322453703703,CLOSED,37
explosion/spaCy,1314,2017-09-07T18:54:48Z,2017-10-16T18:14:27Z,38.971979166666664,CLOSED,3
explosion/spaCy,1305,2017-09-06T16:15:43Z,2017-09-06T17:15:23Z,0.041435185185185186,CLOSED,3
explosion/spaCy,1427,2017-10-17T03:08:21Z,2017-10-20T11:09:35Z,3.334189814814815,CLOSED,4
explosion/spaCy,683,2016-12-13T10:57:29Z,2017-10-20T13:33:39Z,311.1084490740741,CLOSED,3
explosion/spaCy,1052,2017-05-12T09:16:22Z,2017-10-20T13:34:00Z,161.17891203703704,CLOSED,13
explosion/spaCy,1253,2017-08-10T19:11:31Z,2017-10-20T14:29:41Z,70.80428240740741,CLOSED,3
explosion/spaCy,1434,2017-10-18T07:32:43Z,2017-10-20T14:51:09Z,2.3044675925925926,CLOSED,4
explosion/spaCy,1242,2017-08-04T22:48:26Z,2017-10-20T22:54:51Z,77.00445601851852,CLOSED,3
explosion/spaCy,1148,2017-06-26T03:34:10Z,2017-10-20T15:35:21Z,116.50082175925925,CLOSED,6
explosion/spaCy,1452,2017-10-23T17:53:08Z,2017-10-24T09:22:00Z,0.6450462962962963,CLOSED,3
explosion/spaCy,1375,2017-09-28T20:42:56Z,2017-10-24T10:12:37Z,25.56228009259259,CLOSED,2
explosion/spaCy,1446,2017-10-21T19:37:39Z,2017-10-24T10:41:34Z,2.6277199074074074,CLOSED,1
explosion/spaCy,1450,2017-10-23T06:42:21Z,2017-10-24T12:31:38Z,1.2425578703703704,CLOSED,2
explosion/spaCy,1250,2017-08-09T18:25:58Z,2017-10-24T14:09:25Z,75.82184027777778,CLOSED,5
explosion/spaCy,1500,2017-11-06T17:54:54Z,2017-11-06T19:18:25Z,0.05799768518518519,CLOSED,2
explosion/spaCy,1518,2017-11-08T20:20:17Z,2017-11-08T21:18:50Z,0.04065972222222222,CLOSED,5
explosion/spaCy,1546,2017-11-10T17:56:46Z,2017-11-10T18:05:27Z,0.006030092592592593,CLOSED,2
explosion/spaCy,1506,2017-11-07T23:37:40Z,2017-11-11T17:39:49Z,3.7514930555555557,CLOSED,13
explosion/spaCy,1597,2017-11-17T09:20:44Z,2017-11-17T12:18:54Z,0.12372685185185185,CLOSED,2
explosion/spaCy,1612,2017-11-19T17:21:44Z,2017-11-20T20:53:18Z,1.1469212962962962,CLOSED,2
explosion/spaCy,1623,2017-11-21T15:15:51Z,2017-11-26T16:41:44Z,5.059641203703704,CLOSED,6
explosion/spaCy,1521,2017-11-09T00:59:19Z,2017-11-09T01:29:25Z,0.020902777777777777,CLOSED,7
explosion/spaCy,1654,2017-11-27T19:07:33Z,2017-11-28T19:38:04Z,1.0211921296296296,CLOSED,2
explosion/spaCy,1695,2017-12-07T14:31:28Z,2017-12-07T15:16:12Z,0.031064814814814816,CLOSED,3
explosion/spaCy,1622,2017-11-21T05:17:14Z,2017-12-11T01:24:01Z,19.83804398148148,CLOSED,1
explosion/spaCy,1726,2017-12-15T15:30:56Z,2017-12-16T12:32:41Z,0.8762152777777777,CLOSED,3
explosion/spaCy,1750,2017-12-20T19:17:39Z,2017-12-20T20:57:36Z,0.06940972222222222,CLOSED,3
explosion/spaCy,1562,2017-11-13T11:43:34Z,2017-11-15T17:21:58Z,2.235,CLOSED,7
explosion/spaCy,1774,2017-12-28T09:53:53Z,2017-12-28T15:05:33Z,0.21643518518518517,CLOSED,2
explosion/spaCy,1810,2018-01-08T12:18:51Z,2018-01-09T23:40:45Z,1.4735416666666667,CLOSED,2
explosion/spaCy,1807,2018-01-07T18:44:58Z,2018-01-14T12:58:18Z,6.7592592592592595,CLOSED,3
explosion/spaCy,1539,2017-11-10T09:15:07Z,2018-01-14T13:49:20Z,65.19042824074074,CLOSED,2
explosion/spaCy,1712,2017-12-11T18:48:17Z,2018-01-14T13:56:46Z,33.79755787037037,CLOSED,2
explosion/spaCy,1813,2018-01-09T02:09:39Z,2018-01-14T13:56:08Z,5.490613425925926,CLOSED,3
explosion/spaCy,1640,2017-11-26T04:47:12Z,2018-01-14T14:02:24Z,49.385555555555555,CLOSED,8
explosion/spaCy,1633,2017-11-23T09:17:50Z,2018-01-14T14:06:39Z,52.20056712962963,CLOSED,2
explosion/spaCy,1629,2017-11-22T20:43:48Z,2018-01-14T14:09:23Z,52.72609953703704,CLOSED,3
explosion/spaCy,1548,2017-11-10T19:37:49Z,2018-01-15T14:37:32Z,65.7914699074074,CLOSED,5
explosion/spaCy,1776,2017-12-28T18:37:21Z,2018-01-15T15:00:43Z,17.849560185185187,CLOSED,2
explosion/spaCy,1610,2017-11-19T14:32:20Z,2018-01-15T15:42:39Z,57.04883101851852,CLOSED,3
explosion/spaCy,1547,2017-11-10T18:51:13Z,2018-01-16T12:33:16Z,66.73753472222222,CLOSED,4
explosion/spaCy,1571,2017-11-14T03:09:07Z,2018-01-16T12:35:44Z,63.393483796296294,CLOSED,6
explosion/spaCy,1615,2017-11-20T11:28:25Z,2018-01-16T12:40:55Z,57.05034722222222,CLOSED,4
explosion/spaCy,1590,2017-11-16T12:37:09Z,2018-01-16T12:43:34Z,61.00445601851852,CLOSED,9
explosion/spaCy,1822,2018-01-11T07:56:13Z,2018-01-16T12:44:49Z,5.2004166666666665,CLOSED,2
explosion/spaCy,1855,2018-01-16T20:27:34Z,2018-01-20T16:34:24Z,3.8380787037037036,CLOSED,4
explosion/spaCy,1799,2018-01-04T08:05:12Z,2018-01-22T19:18:53Z,18.46783564814815,CLOSED,2
explosion/spaCy,1661,2017-11-29T10:09:57Z,2018-01-23T18:17:44Z,55.338738425925925,CLOSED,2
explosion/spaCy,1868,2018-01-21T13:35:07Z,2018-01-23T22:27:21Z,2.3696064814814815,CLOSED,2
explosion/spaCy,1883,2018-01-24T14:23:15Z,2018-01-24T14:44:52Z,0.015011574074074075,CLOSED,2
explosion/spaCy,1884,2018-01-24T15:00:25Z,2018-01-24T15:32:07Z,0.02201388888888889,CLOSED,2
explosion/spaCy,1503,2017-11-07T11:14:26Z,2018-01-24T15:38:34Z,78.18342592592593,CLOSED,4
explosion/spaCy,1834,2018-01-12T16:38:47Z,2018-01-28T20:43:07Z,16.169675925925926,CLOSED,5
explosion/spaCy,1904,2018-01-29T18:57:22Z,2018-01-29T19:56:07Z,0.04079861111111111,CLOSED,2
explosion/spaCy,1051,2017-05-11T20:19:58Z,2017-05-13T11:14:12Z,1.6209953703703703,CLOSED,6
explosion/spaCy,1918,2018-02-01T10:57:22Z,2018-02-01T19:18:16Z,0.3478472222222222,CLOSED,2
explosion/spaCy,1919,2018-02-02T01:16:18Z,2018-02-02T01:33:10Z,0.011712962962962963,CLOSED,2
explosion/spaCy,1928,2018-02-03T08:25:11Z,2018-02-03T13:55:08Z,0.22913194444444446,CLOSED,1
explosion/spaCy,1831,2018-01-12T00:30:06Z,2018-01-22T18:19:00Z,10.742291666666667,CLOSED,6
explosion/spaCy,1929,2018-02-03T13:24:53Z,2018-02-08T14:26:06Z,5.042511574074074,CLOSED,4
explosion/spaCy,1950,2018-02-07T19:22:39Z,2018-02-09T09:23:50Z,1.5841550925925927,CLOSED,4
explosion/spaCy,1733,2017-12-17T14:05:44Z,2018-02-09T16:51:52Z,54.11537037037037,CLOSED,2
explosion/spaCy,1757,2017-12-21T20:15:39Z,2018-01-15T14:55:33Z,24.777708333333333,CLOSED,6
explosion/spaCy,1945,2018-02-06T17:46:10Z,2018-02-12T11:13:23Z,5.7272337962962965,CLOSED,12
explosion/spaCy,1959,2018-02-09T01:17:41Z,2018-02-17T16:02:17Z,8.614305555555555,CLOSED,3
explosion/spaCy,2005,2018-02-20T06:43:45Z,2018-02-21T12:58:50Z,1.260474537037037,CLOSED,2
explosion/spaCy,2015,2018-02-22T10:36:52Z,2018-02-22T17:40:51Z,0.29443287037037036,CLOSED,15
explosion/spaCy,2031,2018-02-24T18:33:22Z,2018-02-24T19:08:00Z,0.024050925925925927,CLOSED,3
explosion/spaCy,375,2016-05-13T11:54:35Z,2016-09-27T17:24:18Z,137.22896990740742,CLOSED,15
explosion/spaCy,2063,2018-03-06T16:20:08Z,2018-03-14T23:29:58Z,8.29849537037037,CLOSED,6
explosion/spaCy,1727,2017-12-15T17:05:15Z,2018-01-23T18:12:10Z,39.046469907407406,CLOSED,9
explosion/spaCy,2073,2018-03-07T20:23:28Z,2018-03-27T11:36:45Z,19.63422453703704,CLOSED,3
explosion/spaCy,1925,2018-02-02T20:06:39Z,2018-03-27T19:30:58Z,52.97521990740741,CLOSED,4
explosion/spaCy,1832,2018-01-12T11:29:07Z,2018-02-03T16:18:39Z,22.201064814814814,CLOSED,4
explosion/spaCy,1874,2018-01-22T11:00:01Z,2018-03-27T21:14:53Z,64.42699074074073,CLOSED,3
explosion/spaCy,1967,2018-02-11T04:03:10Z,2018-03-28T18:49:54Z,45.61578703703704,CLOSED,3
explosion/spaCy,1752,2017-12-21T02:03:43Z,2018-03-28T21:10:02Z,97.79605324074075,CLOSED,6
explosion/spaCy,1554,2017-11-11T21:54:18Z,2018-03-28T21:10:02Z,136.96925925925925,CLOSED,2
explosion/spaCy,2121,2018-03-20T23:05:49Z,2018-03-28T21:42:46Z,7.942326388888889,CLOSED,2
explosion/spaCy,2032,2018-02-25T01:56:48Z,2018-04-03T12:03:45Z,37.42149305555556,CLOSED,7
explosion/spaCy,2177,2018-04-03T07:14:27Z,2018-04-03T16:30:29Z,0.38613425925925926,CLOSED,2
explosion/spaCy,1660,2017-11-28T19:53:19Z,2018-03-28T21:08:32Z,120.05223379629629,CLOSED,15
explosion/spaCy,2186,2018-04-04T13:12:39Z,2018-04-04T15:25:12Z,0.09204861111111111,CLOSED,2
psycopg/psycopg2,790,2018-10-12T16:54:38Z,2018-10-12T23:48:40Z,0.28752314814814817,CLOSED,1
psycopg/psycopg2,382,2015-12-15T20:00:50Z,2015-12-16T12:06:01Z,0.6702662037037037,CLOSED,2
psycopg/psycopg2,262,2014-09-15T10:51:13Z,2014-09-16T05:58:46Z,0.7969097222222222,CLOSED,1
sqlalchemy/sqlalchemy,279,2006-08-18T10:50:09Z,2007-10-14T16:37:13Z,422.2410185185185,CLOSED,2
sqlalchemy/sqlalchemy,811,2007-10-10T13:46:07Z,2007-10-14T13:05:31Z,3.9718055555555556,CLOSED,5
sqlalchemy/sqlalchemy,813,2007-10-11T05:17:52Z,2007-10-14T14:06:35Z,3.367164351851852,CLOSED,6
sqlalchemy/sqlalchemy,751,2007-08-20T15:44:21Z,2007-10-14T12:02:53Z,54.8462037037037,CLOSED,3
sqlalchemy/sqlalchemy,749,2007-08-17T18:50:40Z,2007-10-11T11:39:53Z,54.70084490740741,CLOSED,2
sqlalchemy/sqlalchemy,517,2007-03-27T10:21:24Z,2007-10-10T17:58:36Z,197.3175,CLOSED,2
sqlalchemy/sqlalchemy,452,2007-02-01T14:41:34Z,2007-10-10T17:52:51Z,251.13283564814816,CLOSED,8
sqlalchemy/sqlalchemy,808,2007-10-05T13:58:39Z,2007-10-05T14:14:58Z,0.011331018518518518,CLOSED,6
sqlalchemy/sqlalchemy,796,2007-09-30T05:36:28Z,2007-10-04T00:30:15Z,3.787349537037037,CLOSED,8
sqlalchemy/sqlalchemy,198,2006-06-01T21:53:38Z,2007-10-03T16:36:40Z,488.77988425925923,CLOSED,6
sqlalchemy/sqlalchemy,794,2007-09-25T06:17:41Z,2007-09-26T19:50:53Z,1.5647222222222221,CLOSED,4
sqlalchemy/sqlalchemy,779,2007-09-13T12:11:28Z,2007-09-22T14:14:01Z,9.085104166666667,CLOSED,2
sqlalchemy/sqlalchemy,560,2007-04-27T15:03:09Z,2007-09-22T11:55:56Z,147.86998842592592,CLOSED,8
sqlalchemy/sqlalchemy,789,2007-09-19T22:07:12Z,2007-09-21T21:20:21Z,1.9674652777777777,CLOSED,2
sqlalchemy/sqlalchemy,782,2007-09-15T22:34:35Z,2007-09-17T17:47:51Z,1.8008796296296297,CLOSED,2
sqlalchemy/sqlalchemy,764,2007-08-28T14:45:57Z,2007-09-08T16:29:06Z,11.071631944444444,CLOSED,2
sqlalchemy/sqlalchemy,771,2007-08-30T17:08:12Z,2007-09-08T15:52:32Z,8.947453703703705,CLOSED,4
sqlalchemy/sqlalchemy,776,2007-09-06T13:16:33Z,2007-09-06T15:58:36Z,0.11253472222222222,CLOSED,2
sqlalchemy/sqlalchemy,755,2007-08-21T15:35:08Z,2007-09-06T13:05:10Z,15.89585648148148,CLOSED,3
sqlalchemy/sqlalchemy,769,2007-08-30T11:18:07Z,2007-08-30T11:58:57Z,0.028356481481481483,CLOSED,4
sqlalchemy/sqlalchemy,707,2007-08-02T03:55:54Z,2007-08-22T14:45:35Z,20.45116898148148,CLOSED,3
sqlalchemy/sqlalchemy,756,2007-08-22T09:14:18Z,2007-08-22T13:08:50Z,0.16287037037037036,CLOSED,3
sqlalchemy/sqlalchemy,731,2007-08-13T07:55:54Z,2007-08-17T11:15:11Z,4.138391203703704,CLOSED,7
sqlalchemy/sqlalchemy,744,2007-08-15T17:31:00Z,2007-08-15T18:11:13Z,0.02792824074074074,CLOSED,4
sqlalchemy/sqlalchemy,716,2007-08-08T16:47:17Z,2007-08-08T17:57:10Z,0.04853009259259259,CLOSED,2
sqlalchemy/sqlalchemy,399,2006-12-17T22:33:31Z,2007-08-07T13:29:52Z,232.6224652777778,CLOSED,3
sqlalchemy/sqlalchemy,665,2007-07-17T18:32:11Z,2007-08-06T11:58:58Z,19.72693287037037,CLOSED,4
sqlalchemy/sqlalchemy,708,2007-08-02T08:15:08Z,2007-08-02T10:03:06Z,0.07497685185185185,CLOSED,4
sqlalchemy/sqlalchemy,704,2007-07-31T18:03:00Z,2007-08-01T11:11:31Z,0.7142476851851852,CLOSED,6
sqlalchemy/sqlalchemy,437,2007-01-24T11:32:06Z,2007-08-01T04:10:24Z,188.69326388888888,CLOSED,5
sqlalchemy/sqlalchemy,654,2007-07-14T08:13:14Z,2007-07-29T13:42:16Z,15.22849537037037,CLOSED,11
sqlalchemy/sqlalchemy,655,2007-07-14T08:17:38Z,2007-07-28T22:40:15Z,14.599039351851852,CLOSED,3
sqlalchemy/sqlalchemy,564,2007-05-03T07:40:32Z,2007-07-28T22:14:03Z,86.6066087962963,CLOSED,2
sqlalchemy/sqlalchemy,555,2007-04-26T16:34:27Z,2007-07-28T21:16:19Z,93.19574074074075,CLOSED,3
sqlalchemy/sqlalchemy,698,2007-07-28T13:13:08Z,2007-07-28T20:48:39Z,0.3163310185185185,CLOSED,4
sqlalchemy/sqlalchemy,694,2007-07-27T16:29:30Z,2007-07-27T17:10:06Z,0.028194444444444446,CLOSED,2
sqlalchemy/sqlalchemy,684,2007-07-25T07:59:00Z,2007-07-26T14:49:02Z,1.2847453703703704,CLOSED,2
sqlalchemy/sqlalchemy,685,2007-07-25T09:22:49Z,2007-07-26T12:38:55Z,1.1361805555555555,CLOSED,3
sqlalchemy/sqlalchemy,599,2007-06-12T14:04:39Z,2007-07-22T17:21:58Z,40.13702546296296,CLOSED,2
sqlalchemy/sqlalchemy,600,2007-06-12T14:06:26Z,2007-07-22T17:17:59Z,40.13302083333333,CLOSED,2
sqlalchemy/sqlalchemy,603,2007-06-13T09:35:25Z,2007-06-16T20:57:23Z,3.473587962962963,CLOSED,2
sqlalchemy/sqlalchemy,518,2007-03-27T12:09:55Z,2007-03-28T18:58:56Z,1.2840393518518518,CLOSED,2
sqlalchemy/sqlalchemy,102,2006-03-08T19:27:32Z,2007-03-27T17:06:20Z,383.90194444444444,CLOSED,3
sqlalchemy/sqlalchemy,97,2006-03-06T19:41:38Z,2007-03-24T15:17:28Z,382.8165509259259,CLOSED,5
sqlalchemy/sqlalchemy,400,2006-12-21T12:13:25Z,2007-02-21T22:38:33Z,62.43412037037037,CLOSED,2
sqlalchemy/sqlalchemy,435,2007-01-23T15:32:24Z,2007-02-16T20:22:21Z,24.20135416666667,CLOSED,10
sqlalchemy/sqlalchemy,422,2007-01-14T20:16:07Z,2007-02-14T19:26:44Z,30.965706018518517,CLOSED,20
sqlalchemy/sqlalchemy,423,2007-01-16T19:49:09Z,2007-02-12T20:28:38Z,27.027418981481482,CLOSED,25
sqlalchemy/sqlalchemy,48,2006-01-31T20:21:25Z,2007-01-20T19:10:44Z,353.95091435185185,CLOSED,4
sqlalchemy/sqlalchemy,306,2006-09-19T17:00:53Z,2007-01-20T16:11:58Z,122.96603009259259,CLOSED,6
sqlalchemy/sqlalchemy,427,2007-01-18T21:45:41Z,2007-01-18T22:19:32Z,0.023506944444444445,CLOSED,2
sqlalchemy/sqlalchemy,401,2006-12-22T15:41:13Z,2007-01-06T15:39:43Z,14.998958333333333,CLOSED,2
sqlalchemy/sqlalchemy,290,2006-08-28T12:57:53Z,2006-11-15T17:04:29Z,79.17125,CLOSED,2
sqlalchemy/sqlalchemy,355,2006-10-24T09:41:38Z,2006-10-24T10:11:20Z,0.020625,CLOSED,2
sqlalchemy/sqlalchemy,328,2006-10-07T21:52:49Z,2006-10-07T22:52:04Z,0.04114583333333333,CLOSED,2
sqlalchemy/sqlalchemy,311,2006-09-24T23:08:20Z,2006-09-27T01:11:05Z,2.0852430555555554,CLOSED,2
sqlalchemy/sqlalchemy,282,2006-08-22T21:19:44Z,2006-08-22T21:32:45Z,0.009039351851851852,CLOSED,2
sqlalchemy/sqlalchemy,60,2006-02-16T14:33:26Z,2006-08-20T20:38:47Z,185.2537152777778,CLOSED,23
sqlalchemy/sqlalchemy,62,2006-02-17T14:11:27Z,2006-05-31T21:02:23Z,103.28537037037037,CLOSED,2
sqlalchemy/sqlalchemy,55,2006-02-06T23:49:42Z,2006-05-31T20:23:23Z,113.85672453703704,CLOSED,7
sqlalchemy/sqlalchemy,134,2006-03-26T21:17:39Z,2006-05-27T15:47:39Z,61.770833333333336,CLOSED,8
sqlalchemy/sqlalchemy,154,2006-04-10T14:01:44Z,2006-05-15T20:19:33Z,35.262372685185184,CLOSED,2
sqlalchemy/sqlalchemy,147,2006-04-04T17:39:27Z,2006-05-15T20:18:55Z,41.11074074074074,CLOSED,2
sqlalchemy/sqlalchemy,152,2006-04-08T11:44:30Z,2006-05-15T20:17:25Z,37.356192129629626,CLOSED,2
sqlalchemy/sqlalchemy,169,2006-04-27T18:30:16Z,2006-04-28T19:43:49Z,1.051076388888889,CLOSED,8
sqlalchemy/sqlalchemy,5,2005-11-25T22:15:51Z,2006-04-11T12:58:56Z,136.61325231481482,CLOSED,3
sqlalchemy/sqlalchemy,142,2006-03-30T18:13:47Z,2006-04-06T20:16:37Z,7.085300925925926,CLOSED,2
sqlalchemy/sqlalchemy,69,2006-02-20T14:34:40Z,2006-04-05T18:25:40Z,44.16041666666667,CLOSED,2
sqlalchemy/sqlalchemy,139,2006-03-29T19:54:45Z,2006-04-03T01:08:21Z,4.217777777777778,CLOSED,2
sqlalchemy/sqlalchemy,131,2006-03-25T13:56:35Z,2006-03-27T22:13:48Z,2.345289351851852,CLOSED,2
sqlalchemy/sqlalchemy,114,2006-03-16T11:28:08Z,2006-03-25T10:27:06Z,8.95761574074074,CLOSED,2
sqlalchemy/sqlalchemy,113,2006-03-14T19:44:25Z,2006-03-21T20:20:00Z,7.024710648148148,CLOSED,2
sqlalchemy/sqlalchemy,116,2006-03-17T10:34:28Z,2006-03-19T00:05:49Z,1.5634375,CLOSED,2
sqlalchemy/sqlalchemy,66,2006-02-18T17:45:19Z,2006-03-16T11:07:06Z,25.723460648148148,CLOSED,2
sqlalchemy/sqlalchemy,104,2006-03-09T10:44:26Z,2006-03-09T13:32:58Z,0.11703703703703704,CLOSED,2
sqlalchemy/sqlalchemy,87,2006-02-28T11:48:21Z,2006-03-08T17:40:03Z,8.24423611111111,CLOSED,5
sqlalchemy/sqlalchemy,73,2006-02-22T21:24:42Z,2006-03-06T22:19:12Z,12.037847222222222,CLOSED,2
sqlalchemy/sqlalchemy,67,2006-02-18T18:29:40Z,2006-02-26T20:12:56Z,8.071712962962962,CLOSED,5
sqlalchemy/sqlalchemy,81,2006-02-26T01:27:36Z,2006-02-26T17:23:19Z,0.6636921296296296,CLOSED,2
sqlalchemy/sqlalchemy,72,2006-02-22T21:16:40Z,2006-02-25T21:27:14Z,3.007337962962963,CLOSED,4
sqlalchemy/sqlalchemy,59,2006-02-11T11:38:52Z,2006-02-25T18:16:38Z,14.276226851851852,CLOSED,1
sqlalchemy/sqlalchemy,68,2006-02-19T12:28:04Z,2006-02-20T14:46:08Z,1.0958796296296296,CLOSED,2
sqlalchemy/sqlalchemy,63,2006-02-17T14:13:33Z,2006-02-20T14:35:33Z,3.015277777777778,CLOSED,2
sqlalchemy/sqlalchemy,61,2006-02-17T14:10:43Z,2006-02-19T12:21:48Z,1.924363425925926,CLOSED,2
sqlalchemy/sqlalchemy,64,2006-02-17T14:14:27Z,2006-02-18T16:12:26Z,1.0819328703703703,CLOSED,2
sqlalchemy/sqlalchemy,56,2006-02-07T00:09:00Z,2006-02-09T22:20:51Z,2.9248958333333333,CLOSED,2
sqlalchemy/sqlalchemy,54,2006-02-05T13:26:18Z,2006-02-05T20:50:50Z,0.3087037037037037,CLOSED,2
sqlalchemy/sqlalchemy,53,2006-02-05T13:25:23Z,2006-02-05T20:49:26Z,0.3083680555555556,CLOSED,2
sqlalchemy/sqlalchemy,42,2006-01-27T20:47:53Z,2006-02-05T12:05:54Z,8.637511574074074,CLOSED,2
sqlalchemy/sqlalchemy,46,2006-01-31T20:17:56Z,2006-02-04T12:16:04Z,3.66537037037037,CLOSED,2
sqlalchemy/sqlalchemy,47,2006-01-31T20:19:08Z,2006-02-01T18:35:25Z,0.927974537037037,CLOSED,2
sqlalchemy/sqlalchemy,37,2006-01-18T19:45:54Z,2006-01-26T21:49:25Z,8.085775462962962,CLOSED,2
sqlalchemy/sqlalchemy,35,2006-01-15T23:24:14Z,2006-01-19T20:07:58Z,3.863703703703704,CLOSED,2
sqlalchemy/sqlalchemy,32,2006-01-01T23:25:33Z,2006-01-18T19:22:46Z,16.831400462962964,CLOSED,2
sqlalchemy/sqlalchemy,30,2006-01-01T08:22:38Z,2006-01-08T01:29:30Z,6.713101851851852,CLOSED,2
sqlalchemy/sqlalchemy,27,2005-12-17T14:58:48Z,2005-12-20T21:37:34Z,3.276921296296296,CLOSED,2
sqlalchemy/sqlalchemy,18,2005-11-30T20:18:04Z,2005-12-02T23:54:21Z,2.1501967592592592,CLOSED,2
sqlalchemy/sqlalchemy,16,2005-11-30T20:14:46Z,2005-12-02T03:56:35Z,1.3207060185185184,CLOSED,2
sqlalchemy/sqlalchemy,15,2005-11-30T20:13:00Z,2005-12-02T03:54:02Z,1.320162037037037,CLOSED,2
sqlalchemy/sqlalchemy,9,2005-11-26T12:33:04Z,2005-11-26T13:10:13Z,0.025798611111111112,CLOSED,4
redis/redis-py,3815,2025-10-24T13:49:34Z,2025-12-04T12:27:29Z,40.94299768518518,CLOSED,6
redis/redis-py,2592,2023-02-18T05:59:19Z,2025-12-03T07:36:43Z,1019.0676388888888,CLOSED,5
redis/redis-py,2967,2023-09-28T09:34:22Z,,,OPEN,5
redis/redis-py,3366,2024-09-03T10:54:13Z,2025-10-21T14:31:54Z,413.1511689814815,CLOSED,1
redis/redis-py,3741,2025-08-16T04:12:38Z,,,OPEN,4
redis/redis-py,2926,2023-08-31T21:01:52Z,2025-07-26T00:22:41Z,694.1394560185186,CLOSED,3
redis/redis-py,3684,2025-06-22T18:46:53Z,2025-07-22T17:10:59Z,29.93340277777778,CLOSED,5
redis/redis-py,2974,2023-10-02T14:40:21Z,2025-07-17T00:23:40Z,653.4050810185186,CLOSED,7
redis/redis-py,2931,2023-09-06T11:32:05Z,2025-06-25T10:21:25Z,657.950925925926,CLOSED,1
redis/redis-py,3011,2023-10-16T15:00:16Z,2025-06-21T00:22:04Z,613.3901388888889,CLOSED,3
redis/redis-py,3635,2025-05-06T18:10:05Z,2025-05-12T15:56:59Z,5.907569444444444,CLOSED,2
redis/redis-py,3573,2025-03-25T13:48:06Z,2025-04-29T16:42:39Z,35.12121527777778,CLOSED,3
redis/redis-py,3390,2024-09-28T22:33:20Z,2024-10-04T13:03:45Z,5.604456018518518,CLOSED,8
redis/redis-py,3090,2023-12-25T09:24:58Z,2025-04-16T00:20:49Z,477.6221180555556,CLOSED,2
redis/redis-py,2866,2023-07-28T10:26:29Z,2025-03-26T11:34:23Z,607.0471527777778,CLOSED,10
redis/redis-py,2832,2023-07-05T12:02:37Z,2025-02-24T15:35:14Z,600.1476504629629,CLOSED,2
redis/redis-py,2523,2022-12-20T12:41:12Z,2025-02-18T12:02:52Z,790.9733796296297,CLOSED,6
redis/redis-py,2220,2022-06-07T13:34:24Z,,,OPEN,6
redis/redis-py,1884,2022-01-17T11:11:09Z,,,OPEN,15
redis/redis-py,2491,2022-12-07T08:02:56Z,2025-02-14T13:03:40Z,800.2088425925926,CLOSED,15
redis/redis-py,2567,2023-01-28T03:03:00Z,2025-01-05T00:20:36Z,707.8872222222222,CLOSED,3
redis/redis-py,2555,2023-01-18T13:35:55Z,2025-02-05T18:29:20Z,749.2037615740741,CLOSED,13
redis/redis-py,2717,2023-04-21T09:11:27Z,2025-02-04T16:56:42Z,655.3230902777777,CLOSED,5
redis/redis-py,2275,2022-07-13T04:15:26Z,2025-02-04T09:22:35Z,937.2132986111111,CLOSED,4
redis/redis-py,3391,2024-09-29T06:01:50Z,2024-10-04T13:03:34Z,5.292870370370371,CLOSED,2
redis/redis-py,3392,2024-09-29T15:15:51Z,2024-10-04T13:03:22Z,4.907997685185185,CLOSED,9
redis/redis-py,3394,2024-10-01T01:37:51Z,2024-10-04T13:03:13Z,3.475949074074074,CLOSED,2
redis/redis-py,2834,2023-07-05T22:50:06Z,2024-09-24T00:09:15Z,446.0549652777778,CLOSED,5
redis/redis-py,3074,2023-12-13T13:51:37Z,2024-07-22T07:20:27Z,221.72835648148148,CLOSED,5
redis/redis-py,2767,2023-05-18T13:55:38Z,2023-06-23T13:54:05Z,35.99892361111111,CLOSED,6
redis/redis-py,2668,2023-03-28T03:06:50Z,2024-05-16T00:14:36Z,414.88039351851853,CLOSED,7
redis/redis-py,2487,2022-12-05T07:16:37Z,2024-05-16T00:00:53Z,527.6974074074074,CLOSED,3
redis/redis-py,3217,2024-04-26T13:01:18Z,2024-05-14T15:58:29Z,18.12304398148148,CLOSED,1
redis/redis-py,2541,2023-01-05T09:16:47Z,2024-04-15T02:31:18Z,465.71841435185183,CLOSED,1
redis/redis-py,2601,2023-03-02T11:01:41Z,2024-04-01T00:23:32Z,395.5568402777778,CLOSED,1
redis/redis-py,2398,2022-09-23T16:30:35Z,2024-03-15T00:15:13Z,538.322662037037,CLOSED,4
redis/redis-py,2417,2022-10-14T20:23:04Z,2024-03-15T00:15:12Z,517.1612037037037,CLOSED,3
redis/redis-py,2483,2022-12-02T20:47:12Z,2024-01-07T00:18:31Z,400.1467476851852,CLOSED,1
redis/redis-py,3059,2023-12-01T08:52:56Z,2024-01-01T11:22:16Z,31.103703703703705,CLOSED,0
redis/redis-py,3035,2023-11-10T17:14:57Z,2023-12-03T00:45:48Z,22.31309027777778,CLOSED,3
redis/redis-py,2983,2023-10-05T23:02:11Z,2023-11-13T01:41:56Z,38.1109375,CLOSED,0
redis/redis-py,2551,2023-01-11T19:27:14Z,2023-07-16T23:16:23Z,186.15913194444445,CLOSED,2
redis/redis-py,2102,2022-04-13T08:54:43Z,2023-09-22T00:15:57Z,526.6397453703704,CLOSED,8
redis/redis-py,2888,2023-08-11T15:27:22Z,2023-09-19T16:23:42Z,39.03912037037037,CLOSED,0
redis/redis-py,2839,2023-07-10T12:34:25Z,2023-09-14T11:35:02Z,65.95876157407407,CLOSED,1
redis/redis-py,2938,2023-09-13T13:12:34Z,2023-09-13T23:46:40Z,0.4403472222222222,CLOSED,1
redis/redis-py,1645,2021-10-26T09:14:47Z,2021-10-26T11:13:20Z,0.0823263888888889,CLOSED,4
redis/redis-py,2916,2023-08-25T09:46:37Z,2023-08-30T00:12:11Z,4.601087962962963,CLOSED,1
redis/redis-py,2845,2023-07-14T17:13:48Z,2023-08-29T23:30:36Z,46.26166666666666,CLOSED,1
redis/redis-py,2490,2022-12-07T03:50:54Z,2022-12-25T14:18:25Z,18.43577546296296,CLOSED,2
redis/redis-py,2511,2022-12-14T07:25:15Z,2023-07-16T23:18:56Z,214.6622800925926,CLOSED,2
redis/redis-py,2552,2023-01-11T22:49:25Z,2023-07-16T23:13:35Z,186.01678240740742,CLOSED,2
redis/redis-py,2593,2023-02-19T07:00:30Z,2023-07-16T22:03:02Z,147.62675925925927,CLOSED,4
redis/redis-py,2768,2023-05-18T15:46:58Z,2023-06-19T09:38:57Z,31.74443287037037,CLOSED,0
redis/redis-py,2746,2023-05-04T21:52:40Z,2023-06-17T21:52:03Z,43.99957175925926,CLOSED,1
redis/redis-py,2407,2022-10-05T11:32:35Z,2022-12-01T09:50:57Z,56.9294212962963,CLOSED,13
redis/redis-py,2448,2022-11-08T02:58:59Z,2023-06-10T14:26:32Z,214.47746527777778,CLOSED,2
redis/redis-py,2609,2023-03-12T17:05:19Z,2023-04-30T01:13:56Z,48.33931712962963,CLOSED,0
redis/redis-py,2667,2023-03-27T18:57:53Z,2023-04-28T14:10:15Z,31.80025462962963,CLOSED,3
redis/redis-py,2693,2023-04-04T17:23:18Z,2023-04-13T11:58:11Z,8.774224537037037,CLOSED,0
redis/redis-py,2700,2023-04-06T17:40:14Z,2023-04-13T11:57:30Z,6.761990740740741,CLOSED,3
redis/redis-py,2540,2023-01-04T15:46:17Z,2023-01-29T13:50:43Z,24.91974537037037,CLOSED,2
redis/redis-py,2449,2022-11-09T10:16:45Z,2023-02-08T08:18:40Z,90.91799768518518,CLOSED,2
redis/redis-py,2349,2022-08-21T09:18:56Z,2023-02-06T19:25:41Z,169.42135416666667,CLOSED,12
redis/redis-py,2488,2022-12-05T16:28:25Z,2023-01-08T12:39:09Z,33.84078703703704,CLOSED,4
redis/redis-py,2513,2022-12-14T11:08:06Z,2023-01-08T12:36:36Z,25.061458333333334,CLOSED,1
redis/redis-py,2524,2022-12-20T17:46:08Z,2023-01-08T08:42:20Z,18.62236111111111,CLOSED,0
redis/redis-py,2462,2022-11-18T21:57:55Z,2022-12-01T11:16:15Z,12.554398148148149,CLOSED,2
redis/redis-py,2437,2022-10-28T23:13:38Z,2022-10-30T07:14:02Z,1.333611111111111,CLOSED,4
redis/redis-py,2383,2022-09-14T15:52:26Z,2022-09-29T10:51:38Z,14.79111111111111,CLOSED,1
redis/redis-py,2265,2022-07-06T14:04:15Z,2022-08-02T14:44:58Z,27.028275462962963,CLOSED,2
redis/redis-py,2226,2022-06-10T14:57:57Z,2022-06-27T12:05:05Z,16.879953703703702,CLOSED,1
redis/redis-py,1902,2022-01-26T07:48:03Z,2022-01-26T11:48:24Z,0.16690972222222222,CLOSED,0
redis/redis-py,1875,2022-01-12T02:01:03Z,2022-01-12T07:11:29Z,0.21557870370370372,CLOSED,1
redis/redis-py,1772,2021-12-02T20:59:48Z,2022-01-10T11:20:21Z,38.59760416666666,CLOSED,6
redis/redis-py,1714,2021-11-15T16:28:34Z,2021-11-21T07:47:59Z,5.638483796296296,CLOSED,4
redis/redis-py,1783,2021-12-10T18:11:05Z,2021-12-26T09:00:44Z,15.6178125,CLOSED,3
redis/redis-py,1788,2021-12-14T06:31:01Z,2021-12-22T09:52:04Z,8.139618055555555,CLOSED,0
redis/redis-py,1739,2021-11-22T13:54:51Z,2021-12-02T14:02:44Z,10.005474537037037,CLOSED,2
redis/redis-py,1583,2021-10-01T06:25:34Z,2021-11-15T07:10:58Z,45.031527777777775,CLOSED,2
redis/redis-py,1669,2021-11-07T15:13:51Z,2021-11-11T10:31:19Z,3.803796296296296,CLOSED,4
redis/redis-py,1639,2021-10-25T10:10:36Z,2021-10-25T10:41:07Z,0.02119212962962963,CLOSED,1
redis/redis-py,1576,2021-09-16T21:42:15Z,2021-10-21T14:23:33Z,34.695347222222225,CLOSED,0
sqlalchemy/alembic,204,2014-05-15T17:08:49Z,2014-05-15T18:14:50Z,0.04584490740740741,CLOSED,3
sqlalchemy/alembic,185,2014-03-12T16:56:51Z,2014-03-13T17:52:26Z,1.0385995370370371,CLOSED,11
sqlalchemy/alembic,202,2014-05-02T10:01:55Z,2014-05-02T20:05:06Z,0.4188773148148148,CLOSED,6
sqlalchemy/alembic,200,2014-04-30T07:28:32Z,2014-04-30T22:29:33Z,0.6257060185185185,CLOSED,6
sqlalchemy/alembic,194,2014-04-01T13:47:02Z,2014-04-01T17:13:21Z,0.14327546296296295,CLOSED,18
sqlalchemy/alembic,64,2012-08-02T08:16:46Z,2014-04-08T03:49:24Z,613.8143287037037,CLOSED,17
sqlalchemy/alembic,195,2014-04-04T12:39:23Z,2014-04-04T15:10:20Z,0.10482638888888889,CLOSED,3
sqlalchemy/alembic,183,2014-03-12T12:50:52Z,2014-03-12T21:34:10Z,0.3634027777777778,CLOSED,10
sqlalchemy/alembic,193,2014-03-31T10:49:37Z,2014-03-31T14:16:54Z,0.14394675925925926,CLOSED,6
sqlalchemy/alembic,192,2014-03-28T14:43:01Z,2014-03-28T18:59:16Z,0.1779513888888889,CLOSED,7
sqlalchemy/alembic,186,2014-03-12T19:53:46Z,2014-03-25T23:18:03Z,13.141863425925926,CLOSED,2
sqlalchemy/alembic,103,2013-02-05T11:31:15Z,2014-03-16T23:26:46Z,404.4968865740741,CLOSED,7
sqlalchemy/alembic,190,2014-03-14T20:33:43Z,2014-03-14T20:41:46Z,0.005590277777777777,CLOSED,4
sqlalchemy/alembic,189,2014-03-14T13:35:32Z,2014-03-14T14:18:30Z,0.029837962962962962,CLOSED,5
sqlalchemy/alembic,163,2013-12-31T17:59:13Z,2014-03-14T14:48:24Z,72.86748842592593,CLOSED,13
sqlalchemy/alembic,188,2014-03-14T09:07:59Z,2014-03-14T14:19:50Z,0.2165625,CLOSED,2
sqlalchemy/alembic,179,2014-03-08T04:26:53Z,2014-03-08T05:16:13Z,0.03425925925925926,CLOSED,2
sqlalchemy/alembic,175,2014-02-18T23:59:11Z,2014-02-19T01:45:32Z,0.07385416666666667,CLOSED,5
sqlalchemy/alembic,172,2014-01-31T16:08:59Z,2014-02-02T21:42:52Z,2.231863425925926,CLOSED,3
sqlalchemy/alembic,170,2014-01-30T20:49:48Z,2014-01-31T01:31:13Z,0.19542824074074075,CLOSED,7
sqlalchemy/alembic,168,2014-01-23T09:30:18Z,2014-01-24T15:44:16Z,1.259699074074074,CLOSED,4
sqlalchemy/alembic,164,2014-01-12T02:40:29Z,2014-01-12T02:56:20Z,0.011006944444444444,CLOSED,3
sqlalchemy/alembic,157,2013-12-02T18:08:25Z,2013-12-27T19:27:20Z,25.05480324074074,CLOSED,34
sqlalchemy/alembic,162,2013-12-26T17:46:25Z,2013-12-26T20:25:47Z,0.1106712962962963,CLOSED,8
sqlalchemy/alembic,127,2013-06-06T22:59:11Z,2013-12-18T23:27:37Z,195.01974537037037,CLOSED,4
sqlalchemy/alembic,159,2013-12-13T08:20:23Z,2013-12-16T15:05:32Z,3.2813541666666666,CLOSED,5
sqlalchemy/alembic,152,2013-10-16T20:08:51Z,2013-11-27T00:14:54Z,41.17086805555556,CLOSED,3
sqlalchemy/alembic,135,2013-07-30T09:31:26Z,2013-11-21T22:47:47Z,114.55302083333333,CLOSED,10
sqlalchemy/alembic,155,2013-11-13T09:16:46Z,2013-11-13T15:08:52Z,0.2445138888888889,CLOSED,16
sqlalchemy/alembic,154,2013-10-22T02:57:45Z,2013-10-22T03:10:46Z,0.009039351851851852,CLOSED,3
sqlalchemy/alembic,141,2013-09-14T15:37:27Z,2013-10-15T17:41:24Z,31.086076388888888,CLOSED,3
sqlalchemy/alembic,138,2013-08-30T08:13:09Z,2013-10-14T20:21:18Z,45.50565972222222,CLOSED,3
sqlalchemy/alembic,150,2013-10-14T10:25:09Z,2013-10-14T14:17:10Z,0.1611226851851852,CLOSED,4
sqlalchemy/alembic,146,2013-10-08T02:30:25Z,,,OPEN,5
sqlalchemy/alembic,142,2013-09-17T03:35:54Z,2013-10-07T15:22:44Z,20.490856481481483,CLOSED,13
sqlalchemy/alembic,145,2013-09-27T02:46:50Z,2013-09-29T20:59:26Z,2.75875,CLOSED,3
sqlalchemy/alembic,137,2013-08-23T09:21:45Z,2013-08-23T17:25:59Z,0.3362731481481481,CLOSED,2
sqlalchemy/alembic,134,2013-07-15T16:21:40Z,2013-07-15T17:54:02Z,0.06414351851851852,CLOSED,3
sqlalchemy/alembic,101,2013-01-19T09:08:32Z,2013-07-11T23:32:55Z,173.6002662037037,CLOSED,5
sqlalchemy/alembic,132,2013-06-25T11:15:48Z,2013-06-25T13:57:44Z,0.11245370370370371,CLOSED,2
sqlalchemy/alembic,125,2013-05-14T23:58:23Z,2013-05-16T18:42:30Z,1.7806365740740742,CLOSED,2
sqlalchemy/alembic,31,2012-02-08T23:53:02Z,2012-06-23T16:24:58Z,135.68884259259258,CLOSED,7
sqlalchemy/alembic,32,2012-02-17T11:13:01Z,2013-04-04T20:33:25Z,412.38916666666665,CLOSED,7
sqlalchemy/alembic,90,2012-11-28T15:17:34Z,2013-04-04T20:23:57Z,127.21276620370371,CLOSED,5
sqlalchemy/alembic,109,2013-03-08T21:46:01Z,2013-04-04T19:43:55Z,26.915208333333332,CLOSED,5
sqlalchemy/alembic,112,2013-03-25T13:37:41Z,2013-04-04T19:40:21Z,10.251851851851852,CLOSED,4
sqlalchemy/alembic,113,2013-03-26T23:10:13Z,2013-03-27T16:52:28Z,0.7376736111111111,CLOSED,3
sqlalchemy/alembic,110,2013-03-12T07:29:29Z,2013-03-12T19:34:24Z,0.5034143518518519,CLOSED,2
sqlalchemy/alembic,108,2013-03-04T22:34:47Z,2013-03-04T23:57:12Z,0.057233796296296297,CLOSED,2
sqlalchemy/alembic,106,2013-02-11T11:56:06Z,2013-02-11T19:45:42Z,0.32611111111111113,CLOSED,5
sqlalchemy/alembic,105,2013-02-11T11:51:53Z,2013-02-11T19:42:10Z,0.32658564814814817,CLOSED,4
sqlalchemy/alembic,102,2013-02-02T17:39:34Z,2013-02-03T16:11:17Z,0.9386921296296297,CLOSED,16
sqlalchemy/alembic,100,2013-01-11T08:47:59Z,2013-01-11T14:53:04Z,0.25353009259259257,CLOSED,3
sqlalchemy/alembic,99,2013-01-11T03:28:12Z,2013-01-11T05:52:45Z,0.10038194444444444,CLOSED,2
sqlalchemy/alembic,96,2013-01-04T23:19:20Z,2013-01-05T17:13:54Z,0.7462268518518519,CLOSED,17
sqlalchemy/alembic,94,2012-12-05T18:31:19Z,2012-12-05T18:56:02Z,0.01716435185185185,CLOSED,3
sqlalchemy/alembic,88,2012-11-13T19:25:26Z,2012-11-14T03:54:59Z,0.3538541666666667,CLOSED,3
sqlalchemy/alembic,87,2012-11-11T23:21:14Z,2012-11-12T15:52:13Z,0.6881828703703704,CLOSED,3
sqlalchemy/alembic,86,2012-11-10T21:41:06Z,2012-11-10T21:55:57Z,0.0103125,CLOSED,4
sqlalchemy/alembic,83,2012-10-31T17:48:15Z,2012-10-31T18:56:38Z,0.04748842592592593,CLOSED,8
sqlalchemy/alembic,82,2012-10-22T16:23:13Z,2012-10-22T16:29:44Z,0.004525462962962963,CLOSED,2
sqlalchemy/alembic,81,2012-10-20T16:39:28Z,2012-10-20T20:13:42Z,0.14877314814814815,CLOSED,2
sqlalchemy/alembic,78,2012-10-17T13:13:55Z,2012-10-18T16:33:04Z,1.138298611111111,CLOSED,3
sqlalchemy/alembic,75,2012-10-03T21:33:34Z,2012-10-03T21:38:14Z,0.0032407407407407406,CLOSED,2
sqlalchemy/alembic,13,2011-12-07T22:36:20Z,2012-09-30T17:12:49Z,297.77533564814814,CLOSED,2
sqlalchemy/alembic,71,2012-08-29T13:00:23Z,2012-09-30T16:58:19Z,32.165231481481484,CLOSED,3
sqlalchemy/alembic,72,2012-09-16T20:43:50Z,2012-09-30T16:37:19Z,13.82880787037037,CLOSED,10
sqlalchemy/alembic,70,2012-08-28T12:18:33Z,2012-09-30T16:25:05Z,33.1712037037037,CLOSED,4
sqlalchemy/alembic,74,2012-09-29T19:14:45Z,2012-09-29T19:38:17Z,0.016342592592592593,CLOSED,3
sqlalchemy/alembic,15,2011-12-07T22:41:18Z,2012-08-23T01:08:04Z,259.10192129629627,CLOSED,2
sqlalchemy/alembic,69,2012-08-21T16:04:53Z,2012-08-21T16:19:01Z,0.009814814814814814,CLOSED,3
sqlalchemy/alembic,66,2012-08-08T14:00:49Z,2012-08-08T15:12:41Z,0.04990740740740741,CLOSED,13
sqlalchemy/alembic,65,2012-08-06T22:38:36Z,2012-08-06T22:43:12Z,0.0031944444444444446,CLOSED,3
sqlalchemy/alembic,62,2012-07-27T12:24:53Z,2012-07-28T11:30:40Z,0.9623495370370371,CLOSED,2
sqlalchemy/alembic,63,2012-07-28T09:04:00Z,2012-07-28T10:50:10Z,0.07372685185185185,CLOSED,2
sqlalchemy/alembic,61,2012-07-24T17:41:41Z,2012-07-25T03:57:00Z,0.4273032407407407,CLOSED,2
sqlalchemy/alembic,58,2012-07-08T16:32:00Z,2012-07-08T18:16:08Z,0.07231481481481482,CLOSED,5
sqlalchemy/alembic,56,2012-06-27T02:51:42Z,2012-06-27T11:41:41Z,0.3680439814814815,CLOSED,4
sqlalchemy/alembic,54,2012-06-09T08:30:42Z,2012-06-09T13:08:31Z,0.19292824074074075,CLOSED,2
sqlalchemy/alembic,47,2012-05-13T02:14:18Z,2012-06-05T23:26:28Z,23.883449074074075,CLOSED,6
sqlalchemy/alembic,51,2012-05-31T17:02:07Z,2012-05-31T19:13:07Z,0.09097222222222222,CLOSED,2
sqlalchemy/alembic,49,2012-05-19T06:13:50Z,2012-05-20T13:51:52Z,1.3180787037037036,CLOSED,4
sqlalchemy/alembic,44,2012-04-27T06:33:47Z,2012-05-01T15:20:29Z,4.365763888888889,CLOSED,17
sqlalchemy/alembic,41,2012-04-07T17:44:24Z,2012-04-07T22:01:12Z,0.17833333333333334,CLOSED,2
sqlalchemy/alembic,36,2012-03-09T09:40:56Z,2012-03-13T04:59:48Z,3.8047685185185185,CLOSED,2
sqlalchemy/alembic,35,2012-02-28T15:20:56Z,2012-02-28T16:30:34Z,0.04835648148148148,CLOSED,2
sqlalchemy/alembic,30,2012-02-08T03:17:40Z,2012-02-09T17:54:17Z,1.6087615740740742,CLOSED,3
sqlalchemy/alembic,26,2012-01-31T11:20:25Z,2012-01-31T15:08:46Z,0.1585763888888889,CLOSED,3
sqlalchemy/alembic,22,2012-01-20T18:30:28Z,2012-01-20T18:42:41Z,0.008483796296296297,CLOSED,3
sqlalchemy/alembic,14,2011-12-07T22:36:41Z,2012-01-05T01:08:53Z,28.105694444444445,CLOSED,2
sqlalchemy/alembic,18,2012-01-02T22:21:01Z,2012-01-02T22:23:07Z,0.0014583333333333334,CLOSED,2
sqlalchemy/alembic,17,2012-01-01T04:28:51Z,2012-01-01T16:22:07Z,0.4953240740740741,CLOSED,4
sqlalchemy/alembic,16,2011-12-24T19:55:06Z,2011-12-28T15:37:33Z,3.8211458333333335,CLOSED,12
sqlalchemy/alembic,12,2011-11-29T19:35:41Z,2011-11-30T00:57:35Z,0.22354166666666667,CLOSED,2
sqlalchemy/alembic,11,2011-11-29T19:34:13Z,2011-11-29T20:51:13Z,0.05347222222222222,CLOSED,2
sqlalchemy/alembic,5,2011-11-28T16:14:53Z,2011-11-29T17:43:39Z,1.0616435185185185,CLOSED,2
sqlalchemy/alembic,9,2011-11-28T23:19:12Z,2011-11-29T03:31:26Z,0.17516203703703703,CLOSED,4
sqlalchemy/alembic,6,2011-11-28T16:40:15Z,2011-11-28T22:11:26Z,0.22998842592592592,CLOSED,2
sqlalchemy/alembic,7,2011-11-28T17:20:45Z,2011-11-28T21:25:10Z,0.16973379629629629,CLOSED,2
sqlalchemy/alembic,2,2011-11-13T17:56:14Z,2011-11-15T00:19:52Z,1.266412037037037,CLOSED,2
MagicStack/asyncpg,186,2017-09-07T18:11:49Z,2017-09-11T18:26:47Z,4.010393518518518,CLOSED,7
MagicStack/asyncpg,323,2018-07-05T12:36:06Z,2018-07-10T22:06:54Z,5.396388888888889,CLOSED,4
MagicStack/asyncpg,279,2018-04-10T17:31:16Z,2018-05-31T20:53:20Z,51.14032407407407,CLOSED,3
MagicStack/asyncpg,49,2016-12-14T19:53:21Z,2016-12-21T17:53:29Z,6.916759259259259,CLOSED,8
MagicStack/asyncpg,232,2017-11-30T21:12:47Z,2017-12-04T02:15:47Z,3.2104166666666667,CLOSED,1
MagicStack/asyncpg,220,2017-11-01T00:31:02Z,2017-11-15T20:05:01Z,14.815266203703704,CLOSED,17
MagicStack/asyncpg,37,2016-10-30T00:19:30Z,2017-10-10T14:17:35Z,345.5820023148148,CLOSED,4
MagicStack/asyncpg,198,2017-09-27T18:37:17Z,2017-10-02T15:05:46Z,4.853113425925926,CLOSED,0
MagicStack/asyncpg,184,2017-09-02T04:25:52Z,2017-09-12T20:23:51Z,10.665266203703704,CLOSED,3
MagicStack/asyncpg,155,2017-06-13T17:34:05Z,2017-06-30T20:12:28Z,17.109988425925927,CLOSED,0
MagicStack/asyncpg,28,2016-08-28T23:05:05Z,2017-06-30T20:03:27Z,305.87386574074077,CLOSED,1
MagicStack/asyncpg,125,2017-04-18T13:14:09Z,2017-05-05T19:43:52Z,17.270636574074075,CLOSED,5
MagicStack/asyncpg,122,2017-04-12T10:52:14Z,2017-05-10T16:49:47Z,28.24829861111111,CLOSED,4
MagicStack/asyncpg,133,2017-05-09T15:39:25Z,2017-05-09T22:47:56Z,0.29758101851851854,CLOSED,2
MagicStack/asyncpg,117,2017-04-05T22:24:34Z,2017-04-06T19:22:25Z,0.8735069444444444,CLOSED,0
MagicStack/asyncpg,72,2017-02-02T01:24:18Z,2017-03-30T19:54:42Z,56.77111111111111,CLOSED,13
MagicStack/asyncpg,97,2017-03-28T23:22:53Z,2017-03-29T16:11:31Z,0.7004398148148148,CLOSED,10
MagicStack/asyncpg,85,2017-03-09T16:40:29Z,2017-03-16T17:32:12Z,7.035914351851852,CLOSED,0
MagicStack/asyncpg,82,2017-02-23T12:58:04Z,2017-03-16T15:51:10Z,21.120208333333334,CLOSED,1
MagicStack/asyncpg,52,2016-12-21T11:35:26Z,2016-12-22T17:37:08Z,1.2511805555555555,CLOSED,1
MagicStack/asyncpg,48,2016-12-09T20:01:31Z,2016-12-16T20:36:07Z,7.0240277777777775,CLOSED,1
aio-libs/aiomysql,1053,2025-11-21T00:41:18Z,,,OPEN,0
aio-libs/aiomysql,1001,2025-07-31T15:04:53Z,,,OPEN,1
aio-libs/aiomysql,988,2024-07-31T22:21:25Z,,,OPEN,1
aio-libs/aiomysql,999,2025-04-03T08:44:43Z,,,OPEN,2
aio-libs/aiomysql,968,2023-09-24T14:38:30Z,,,OPEN,3
aio-libs/aiomysql,994,2024-11-22T11:00:14Z,2024-11-22T11:12:29Z,0.008506944444444444,CLOSED,1
aio-libs/aiomysql,992,2024-10-16T10:09:05Z,,,OPEN,1
aio-libs/aiomysql,966,2023-09-11T14:30:40Z,,,OPEN,3
aio-libs/aiomysql,978,2024-02-28T17:03:07Z,,,OPEN,3
aio-libs/aiomysql,986,2024-05-22T06:52:26Z,,,OPEN,2
aio-libs/aiomysql,985,2024-05-11T06:20:53Z,2024-07-29T10:58:35Z,79.19284722222223,CLOSED,0
aio-libs/aiomysql,783,2022-05-02T08:19:53Z,2022-05-04T12:01:52Z,2.1541550925925925,CLOSED,6
aio-libs/aiomysql,438,2019-09-11T13:56:49Z,,,OPEN,2
aio-libs/aiomysql,979,2024-03-07T09:01:24Z,,,OPEN,0
aio-libs/aiomysql,909,2023-03-24T05:22:02Z,,,OPEN,1
aio-libs/aiomysql,972,2023-12-23T21:27:53Z,,,OPEN,3
aio-libs/aiomysql,971,2023-12-05T09:26:02Z,2023-12-22T06:03:51Z,16.85959490740741,CLOSED,1
aio-libs/aiomysql,970,2023-11-07T13:42:04Z,,,OPEN,0
aio-libs/aiomysql,577,2021-04-17T21:04:38Z,,,OPEN,5
aio-libs/aiomysql,605,2021-08-09T02:27:00Z,,,OPEN,5
aio-libs/aiomysql,792,2022-05-30T03:58:20Z,2022-08-26T18:50:46Z,88.61974537037037,CLOSED,6
aio-libs/aiomysql,637,2021-12-16T12:43:03Z,,,OPEN,2
aio-libs/aiomysql,181,2017-05-19T23:07:34Z,2022-07-11T00:55:04Z,1878.0746527777778,CLOSED,2
aio-libs/aiomysql,353,2018-11-06T20:01:45Z,,,OPEN,0
aio-libs/aiomysql,679,2022-01-21T08:08:46Z,2022-07-10T22:40:49Z,170.60559027777776,CLOSED,1
aio-libs/aiomysql,800,2022-06-09T21:22:13Z,2022-06-12T14:05:35Z,2.6967824074074076,CLOSED,3
aio-libs/aiomysql,775,2022-04-19T05:05:02Z,2022-04-20T09:40:55Z,1.1915856481481482,CLOSED,1
aio-libs/aiomysql,774,2022-04-18T14:04:34Z,2022-04-19T02:55:26Z,0.5353240740740741,CLOSED,2
aio-libs/aiomysql,300,2018-06-25T08:21:00Z,,,OPEN,2
aio-libs/aiomysql,375,2019-01-20T18:41:09Z,,,OPEN,2
aio-libs/aiomysql,428,2019-08-15T10:20:15Z,2022-04-11T00:09:45Z,969.5760416666667,CLOSED,17
aio-libs/aiomysql,670,2022-01-16T22:04:48Z,,,OPEN,0
aio-libs/aiomysql,731,2022-02-15T17:08:18Z,2022-02-16T15:05:39Z,0.9148263888888889,CLOSED,3
aio-libs/aiomysql,587,2021-05-30T17:44:03Z,2022-01-23T14:03:36Z,237.84690972222222,CLOSED,5
aio-libs/aiomysql,410,2019-06-02T21:51:07Z,2022-02-03T01:03:15Z,976.133425925926,CLOSED,7
aio-libs/aiomysql,371,2019-01-15T15:43:53Z,,,OPEN,2
aio-libs/aiomysql,516,2020-08-17T08:32:49Z,,,OPEN,1
aio-libs/aiomysql,119,2016-10-26T16:42:25Z,2022-02-02T21:57:50Z,1925.219039351852,CLOSED,0
aio-libs/aiomysql,635,2021-12-09T10:03:31Z,2022-01-28T23:41:34Z,50.56809027777778,CLOSED,1
aio-libs/aiomysql,673,2022-01-17T08:10:20Z,2022-01-28T18:43:33Z,11.439733796296297,CLOSED,2
aio-libs/aiomysql,614,2021-09-17T05:14:21Z,2022-01-26T17:41:39Z,131.51895833333333,CLOSED,6
aio-libs/aiomysql,340,2018-09-14T00:06:45Z,2022-01-26T17:41:39Z,1230.7325694444444,CLOSED,3
aio-libs/aiomysql,589,2021-06-04T21:53:24Z,,,OPEN,0
aio-libs/aiomysql,620,2021-10-04T17:29:09Z,2022-01-22T15:32:12Z,109.91878472222223,CLOSED,1
aio-libs/aiomysql,607,2021-08-12T22:26:50Z,,,OPEN,2
aio-libs/aiomysql,64,2016-02-16T15:17:17Z,,,OPEN,0
aio-libs/aiomysql,478,2020-04-12T09:51:46Z,,,OPEN,0
aio-libs/aiomysql,444,2019-10-14T11:05:27Z,,,OPEN,1
aio-libs/aiomysql,338,2018-09-12T00:00:58Z,,,OPEN,0
aio-libs/aiomysql,450,2019-10-31T22:44:41Z,,,OPEN,2
aio-libs/aiomysql,539,2020-11-25T16:06:49Z,,,OPEN,2
aio-libs/aiomysql,394,2019-03-25T05:23:18Z,2019-05-22T09:47:49Z,58.18369212962963,CLOSED,4
aio-libs/aiomysql,383,2019-02-04T15:44:05Z,,,OPEN,4
aio-libs/aiomysql,389,2019-02-22T13:12:16Z,,,OPEN,0
aio-libs/aiomysql,362,2018-12-05T09:20:04Z,2018-12-27T08:12:18Z,21.952939814814815,CLOSED,2
aio-libs/aiomysql,323,2018-07-25T21:58:54Z,2018-07-31T20:28:40Z,5.937337962962963,CLOSED,5
aio-libs/aiomysql,297,2018-06-09T22:43:06Z,2018-07-09T19:42:59Z,29.874918981481482,CLOSED,5
coleifer/peewee,147,2013-01-09T16:33:31Z,2013-09-04T18:46:18Z,238.09221064814815,CLOSED,8
tortoise/tortoise-orm,1977,2025-07-10T13:50:01Z,2026-02-08T13:22:30Z,212.9808912037037,CLOSED,1
tortoise/tortoise-orm,2074,2026-02-07T10:15:34Z,2026-02-07T19:04:56Z,0.3676157407407407,CLOSED,1
tortoise/tortoise-orm,396,2020-05-10T06:25:53Z,,,OPEN,9
tortoise/tortoise-orm,2041,2025-12-16T20:39:23Z,2025-12-20T05:59:13Z,3.388773148148148,CLOSED,1
tortoise/tortoise-orm,2036,2025-12-13T23:48:47Z,2025-12-17T09:19:43Z,3.3964814814814814,CLOSED,3
tortoise/tortoise-orm,1999,2025-08-25T20:53:58Z,2025-12-06T18:23:29Z,102.89549768518519,CLOSED,1
tortoise/tortoise-orm,2007,2025-09-21T05:28:06Z,,,OPEN,0
tortoise/tortoise-orm,2004,2025-09-10T17:22:25Z,,,OPEN,0
tortoise/tortoise-orm,283,2020-02-02T16:54:03Z,,,OPEN,7
tortoise/tortoise-orm,1981,2025-07-24T11:35:03Z,,,OPEN,1
tortoise/tortoise-orm,1969,2025-06-16T12:52:22Z,,,OPEN,2
tortoise/tortoise-orm,1902,2025-02-28T04:25:12Z,,,OPEN,1
tortoise/tortoise-orm,1899,2025-02-26T07:17:17Z,2025-02-26T12:18:44Z,0.20934027777777778,CLOSED,1
tortoise/tortoise-orm,1891,2025-02-24T11:40:15Z,2025-02-26T12:04:06Z,2.0165625,CLOSED,1
tortoise/tortoise-orm,1893,2025-02-25T10:21:14Z,2025-02-26T10:07:54Z,0.9907407407407407,CLOSED,0
tortoise/tortoise-orm,1878,2025-02-06T00:36:18Z,2025-02-24T10:42:59Z,18.42130787037037,CLOSED,0
tortoise/tortoise-orm,1836,2025-01-03T09:31:25Z,2025-01-20T08:00:07Z,16.936597222222222,CLOSED,0
tortoise/tortoise-orm,1811,2024-12-13T14:33:42Z,2024-12-26T16:25:23Z,13.07755787037037,CLOSED,8
tortoise/tortoise-orm,1814,2024-12-17T10:59:29Z,2025-01-03T08:47:01Z,16.90800925925926,CLOSED,2
tortoise/tortoise-orm,1806,2024-12-11T14:00:57Z,2024-12-20T20:10:25Z,9.256574074074074,CLOSED,3
tortoise/tortoise-orm,1128,2022-05-13T16:50:11Z,2024-12-15T21:36:56Z,947.1991319444444,CLOSED,3
tortoise/tortoise-orm,1800,2024-12-04T12:33:29Z,,,OPEN,0
tortoise/tortoise-orm,1793,2024-11-30T16:09:04Z,2024-12-03T11:29:40Z,2.805972222222222,CLOSED,0
tortoise/tortoise-orm,1780,2024-11-20T15:21:47Z,2024-11-25T09:34:38Z,4.758923611111111,CLOSED,7
tortoise/tortoise-orm,1607,2024-05-09T08:12:13Z,2024-05-23T20:20:28Z,14.505729166666667,CLOSED,4
tortoise/tortoise-orm,1135,2022-05-22T09:30:13Z,2023-08-28T15:20:57Z,463.2435648148148,CLOSED,9
tortoise/tortoise-orm,1633,2024-05-29T20:55:34Z,2024-06-01T10:06:04Z,2.548958333333333,CLOSED,1
tortoise/tortoise-orm,1590,2024-04-23T07:09:33Z,2024-05-13T19:57:59Z,20.53363425925926,CLOSED,3
tortoise/tortoise-orm,1586,2024-04-11T21:27:40Z,2024-04-23T14:08:52Z,11.695277777777777,CLOSED,7
tortoise/tortoise-orm,140,2019-06-13T10:51:06Z,2020-02-29T18:00:18Z,261.29805555555555,CLOSED,7
tortoise/tortoise-orm,364,2020-04-24T09:41:47Z,2020-04-27T08:29:10Z,2.949571759259259,CLOSED,11
tortoise/tortoise-orm,1133,2022-05-21T23:18:46Z,2022-05-22T05:48:06Z,0.27037037037037037,CLOSED,3
tortoise/tortoise-orm,1167,2022-06-29T15:18:57Z,,,OPEN,4
tortoise/tortoise-orm,1086,2022-03-15T10:26:59Z,2022-03-17T12:29:48Z,2.085289351851852,CLOSED,1
tortoise/tortoise-orm,986,2021-11-23T15:04:39Z,2021-11-24T12:27:43Z,0.8910185185185185,CLOSED,1
tortoise/tortoise-orm,864,2021-08-13T20:16:59Z,2021-08-20T15:06:11Z,6.784166666666667,CLOSED,1
tortoise/tortoise-orm,425,2020-06-02T16:16:36Z,,,OPEN,2
tortoise/tortoise-orm,796,2021-06-17T03:32:45Z,2021-06-17T06:16:46Z,0.11390046296296297,CLOSED,2
tortoise/tortoise-orm,678,2021-03-22T07:50:09Z,2021-03-27T06:43:15Z,4.953541666666666,CLOSED,2
tortoise/tortoise-orm,679,2021-03-22T22:51:58Z,2021-03-26T21:47:03Z,3.9549189814814816,CLOSED,6
tortoise/tortoise-orm,407,2020-05-15T22:27:23Z,2020-05-19T19:05:11Z,3.859583333333333,CLOSED,3
tortoise/tortoise-orm,404,2020-05-13T20:45:43Z,,,OPEN,2
tortoise/tortoise-orm,377,2020-05-01T20:01:27Z,,,OPEN,2
tortoise/tortoise-orm,339,2020-04-05T03:55:19Z,2020-05-01T02:36:27Z,25.945231481481482,CLOSED,4
tortoise/tortoise-orm,351,2020-04-12T14:45:09Z,2020-04-16T09:05:12Z,3.763923611111111,CLOSED,4
tortoise/tortoise-orm,325,2020-03-20T15:26:05Z,2020-04-14T17:10:31Z,25.072523148148147,CLOSED,3
tortoise/tortoise-orm,344,2020-04-08T02:17:07Z,2020-04-10T21:00:19Z,2.78,CLOSED,4
tortoise/tortoise-orm,345,2020-04-08T04:18:14Z,2020-04-10T19:54:46Z,2.6503703703703705,CLOSED,6
tortoise/tortoise-orm,333,2020-03-24T15:09:17Z,2020-04-04T00:40:05Z,10.39638888888889,CLOSED,15
tortoise/tortoise-orm,321,2020-03-17T14:22:45Z,2020-03-30T07:28:23Z,12.71224537037037,CLOSED,5
tortoise/tortoise-orm,326,2020-03-21T11:38:03Z,2020-03-26T13:26:58Z,5.075636574074074,CLOSED,4
tortoise/tortoise-orm,310,2020-03-06T02:57:48Z,2020-03-09T15:31:24Z,3.5233333333333334,CLOSED,4
tortoise/tortoise-orm,292,2020-02-13T13:14:54Z,2020-02-27T10:41:37Z,13.89355324074074,CLOSED,2
tortoise/tortoise-orm,282,2020-02-02T16:42:19Z,2020-02-10T09:26:48Z,7.69755787037037,CLOSED,2
tortoise/tortoise-orm,167,2019-08-12T17:12:56Z,2020-01-21T05:20:25Z,161.50519675925926,CLOSED,4
tortoise/tortoise-orm,275,2020-01-17T08:35:06Z,2020-01-19T06:38:06Z,1.91875,CLOSED,7
tortoise/tortoise-orm,274,2020-01-13T18:37:26Z,2020-01-17T20:15:02Z,4.067777777777778,CLOSED,3
tortoise/tortoise-orm,246,2019-11-26T14:22:08Z,2019-12-20T12:07:52Z,23.90675925925926,CLOSED,9
tortoise/tortoise-orm,247,2019-11-26T18:54:06Z,2019-11-28T09:07:08Z,1.5923842592592592,CLOSED,2
tortoise/tortoise-orm,249,2019-11-27T14:17:33Z,2019-11-27T18:38:27Z,0.18118055555555557,CLOSED,5
tortoise/tortoise-orm,240,2019-11-18T16:23:36Z,2019-11-25T09:55:17Z,6.730335648148148,CLOSED,18
tortoise/tortoise-orm,238,2019-11-14T18:50:31Z,2019-11-24T09:37:05Z,9.615671296296297,CLOSED,3
tortoise/tortoise-orm,233,2019-11-03T13:28:29Z,2019-11-16T16:14:35Z,13.115347222222223,CLOSED,6
tortoise/tortoise-orm,230,2019-10-31T23:13:56Z,2019-11-13T21:00:39Z,12.90744212962963,CLOSED,8
tortoise/tortoise-orm,216,2019-10-16T09:11:08Z,2019-11-10T05:00:00Z,24.82560185185185,CLOSED,4
tortoise/tortoise-orm,215,2019-10-16T08:58:20Z,2019-11-10T04:59:58Z,24.834467592592592,CLOSED,4
tortoise/tortoise-orm,184,2019-09-05T12:10:01Z,2019-09-06T14:54:49Z,1.1144444444444443,CLOSED,8
tortoise/tortoise-orm,151,2019-07-04T16:21:15Z,2019-09-05T07:51:04Z,62.64570601851852,CLOSED,3
tortoise/tortoise-orm,178,2019-08-29T11:58:23Z,2019-09-05T06:38:17Z,6.777708333333333,CLOSED,1
tortoise/tortoise-orm,55,2018-10-09T16:16:27Z,2019-08-14T10:42:45Z,308.7682638888889,CLOSED,5
tortoise/tortoise-orm,134,2019-05-23T13:07:15Z,2019-06-11T11:40:51Z,18.94,CLOSED,11
tortoise/tortoise-orm,132,2019-05-11T12:46:12Z,2019-05-16T07:17:57Z,4.772048611111111,CLOSED,2
tortoise/tortoise-orm,130,2019-05-02T18:42:46Z,2019-05-03T14:27:26Z,0.8226851851851852,CLOSED,4
tortoise/tortoise-orm,117,2019-03-26T08:40:36Z,2019-04-25T03:44:50Z,29.79460648148148,CLOSED,13
tortoise/tortoise-orm,109,2019-03-18T23:33:15Z,2019-04-01T15:29:44Z,13.664224537037038,CLOSED,5
tortoise/tortoise-orm,102,2019-02-10T05:26:47Z,2019-03-20T06:23:26Z,38.039340277777775,CLOSED,6
tortoise/tortoise-orm,110,2019-03-19T01:49:48Z,2019-03-20T06:21:11Z,1.1884606481481481,CLOSED,8
tortoise/tortoise-orm,40,2018-08-16T13:29:04Z,2018-12-11T12:45:55Z,116.97003472222222,CLOSED,3
tortoise/tortoise-orm,62,2018-10-23T13:01:13Z,2018-11-13T18:26:36Z,21.22596064814815,CLOSED,4
tortoise/tortoise-orm,57,2018-10-19T16:09:29Z,2018-10-28T05:32:14Z,8.557465277777778,CLOSED,11
tortoise/tortoise-orm,60,2018-10-22T15:04:21Z,2018-10-26T08:03:41Z,3.70787037037037,CLOSED,6
tortoise/tortoise-orm,49,2018-09-24T21:40:44Z,2018-09-25T06:54:07Z,0.3842939814814815,CLOSED,3
pytest-dev/pytest-cov,693,2025-06-02T21:54:32Z,2025-06-11T21:53:55Z,8.99957175925926,CLOSED,37
pytest-dev/pytest-cov,685,2025-04-04T14:08:43Z,2025-04-05T13:55:55Z,0.9911111111111112,CLOSED,2
pytest-dev/pytest-cov,675,2025-01-30T18:06:38Z,2025-04-01T10:31:06Z,60.68365740740741,CLOSED,3
pytest-dev/pytest-cov,168,2017-09-05T21:28:59Z,,,OPEN,8
pytest-dev/pytest-cov,148,2017-01-27T20:11:30Z,,,OPEN,20
pytest-dev/pytest-cov,468,2021-05-13T01:07:33Z,2021-05-13T13:09:49Z,0.5015740740740741,CLOSED,6
pytest-dev/pytest-cov,306,2019-07-11T18:56:21Z,2020-05-22T17:08:58Z,315.92542824074076,CLOSED,9
pytest-dev/pytest-cov,218,2018-08-16T13:48:33Z,2019-03-25T01:46:30Z,220.4985763888889,CLOSED,1
pytest-dev/pytest-cov,232,2018-10-04T20:08:06Z,,,OPEN,10
pytest-dev/pytest-cov,238,2018-11-15T13:00:21Z,2018-11-15T14:43:23Z,0.07155092592592592,CLOSED,1
pytest-dev/pytest-cov,171,2017-09-27T19:03:53Z,,,OPEN,5
pytest-dev/pytest-cov,94,2015-10-01T21:00:55Z,2015-10-02T18:31:55Z,0.8965277777777778,CLOSED,2
pytest-dev/pytest-cov,77,2015-08-08T01:10:07Z,2015-10-02T18:31:55Z,55.72347222222222,CLOSED,11
pytest-dev/pytest-cov,54,2015-06-19T09:25:41Z,2015-07-27T07:49:58Z,37.93353009259259,CLOSED,29
pytest-dev/pytest-cov,53,2015-05-14T16:02:13Z,2015-07-10T09:38:19Z,56.733402777777776,CLOSED,3
pytest-dev/pytest-cov,9,2014-05-26T13:26:53Z,2014-08-22T20:27:10Z,88.29186342592592,CLOSED,20
pytest-dev/pytest-cov,7,2014-04-25T22:28:37Z,2014-04-26T15:43:39Z,0.7187731481481482,CLOSED,1
pytest-dev/pytest-mock,237,2021-04-26T11:06:37Z,2021-05-06T19:16:36Z,10.340266203703704,CLOSED,5
pytest-dev/pytest-mock,178,2020-01-12T00:40:21Z,2020-01-28T23:37:17Z,16.956203703703704,CLOSED,5
pytest-dev/pytest-mock,91,2017-09-15T08:00:02Z,2017-09-15T23:56:30Z,0.664212962962963,CLOSED,2
pytest-dev/pytest-mock,61,2016-09-03T10:42:23Z,2016-09-15T01:48:48Z,11.62945601851852,CLOSED,3
pytest-dev/pytest-asyncio,724,2023-12-15T12:37:12Z,,,OPEN,16
pytest-dev/pytest-asyncio,818,2024-04-19T10:52:09Z,,,OPEN,3
pytest-dev/pytest-asyncio,810,2024-04-02T15:07:42Z,,,OPEN,2
pytest-dev/pytest-asyncio,799,2024-03-09T20:25:36Z,2025-09-12T07:40:47Z,551.4688773148148,CLOSED,3
pytest-dev/pytest-asyncio,796,2024-03-06T06:01:43Z,,,OPEN,2
pytest-dev/pytest-asyncio,1128,2025-05-26T04:59:06Z,2025-07-16T04:22:00Z,50.97423611111111,CLOSED,1
pytest-dev/pytest-asyncio,878,2024-07-15T13:43:50Z,2025-06-25T17:04:09Z,345.1391087962963,CLOSED,4
pytest-dev/pytest-asyncio,1127,2025-05-26T04:57:55Z,2025-06-30T03:49:36Z,34.95255787037037,CLOSED,0
pytest-dev/pytest-asyncio,829,2024-05-02T12:03:32Z,2024-09-19T04:36:42Z,139.68969907407407,CLOSED,5
pytest-dev/pytest-asyncio,862,2024-06-21T09:27:59Z,2024-08-09T11:58:16Z,49.104363425925925,CLOSED,7
pytest-dev/pytest-asyncio,797,2024-03-08T11:33:50Z,2025-05-26T04:20:23Z,443.69899305555555,CLOSED,2
pytest-dev/pytest-asyncio,204,2021-02-16T17:56:03Z,,,OPEN,4
pytest-dev/pytest-asyncio,759,2024-01-21T06:11:18Z,2025-05-23T04:36:09Z,487.9339236111111,CLOSED,6
pytest-dev/pytest-asyncio,630,2023-10-08T17:30:19Z,2025-05-14T04:52:44Z,583.473900462963,CLOSED,2
pytest-dev/pytest-asyncio,706,2023-12-04T12:31:04Z,2024-08-24T19:54:14Z,264.30775462962964,CLOSED,61
pytest-dev/pytest-asyncio,928,2024-08-28T00:14:26Z,2024-10-11T10:44:41Z,44.43767361111111,CLOSED,19
pytest-dev/pytest-asyncio,950,2024-10-04T01:33:06Z,2024-12-31T05:32:58Z,88.16657407407408,CLOSED,5
pytest-dev/pytest-asyncio,991,2024-11-18T08:15:19Z,2024-12-31T05:56:01Z,42.90326388888889,CLOSED,3
pytest-dev/pytest-asyncio,976,2024-10-31T12:24:24Z,2024-11-06T15:50:41Z,6.143252314814815,CLOSED,2
pytest-dev/pytest-asyncio,957,2024-10-14T11:10:32Z,2024-10-15T13:38:44Z,1.1029166666666668,CLOSED,3
pytest-dev/pytest-asyncio,705,2023-12-04T08:13:26Z,2024-03-08T15:21:00Z,95.29692129629629,CLOSED,12
pytest-dev/pytest-asyncio,757,2024-01-18T12:59:33Z,2024-05-19T11:58:46Z,121.95778935185186,CLOSED,16
pytest-dev/pytest-asyncio,729,2023-12-24T11:01:13Z,2024-01-28T19:14:44Z,35.34271990740741,CLOSED,23
pytest-dev/pytest-asyncio,744,2024-01-08T21:27:47Z,2024-07-15T12:54:09Z,188.6433101851852,CLOSED,5
pytest-dev/pytest-asyncio,718,2023-12-12T13:28:15Z,2024-07-13T20:12:00Z,214.28038194444446,CLOSED,8
pytest-dev/pytest-asyncio,813,2024-04-13T18:25:10Z,2024-07-08T12:54:01Z,85.77003472222222,CLOSED,5
pytest-dev/pytest-asyncio,762,2024-01-24T10:55:14Z,2024-01-28T19:55:15Z,4.375011574074074,CLOSED,1
pytest-dev/pytest-asyncio,711,2023-12-06T21:11:30Z,2023-12-09T13:12:32Z,2.667384259259259,CLOSED,5
pytest-dev/pytest-asyncio,713,2023-12-07T07:34:19Z,2024-01-02T15:39:15Z,26.33675925925926,CLOSED,14
pytest-dev/pytest-asyncio,719,2023-12-12T18:51:11Z,2024-01-01T13:22:15Z,19.771574074074074,CLOSED,2
pytest-dev/pytest-asyncio,703,2023-12-03T22:32:16Z,2023-12-04T07:17:16Z,0.3645833333333333,CLOSED,8
pytest-dev/pytest-asyncio,701,2023-12-03T18:27:20Z,2023-12-03T19:22:23Z,0.03822916666666667,CLOSED,2
pytest-dev/pytest-asyncio,679,2023-11-19T16:13:02Z,2023-11-26T08:19:25Z,6.671099537037037,CLOSED,2
pytest-dev/pytest-asyncio,658,2023-10-31T13:49:23Z,2023-11-26T08:20:27Z,25.771574074074074,CLOSED,22
pytest-dev/pytest-asyncio,670,2023-11-13T10:33:32Z,2023-11-16T12:42:37Z,3.0896412037037035,CLOSED,10
pytest-dev/pytest-asyncio,655,2023-10-31T09:41:06Z,2023-11-13T08:30:48Z,12.951180555555556,CLOSED,2
pytest-dev/pytest-asyncio,591,2023-07-25T07:31:29Z,2023-11-10T08:11:28Z,108.0277662037037,CLOSED,5
pytest-dev/pytest-asyncio,654,2023-10-31T09:12:26Z,2023-11-08T08:19:19Z,7.9631134259259255,CLOSED,5
pytest-dev/pytest-asyncio,286,2022-02-08T10:49:29Z,2022-02-10T11:57:45Z,2.0474074074074076,CLOSED,11
pytest-dev/pytest-asyncio,430,2022-10-21T10:48:49Z,2022-10-21T12:46:44Z,0.08188657407407407,CLOSED,3
pytest-dev/pytest-asyncio,291,2022-02-13T23:44:38Z,2022-09-16T08:14:25Z,214.3540162037037,CLOSED,6
pytest-dev/pytest-asyncio,298,2022-02-23T01:59:07Z,2022-03-15T06:05:51Z,20.17134259259259,CLOSED,7
pytest-dev/pytest-asyncio,271,2022-01-18T12:34:01Z,2022-01-20T19:51:56Z,2.3041087962962963,CLOSED,4
pytest-dev/pytest-asyncio,258,2022-01-13T18:20:23Z,2022-01-14T09:12:38Z,0.6196180555555556,CLOSED,5
pytest-dev/pytest-asyncio,104,2019-01-06T16:58:30Z,2019-01-07T15:15:29Z,0.9284606481481481,CLOSED,4
pytest-dev/pytest-asyncio,106,2019-01-06T17:18:30Z,2019-01-06T21:57:10Z,0.1935185185185185,CLOSED,3
pytest-dev/pytest-xdist,109,2017-01-11T08:41:08Z,,,OPEN,11
pytest-dev/pytest-xdist,1186,2025-03-06T20:37:05Z,,,OPEN,13
pytest-dev/pytest-xdist,14,2015-11-24T12:48:31Z,2025-01-03T21:07:47Z,3328.346712962963,CLOSED,16
pytest-dev/pytest-xdist,574,2020-08-11T08:26:20Z,,,OPEN,13
pytest-dev/pytest-xdist,1155,2024-11-18T12:09:33Z,,,OPEN,1
pytest-dev/pytest-xdist,410,2019-02-04T16:00:43Z,,,OPEN,11
pytest-dev/pytest-xdist,1024,2024-02-15T02:40:36Z,2024-04-01T15:00:51Z,46.5140625,CLOSED,10
pytest-dev/pytest-xdist,971,2023-11-16T15:45:12Z,,,OPEN,0
pytest-dev/pytest-xdist,539,2020-06-03T03:03:16Z,2020-06-15T13:48:00Z,12.447731481481481,CLOSED,2
pytest-dev/pytest-xdist,247,2017-11-16T19:49:01Z,,,OPEN,3
pytest-dev/pytest-xdist,880,2023-02-15T11:02:56Z,,,OPEN,0
pytest-dev/pytest-xdist,163,2017-06-15T04:03:10Z,2022-08-16T10:08:31Z,1888.2537152777777,CLOSED,4
pytest-dev/pytest-xdist,237,2017-10-03T14:47:13Z,2022-08-16T07:55:33Z,1777.7141203703704,CLOSED,6
pytest-dev/pytest-xdist,86,2016-08-29T18:38:45Z,2022-08-16T07:54:57Z,2177.5529166666665,CLOSED,11
pytest-dev/pytest-xdist,767,2022-03-21T22:08:33Z,,,OPEN,0
pytest-dev/pytest-xdist,758,2022-02-16T15:34:03Z,,,OPEN,3
pytest-dev/pytest-xdist,747,2022-01-18T08:15:27Z,2022-01-19T11:25:31Z,1.1319907407407408,CLOSED,4
pytest-dev/pytest-xdist,717,2021-10-21T18:38:48Z,,,OPEN,4
pytest-dev/pytest-xdist,88,2016-09-15T13:24:40Z,,,OPEN,3
pytest-dev/pytest-xdist,601,2020-10-13T02:50:57Z,2020-12-13T22:58:49Z,61.838796296296294,CLOSED,10
pytest-dev/pytest-xdist,562,2020-07-24T17:29:41Z,2020-07-24T18:40:20Z,0.0490625,CLOSED,0
pytest-dev/pytest-xdist,273,2018-01-31T11:39:36Z,,,OPEN,1
pytest-dev/pytest-xdist,384,2018-12-01T17:29:57Z,,,OPEN,10
pytest-dev/pytest-xdist,445,2019-06-21T14:43:58Z,2019-07-11T10:47:12Z,19.835578703703703,CLOSED,6
pytest-dev/pytest-xdist,435,2019-06-06T18:50:09Z,2019-06-07T13:15:29Z,0.7675925925925926,CLOSED,0
pytest-dev/pytest-xdist,420,2019-03-01T13:44:36Z,,,OPEN,0
pytest-dev/pytest-xdist,142,2017-05-11T18:52:28Z,,,OPEN,3
pytest-dev/pytest-xdist,383,2018-12-01T17:25:13Z,,,OPEN,12
pytest-dev/pytest-xdist,59,2016-05-12T01:22:14Z,2018-11-10T15:58:48Z,912.6087268518519,CLOSED,1
pytest-dev/pytest-xdist,349,2018-09-29T14:55:17Z,2018-11-09T16:18:00Z,41.05744212962963,CLOSED,4
pytest-dev/pytest-xdist,344,2018-09-26T16:14:51Z,2018-09-28T09:38:16Z,1.7245949074074074,CLOSED,12
pytest-dev/pytest-xdist,293,2018-04-12T19:37:58Z,,,OPEN,4
pytest-dev/pytest-xdist,335,2018-08-28T12:41:24Z,,,OPEN,1
pytest-dev/pytest-xdist,50,2016-03-01T09:14:42Z,2018-07-06T00:13:59Z,856.6245023148148,CLOSED,4
pytest-dev/pytest-xdist,278,2018-02-12T06:52:57Z,,,OPEN,6
pytest-dev/pytest-xdist,241,2017-11-09T08:23:38Z,2018-01-08T05:23:38Z,59.875,CLOSED,9
pytest-dev/pytest-xdist,256,2017-12-06T19:12:50Z,2017-12-07T11:27:42Z,0.6769907407407407,CLOSED,1
pytest-dev/pytest-xdist,45,2016-02-09T20:48:46Z,2017-10-05T20:24:43Z,603.9832986111111,CLOSED,15
pytest-dev/pytest-xdist,230,2017-09-03T15:59:06Z,,,OPEN,0
pytest-dev/pytest-xdist,222,2017-08-16T00:00:29Z,2017-08-16T18:58:33Z,0.7903240740740741,CLOSED,3
pytest-dev/pytest-xdist,124,2017-02-23T19:28:04Z,2017-08-11T00:33:09Z,168.2118634259259,CLOSED,5
pytest-dev/pytest-xdist,214,2017-08-09T17:17:11Z,2017-08-10T06:57:22Z,0.5695717592592593,CLOSED,3
pytest-dev/pytest-xdist,92,2016-10-11T19:05:02Z,2017-08-09T14:05:49Z,301.79221064814817,CLOSED,2
pytest-dev/pytest-xdist,207,2017-08-07T23:16:06Z,2017-08-07T23:48:26Z,0.022453703703703705,CLOSED,1
pytest-dev/pytest-xdist,176,2017-06-30T08:09:59Z,2017-07-06T00:20:14Z,5.673784722222222,CLOSED,8
pytest-dev/pytest-xdist,130,2017-03-09T23:11:18Z,2017-06-26T18:11:34Z,108.79185185185185,CLOSED,9
pytest-dev/pytest-xdist,113,2017-01-18T14:34:45Z,,,OPEN,0
pytest-dev/pytest-xdist,74,2016-06-30T13:13:56Z,2016-06-30T14:40:56Z,0.06041666666666667,CLOSED,3
pytest-dev/pytest-xdist,65,2016-06-06T22:26:01Z,2016-06-07T06:29:19Z,0.335625,CLOSED,2
pytest-dev/pytest-xdist,64,2016-06-06T16:09:11Z,,,OPEN,2
pytest-dev/pytest-xdist,62,2016-06-01T19:17:46Z,2016-06-07T06:29:20Z,5.46636574074074,CLOSED,3
pytest-dev/pytest-xdist,52,2016-03-09T09:23:23Z,,,OPEN,2
pytest-dev/pytest-xdist,51,2016-03-03T13:09:37Z,,,OPEN,0
pytest-dev/pytest-xdist,41,2016-01-27T16:12:40Z,,,OPEN,1
HypothesisWorks/hypothesis,2319,2020-01-11T21:09:26Z,2020-01-12T15:49:13Z,0.7776273148148148,CLOSED,0
HypothesisWorks/hypothesis,2318,2020-01-11T21:04:56Z,2020-01-12T15:49:13Z,0.7807523148148148,CLOSED,1
HypothesisWorks/hypothesis,2311,2020-01-08T13:30:23Z,2020-01-09T01:49:15Z,0.5131018518518519,CLOSED,2
HypothesisWorks/hypothesis,2291,2019-12-21T10:55:59Z,2019-12-30T12:31:57Z,9.066643518518518,CLOSED,5
HypothesisWorks/hypothesis,2257,2019-12-04T15:49:47Z,2019-12-16T22:30:38Z,12.278368055555555,CLOSED,5
HypothesisWorks/hypothesis,2272,2019-12-13T12:48:28Z,2019-12-15T02:48:05Z,1.5830671296296297,CLOSED,2
HypothesisWorks/hypothesis,2247,2019-12-01T00:19:32Z,2019-12-01T15:22:39Z,0.6271643518518518,CLOSED,0
HypothesisWorks/hypothesis,2195,2019-11-08T17:52:40Z,2019-11-28T14:50:25Z,19.8734375,CLOSED,14
HypothesisWorks/hypothesis,2186,2019-11-07T13:19:08Z,2019-11-23T21:26:31Z,16.33846064814815,CLOSED,10
HypothesisWorks/hypothesis,2139,2019-10-16T09:39:22Z,2019-11-02T12:45:29Z,17.129247685185184,CLOSED,4
HypothesisWorks/hypothesis,2160,2019-10-30T11:31:25Z,2019-11-01T03:14:06Z,1.6546412037037037,CLOSED,3
HypothesisWorks/hypothesis,2095,2019-09-17T17:51:24Z,2019-09-20T02:10:21Z,2.3464930555555554,CLOSED,6
HypothesisWorks/hypothesis,2091,2019-09-16T09:51:11Z,2019-09-17T01:47:55Z,0.6643981481481481,CLOSED,0
HypothesisWorks/hypothesis,1899,2019-03-26T17:56:06Z,2019-07-28T22:30:40Z,124.1906712962963,CLOSED,1
HypothesisWorks/hypothesis,2027,2019-07-01T10:21:49Z,2019-07-05T16:49:28Z,4.269201388888889,CLOSED,9
HypothesisWorks/hypothesis,2014,2019-06-20T10:49:55Z,2019-06-21T06:24:04Z,0.8153819444444445,CLOSED,3
HypothesisWorks/hypothesis,1999,2019-06-02T04:47:18Z,2019-06-04T14:21:48Z,2.3989583333333333,CLOSED,3
HypothesisWorks/hypothesis,1982,2019-05-16T14:31:03Z,2019-05-27T03:24:48Z,10.53732638888889,CLOSED,4
HypothesisWorks/hypothesis,1972,2019-05-08T03:05:26Z,2019-05-08T12:40:46Z,0.399537037037037,CLOSED,4
HypothesisWorks/hypothesis,1965,2019-05-07T13:42:01Z,2019-05-07T16:22:28Z,0.11142361111111111,CLOSED,0
HypothesisWorks/hypothesis,1959,2019-05-06T16:50:33Z,2019-05-06T17:24:24Z,0.023506944444444445,CLOSED,1
HypothesisWorks/hypothesis,1937,2019-04-19T14:51:04Z,2019-04-30T15:11:38Z,11.014282407407407,CLOSED,2
HypothesisWorks/hypothesis,1943,2019-04-29T19:01:00Z,2019-04-30T01:00:08Z,0.24939814814814815,CLOSED,1
HypothesisWorks/hypothesis,1859,2019-03-09T08:55:01Z,2019-03-18T23:36:24Z,9.612071759259258,CLOSED,4
HypothesisWorks/hypothesis,1839,2019-02-24T08:14:41Z,2019-02-28T02:46:11Z,3.771875,CLOSED,3
HypothesisWorks/hypothesis,1813,2019-02-14T18:13:52Z,2019-02-14T23:40:10Z,0.22659722222222223,CLOSED,4
HypothesisWorks/hypothesis,1786,2019-02-01T19:03:38Z,2019-02-03T09:56:06Z,1.6197685185185184,CLOSED,1
HypothesisWorks/hypothesis,1748,2019-01-08T01:41:12Z,2019-01-23T10:38:04Z,15.372824074074074,CLOSED,1
HypothesisWorks/hypothesis,1732,2019-01-02T21:59:25Z,2019-01-03T10:42:05Z,0.5296296296296297,CLOSED,0
HypothesisWorks/hypothesis,1707,2018-12-18T20:15:08Z,2019-01-03T01:11:20Z,15.205694444444445,CLOSED,1
HypothesisWorks/hypothesis,1683,2018-12-06T18:02:01Z,2019-01-03T01:11:20Z,27.298136574074075,CLOSED,2
HypothesisWorks/hypothesis,1700,2018-12-17T21:40:04Z,2018-12-29T23:52:44Z,12.09212962962963,CLOSED,0
HypothesisWorks/hypothesis,1718,2018-12-28T00:26:34Z,2018-12-28T05:51:21Z,0.22554398148148147,CLOSED,5
HypothesisWorks/hypothesis,1213,2018-04-05T23:29:02Z,2018-12-18T02:41:31Z,256.1336689814815,CLOSED,1
HypothesisWorks/hypothesis,1045,2017-12-22T14:12:11Z,2018-01-06T10:27:07Z,14.843703703703703,CLOSED,12
HypothesisWorks/hypothesis,700,2017-06-20T10:27:49Z,2018-12-11T12:53:49Z,539.1013888888889,CLOSED,1
HypothesisWorks/hypothesis,429,2017-01-18T00:10:08Z,2018-12-09T05:48:34Z,690.2350231481481,CLOSED,8
HypothesisWorks/hypothesis,1667,2018-11-05T13:06:41Z,2018-12-08T13:12:55Z,33.004328703703706,CLOSED,3
HypothesisWorks/hypothesis,1656,2018-10-25T15:32:38Z,2018-10-29T23:10:49Z,4.318182870370371,CLOSED,2
HypothesisWorks/hypothesis,1655,2018-10-25T15:12:41Z,2018-10-29T23:10:48Z,4.332025462962963,CLOSED,0
HypothesisWorks/hypothesis,1648,2018-10-23T03:30:28Z,2018-10-23T07:46:55Z,0.17809027777777778,CLOSED,2
HypothesisWorks/hypothesis,493,2017-04-09T12:32:08Z,2018-10-09T08:05:12Z,547.8146296296296,CLOSED,1
HypothesisWorks/hypothesis,198,2015-10-12T17:41:13Z,2018-10-03T12:47:04Z,1086.7957291666667,CLOSED,5
HypothesisWorks/hypothesis,652,2017-05-27T16:21:33Z,2018-09-30T14:18:21Z,490.9144444444444,CLOSED,2
HypothesisWorks/hypothesis,1502,2018-08-20T15:10:59Z,2018-09-25T13:14:39Z,35.919212962962966,CLOSED,11
HypothesisWorks/hypothesis,1254,2018-04-24T18:48:03Z,2018-09-23T05:31:51Z,151.44708333333332,CLOSED,6
HypothesisWorks/hypothesis,1299,2018-05-22T07:46:00Z,2018-09-17T12:18:29Z,118.18922453703703,CLOSED,3
HypothesisWorks/hypothesis,1583,2018-09-16T21:52:11Z,2018-09-17T02:22:16Z,0.18755787037037036,CLOSED,6
HypothesisWorks/hypothesis,1521,2018-08-27T06:57:46Z,2018-09-16T06:04:42Z,19.963148148148147,CLOSED,1
HypothesisWorks/hypothesis,944,2017-10-16T13:04:44Z,2018-09-16T06:04:42Z,334.7083101851852,CLOSED,5
HypothesisWorks/hypothesis,1576,2018-09-14T11:57:25Z,2018-09-15T01:06:17Z,0.5478240740740741,CLOSED,2
HypothesisWorks/hypothesis,1486,2018-08-10T22:28:57Z,2018-09-08T07:27:29Z,28.373981481481483,CLOSED,2
HypothesisWorks/hypothesis,1558,2018-09-01T12:19:32Z,2018-09-03T10:22:26Z,1.9186805555555555,CLOSED,2
HypothesisWorks/hypothesis,1546,2018-08-29T12:57:24Z,2018-08-30T11:53:06Z,0.9553472222222222,CLOSED,4
HypothesisWorks/hypothesis,1085,2018-01-24T00:34:26Z,2018-08-29T01:54:02Z,217.05527777777777,CLOSED,9
HypothesisWorks/hypothesis,1448,2018-08-01T07:16:50Z,2018-08-01T09:59:05Z,0.11267361111111111,CLOSED,1
HypothesisWorks/hypothesis,1264,2018-05-01T16:53:28Z,2018-07-23T01:42:22Z,82.36729166666667,CLOSED,8
HypothesisWorks/hypothesis,1346,2018-06-24T07:50:03Z,2018-07-08T22:36:33Z,14.615625,CLOSED,2
HypothesisWorks/hypothesis,1380,2018-07-03T12:05:23Z,2018-07-04T12:40:25Z,1.0243287037037037,CLOSED,2
HypothesisWorks/hypothesis,1378,2018-07-03T09:06:17Z,2018-07-04T09:10:54Z,1.0032060185185185,CLOSED,3
HypothesisWorks/hypothesis,1372,2018-06-30T14:06:25Z,2018-07-03T11:59:59Z,2.912199074074074,CLOSED,0
HypothesisWorks/hypothesis,1235,2018-04-14T15:04:20Z,2018-06-30T11:40:28Z,76.85842592592593,CLOSED,0
HypothesisWorks/hypothesis,1362,2018-06-27T05:24:55Z,2018-06-27T10:01:03Z,0.19175925925925927,CLOSED,3
HypothesisWorks/hypothesis,1307,2018-05-27T22:38:53Z,2018-06-20T03:53:44Z,23.218645833333333,CLOSED,6
HypothesisWorks/hypothesis,491,2017-04-09T00:28:08Z,2017-08-18T23:56:10Z,131.97780092592592,CLOSED,3
HypothesisWorks/hypothesis,1230,2018-04-13T17:06:46Z,2018-04-14T10:50:40Z,0.7388194444444445,CLOSED,1
HypothesisWorks/hypothesis,966,2017-11-07T05:00:35Z,2018-04-14T09:28:58Z,158.18637731481482,CLOSED,11
HypothesisWorks/hypothesis,242,2015-12-15T15:46:53Z,2018-04-05T11:29:34Z,841.8213078703703,CLOSED,6
HypothesisWorks/hypothesis,1167,2018-03-15T15:32:38Z,2018-03-20T01:16:48Z,4.405671296296297,CLOSED,8
HypothesisWorks/hypothesis,1164,2018-03-12T19:17:29Z,2018-03-15T00:12:53Z,2.205138888888889,CLOSED,1
HypothesisWorks/hypothesis,1112,2018-02-14T10:04:08Z,2018-02-25T23:51:33Z,11.574594907407407,CLOSED,16
HypothesisWorks/hypothesis,1111,2018-02-14T02:15:19Z,2018-02-17T10:13:31Z,3.3320833333333333,CLOSED,10
HypothesisWorks/hypothesis,1104,2018-02-08T01:35:21Z,2018-02-14T01:49:02Z,6.009502314814815,CLOSED,3
HypothesisWorks/hypothesis,1027,2017-12-16T11:24:55Z,2017-12-17T10:25:15Z,0.9585648148148148,CLOSED,0
HypothesisWorks/hypothesis,1028,2017-12-16T12:16:15Z,2017-12-16T12:25:54Z,0.006701388888888889,CLOSED,1
HypothesisWorks/hypothesis,402,2016-12-12T14:45:52Z,2017-12-13T03:45:07Z,365.54114583333336,CLOSED,1
HypothesisWorks/hypothesis,992,2017-11-27T17:46:29Z,2017-11-29T00:34:23Z,1.283263888888889,CLOSED,1
HypothesisWorks/hypothesis,911,2017-10-03T16:59:16Z,2017-11-21T09:26:38Z,48.6856712962963,CLOSED,2
HypothesisWorks/hypothesis,946,2017-10-18T12:03:19Z,2017-11-01T12:54:45Z,14.035717592592592,CLOSED,4
HypothesisWorks/hypothesis,901,2017-09-28T15:23:51Z,2017-10-08T02:00:00Z,9.441770833333333,CLOSED,1
HypothesisWorks/hypothesis,883,2017-09-21T17:00:10Z,2017-09-22T16:30:06Z,0.9791203703703704,CLOSED,1
HypothesisWorks/hypothesis,846,2017-09-11T00:10:04Z,2017-09-13T08:40:09Z,2.354224537037037,CLOSED,3
HypothesisWorks/hypothesis,725,2017-07-10T23:31:50Z,2017-09-05T13:46:45Z,56.59369212962963,CLOSED,8
HypothesisWorks/hypothesis,739,2017-07-26T00:13:43Z,2017-08-21T13:07:58Z,26.53767361111111,CLOSED,2
HypothesisWorks/hypothesis,757,2017-08-01T18:14:23Z,2017-08-04T17:30:59Z,2.9698611111111113,CLOSED,7
HypothesisWorks/hypothesis,751,2017-07-31T01:37:56Z,2017-08-01T16:34:27Z,1.6225810185185185,CLOSED,4
HypothesisWorks/hypothesis,523,2017-04-15T10:07:12Z,2017-07-31T03:32:50Z,106.72613425925925,CLOSED,2
HypothesisWorks/hypothesis,514,2017-04-13T13:19:12Z,2017-07-20T14:50:32Z,98.06342592592593,CLOSED,7
HypothesisWorks/hypothesis,313,2016-04-16T07:00:18Z,2017-06-17T15:51:43Z,427.3690393518518,CLOSED,0
HypothesisWorks/hypothesis,688,2017-06-10T18:22:49Z,2017-06-11T11:01:48Z,0.6937384259259259,CLOSED,4
HypothesisWorks/hypothesis,128,2015-08-19T23:08:41Z,2017-05-31T04:03:43Z,650.2048842592593,CLOSED,2
HypothesisWorks/hypothesis,414,2016-12-22T09:37:47Z,2017-05-23T09:35:21Z,151.99831018518518,CLOSED,1
HypothesisWorks/hypothesis,290,2016-02-25T13:42:57Z,2017-05-22T15:07:39Z,452.05881944444445,CLOSED,6
HypothesisWorks/hypothesis,439,2017-02-02T10:56:32Z,2017-05-22T08:26:58Z,108.89613425925926,CLOSED,2
HypothesisWorks/hypothesis,634,2017-05-17T00:25:43Z,2017-05-17T08:40:39Z,0.3437037037037037,CLOSED,1
HypothesisWorks/hypothesis,595,2017-04-26T18:04:52Z,2017-05-15T10:09:49Z,18.67010416666667,CLOSED,8
HypothesisWorks/hypothesis,184,2015-10-02T21:54:07Z,2017-05-14T07:47:46Z,589.4122569444445,CLOSED,21
HypothesisWorks/hypothesis,320,2016-05-11T10:32:38Z,2017-04-25T16:34:09Z,349.25105324074076,CLOSED,3
HypothesisWorks/hypothesis,560,2017-04-22T18:18:53Z,2017-04-23T13:39:10Z,0.8057523148148148,CLOSED,6
HypothesisWorks/hypothesis,181,2015-09-29T08:53:38Z,2015-11-24T17:42:51Z,56.36751157407407,CLOSED,1
coveragepy/coveragepy,147,2011-09-08T06:04:05Z,2012-09-26T13:32:06Z,384.3111226851852,CLOSED,3
coveragepy/coveragepy,190,2012-08-07T13:30:28Z,2012-09-26T13:29:57Z,49.9996412037037,CLOSED,2
coveragepy/coveragepy,194,2012-09-06T10:50:14Z,2012-09-08T13:10:29Z,2.097395833333333,CLOSED,1
coveragepy/coveragepy,195,2012-09-06T10:55:59Z,2012-09-07T02:55:35Z,0.6663888888888889,CLOSED,1
coveragepy/coveragepy,191,2012-08-17T21:30:20Z,2012-08-31T03:23:30Z,13.24525462962963,CLOSED,2
coveragepy/coveragepy,192,2012-08-17T21:47:04Z,2012-08-18T03:37:38Z,0.24344907407407407,CLOSED,3
coveragepy/coveragepy,189,2012-07-10T13:48:16Z,2012-07-21T07:28:22Z,10.736180555555556,CLOSED,2
coveragepy/coveragepy,188,2012-07-06T20:41:00Z,2012-07-07T18:14:10Z,0.8980324074074074,CLOSED,10
coveragepy/coveragepy,184,2012-06-13T23:14:32Z,2012-06-13T23:54:07Z,0.027488425925925927,CLOSED,1
coveragepy/coveragepy,183,2012-06-11T08:27:48Z,2012-06-11T11:55:16Z,0.14407407407407408,CLOSED,2
coveragepy/coveragepy,49,2010-02-26T01:00:26Z,2012-06-09T07:57:25Z,834.2895717592593,CLOSED,1
coveragepy/coveragepy,182,2012-06-04T01:53:13Z,2012-06-06T01:26:04Z,1.9811458333333334,CLOSED,1
coveragepy/coveragepy,180,2012-05-18T04:57:56Z,2012-05-21T20:34:48Z,3.6506018518518517,CLOSED,3
coveragepy/coveragepy,179,2012-05-08T20:10:28Z,2012-05-15T14:01:22Z,6.743680555555556,CLOSED,2
coveragepy/coveragepy,168,2012-03-14T19:47:44Z,2012-03-24T19:13:05Z,9.9759375,CLOSED,1
coveragepy/coveragepy,169,2012-03-15T14:13:37Z,2012-03-22T01:02:29Z,6.450601851851852,CLOSED,1
coveragepy/coveragepy,157,2011-11-08T07:58:22Z,2012-03-22T01:00:55Z,134.71010416666667,CLOSED,7
coveragepy/coveragepy,166,2012-02-01T19:55:10Z,2012-03-18T03:34:25Z,45.31892361111111,CLOSED,1
coveragepy/coveragepy,167,2012-03-03T23:44:56Z,2012-03-08T20:15:41Z,4.8546875,CLOSED,1
coveragepy/coveragepy,145,2011-08-27T16:27:12Z,2012-01-01T04:03:28Z,126.48351851851852,CLOSED,4
coveragepy/coveragepy,162,2011-12-05T15:25:36Z,2011-12-05T15:32:16Z,0.004629629629629629,CLOSED,1
coveragepy/coveragepy,159,2011-11-10T07:29:38Z,2011-12-05T15:31:56Z,25.334930555555555,CLOSED,3
coveragepy/coveragepy,48,2010-02-23T01:42:51Z,2011-10-31T11:27:25Z,615.4059490740741,CLOSED,1
coveragepy/coveragepy,155,2011-10-31T00:21:09Z,2011-10-31T11:23:32Z,0.4599884259259259,CLOSED,1
coveragepy/coveragepy,77,2010-07-10T14:15:34Z,2011-10-30T23:50:02Z,477.39893518518517,CLOSED,2
coveragepy/coveragepy,125,2011-03-22T23:02:55Z,2011-10-21T08:56:01Z,212.411875,CLOSED,4
coveragepy/coveragepy,152,2011-10-13T07:07:59Z,2011-10-15T13:37:56Z,2.270798611111111,CLOSED,11
coveragepy/coveragepy,148,2011-09-13T12:13:20Z,2011-09-14T07:36:50Z,0.8079861111111111,CLOSED,2
coveragepy/coveragepy,135,2011-06-14T14:20:37Z,2011-09-08T11:09:18Z,85.86714120370371,CLOSED,1
coveragepy/coveragepy,124,2011-03-20T13:22:34Z,2011-08-17T13:55:55Z,150.02315972222223,CLOSED,2
coveragepy/coveragepy,144,2011-08-17T01:47:13Z,2011-08-17T13:55:17Z,0.5056018518518518,CLOSED,3
coveragepy/coveragepy,138,2011-07-01T20:02:47Z,2011-08-04T01:18:14Z,33.2190625,CLOSED,1
coveragepy/coveragepy,122,2011-03-16T15:20:53Z,2011-07-04T17:54:11Z,110.10645833333334,CLOSED,3
coveragepy/coveragepy,136,2011-06-16T11:50:19Z,2011-06-16T12:16:54Z,0.01846064814814815,CLOSED,1
coveragepy/coveragepy,132,2011-06-04T01:54:13Z,2011-06-04T02:30:04Z,0.024895833333333332,CLOSED,2
coveragepy/coveragepy,7,2009-06-15T18:18:23Z,2011-05-18T08:21:23Z,701.5854166666667,CLOSED,5
coveragepy/coveragepy,123,2011-03-20T07:08:11Z,2011-04-27T13:51:33Z,38.28011574074074,CLOSED,2
coveragepy/coveragepy,27,2009-10-14T09:56:19Z,2011-04-11T16:05:52Z,544.2566319444444,CLOSED,2
coveragepy/coveragepy,127,2011-04-10T02:34:59Z,2011-04-10T23:48:23Z,0.8843055555555556,CLOSED,3
coveragepy/coveragepy,121,2011-03-15T22:21:43Z,2011-03-22T01:41:04Z,6.1384375,CLOSED,1
coveragepy/coveragepy,107,2011-01-24T00:12:04Z,2011-01-30T16:58:07Z,6.698645833333333,CLOSED,3
coveragepy/coveragepy,104,2011-01-06T21:23:54Z,2011-01-30T16:33:32Z,23.79835648148148,CLOSED,2
coveragepy/coveragepy,108,2011-01-24T00:13:59Z,2011-01-30T16:32:23Z,6.679444444444444,CLOSED,1
coveragepy/coveragepy,105,2011-01-14T20:23:39Z,2011-01-15T18:08:03Z,0.9058333333333334,CLOSED,2
coveragepy/coveragepy,99,2010-11-22T07:26:20Z,2010-11-22T07:35:43Z,0.006516203703703704,CLOSED,1
coveragepy/coveragepy,93,2010-10-07T04:20:49Z,2010-11-06T20:50:16Z,30.687118055555555,CLOSED,5
coveragepy/coveragepy,65,2010-05-10T15:21:39Z,2010-09-27T10:58:31Z,139.81726851851852,CLOSED,8
coveragepy/coveragepy,87,2010-09-06T21:05:10Z,2010-09-06T22:50:07Z,0.07288194444444444,CLOSED,3
coveragepy/coveragepy,54,2010-03-13T21:44:07Z,2010-09-04T14:19:42Z,174.69137731481482,CLOSED,1
coveragepy/coveragepy,81,2010-08-11T23:33:37Z,2010-09-04T02:05:37Z,23.105555555555554,CLOSED,1
coveragepy/coveragepy,86,2010-09-02T00:10:17Z,2010-09-02T02:17:58Z,0.08866898148148149,CLOSED,1
coveragepy/coveragepy,85,2010-08-25T12:20:40Z,2010-08-26T15:20:10Z,1.1246527777777777,CLOSED,3
coveragepy/coveragepy,68,2010-05-23T07:48:17Z,2010-08-24T18:50:56Z,93.46017361111112,CLOSED,1
coveragepy/coveragepy,83,2010-08-12T13:25:32Z,2010-08-23T11:51:09Z,10.93445601851852,CLOSED,3
coveragepy/coveragepy,70,2010-06-05T22:37:16Z,2010-08-23T03:20:24Z,78.19662037037037,CLOSED,1
coveragepy/coveragepy,41,2010-01-07T12:34:56Z,2010-08-23T03:20:14Z,227.61479166666666,CLOSED,3
coveragepy/coveragepy,71,2010-06-07T06:14:34Z,2010-08-08T01:21:51Z,61.796724537037036,CLOSED,5
coveragepy/coveragepy,18,2009-07-28T15:02:46Z,2010-07-26T12:20:01Z,362.88697916666666,CLOSED,2
coveragepy/coveragepy,78,2010-07-12T22:26:19Z,2010-07-13T14:30:55Z,0.6698611111111111,CLOSED,4
coveragepy/coveragepy,76,2010-06-28T03:18:41Z,2010-07-13T01:11:05Z,14.911388888888888,CLOSED,5
coveragepy/coveragepy,1,2009-04-11T13:17:53Z,2010-06-27T22:19:51Z,442.37636574074077,CLOSED,3
coveragepy/coveragepy,59,2010-04-08T18:10:37Z,2010-06-04T02:34:27Z,56.34988425925926,CLOSED,2
coveragepy/coveragepy,52,2010-03-10T00:56:29Z,2010-05-23T22:21:26Z,74.89232638888889,CLOSED,1
coveragepy/coveragepy,66,2010-05-19T19:50:15Z,2010-05-19T20:22:44Z,0.02255787037037037,CLOSED,2
coveragepy/coveragepy,61,2010-04-20T16:41:46Z,2010-05-08T23:19:58Z,18.276527777777776,CLOSED,3
coveragepy/coveragepy,5,2009-05-06T08:29:45Z,2010-04-26T20:58:47Z,355.52016203703704,CLOSED,8
coveragepy/coveragepy,63,2010-04-23T16:56:52Z,2010-04-26T14:26:27Z,2.8955439814814814,CLOSED,2
coveragepy/coveragepy,58,2010-03-30T19:31:40Z,2010-03-30T19:44:54Z,0.009189814814814816,CLOSED,1
coveragepy/coveragepy,44,2010-02-03T07:49:28Z,2010-03-22T11:20:20Z,47.14643518518518,CLOSED,3
coveragepy/coveragepy,56,2010-03-15T09:06:52Z,2010-03-20T12:28:20Z,5.139907407407407,CLOSED,2
coveragepy/coveragepy,46,2010-02-21T11:58:12Z,2010-03-15T02:36:33Z,21.60996527777778,CLOSED,1
coveragepy/coveragepy,53,2010-03-13T09:15:51Z,2010-03-13T13:01:32Z,0.15672453703703704,CLOSED,3
coveragepy/coveragepy,50,2010-02-27T09:22:30Z,2010-02-28T18:12:01Z,1.3677199074074073,CLOSED,1
coveragepy/coveragepy,47,2010-02-22T20:54:49Z,2010-02-23T01:36:36Z,0.19568287037037038,CLOSED,1
coveragepy/coveragepy,45,2010-02-11T13:38:22Z,2010-02-16T14:08:34Z,5.020972222222222,CLOSED,2
coveragepy/coveragepy,39,2009-12-13T23:22:32Z,2009-12-20T16:04:07Z,6.695543981481482,CLOSED,1
coveragepy/coveragepy,29,2009-11-11T22:13:43Z,2009-11-30T12:29:53Z,18.594560185185184,CLOSED,2
coveragepy/coveragepy,37,2009-11-20T14:39:25Z,2009-11-26T14:30:39Z,5.993912037037037,CLOSED,1
coveragepy/coveragepy,19,2009-07-31T01:54:53Z,2009-11-25T13:51:52Z,117.49790509259259,CLOSED,8
coveragepy/coveragepy,14,2009-07-27T14:41:18Z,2009-11-20T01:35:49Z,115.45452546296296,CLOSED,4
coveragepy/coveragepy,33,2009-11-16T19:20:47Z,2009-11-20T01:21:42Z,3.250636574074074,CLOSED,4
coveragepy/coveragepy,35,2009-11-17T00:50:30Z,2009-11-18T03:36:09Z,1.1150347222222223,CLOSED,10
coveragepy/coveragepy,32,2009-11-15T12:36:19Z,2009-11-17T03:16:45Z,1.611412037037037,CLOSED,2
coveragepy/coveragepy,31,2009-11-15T00:28:17Z,2009-11-15T22:53:50Z,0.9344097222222222,CLOSED,3
coveragepy/coveragepy,30,2009-11-15T00:20:13Z,2009-11-15T16:13:06Z,0.661724537037037,CLOSED,1
coveragepy/coveragepy,28,2009-10-22T16:49:13Z,2009-10-22T18:53:36Z,0.08637731481481481,CLOSED,4
coveragepy/coveragepy,26,2009-09-28T17:01:09Z,2009-09-28T17:15:48Z,0.01017361111111111,CLOSED,1
coveragepy/coveragepy,22,2009-08-28T13:17:22Z,2009-09-27T00:11:05Z,29.45396990740741,CLOSED,3
coveragepy/coveragepy,11,2009-06-26T22:34:12Z,2009-09-27T00:08:59Z,92.06582175925926,CLOSED,1
coveragepy/coveragepy,24,2009-09-15T01:51:58Z,2009-09-15T05:07:08Z,0.1355324074074074,CLOSED,3
coveragepy/coveragepy,20,2009-08-17T22:02:55Z,2009-08-18T21:44:16Z,0.9870486111111111,CLOSED,3
coveragepy/coveragepy,13,2009-07-26T00:09:46Z,2009-08-09T22:17:12Z,14.921828703703703,CLOSED,2
coveragepy/coveragepy,12,2009-07-17T13:17:32Z,2009-08-09T22:16:51Z,23.374525462962964,CLOSED,2
coveragepy/coveragepy,10,2009-06-26T05:57:13Z,2009-06-28T22:46:51Z,2.701134259259259,CLOSED,2
coveragepy/coveragepy,8,2009-06-16T23:07:39Z,2009-06-25T03:42:11Z,8.190648148148147,CLOSED,1
coveragepy/coveragepy,9,2009-06-22T23:37:09Z,2009-06-24T01:20:06Z,1.0714930555555555,CLOSED,2
coveragepy/coveragepy,6,2009-06-10T02:14:46Z,2009-06-10T13:02:43Z,0.4499652777777778,CLOSED,2
coveragepy/coveragepy,3,2009-04-25T10:51:33Z,2009-05-12T02:12:02Z,16.639224537037038,CLOSED,2
coveragepy/coveragepy,4,2009-05-04T03:43:37Z,2009-05-06T03:14:02Z,1.9794560185185186,CLOSED,2
coveragepy/coveragepy,2,2009-04-13T11:32:39Z,2009-04-14T14:43:57Z,1.1328472222222221,CLOSED,2
joke2k/faker,1907,2023-09-07T14:42:32Z,2024-04-22T01:46:18Z,227.46094907407408,CLOSED,8
joke2k/faker,363,2016-07-12T16:32:00Z,2019-02-27T23:32:43Z,960.2921643518519,CLOSED,13
joke2k/faker,1765,2022-12-14T06:53:40Z,2023-02-15T20:11:32Z,63.55407407407407,CLOSED,2
joke2k/faker,1445,2021-05-19T12:12:55Z,2023-01-24T16:39:12Z,615.1849189814815,CLOSED,10
joke2k/faker,1718,2022-09-16T13:35:09Z,2022-11-01T19:24:17Z,46.2424537037037,CLOSED,3
joke2k/faker,1742,2022-10-31T07:41:26Z,2022-11-01T16:24:22Z,1.3631481481481482,CLOSED,1
joke2k/faker,1668,2022-06-02T13:44:29Z,2022-08-12T14:37:45Z,71.03699074074073,CLOSED,2
joke2k/faker,1618,2022-02-16T13:27:58Z,2022-05-13T14:16:27Z,86.03366898148148,CLOSED,2
joke2k/faker,1482,2021-07-12T20:49:39Z,2022-03-27T02:01:21Z,257.2164583333333,CLOSED,5
joke2k/faker,1500,2021-08-20T16:38:30Z,2022-03-27T02:01:17Z,218.39082175925927,CLOSED,11
joke2k/faker,1392,2021-02-03T00:28:35Z,2022-03-23T18:47:33Z,413.7631712962963,CLOSED,8
joke2k/faker,1474,2021-06-29T03:15:28Z,2021-07-02T13:55:59Z,3.444803240740741,CLOSED,1
joke2k/faker,1452,2021-06-01T17:25:28Z,2021-06-03T18:53:22Z,2.0610416666666667,CLOSED,2
joke2k/faker,1272,2020-09-23T12:52:50Z,2020-09-28T15:35:15Z,5.112789351851852,CLOSED,2
joke2k/faker,1233,2020-08-06T10:44:35Z,2020-08-10T16:05:49Z,4.223078703703703,CLOSED,3
joke2k/faker,1051,2019-11-12T15:50:58Z,2019-12-30T15:17:01Z,47.97642361111111,CLOSED,1
joke2k/faker,655,2017-11-21T15:41:06Z,2019-11-11T16:08:39Z,720.0191319444444,CLOSED,1
joke2k/faker,1040,2019-11-07T11:49:27Z,2019-11-08T19:53:49Z,1.3363657407407408,CLOSED,1
joke2k/faker,832,2018-10-09T08:38:09Z,2019-11-07T16:05:17Z,394.3105092592593,CLOSED,4
joke2k/faker,642,2017-11-02T16:05:54Z,2019-11-07T16:00:29Z,734.996238425926,CLOSED,1
joke2k/faker,944,2019-04-15T18:46:18Z,2019-07-15T14:16:47Z,90.81283564814815,CLOSED,5
joke2k/faker,813,2018-09-11T19:21:52Z,2019-05-14T14:39:15Z,244.80373842592593,CLOSED,1
joke2k/faker,906,2019-02-06T10:04:37Z,2019-02-06T17:47:59Z,0.32178240740740743,CLOSED,1
joke2k/faker,899,2019-01-25T04:39:20Z,2019-01-25T18:07:18Z,0.5610879629629629,CLOSED,3
joke2k/faker,625,2017-10-15T09:41:31Z,2018-10-03T15:13:50Z,353.230775462963,CLOSED,4
joke2k/faker,711,2018-02-27T00:49:11Z,2018-02-27T18:34:59Z,0.7401388888888889,CLOSED,1
joke2k/faker,667,2017-12-28T19:19:40Z,2018-01-06T22:48:22Z,9.144930555555556,CLOSED,3
joke2k/faker,644,2017-11-04T13:41:02Z,2017-11-06T16:32:20Z,2.1189583333333335,CLOSED,0
joke2k/faker,340,2016-03-11T07:37:04Z,2016-07-08T16:05:42Z,119.35321759259259,CLOSED,5
joke2k/faker,315,2015-12-22T10:43:20Z,2016-02-29T18:14:24Z,69.31324074074074,CLOSED,10
joke2k/faker,14,2014-01-22T15:29:24Z,2015-10-29T14:18:38Z,644.9508564814815,CLOSED,4
joke2k/faker,95,2014-04-30T13:24:44Z,2014-07-10T14:49:29Z,71.05885416666666,CLOSED,1
joke2k/faker,98,2014-05-05T20:31:43Z,2014-07-09T22:11:14Z,65.06910879629629,CLOSED,4
FactoryBoy/factory_boy,965,2022-07-17T06:20:52Z,2024-04-25T09:39:22Z,648.1378472222223,CLOSED,16
FactoryBoy/factory_boy,640,2019-08-19T10:43:20Z,2024-03-23T17:39:16Z,1678.2888425925926,CLOSED,6
FactoryBoy/factory_boy,830,2021-01-08T13:39:29Z,2024-03-23T16:43:15Z,1170.1276157407408,CLOSED,3
FactoryBoy/factory_boy,287,2016-04-06T21:58:01Z,2019-04-02T02:43:11Z,1090.1980324074075,CLOSED,6
FactoryBoy/factory_boy,993,2022-11-17T13:03:26Z,,,OPEN,1
FactoryBoy/factory_boy,457,2018-02-19T11:04:38Z,,,OPEN,2
FactoryBoy/factory_boy,406,2017-08-16T14:12:42Z,2017-08-16T14:49:34Z,0.02560185185185185,CLOSED,8
FactoryBoy/factory_boy,979,2022-10-11T09:07:53Z,,,OPEN,6
FactoryBoy/factory_boy,69,2013-07-05T21:35:02Z,,,OPEN,11
FactoryBoy/factory_boy,781,2020-09-16T13:40:13Z,,,OPEN,2
FactoryBoy/factory_boy,854,2021-05-04T15:45:41Z,,,OPEN,2
FactoryBoy/factory_boy,480,2018-06-01T14:38:59Z,,,OPEN,2
FactoryBoy/factory_boy,771,2020-08-13T08:23:22Z,2021-02-13T11:12:41Z,184.1175810185185,CLOSED,4
FactoryBoy/factory_boy,542,2018-11-23T06:51:05Z,,,OPEN,3
FactoryBoy/factory_boy,780,2020-09-13T20:58:46Z,2020-10-02T20:06:36Z,18.96377314814815,CLOSED,9
FactoryBoy/factory_boy,759,2020-07-17T11:54:01Z,2020-09-21T05:58:54Z,65.7533912037037,CLOSED,3
FactoryBoy/factory_boy,770,2020-08-13T07:30:43Z,2020-08-21T07:49:18Z,8.012905092592593,CLOSED,7
FactoryBoy/factory_boy,769,2020-08-13T00:58:25Z,2020-08-13T07:57:17Z,0.29087962962962965,CLOSED,5
FactoryBoy/factory_boy,704,2020-02-20T09:51:27Z,2020-03-09T17:39:27Z,18.325,CLOSED,2
FactoryBoy/factory_boy,446,2018-01-30T18:24:43Z,,,OPEN,8
FactoryBoy/factory_boy,598,2019-05-24T19:20:35Z,2019-05-28T14:38:48Z,3.8043171296296294,CLOSED,1
FactoryBoy/factory_boy,404,2017-08-07T15:10:22Z,2019-04-04T15:14:42Z,605.0030092592592,CLOSED,1
FactoryBoy/factory_boy,156,2014-08-19T10:04:39Z,2018-11-09T19:57:23Z,1543.4116203703704,CLOSED,5
FactoryBoy/factory_boy,484,2018-07-02T16:48:40Z,,,OPEN,2
FactoryBoy/factory_boy,264,2016-01-19T14:33:35Z,2016-02-09T22:58:18Z,21.350497685185186,CLOSED,2
FactoryBoy/factory_boy,481,2018-06-13T23:39:59Z,,,OPEN,5
FactoryBoy/factory_boy,401,2017-08-01T13:33:35Z,2018-05-05T15:06:23Z,277.06444444444446,CLOSED,1
FactoryBoy/factory_boy,466,2018-04-05T00:59:26Z,2018-05-04T21:38:20Z,29.860347222222224,CLOSED,1
FactoryBoy/factory_boy,351,2017-02-23T22:16:11Z,2017-04-17T16:45:13Z,52.77016203703704,CLOSED,26
FactoryBoy/factory_boy,389,2017-06-29T15:12:56Z,2018-02-11T18:32:49Z,227.13880787037036,CLOSED,19
FactoryBoy/factory_boy,443,2018-01-25T19:49:11Z,2018-01-28T21:56:24Z,3.088344907407407,CLOSED,2
FactoryBoy/factory_boy,395,2017-07-31T10:41:56Z,2017-08-02T12:31:02Z,2.075763888888889,CLOSED,7
FactoryBoy/factory_boy,375,2017-04-12T15:48:10Z,2017-04-18T15:18:51Z,5.979641203703704,CLOSED,4
FactoryBoy/factory_boy,338,2017-01-06T13:20:29Z,2017-04-07T23:15:43Z,91.41335648148149,CLOSED,2
FactoryBoy/factory_boy,331,2016-12-05T07:06:35Z,2017-02-10T07:35:35Z,67.0201388888889,CLOSED,6
FactoryBoy/factory_boy,55,2013-04-17T16:22:56Z,2013-05-02T18:26:40Z,15.085925925925926,CLOSED,5
FactoryBoy/factory_boy,235,2015-10-08T20:01:51Z,2016-04-21T21:14:07Z,196.05018518518517,CLOSED,2
FactoryBoy/factory_boy,227,2015-08-25T16:54:43Z,,,OPEN,1
FactoryBoy/factory_boy,263,2016-01-19T13:27:10Z,,,OPEN,1
FactoryBoy/factory_boy,118,2013-12-24T18:53:12Z,2013-12-26T00:18:33Z,1.2259375,CLOSED,8
FactoryBoy/factory_boy,92,2013-09-13T11:21:46Z,2015-03-26T21:55:53Z,559.4403587962963,CLOSED,9
FactoryBoy/factory_boy,201,2015-04-24T08:30:38Z,2015-05-31T09:48:29Z,37.0540625,CLOSED,0
FactoryBoy/factory_boy,206,2015-05-07T20:36:36Z,2015-05-20T21:27:36Z,13.035416666666666,CLOSED,2
FactoryBoy/factory_boy,192,2015-03-27T12:41:53Z,2015-03-27T15:28:19Z,0.1155787037037037,CLOSED,2
FactoryBoy/factory_boy,103,2013-10-31T17:24:08Z,2015-03-26T21:56:02Z,511.18881944444445,CLOSED,2
FactoryBoy/factory_boy,78,2013-08-06T06:04:29Z,2015-03-26T21:55:19Z,597.660300925926,CLOSED,7
FactoryBoy/factory_boy,160,2014-08-28T19:45:35Z,,,OPEN,6
FactoryBoy/factory_boy,58,2013-04-29T13:46:18Z,2013-06-26T23:36:38Z,58.40995370370371,CLOSED,3
FactoryBoy/factory_boy,53,2013-04-16T00:12:07Z,2013-04-16T10:52:52Z,0.4449652777777778,CLOSED,3
wntrblm/nox,951,2025-04-17T22:15:29Z,,,OPEN,6
wntrblm/nox,961,2025-05-01T17:38:50Z,2025-05-06T04:42:47Z,4.4610763888888885,CLOSED,1
wntrblm/nox,953,2025-04-30T01:23:21Z,2025-05-01T16:38:01Z,1.635185185185185,CLOSED,3
wntrblm/nox,950,2025-04-09T17:13:53Z,2025-05-01T13:27:35Z,21.842847222222222,CLOSED,1
wntrblm/nox,948,2025-03-31T10:08:26Z,2025-05-01T07:23:26Z,30.885416666666668,CLOSED,1
wntrblm/nox,943,2025-03-17T21:41:38Z,2025-05-01T06:57:10Z,44.38578703703703,CLOSED,3
wntrblm/nox,934,2025-02-14T04:27:10Z,2025-04-13T05:12:13Z,58.031284722222225,CLOSED,0
wntrblm/nox,748,2023-11-13T06:10:38Z,,,OPEN,5
wntrblm/nox,869,2024-10-18T12:13:15Z,2024-10-31T15:20:11Z,13.129814814814814,CLOSED,2
wntrblm/nox,931,2025-02-11T14:53:37Z,2025-02-27T21:43:45Z,16.284814814814816,CLOSED,4
wntrblm/nox,928,2025-02-10T21:57:40Z,2025-02-18T20:35:25Z,7.942881944444444,CLOSED,3
wntrblm/nox,927,2025-02-10T20:05:04Z,2025-02-13T16:28:11Z,2.849386574074074,CLOSED,1
wntrblm/nox,930,2025-02-11T13:23:50Z,2025-02-12T11:09:42Z,0.9068518518518518,CLOSED,3
wntrblm/nox,914,2025-01-27T14:51:48Z,2025-02-04T09:57:17Z,7.795474537037037,CLOSED,4
wntrblm/nox,919,2025-01-29T22:52:33Z,2025-02-03T17:10:22Z,4.762372685185185,CLOSED,3
wntrblm/nox,838,2024-07-23T19:32:32Z,2025-01-30T23:15:44Z,191.155,CLOSED,4
wntrblm/nox,861,2024-10-07T05:46:27Z,2025-01-29T21:28:35Z,114.65425925925926,CLOSED,0
wntrblm/nox,899,2024-11-28T21:31:07Z,2025-01-17T21:55:39Z,50.017037037037035,CLOSED,0
wntrblm/nox,868,2024-10-15T16:07:16Z,2025-01-16T15:04:19Z,92.95628472222222,CLOSED,3
wntrblm/nox,820,2024-04-16T05:00:00Z,2025-01-13T07:48:34Z,272.1170601851852,CLOSED,2
wntrblm/nox,907,2025-01-07T22:10:52Z,2025-01-09T22:21:07Z,2.0071180555555554,CLOSED,0
wntrblm/nox,905,2025-01-01T19:31:04Z,2025-01-03T04:22:16Z,1.3688888888888888,CLOSED,0
wntrblm/nox,630,2022-07-12T07:13:39Z,2025-01-03T04:19:17Z,905.878912037037,CLOSED,1
wntrblm/nox,902,2024-12-12T18:38:34Z,2024-12-13T02:44:03Z,0.3371412037037037,CLOSED,1
wntrblm/nox,897,2024-11-26T20:24:27Z,,,OPEN,0
wntrblm/nox,885,2024-11-07T12:36:28Z,2024-11-14T09:41:44Z,6.878657407407408,CLOSED,9
wntrblm/nox,621,2022-05-12T23:11:34Z,2024-10-31T12:55:21Z,902.5720717592593,CLOSED,7
wntrblm/nox,836,2024-07-09T13:16:08Z,2024-10-26T07:02:28Z,108.74050925925926,CLOSED,4
wntrblm/nox,840,2024-08-06T15:12:48Z,2024-10-08T01:00:35Z,62.40818287037037,CLOSED,0
wntrblm/nox,852,2024-09-29T09:13:15Z,2024-10-01T05:06:48Z,1.8288541666666667,CLOSED,0
wntrblm/nox,849,2024-09-10T19:40:37Z,2024-09-10T20:24:14Z,0.030289351851851852,CLOSED,0
wntrblm/nox,844,2024-08-30T09:13:10Z,2024-08-31T17:44:38Z,1.3551851851851853,CLOSED,1
wntrblm/nox,833,2024-06-04T14:39:19Z,,,OPEN,0
wntrblm/nox,827,2024-05-09T13:45:47Z,2024-05-19T13:45:12Z,9.999594907407408,CLOSED,1
wntrblm/nox,734,2023-08-06T20:14:31Z,,,OPEN,3
wntrblm/nox,816,2024-04-11T21:18:20Z,2024-04-12T17:35:26Z,0.8452083333333333,CLOSED,0
wntrblm/nox,801,2024-03-19T02:15:24Z,2024-04-02T21:09:55Z,14.787858796296296,CLOSED,2
wntrblm/nox,791,2024-03-04T01:19:47Z,2024-03-08T21:59:19Z,4.860787037037037,CLOSED,3
wntrblm/nox,793,2024-03-04T23:17:43Z,2024-03-05T20:53:22Z,0.8997569444444444,CLOSED,5
wntrblm/nox,792,2024-03-04T16:56:09Z,2024-03-04T18:57:15Z,0.08409722222222223,CLOSED,1
wntrblm/nox,746,2023-11-09T22:29:30Z,2024-02-29T06:30:03Z,111.33371527777778,CLOSED,1
wntrblm/nox,737,2023-08-30T12:17:33Z,2024-02-28T16:00:09Z,182.15458333333333,CLOSED,1
wntrblm/nox,488,2021-10-01T15:59:53Z,2024-02-25T20:19:27Z,877.1802546296296,CLOSED,18
wntrblm/nox,779,2024-02-22T12:38:52Z,2024-02-24T15:08:30Z,2.103912037037037,CLOSED,1
wntrblm/nox,708,2023-04-24T13:29:22Z,2024-02-21T10:18:32Z,302.86747685185185,CLOSED,1
wntrblm/nox,673,2022-11-30T21:25:29Z,2024-02-20T16:48:36Z,446.80771990740743,CLOSED,2
wntrblm/nox,760,2024-02-10T16:16:47Z,2024-02-10T17:45:30Z,0.06160879629629629,CLOSED,2
wntrblm/nox,754,2023-12-19T18:26:44Z,2023-12-19T23:42:42Z,0.2194212962962963,CLOSED,1
wntrblm/nox,735,2023-08-07T22:08:34Z,,,OPEN,5
wntrblm/nox,689,2023-02-05T17:25:20Z,2023-10-21T02:59:35Z,257.3987847222222,CLOSED,2
wntrblm/nox,742,2023-10-12T01:29:40Z,2023-10-13T21:15:36Z,1.823564814814815,CLOSED,1
wntrblm/nox,634,2022-07-18T17:18:26Z,2022-07-19T16:48:12Z,0.9790046296296296,CLOSED,6
wntrblm/nox,650,2022-09-06T13:16:40Z,2023-07-13T01:37:42Z,309.5146064814815,CLOSED,2
wntrblm/nox,683,2023-01-14T13:27:57Z,2023-07-12T19:20:34Z,179.2448726851852,CLOSED,0
wntrblm/nox,716,2023-06-10T15:11:54Z,2023-06-10T18:20:31Z,0.1309837962962963,CLOSED,1
wntrblm/nox,709,2023-05-03T17:58:24Z,,,OPEN,0
wntrblm/nox,666,2022-10-24T15:05:11Z,,,OPEN,2
wntrblm/nox,705,2023-04-23T00:31:34Z,,,OPEN,0
wntrblm/nox,701,2023-04-22T08:09:04Z,2023-04-22T18:31:36Z,0.4323148148148148,CLOSED,0
wntrblm/nox,671,2022-11-23T14:07:40Z,2022-11-23T18:11:22Z,0.16923611111111111,CLOSED,5
wntrblm/nox,643,2022-08-09T18:03:58Z,2022-10-20T16:24:58Z,71.93125,CLOSED,7
wntrblm/nox,644,2022-08-09T18:31:58Z,2022-08-18T06:27:43Z,8.497048611111111,CLOSED,4
wntrblm/nox,642,2022-08-05T18:35:38Z,,,OPEN,2
wntrblm/nox,638,2022-07-25T19:06:47Z,2022-07-25T19:37:10Z,0.021099537037037038,CLOSED,1
wntrblm/nox,635,2022-07-21T08:56:12Z,2022-07-25T19:18:11Z,4.43193287037037,CLOSED,0
wntrblm/nox,566,2022-02-02T14:58:30Z,2022-02-15T19:33:26Z,13.190925925925926,CLOSED,8
wntrblm/nox,514,2021-12-16T14:26:25Z,2021-12-26T22:01:39Z,10.31613425925926,CLOSED,6
wntrblm/nox,555,2022-01-06T05:07:10Z,2022-01-07T09:54:29Z,1.199525462962963,CLOSED,0
wntrblm/nox,545,2021-12-28T12:19:48Z,2021-12-28T13:59:07Z,0.06896990740740741,CLOSED,6
wntrblm/nox,540,2021-12-27T13:58:16Z,2021-12-27T17:06:49Z,0.1309375,CLOSED,1
wntrblm/nox,503,2021-11-12T23:17:43Z,2021-12-27T16:18:25Z,44.708819444444444,CLOSED,7
wntrblm/nox,406,2021-03-18T15:37:59Z,2021-12-27T15:44:20Z,284.00440972222225,CLOSED,4
wntrblm/nox,345,2020-09-08T07:33:51Z,2021-09-09T20:26:34Z,366.5366087962963,CLOSED,3
wntrblm/nox,284,2020-02-11T06:48:18Z,2020-03-04T02:25:16Z,21.817337962962963,CLOSED,8
wntrblm/nox,433,2021-06-03T13:51:24Z,2021-06-03T16:33:54Z,0.11284722222222222,CLOSED,0
wntrblm/nox,396,2021-03-05T20:52:33Z,2021-06-03T16:11:15Z,89.80465277777778,CLOSED,10
wntrblm/nox,424,2021-05-22T16:20:03Z,2021-05-23T17:51:03Z,1.0631944444444446,CLOSED,1
wntrblm/nox,252,2019-09-28T12:34:42Z,,,OPEN,9
wntrblm/nox,123,2018-08-27T16:59:07Z,2021-04-24T02:30:44Z,970.3969560185185,CLOSED,8
wntrblm/nox,250,2019-09-19T00:46:27Z,,,OPEN,10
wntrblm/nox,238,2019-08-20T00:50:50Z,2021-03-07T05:13:49Z,565.1826273148148,CLOSED,8
wntrblm/nox,139,2018-09-20T22:47:43Z,2021-03-04T19:04:25Z,895.8449305555556,CLOSED,4
wntrblm/nox,369,2020-12-02T10:53:12Z,2021-02-11T23:28:11Z,71.52429398148148,CLOSED,3
wntrblm/nox,352,2020-10-13T05:37:38Z,2020-11-19T16:51:51Z,37.468206018518515,CLOSED,3
wntrblm/nox,291,2020-03-05T22:06:51Z,2020-03-06T17:37:23Z,0.8128703703703704,CLOSED,2
wntrblm/nox,271,2020-01-08T22:25:18Z,2020-01-10T18:09:04Z,1.8220601851851852,CLOSED,4
wntrblm/nox,248,2019-09-05T16:39:31Z,2020-01-16T15:21:20Z,132.9457060185185,CLOSED,3
wntrblm/nox,226,2019-08-04T15:52:18Z,2019-08-17T19:57:32Z,13.170300925925925,CLOSED,1
wntrblm/nox,219,2019-07-18T17:39:43Z,2019-08-16T18:09:53Z,29.020949074074075,CLOSED,9
wntrblm/nox,166,2019-01-28T22:22:44Z,2019-05-13T20:22:30Z,104.91650462962963,CLOSED,3
wntrblm/nox,150,2018-10-17T17:24:37Z,2018-10-17T22:29:32Z,0.2117476851851852,CLOSED,0
wntrblm/nox,131,2018-09-05T21:19:20Z,2018-09-07T00:39:02Z,1.1386805555555555,CLOSED,1
wntrblm/nox,116,2018-08-24T05:13:56Z,2018-08-26T05:36:36Z,2.015740740740741,CLOSED,3
wntrblm/nox,106,2018-08-22T23:03:59Z,2018-08-24T02:19:10Z,1.1355439814814814,CLOSED,0
wntrblm/nox,97,2018-07-30T04:45:54Z,2018-08-01T05:40:18Z,2.037777777777778,CLOSED,2
wntrblm/nox,67,2017-10-12T22:27:27Z,2018-07-30T02:02:33Z,290.149375,CLOSED,1
wntrblm/nox,82,2018-01-16T22:43:30Z,2018-02-25T01:27:21Z,39.11378472222222,CLOSED,1
wntrblm/nox,46,2017-09-18T09:13:08Z,2017-10-17T18:42:55Z,29.395682870370372,CLOSED,5
wntrblm/nox,66,2017-10-12T22:15:18Z,2017-10-12T22:16:06Z,0.0005555555555555556,CLOSED,1
wntrblm/nox,23,2017-04-13T20:58:13Z,2017-04-13T22:04:14Z,0.04584490740740741,CLOSED,4
kevin1024/vcrpy,737,2023-07-07T17:08:42Z,,,OPEN,7
kevin1024/vcrpy,214,2015-09-29T14:37:51Z,,,OPEN,33
kevin1024/vcrpy,887,2024-12-20T17:39:31Z,2025-01-02T11:12:29Z,12.731226851851853,CLOSED,1
kevin1024/vcrpy,660,2022-10-04T20:36:36Z,,,OPEN,2
kevin1024/vcrpy,719,2023-06-18T17:58:38Z,2023-06-22T13:45:12Z,3.8240046296296297,CLOSED,8
kevin1024/vcrpy,517,2020-04-01T14:08:51Z,2023-07-19T13:37:55Z,1203.9785185185185,CLOSED,2
kevin1024/vcrpy,494,2019-11-27T14:04:07Z,2023-06-22T21:01:45Z,1303.290023148148,CLOSED,3
kevin1024/vcrpy,714,2023-06-12T14:46:29Z,2023-06-22T13:44:31Z,9.956967592592592,CLOSED,7
kevin1024/vcrpy,398,2018-09-30T21:53:51Z,2021-08-15T20:22:31Z,1049.936574074074,CLOSED,6
kevin1024/vcrpy,507,2019-12-27T19:05:50Z,,,OPEN,3
kevin1024/vcrpy,385,2018-09-06T11:26:15Z,2020-01-05T22:35:32Z,486.4647800925926,CLOSED,3
kevin1024/vcrpy,106,2014-09-18T03:01:05Z,,,OPEN,2
kevin1024/vcrpy,502,2019-12-17T17:21:33Z,,,OPEN,8
kevin1024/vcrpy,501,2019-12-17T16:48:50Z,,,OPEN,3
kevin1024/vcrpy,504,2019-12-20T09:23:06Z,2019-12-20T11:08:25Z,0.07313657407407408,CLOSED,1
kevin1024/vcrpy,472,2019-08-12T20:40:27Z,,,OPEN,10
kevin1024/vcrpy,463,2019-07-31T17:57:02Z,,,OPEN,4
kevin1024/vcrpy,474,2019-08-15T21:25:51Z,2019-11-03T10:00:35Z,79.52412037037037,CLOSED,6
kevin1024/vcrpy,485,2019-10-17T10:57:01Z,2019-11-03T07:15:08Z,16.845914351851853,CLOSED,0
kevin1024/vcrpy,130,2014-12-23T11:16:55Z,2014-12-26T10:12:22Z,2.9551736111111113,CLOSED,12
kevin1024/vcrpy,152,2015-05-06T00:28:25Z,2015-05-06T07:34:22Z,0.2957986111111111,CLOSED,8
kevin1024/vcrpy,79,2014-05-12T22:40:04Z,2014-05-17T19:34:48Z,4.871342592592592,CLOSED,2
kevin1024/vcrpy,39,2013-10-25T07:15:54Z,2013-10-25T07:58:00Z,0.029236111111111112,CLOSED,0
kevin1024/vcrpy,20,2013-08-16T08:55:24Z,2013-09-17T07:02:10Z,31.92136574074074,CLOSED,4
kevin1024/vcrpy,4,2012-07-02T21:41:01Z,2013-08-12T05:05:05Z,405.30837962962966,CLOSED,1
kevin1024/vcrpy,3,2012-07-02T07:49:14Z,2013-08-12T05:04:52Z,405.8858564814815,CLOSED,1
getsentry/responses,768,2025-06-06T17:59:01Z,2026-01-07T15:08:53Z,214.88185185185185,CLOSED,1
getsentry/responses,780,2025-10-06T23:57:36Z,,,OPEN,0
getsentry/responses,778,2025-08-12T10:42:25Z,,,OPEN,1
getsentry/responses,727,2024-07-08T13:40:42Z,2025-08-08T18:59:29Z,396.2213773148148,CLOSED,3
getsentry/responses,766,2025-05-30T13:54:55Z,2025-08-01T21:54:01Z,63.332708333333336,CLOSED,0
getsentry/responses,770,2025-07-21T08:25:02Z,2025-08-01T21:53:16Z,11.561273148148148,CLOSED,1
getsentry/responses,741,2024-12-04T14:37:46Z,,,OPEN,1
getsentry/responses,763,2025-03-28T11:40:34Z,,,OPEN,0
getsentry/responses,719,2024-05-23T16:02:08Z,2024-09-09T20:23:07Z,109.18123842592593,CLOSED,0
getsentry/responses,723,2024-06-21T16:32:06Z,2024-08-15T15:09:36Z,54.942708333333336,CLOSED,5
getsentry/responses,705,2024-02-06T08:28:45Z,,,OPEN,5
getsentry/responses,724,2024-06-24T12:59:29Z,,,OPEN,1
getsentry/responses,713,2024-05-13T16:16:34Z,,,OPEN,2
getsentry/responses,715,2024-05-17T10:38:45Z,2024-06-14T16:27:32Z,28.24221064814815,CLOSED,2
getsentry/responses,704,2024-02-01T19:32:50Z,2024-05-08T14:41:10Z,96.79745370370371,CLOSED,0
getsentry/responses,708,2024-03-14T20:57:54Z,2024-05-06T17:22:39Z,52.850520833333334,CLOSED,0
getsentry/responses,691,2023-11-06T16:04:08Z,2023-11-14T22:54:22Z,8.28488425925926,CLOSED,0
getsentry/responses,692,2023-11-13T22:48:30Z,2023-11-14T22:52:07Z,1.002511574074074,CLOSED,0
getsentry/responses,644,2023-06-09T14:26:12Z,2023-10-06T20:53:15Z,119.26878472222222,CLOSED,2
getsentry/responses,556,2022-05-27T10:38:58Z,2022-06-28T14:05:51Z,32.14366898148148,CLOSED,20
getsentry/responses,642,2023-06-01T16:33:00Z,2023-06-02T14:15:13Z,0.9043171296296296,CLOSED,2
getsentry/responses,635,2023-05-06T15:24:15Z,2023-05-09T19:14:29Z,3.1598842592592593,CLOSED,3
getsentry/responses,630,2023-03-10T17:45:46Z,2023-03-10T21:11:41Z,0.14299768518518519,CLOSED,1
getsentry/responses,610,2022-12-21T21:28:10Z,2023-03-06T22:56:23Z,75.06126157407408,CLOSED,6
getsentry/responses,619,2023-01-30T13:17:55Z,2023-02-09T22:23:38Z,10.378969907407408,CLOSED,0
getsentry/responses,592,2022-09-28T17:22:37Z,2022-10-11T16:43:28Z,12.9728125,CLOSED,4
getsentry/responses,572,2022-08-15T23:58:25Z,2022-08-29T14:44:20Z,13.615219907407408,CLOSED,4
getsentry/responses,559,2022-06-21T08:00:22Z,2022-08-15T15:00:12Z,55.291550925925925,CLOSED,1
getsentry/responses,570,2022-07-29T14:40:29Z,2022-07-30T09:07:08Z,0.7685069444444445,CLOSED,2
getsentry/responses,563,2022-06-26T18:36:56Z,2022-06-27T21:31:27Z,1.1211921296296297,CLOSED,3
getsentry/responses,481,2022-01-21T08:58:44Z,2022-02-22T15:35:55Z,32.27582175925926,CLOSED,6
getsentry/responses,484,2022-01-28T19:08:22Z,2022-01-31T14:23:18Z,2.802037037037037,CLOSED,0
getsentry/responses,483,2022-01-27T00:32:29Z,2022-02-01T15:39:31Z,5.629884259259259,CLOSED,2
getsentry/responses,464,2022-01-11T15:23:18Z,2022-01-12T21:08:16Z,1.2395601851851852,CLOSED,10
getsentry/responses,351,2020-10-15T13:53:08Z,2022-01-13T21:11:33Z,455.3044560185185,CLOSED,3
getsentry/responses,251,2019-01-21T15:22:33Z,2022-01-18T15:08:41Z,1092.9903703703703,CLOSED,4
getsentry/responses,322,2020-04-16T01:09:15Z,2021-11-18T15:02:33Z,581.5786805555556,CLOSED,5
getsentry/responses,443,2021-11-16T17:07:07Z,2021-11-19T22:05:42Z,3.207349537037037,CLOSED,0
getsentry/responses,438,2021-11-12T15:03:39Z,2021-11-24T19:15:20Z,12.174780092592593,CLOSED,2
getsentry/responses,394,2021-08-06T14:37:16Z,2021-11-11T16:17:58Z,97.06993055555556,CLOSED,0
getsentry/responses,421,2021-10-27T17:04:22Z,2021-10-29T14:16:06Z,1.8831481481481482,CLOSED,25
getsentry/responses,441,2021-11-15T01:45:55Z,2021-11-17T15:03:01Z,2.553541666666667,CLOSED,1
getsentry/responses,511,2022-03-07T12:43:49Z,2022-03-17T19:03:32Z,10.26369212962963,CLOSED,16
getsentry/responses,468,2022-01-12T10:15:50Z,2022-01-12T15:21:41Z,0.21239583333333334,CLOSED,5
getsentry/responses,448,2021-11-23T14:04:09Z,2021-11-23T21:52:33Z,0.3252777777777778,CLOSED,6
getsentry/responses,467,2022-01-11T21:33:46Z,2022-01-18T15:09:09Z,6.732905092592593,CLOSED,11
getsentry/responses,352,2020-10-29T16:46:40Z,2020-11-12T22:40:19Z,14.245590277777778,CLOSED,2
getsentry/responses,292,2020-01-03T05:56:05Z,2020-08-11T02:44:20Z,220.86684027777778,CLOSED,6
getsentry/responses,326,2020-06-10T19:07:22Z,2020-06-12T02:24:08Z,1.3033101851851852,CLOSED,2
getsentry/responses,306,2020-02-24T16:24:23Z,2020-03-03T02:47:17Z,7.432569444444445,CLOSED,0
getsentry/responses,297,2020-01-15T17:30:15Z,2020-01-28T02:20:50Z,12.368460648148147,CLOSED,0
getsentry/responses,290,2019-12-17T14:07:27Z,2019-12-20T01:50:24Z,2.488159722222222,CLOSED,0
getsentry/responses,289,2019-12-13T01:03:44Z,2019-12-20T01:50:22Z,7.032384259259259,CLOSED,4
getsentry/responses,277,2019-09-18T14:38:20Z,2019-09-19T01:35:15Z,0.45619212962962963,CLOSED,0
getsentry/responses,233,2018-11-16T15:57:02Z,2018-12-17T19:39:19Z,31.154363425925926,CLOSED,5
getsentry/responses,230,2018-11-12T20:56:31Z,2018-11-15T02:25:37Z,2.2285416666666666,CLOSED,3
RobertCraigie/pyright-python,319,2024-11-02T09:48:42Z,,,OPEN,1
RobertCraigie/pyright-python,345,2025-04-14T18:30:20Z,,,OPEN,2
RobertCraigie/pyright-python,308,2024-09-27T11:28:21Z,2024-09-27T13:22:40Z,0.07938657407407407,CLOSED,3
RobertCraigie/pyright-python,166,2023-03-29T20:41:11Z,2024-09-22T20:55:11Z,543.0097222222222,CLOSED,9
RobertCraigie/pyright-python,145,2023-02-02T21:26:29Z,2024-09-22T20:51:20Z,597.9755902777778,CLOSED,4
RobertCraigie/pyright-python,60,2022-05-01T04:11:11Z,2024-09-22T20:49:42Z,875.6934143518519,CLOSED,5
RobertCraigie/pyright-python,219,2023-10-05T18:00:40Z,2023-10-07T12:35:48Z,1.7743981481481481,CLOSED,3
RobertCraigie/pyright-python,6,2021-09-07T10:27:27Z,,,OPEN,1
RobertCraigie/pyright-python,153,2023-02-18T12:55:45Z,2023-02-26T11:24:46Z,7.936817129629629,CLOSED,4
RobertCraigie/pyright-python,149,2023-02-11T13:08:39Z,2023-02-11T16:34:06Z,0.1426736111111111,CLOSED,2
RobertCraigie/pyright-python,146,2023-02-04T11:41:48Z,2023-02-04T12:22:48Z,0.02847222222222222,CLOSED,2
RobertCraigie/pyright-python,138,2023-01-17T13:33:54Z,2023-01-19T05:28:08Z,1.662662037037037,CLOSED,5
RobertCraigie/pyright-python,95,2022-07-27T19:32:35Z,2022-12-01T23:31:08Z,127.16565972222222,CLOSED,1
RobertCraigie/pyright-python,45,2022-03-24T17:07:12Z,2022-11-16T08:35:32Z,236.64467592592592,CLOSED,12
RobertCraigie/pyright-python,117,2022-10-29T14:41:00Z,2022-10-29T14:59:49Z,0.01306712962962963,CLOSED,1
RobertCraigie/pyright-python,80,2022-06-13T00:15:20Z,,,OPEN,1
RobertCraigie/pyright-python,37,2022-03-09T10:09:12Z,2022-03-09T15:06:54Z,0.20673611111111112,CLOSED,15
RobertCraigie/pyright-python,11,2021-11-25T12:28:55Z,2021-11-25T18:33:04Z,0.25288194444444445,CLOSED,5
RobertCraigie/pyright-python,9,2021-11-04T15:51:25Z,2021-11-05T15:28:38Z,0.9841782407407408,CLOSED,5
RobertCraigie/pyright-python,5,2021-08-06T17:40:24Z,2021-08-07T09:03:25Z,0.6409837962962963,CLOSED,2
RobertCraigie/pyright-python,4,2021-08-02T11:06:56Z,2021-08-02T11:15:19Z,0.005821759259259259,CLOSED,0
RobertCraigie/pyright-python,3,2021-07-19T12:45:57Z,2021-07-19T13:01:11Z,0.010578703703703703,CLOSED,0
astral-sh/ruff,1269,2022-12-17T08:10:31Z,2022-12-19T05:10:09Z,1.8747453703703705,CLOSED,6
astral-sh/ruff,1244,2022-12-15T00:31:15Z,2022-12-16T04:13:59Z,1.1546759259259258,CLOSED,2
astral-sh/ruff,1226,2022-12-13T03:46:24Z,2022-12-16T03:17:33Z,2.9799652777777776,CLOSED,10
astral-sh/ruff,1237,2022-12-14T11:14:19Z,2022-12-15T17:08:33Z,1.2459953703703703,CLOSED,10
astral-sh/ruff,1207,2022-12-12T13:43:47Z,2022-12-14T18:57:26Z,2.2178125,CLOSED,2
astral-sh/ruff,1231,2022-12-13T21:42:58Z,2022-12-14T00:13:54Z,0.10481481481481482,CLOSED,6
astral-sh/ruff,792,2022-11-17T17:25:57Z,2022-11-17T17:55:56Z,0.02082175925925926,CLOSED,4
astral-sh/ruff,1043,2022-12-04T19:28:03Z,2022-12-12T00:49:19Z,7.223101851851852,CLOSED,2
astral-sh/ruff,1193,2022-12-11T09:00:54Z,2022-12-11T22:13:11Z,0.5501967592592593,CLOSED,3
astral-sh/ruff,1194,2022-12-11T09:24:16Z,2022-12-11T15:04:07Z,0.23600694444444445,CLOSED,1
astral-sh/ruff,960,2022-11-29T12:51:45Z,2022-12-09T22:50:06Z,10.415520833333334,CLOSED,5
astral-sh/ruff,1087,2022-12-05T23:28:02Z,2022-12-09T22:31:05Z,3.960451388888889,CLOSED,5
astral-sh/ruff,1159,2022-12-09T09:22:01Z,2022-12-09T17:28:10Z,0.33760416666666665,CLOSED,1
astral-sh/ruff,1153,2022-12-09T03:24:25Z,2022-12-09T04:03:24Z,0.02707175925925926,CLOSED,0
astral-sh/ruff,1152,2022-12-09T03:24:10Z,2022-12-09T03:47:20Z,0.016087962962962964,CLOSED,0
astral-sh/ruff,847,2022-11-21T09:33:48Z,2022-12-08T18:39:08Z,17.378703703703703,CLOSED,5
astral-sh/ruff,1136,2022-12-08T02:12:58Z,2022-12-08T16:53:32Z,0.6115046296296296,CLOSED,6
astral-sh/ruff,1139,2022-12-08T11:02:00Z,2022-12-08T16:34:42Z,0.23104166666666667,CLOSED,2
astral-sh/ruff,1053,2022-12-05T12:03:05Z,2022-12-06T17:46:40Z,1.238599537037037,CLOSED,2
astral-sh/ruff,1100,2022-12-06T03:11:51Z,2022-12-06T04:01:01Z,0.03414351851851852,CLOSED,4
astral-sh/ruff,1096,2022-12-06T01:49:31Z,2022-12-06T03:09:46Z,0.05572916666666667,CLOSED,2
astral-sh/ruff,1092,2022-12-06T00:02:51Z,2022-12-06T00:13:23Z,0.007314814814814815,CLOSED,1
astral-sh/ruff,1050,2022-12-05T08:14:29Z,2022-12-05T16:48:39Z,0.3570601851851852,CLOSED,7
astral-sh/ruff,1077,2022-12-05T21:06:37Z,2022-12-05T21:07:08Z,0.0003587962962962963,CLOSED,0
astral-sh/ruff,1070,2022-12-05T19:03:20Z,2022-12-05T19:54:49Z,0.03575231481481481,CLOSED,0
astral-sh/ruff,1057,2022-12-05T13:13:33Z,2022-12-05T16:17:01Z,0.1274074074074074,CLOSED,2
astral-sh/ruff,1060,2022-12-05T14:03:36Z,2022-12-05T15:07:06Z,0.044097222222222225,CLOSED,2
astral-sh/ruff,1039,2022-12-04T16:50:48Z,2022-12-04T18:56:52Z,0.0875462962962963,CLOSED,3
astral-sh/ruff,997,2022-12-02T14:49:20Z,2022-12-02T16:48:42Z,0.08289351851851852,CLOSED,5
astral-sh/ruff,999,2022-12-02T18:02:41Z,2022-12-02T18:22:40Z,0.013877314814814815,CLOSED,3
astral-sh/ruff,979,2022-12-01T15:49:25Z,2022-12-02T03:31:21Z,0.4874537037037037,CLOSED,0
astral-sh/ruff,986,2022-12-01T18:37:37Z,2022-12-02T01:15:45Z,0.2764814814814815,CLOSED,1
astral-sh/ruff,893,2022-11-23T14:20:58Z,2022-11-28T21:17:02Z,5.288935185185185,CLOSED,3
astral-sh/ruff,923,2022-11-27T16:29:37Z,2022-11-28T03:08:28Z,0.44364583333333335,CLOSED,3
astral-sh/ruff,922,2022-11-27T16:15:44Z,2022-11-27T22:27:28Z,0.2581481481481481,CLOSED,1
astral-sh/ruff,912,2022-11-26T13:08:01Z,2022-11-26T19:42:20Z,0.27383101851851854,CLOSED,7
astral-sh/ruff,910,2022-11-26T12:53:16Z,2022-11-26T15:31:24Z,0.10981481481481481,CLOSED,2
astral-sh/ruff,780,2022-11-16T22:40:20Z,2022-11-26T15:12:08Z,9.68875,CLOSED,12
astral-sh/ruff,904,2022-11-25T15:37:04Z,2022-11-25T18:13:04Z,0.10833333333333334,CLOSED,5
astral-sh/ruff,889,2022-11-23T07:34:13Z,2022-11-23T15:13:23Z,0.31886574074074076,CLOSED,5
astral-sh/ruff,866,2022-11-21T21:49:24Z,2022-11-22T21:38:15Z,0.9922569444444445,CLOSED,5
astral-sh/ruff,853,2022-11-21T14:29:52Z,2022-11-21T18:39:20Z,0.17324074074074075,CLOSED,0
astral-sh/ruff,851,2022-11-21T13:22:25Z,2022-11-21T18:30:37Z,0.2140277777777778,CLOSED,3
astral-sh/ruff,849,2022-11-21T10:47:14Z,2022-11-21T18:30:25Z,0.3216550925925926,CLOSED,0
astral-sh/ruff,844,2022-11-21T01:32:10Z,2022-11-21T02:59:03Z,0.060335648148148145,CLOSED,4
astral-sh/ruff,826,2022-11-20T10:06:23Z,2022-11-21T02:41:56Z,0.6913541666666667,CLOSED,5
astral-sh/ruff,834,2022-11-20T19:39:06Z,2022-11-20T20:48:21Z,0.04809027777777778,CLOSED,2
astral-sh/ruff,795,2022-11-17T19:25:45Z,2022-11-17T20:02:00Z,0.025173611111111112,CLOSED,7
astral-sh/ruff,773,2022-11-16T17:28:21Z,2022-11-17T16:34:48Z,0.9628125,CLOSED,4
astral-sh/ruff,778,2022-11-16T20:05:53Z,2022-11-16T23:48:02Z,0.15427083333333333,CLOSED,5
astral-sh/ruff,769,2022-11-16T15:52:30Z,2022-11-16T17:24:48Z,0.06409722222222222,CLOSED,7
astral-sh/ruff,770,2022-11-16T16:10:45Z,2022-11-16T17:00:12Z,0.034340277777777775,CLOSED,3
astral-sh/ruff,767,2022-11-16T13:16:27Z,2022-11-16T15:17:40Z,0.08417824074074073,CLOSED,4
astral-sh/ruff,756,2022-11-15T16:43:47Z,2022-11-15T20:29:11Z,0.15652777777777777,CLOSED,3
astral-sh/ruff,754,2022-11-15T15:45:02Z,2022-11-15T17:19:24Z,0.06553240740740741,CLOSED,3
astral-sh/ruff,755,2022-11-15T16:24:28Z,2022-11-15T16:52:13Z,0.019270833333333334,CLOSED,2
astral-sh/ruff,740,2022-11-14T17:42:09Z,2022-11-14T18:07:28Z,0.01758101851851852,CLOSED,2
astral-sh/ruff,736,2022-11-14T14:47:01Z,2022-11-14T14:59:28Z,0.008645833333333333,CLOSED,3
astral-sh/ruff,726,2022-11-13T20:01:59Z,2022-11-13T21:09:45Z,0.047060185185185184,CLOSED,4
astral-sh/ruff,713,2022-11-12T23:41:00Z,2022-11-13T05:10:14Z,0.22863425925925926,CLOSED,0
astral-sh/ruff,699,2022-11-12T16:29:08Z,2022-11-12T16:39:10Z,0.006967592592592593,CLOSED,0
astral-sh/ruff,620,2022-11-06T11:01:28Z,2022-11-06T20:29:50Z,0.39469907407407406,CLOSED,4
astral-sh/ruff,619,2022-11-06T10:45:13Z,2022-11-06T19:19:03Z,0.35682870370370373,CLOSED,0
astral-sh/ruff,613,2022-11-05T22:33:10Z,2022-11-05T23:53:14Z,0.055601851851851854,CLOSED,7
astral-sh/ruff,599,2022-11-05T13:53:59Z,2022-11-05T14:51:20Z,0.03982638888888889,CLOSED,3
astral-sh/ruff,581,2022-11-04T14:03:38Z,2022-11-04T18:26:40Z,0.18266203703703704,CLOSED,8
astral-sh/ruff,577,2022-11-04T03:23:54Z,2022-11-04T16:04:15Z,0.5280208333333334,CLOSED,1
astral-sh/ruff,580,2022-11-04T11:55:05Z,2022-11-04T14:51:06Z,0.1222337962962963,CLOSED,3
astral-sh/ruff,490,2022-10-27T17:21:11Z,2022-11-01T18:02:01Z,5.028356481481482,CLOSED,7
astral-sh/ruff,513,2022-10-29T23:29:53Z,2022-10-30T17:02:56Z,0.7312847222222222,CLOSED,0
astral-sh/ruff,514,2022-10-29T23:32:13Z,2022-10-30T13:41:55Z,0.5900694444444444,CLOSED,0
astral-sh/ruff,511,2022-10-29T22:28:29Z,2022-10-29T22:49:07Z,0.014328703703703703,CLOSED,1
astral-sh/ruff,432,2022-10-14T18:44:05Z,2022-10-15T00:57:41Z,0.2594444444444444,CLOSED,4
astral-sh/ruff,430,2022-10-14T17:39:21Z,2022-10-14T18:29:20Z,0.03471064814814815,CLOSED,0
astral-sh/ruff,401,2022-10-11T16:40:17Z,2022-10-11T16:56:41Z,0.01138888888888889,CLOSED,1
astral-sh/ruff,385,2022-10-10T09:07:52Z,2022-10-10T13:40:00Z,0.18898148148148147,CLOSED,5
astral-sh/ruff,376,2022-10-09T21:27:45Z,2022-10-09T21:37:20Z,0.006655092592592593,CLOSED,5
astral-sh/ruff,373,2022-10-09T19:59:23Z,2022-10-09T21:01:15Z,0.04296296296296296,CLOSED,5
astral-sh/ruff,345,2022-10-07T19:42:38Z,2022-10-07T19:44:51Z,0.0015393518518518519,CLOSED,2
astral-sh/ruff,316,2022-10-04T04:42:14Z,2022-10-04T17:55:33Z,0.5509143518518519,CLOSED,2
astral-sh/ruff,317,2022-10-04T05:18:30Z,2022-10-04T12:56:15Z,0.31788194444444445,CLOSED,0
astral-sh/ruff,277,2022-09-28T22:32:47Z,2022-09-29T02:06:37Z,0.14849537037037036,CLOSED,1
astral-sh/ruff,136,2022-09-09T21:51:43Z,2022-09-20T13:11:31Z,10.63875,CLOSED,4
astral-sh/ruff,225,2022-09-19T11:58:45Z,2022-09-20T03:06:40Z,0.6304976851851852,CLOSED,0
astral-sh/ruff,198,2022-09-15T02:21:09Z,2022-09-15T02:51:08Z,0.02082175925925926,CLOSED,0
astral-sh/ruff,196,2022-09-15T01:51:46Z,2022-09-15T02:37:56Z,0.032060185185185185,CLOSED,0
astral-sh/ruff,146,2022-09-10T20:41:51Z,2022-09-11T14:44:28Z,0.7518171296296297,CLOSED,0
astral-sh/ruff,151,2022-09-11T04:00:39Z,2022-09-11T14:44:07Z,0.44685185185185183,CLOSED,1
astral-sh/ruff,149,2022-09-11T03:20:32Z,2022-09-11T14:28:08Z,0.4636111111111111,CLOSED,1
astral-sh/ruff,142,2022-09-10T18:42:20Z,2022-09-10T19:20:40Z,0.02662037037037037,CLOSED,1
astral-sh/ruff,138,2022-09-10T11:49:40Z,2022-09-10T17:06:06Z,0.21974537037037037,CLOSED,7
astral-sh/ruff,139,2022-09-10T12:13:32Z,2022-09-10T18:51:44Z,0.27652777777777776,CLOSED,4
astral-sh/ruff,132,2022-09-08T15:08:29Z,2022-09-08T15:37:25Z,0.020092592592592592,CLOSED,0
astral-sh/ruff,119,2022-09-07T12:31:02Z,2022-09-08T02:34:44Z,0.5859027777777778,CLOSED,2
astral-sh/ruff,112,2022-09-06T17:19:29Z,2022-09-06T18:19:39Z,0.04178240740740741,CLOSED,0
astral-sh/ruff,103,2022-09-04T20:35:36Z,2022-09-05T17:15:29Z,0.8610300925925926,CLOSED,1
astral-sh/ruff,39,2022-08-28T15:01:43Z,2022-09-05T14:21:25Z,7.972013888888889,CLOSED,2
astral-sh/ruff,84,2022-09-02T09:34:41Z,2022-09-02T13:01:11Z,0.14340277777777777,CLOSED,1
astral-sh/ruff,83,2022-09-02T09:26:19Z,2022-09-02T12:46:40Z,0.13913194444444443,CLOSED,1
astral-sh/ruff,38,2022-08-28T14:47:15Z,2022-08-29T16:31:17Z,1.0722453703703703,CLOSED,0
hhatto/autopep8,762,2024-07-19T05:09:11Z,2025-01-14T14:46:51Z,179.4011574074074,CLOSED,2
hhatto/autopep8,759,2024-07-07T10:16:25Z,,,OPEN,2
hhatto/autopep8,688,2023-07-10T18:50:04Z,2024-05-29T00:08:47Z,323.2213310185185,CLOSED,1
hhatto/autopep8,602,2021-06-03T18:16:24Z,2024-05-28T23:44:54Z,1090.228125,CLOSED,1
hhatto/autopep8,745,2024-05-16T14:07:14Z,2024-05-28T14:47:53Z,12.028229166666666,CLOSED,1
hhatto/autopep8,676,2023-03-01T07:12:35Z,2023-03-03T09:17:56Z,2.0870486111111113,CLOSED,1
hhatto/autopep8,652,2022-10-24T09:00:14Z,2022-10-28T01:57:06Z,3.7061574074074075,CLOSED,3
hhatto/autopep8,515,2020-01-09T17:46:38Z,2020-12-26T13:02:34Z,351.8027314814815,CLOSED,7
hhatto/autopep8,603,2021-07-07T07:40:27Z,2021-10-24T06:46:30Z,108.96253472222222,CLOSED,1
hhatto/autopep8,612,2021-10-06T12:22:12Z,2021-10-21T11:03:51Z,14.945590277777777,CLOSED,2
hhatto/autopep8,600,2021-05-20T17:20:35Z,,,OPEN,0
hhatto/autopep8,448,2018-10-30T09:13:02Z,2021-02-04T06:12:55Z,827.8749189814815,CLOSED,4
hhatto/autopep8,551,2020-06-10T11:55:15Z,2020-06-22T14:04:28Z,12.089733796296295,CLOSED,2
hhatto/autopep8,540,2020-04-21T19:04:48Z,2020-05-03T08:05:12Z,11.541944444444445,CLOSED,1
hhatto/autopep8,364,2017-12-05T08:02:48Z,2020-04-11T13:26:48Z,858.225,CLOSED,2
hhatto/autopep8,518,2020-02-08T03:14:07Z,2020-04-04T04:10:53Z,56.0394212962963,CLOSED,3
hhatto/autopep8,529,2020-03-28T16:20:45Z,2020-04-02T00:40:31Z,4.347060185185185,CLOSED,1
hhatto/autopep8,503,2019-09-15T18:26:13Z,2019-12-16T07:45:07Z,91.55479166666667,CLOSED,2
hhatto/autopep8,411,2018-07-09T17:16:45Z,2018-09-04T02:29:21Z,56.38375,CLOSED,1
hhatto/autopep8,399,2018-04-21T04:08:26Z,2018-08-30T08:07:07Z,131.16575231481482,CLOSED,1
hhatto/autopep8,392,2018-04-10T11:49:38Z,2018-04-10T14:18:54Z,0.1036574074074074,CLOSED,1
hhatto/autopep8,332,2017-06-21T14:06:11Z,2018-03-30T08:24:34Z,281.7627662037037,CLOSED,2
hhatto/autopep8,330,2017-05-31T22:15:05Z,2017-11-06T10:13:10Z,158.49866898148147,CLOSED,1
hhatto/autopep8,323,2017-04-27T12:12:33Z,2017-06-29T09:52:24Z,62.90267361111111,CLOSED,1
hhatto/autopep8,333,2017-06-26T21:22:32Z,2017-06-27T14:11:51Z,0.7009143518518518,CLOSED,1
hhatto/autopep8,306,2017-02-10T02:34:12Z,2017-02-22T13:34:55Z,12.458831018518518,CLOSED,2
hhatto/autopep8,175,2014-10-29T23:56:26Z,,,OPEN,17
hhatto/autopep8,141,2014-06-03T09:34:50Z,2015-03-27T18:39:50Z,297.37847222222223,CLOSED,6
hhatto/autopep8,191,2015-02-09T02:15:18Z,2015-03-27T19:31:51Z,46.71982638888889,CLOSED,0
hhatto/autopep8,170,2014-09-29T03:06:07Z,2014-09-29T14:20:57Z,0.4686342592592593,CLOSED,3
hhatto/autopep8,145,2014-07-01T10:11:05Z,2014-09-13T01:36:56Z,73.64295138888889,CLOSED,1
hhatto/autopep8,139,2014-05-18T10:02:11Z,2014-05-18T13:47:06Z,0.15619212962962964,CLOSED,2
hhatto/autopep8,95,2013-11-05T16:58:28Z,2013-11-06T13:23:21Z,0.8506134259259259,CLOSED,5
hhatto/autopep8,72,2013-04-30T05:54:51Z,2013-05-03T20:14:39Z,3.5970833333333334,CLOSED,4
python/mypy,542,2014-12-21T01:54:20Z,2015-02-21T22:14:44Z,62.8475,CLOSED,0
python/mypy,153,2013-02-20T14:58:34Z,2015-02-21T22:13:18Z,731.3018981481481,CLOSED,3
python/mypy,584,2015-02-20T02:52:51Z,2015-02-21T22:10:57Z,1.8042361111111112,CLOSED,1
python/mypy,533,2014-12-18T16:47:04Z,2015-02-21T22:10:57Z,65.22491898148148,CLOSED,0
python/mypy,572,2015-02-03T05:32:35Z,2015-02-08T23:17:39Z,5.739629629629629,CLOSED,0
python/mypy,532,2014-12-18T16:44:44Z,2015-02-08T23:17:39Z,52.2728587962963,CLOSED,1
python/mypy,301,2014-07-17T23:29:08Z,2015-02-08T22:32:17Z,205.96052083333333,CLOSED,1
python/mypy,574,2015-02-05T00:02:53Z,2015-02-06T04:55:24Z,1.203136574074074,CLOSED,0
python/mypy,298,2014-07-17T00:41:11Z,2015-01-31T22:01:16Z,198.88894675925926,CLOSED,1
python/mypy,518,2014-12-07T20:53:10Z,2014-12-07T22:49:11Z,0.08056712962962963,CLOSED,0
python/mypy,426,2014-09-07T21:35:26Z,2014-11-24T04:28:12Z,77.28664351851852,CLOSED,0
python/mypy,496,2014-11-08T20:11:39Z,2014-11-09T00:05:42Z,0.16253472222222223,CLOSED,0
python/mypy,410,2014-08-25T01:13:32Z,2014-11-08T19:22:19Z,75.75609953703703,CLOSED,4
python/mypy,288,2014-07-14T20:45:54Z,2014-11-02T19:40:29Z,110.95457175925925,CLOSED,2
python/mypy,231,2013-07-14T14:46:21Z,2014-11-02T19:21:45Z,476.19125,CLOSED,2
python/mypy,450,2014-09-13T17:27:31Z,2014-10-25T21:26:54Z,42.166238425925926,CLOSED,0
python/mypy,331,2014-07-25T19:22:17Z,2014-10-25T18:28:26Z,91.96260416666667,CLOSED,1
python/mypy,462,2014-09-22T00:01:00Z,2014-10-25T18:21:29Z,33.76422453703704,CLOSED,0
python/mypy,310,2014-07-21T18:36:43Z,2014-10-20T06:28:44Z,90.49445601851852,CLOSED,3
python/mypy,307,2014-07-19T22:39:49Z,2014-10-12T23:30:06Z,85.03491898148148,CLOSED,1
python/mypy,360,2014-08-03T22:22:28Z,2014-09-15T03:10:37Z,42.20010416666667,CLOSED,1
python/mypy,309,2014-07-19T23:17:07Z,2014-09-15T01:11:13Z,57.07923611111111,CLOSED,4
python/mypy,454,2014-09-14T03:41:47Z,2014-09-14T03:51:36Z,0.00681712962962963,CLOSED,0
python/mypy,413,2014-08-25T02:44:15Z,2014-08-29T05:45:00Z,4.125520833333334,CLOSED,0
python/mypy,411,2014-08-25T01:54:08Z,2014-08-25T02:03:00Z,0.0061574074074074074,CLOSED,0
python/mypy,39,2013-01-14T15:35:21Z,2014-08-25T02:03:00Z,587.4358680555556,CLOSED,4
python/mypy,405,2014-08-19T20:27:37Z,2014-08-25T00:39:28Z,5.174895833333333,CLOSED,1
python/mypy,368,2014-08-11T00:46:35Z,2014-08-19T03:11:47Z,8.100833333333334,CLOSED,2
python/mypy,401,2014-08-18T00:39:31Z,2014-08-18T05:58:49Z,0.2217361111111111,CLOSED,1
python/mypy,369,2014-08-11T00:47:58Z,2014-08-11T00:48:35Z,0.00042824074074074075,CLOSED,0
python/mypy,362,2014-08-03T23:11:30Z,2014-08-03T23:35:37Z,0.016747685185185185,CLOSED,0
python/mypy,361,2014-08-03T22:27:37Z,2014-08-03T23:35:05Z,0.04685185185185185,CLOSED,0
python/mypy,357,2014-08-03T22:16:55Z,2014-08-03T23:35:05Z,0.054282407407407404,CLOSED,0
python/mypy,354,2014-08-03T22:01:58Z,2014-08-03T23:35:05Z,0.06466435185185185,CLOSED,0
python/mypy,312,2014-07-21T19:12:33Z,2014-08-03T23:35:05Z,13.182314814814815,CLOSED,0
python/mypy,332,2014-07-25T19:28:00Z,2014-07-25T23:56:43Z,0.1866087962962963,CLOSED,1
python/mypy,13,2012-12-11T15:56:41Z,2014-07-25T22:19:32Z,591.2658680555555,CLOSED,3
python/mypy,62,2013-01-28T09:18:41Z,2014-07-25T03:41:28Z,542.7658217592592,CLOSED,1
python/mypy,311,2014-07-21T19:12:11Z,2014-07-24T05:02:15Z,2.4097685185185185,CLOSED,1
python/mypy,283,2014-07-13T23:53:24Z,2014-07-24T03:50:35Z,10.164710648148148,CLOSED,1
python/mypy,108,2013-02-05T18:36:30Z,2014-07-23T04:44:10Z,532.4219907407407,CLOSED,0
python/mypy,133,2013-02-12T15:33:25Z,2014-07-23T04:17:55Z,525.5309027777778,CLOSED,1
python/mypy,144,2013-02-18T12:42:28Z,2014-07-23T04:07:16Z,519.6422222222222,CLOSED,0
python/mypy,185,2013-07-04T10:20:58Z,2014-07-19T22:26:01Z,380.50350694444444,CLOSED,1
python/mypy,30,2012-12-18T11:07:34Z,2014-07-14T19:44:59Z,573.3593171296296,CLOSED,2
python/mypy,284,2014-07-14T00:17:14Z,2014-07-14T05:54:08Z,0.23395833333333332,CLOSED,0
python/mypy,158,2013-02-25T18:39:53Z,2014-07-13T23:47:08Z,503.2133680555556,CLOSED,0
python/mypy,160,2013-02-26T10:19:07Z,2014-07-13T23:32:35Z,502.5510185185185,CLOSED,1
python/mypy,267,2013-09-24T13:09:13Z,2013-12-25T02:34:07Z,91.55895833333334,CLOSED,0
python/mypy,130,2013-02-12T11:53:13Z,2013-09-21T17:40:53Z,221.2414351851852,CLOSED,0
python/mypy,162,2013-02-27T17:07:57Z,2013-09-21T17:38:20Z,206.02109953703703,CLOSED,1
python/mypy,257,2013-09-21T12:29:27Z,2013-09-21T12:52:55Z,0.016296296296296295,CLOSED,1
python/mypy,253,2013-07-23T10:23:18Z,2013-07-23T12:07:24Z,0.07229166666666667,CLOSED,0
python/mypy,251,2013-07-19T18:14:44Z,2013-07-19T18:21:38Z,0.004791666666666666,CLOSED,0
python/mypy,250,2013-07-19T18:01:52Z,2013-07-19T18:11:44Z,0.006851851851851852,CLOSED,0
python/mypy,236,2013-07-14T16:51:50Z,2013-07-14T17:30:47Z,0.02704861111111111,CLOSED,0
python/mypy,222,2013-07-14T10:44:48Z,2013-07-14T17:30:46Z,0.2819212962962963,CLOSED,0
python/mypy,205,2013-07-08T16:50:36Z,2013-07-08T17:09:30Z,0.013125,CLOSED,0
python/mypy,192,2013-07-05T09:47:03Z,2013-07-05T09:54:24Z,0.005104166666666667,CLOSED,0
python/mypy,22,2012-12-13T12:37:27Z,2013-06-27T16:57:27Z,196.18055555555554,CLOSED,1
python/mypy,37,2013-01-10T17:34:47Z,2013-06-27T16:56:49Z,167.97363425925926,CLOSED,1
python/mypy,112,2013-02-06T16:17:39Z,2013-06-27T16:55:44Z,141.02644675925927,CLOSED,3
python/mypy,129,2013-02-11T15:32:06Z,2013-06-27T16:55:09Z,136.0576736111111,CLOSED,1
python/mypy,163,2013-02-27T17:30:13Z,2013-02-28T18:22:26Z,1.0362615740740742,CLOSED,0
python/mypy,154,2013-02-22T15:37:44Z,2013-02-22T17:51:55Z,0.09318287037037037,CLOSED,0
python/mypy,141,2013-02-18T11:20:41Z,2013-02-20T17:31:30Z,2.257511574074074,CLOSED,0
python/mypy,152,2013-02-20T13:51:17Z,2013-02-20T17:31:20Z,0.1528125,CLOSED,0
python/mypy,131,2013-02-12T14:57:31Z,2013-02-20T17:31:20Z,8.10681712962963,CLOSED,1
python/mypy,134,2013-02-12T15:38:21Z,2013-02-19T16:47:05Z,7.047731481481481,CLOSED,0
python/mypy,143,2013-02-18T11:45:32Z,2013-02-18T14:08:15Z,0.09910879629629629,CLOSED,0
python/mypy,139,2013-02-18T10:11:08Z,2013-02-18T14:08:15Z,0.16466435185185185,CLOSED,0
python/mypy,119,2013-02-06T18:46:02Z,2013-02-12T11:51:11Z,5.711909722222222,CLOSED,6
python/mypy,57,2013-01-26T21:38:48Z,2013-02-12T08:38:24Z,16.458055555555557,CLOSED,1
python/mypy,27,2012-12-13T14:50:17Z,2013-02-11T14:38:56Z,59.99211805555556,CLOSED,0
python/mypy,40,2013-01-18T11:02:11Z,2013-02-11T14:38:43Z,24.15037037037037,CLOSED,0
python/mypy,50,2013-01-25T11:22:14Z,2013-02-11T10:36:27Z,16.96820601851852,CLOSED,4
python/mypy,124,2013-02-08T16:32:57Z,2013-02-08T17:16:00Z,0.029895833333333333,CLOSED,0
python/mypy,18,2012-12-13T11:28:12Z,2013-02-06T16:39:09Z,55.2159375,CLOSED,1
python/mypy,107,2013-02-05T18:01:25Z,2013-02-05T18:32:52Z,0.021840277777777778,CLOSED,0
python/mypy,104,2013-02-05T13:27:10Z,2013-02-05T14:43:07Z,0.05274305555555556,CLOSED,0
python/mypy,100,2013-02-04T17:31:40Z,2013-02-04T18:09:36Z,0.02634259259259259,CLOSED,0
python/mypy,99,2013-02-04T16:09:05Z,2013-02-04T17:29:40Z,0.05596064814814815,CLOSED,0
python/mypy,81,2013-01-30T13:05:19Z,2013-01-30T13:10:41Z,0.003726851851851852,CLOSED,3
python/mypy,89,2013-01-31T09:55:59Z,2013-02-01T17:23:11Z,1.3105555555555555,CLOSED,0
python/mypy,90,2013-01-31T10:03:27Z,2013-02-01T16:49:32Z,1.2820023148148147,CLOSED,0
python/mypy,94,2013-02-01T12:50:20Z,2013-02-01T16:49:04Z,0.16578703703703704,CLOSED,0
python/mypy,52,2013-01-25T11:29:21Z,2013-01-30T13:24:24Z,5.0798958333333335,CLOSED,0
python/mypy,77,2013-01-29T16:35:05Z,2013-01-30T12:43:29Z,0.8391666666666666,CLOSED,1
python/mypy,69,2013-01-29T09:01:47Z,2013-01-30T10:58:13Z,1.0808564814814814,CLOSED,1
python/mypy,71,2013-01-29T13:16:59Z,2013-01-29T13:45:56Z,0.020104166666666666,CLOSED,0
python/mypy,34,2012-12-20T12:26:18Z,2013-01-28T09:46:53Z,38.88929398148148,CLOSED,0
python/mypy,36,2013-01-10T17:22:44Z,2013-01-22T09:23:11Z,11.666979166666666,CLOSED,2
python/mypy,35,2012-12-21T14:21:52Z,2013-01-14T15:25:38Z,24.044282407407408,CLOSED,2
python/mypy,26,2012-12-13T14:11:40Z,2013-01-10T10:27:05Z,27.84403935185185,CLOSED,0
python/mypy,12,2012-12-11T15:54:27Z,2013-01-10T09:27:31Z,29.731296296296296,CLOSED,0
python/mypy,17,2012-12-13T10:58:34Z,2013-01-10T09:12:32Z,27.926365740740742,CLOSED,0
python/mypy,2,2012-12-08T09:32:06Z,2012-12-14T13:38:56Z,6.171412037037037,CLOSED,1
python/mypy,10,2012-12-11T14:22:14Z,2012-12-11T16:06:24Z,0.07233796296296297,CLOSED,0
python/mypy,9,2012-12-11T14:03:42Z,2012-12-11T14:12:28Z,0.0060879629629629626,CLOSED,0
python/mypy,5,2012-12-08T17:09:01Z,2012-12-11T11:22:55Z,2.7596527777777777,CLOSED,0
PyCQA/isort,784,2018-12-04T08:03:29Z,2019-02-25T03:17:37Z,82.80148148148149,CLOSED,1
PyCQA/isort,737,2018-08-19T03:17:32Z,2019-02-25T03:17:01Z,189.9996412037037,CLOSED,1
PyCQA/isort,627,2018-01-15T13:36:51Z,2019-02-25T03:16:06Z,405.56892361111113,CLOSED,1
PyCQA/isort,787,2018-12-07T18:05:20Z,2019-02-24T20:15:33Z,79.09042824074074,CLOSED,1
PyCQA/isort,792,2018-12-30T10:02:26Z,2019-02-24T20:13:47Z,56.42454861111111,CLOSED,1
PyCQA/isort,586,2017-08-16T04:15:17Z,2019-02-24T19:14:40Z,557.6245717592593,CLOSED,1
PyCQA/isort,596,2017-09-14T16:51:40Z,2019-02-24T19:12:35Z,528.0978587962964,CLOSED,7
PyCQA/isort,555,2017-06-02T15:03:28Z,2019-02-24T19:08:17Z,632.1700115740741,CLOSED,1
PyCQA/isort,576,2017-07-16T08:21:55Z,2019-02-23T22:36:52Z,587.5937152777777,CLOSED,6
PyCQA/isort,493,2017-01-21T11:24:24Z,2017-10-30T07:27:26Z,281.83543981481483,CLOSED,10
PyCQA/isort,394,2016-02-16T15:30:05Z,2016-03-28T11:35:38Z,40.8371875,CLOSED,5
PyCQA/isort,457,2016-08-07T12:33:54Z,2017-05-30T06:42:33Z,295.75600694444444,CLOSED,7
PyCQA/isort,613,2017-11-27T10:54:04Z,2018-01-24T22:03:20Z,58.46476851851852,CLOSED,0
PyCQA/isort,590,2017-08-25T15:18:03Z,2017-08-31T08:23:51Z,5.712361111111111,CLOSED,7
PyCQA/isort,571,2017-06-08T06:31:02Z,2017-06-11T07:24:42Z,3.0372685185185184,CLOSED,1
PyCQA/isort,565,2017-06-05T07:52:33Z,2017-06-06T06:22:31Z,0.9374768518518518,CLOSED,1
PyCQA/isort,557,2017-06-02T20:08:51Z,2017-06-04T05:58:07Z,1.409212962962963,CLOSED,1
PyCQA/isort,559,2017-06-03T15:11:15Z,2017-06-04T02:00:27Z,0.4508333333333333,CLOSED,2
PyCQA/isort,553,2017-06-02T13:28:07Z,2017-06-02T15:53:39Z,0.10106481481481482,CLOSED,2
PyCQA/isort,543,2017-06-01T12:23:21Z,2017-06-01T15:16:06Z,0.11996527777777778,CLOSED,2
PyCQA/isort,549,2017-06-01T19:48:46Z,2017-06-01T19:58:15Z,0.006585648148148148,CLOSED,3
PyCQA/isort,548,2017-06-01T19:47:33Z,2017-06-01T19:57:03Z,0.006597222222222222,CLOSED,2
PyCQA/isort,545,2017-06-01T15:36:56Z,2017-06-01T18:31:00Z,0.12087962962962963,CLOSED,1
PyCQA/isort,546,2017-06-01T16:06:35Z,2017-06-01T18:30:52Z,0.10019675925925926,CLOSED,1
PyCQA/isort,540,2017-06-01T09:58:02Z,2017-06-01T15:19:53Z,0.22350694444444444,CLOSED,17
PyCQA/isort,500,2017-02-20T15:58:20Z,2017-06-01T06:41:33Z,100.61334490740741,CLOSED,2
PyCQA/isort,474,2016-09-30T15:37:46Z,2017-06-01T06:39:24Z,243.62613425925926,CLOSED,3
PyCQA/isort,419,2016-04-08T16:48:48Z,2017-06-01T06:29:49Z,418.57015046296294,CLOSED,4
PyCQA/isort,435,2016-05-12T09:07:08Z,2017-06-01T04:23:56Z,384.80333333333334,CLOSED,1
PyCQA/isort,473,2016-09-27T18:57:37Z,2017-05-31T05:37:16Z,245.4442013888889,CLOSED,1
PyCQA/isort,436,2016-05-18T12:44:32Z,2017-05-31T04:58:21Z,377.6762615740741,CLOSED,1
PyCQA/isort,472,2016-09-20T01:43:47Z,2017-05-30T05:29:58Z,252.15707175925925,CLOSED,1
PyCQA/isort,484,2016-11-30T15:45:26Z,2017-05-30T05:28:36Z,180.57164351851853,CLOSED,2
PyCQA/isort,471,2016-09-13T16:44:57Z,2017-05-28T19:08:02Z,257.0993634259259,CLOSED,2
PyCQA/isort,481,2016-11-14T15:55:10Z,2017-05-28T18:01:04Z,195.08743055555556,CLOSED,1
PyCQA/isort,351,2015-10-10T20:22:24Z,2017-05-26T07:07:26Z,593.4479398148148,CLOSED,4
PyCQA/isort,513,2017-05-19T15:00:07Z,2017-05-21T06:42:44Z,1.6545949074074073,CLOSED,2
PyCQA/isort,439,2016-06-01T17:47:26Z,2017-05-23T06:53:47Z,355.5460763888889,CLOSED,1
PyCQA/isort,505,2017-04-21T10:10:34Z,2017-05-23T06:48:00Z,31.859328703703703,CLOSED,2
PyCQA/isort,491,2017-01-08T18:15:30Z,2017-05-23T06:47:52Z,134.52247685185185,CLOSED,1
PyCQA/isort,496,2017-02-09T09:40:17Z,2017-05-23T05:38:16Z,102.83193287037037,CLOSED,2
PyCQA/isort,440,2016-06-07T18:35:34Z,2017-05-22T04:41:34Z,348.42083333333335,CLOSED,1
PyCQA/isort,511,2017-05-18T12:26:12Z,2017-05-22T03:52:29Z,3.6432523148148146,CLOSED,1
PyCQA/isort,432,2016-04-29T14:34:34Z,2017-05-21T01:20:35Z,386.44862268518517,CLOSED,2
PyCQA/isort,299,2015-08-10T19:29:54Z,2017-05-15T06:45:10Z,643.4689351851852,CLOSED,2
PyCQA/isort,462,2016-08-24T15:32:07Z,2017-05-11T05:14:35Z,259.5711574074074,CLOSED,1
PyCQA/isort,445,2016-07-12T14:18:46Z,2017-05-11T05:13:18Z,302.6212037037037,CLOSED,3
PyCQA/isort,458,2016-08-10T14:37:12Z,2017-05-11T05:06:32Z,273.60370370370373,CLOSED,1
PyCQA/isort,297,2015-08-10T18:27:23Z,2016-03-28T09:16:14Z,230.61725694444445,CLOSED,5
PyCQA/isort,425,2016-04-15T23:32:23Z,2016-04-21T03:07:08Z,5.149131944444444,CLOSED,1
PyCQA/isort,365,2015-12-02T04:02:27Z,2016-04-01T08:25:05Z,121.18238425925927,CLOSED,4
PyCQA/isort,414,2016-03-30T10:38:41Z,2016-03-30T11:10:45Z,0.022268518518518517,CLOSED,5
PyCQA/isort,409,2016-03-28T15:24:48Z,2016-03-29T15:47:48Z,1.0159722222222223,CLOSED,13
PyCQA/isort,411,2016-03-29T05:05:34Z,2016-03-29T15:48:24Z,0.446412037037037,CLOSED,2
PyCQA/isort,375,2015-12-12T00:31:29Z,2016-03-28T12:09:34Z,107.48478009259259,CLOSED,2
PyCQA/isort,366,2015-12-04T02:38:10Z,2016-03-28T11:52:34Z,115.385,CLOSED,2
PyCQA/isort,359,2015-10-27T09:37:55Z,2016-03-28T11:33:51Z,153.08050925925926,CLOSED,3
PyCQA/isort,357,2015-10-21T00:05:40Z,2016-03-28T11:26:23Z,159.4727199074074,CLOSED,2
PyCQA/isort,401,2016-03-24T22:05:59Z,2016-03-28T11:00:49Z,3.538078703703704,CLOSED,3
PyCQA/isort,227,2015-01-29T10:17:42Z,2016-03-28T03:01:33Z,423.69711805555556,CLOSED,10
PyCQA/isort,391,2016-02-08T12:07:27Z,2016-03-28T10:59:08Z,48.95255787037037,CLOSED,2
PyCQA/isort,358,2015-10-23T20:20:20Z,2016-03-28T10:50:08Z,156.6040277777778,CLOSED,2
PyCQA/isort,350,2015-10-07T11:25:12Z,2016-03-28T09:36:53Z,172.92478009259258,CLOSED,3
PyCQA/isort,349,2015-09-29T12:29:29Z,2016-03-28T09:22:16Z,180.86998842592592,CLOSED,3
PyCQA/isort,379,2015-12-16T20:35:49Z,2016-03-27T04:52:57Z,101.34523148148148,CLOSED,13
PyCQA/isort,382,2016-01-06T22:35:04Z,2016-03-27T04:47:14Z,80.25844907407408,CLOSED,1
PyCQA/isort,337,2015-09-17T23:28:57Z,2015-09-19T08:42:32Z,1.3844328703703703,CLOSED,4
PyCQA/isort,342,2015-09-20T18:26:22Z,2015-09-20T18:33:20Z,0.004837962962962963,CLOSED,2
PyCQA/isort,328,2015-09-04T10:25:04Z,2015-09-19T08:42:48Z,14.92898148148148,CLOSED,1
PyCQA/isort,316,2015-08-30T22:49:28Z,2015-09-01T04:12:36Z,1.224398148148148,CLOSED,3
PyCQA/isort,298,2015-08-10T18:37:18Z,2015-08-30T21:22:50Z,20.114953703703705,CLOSED,3
PyCQA/isort,260,2015-03-01T19:23:41Z,2015-08-30T21:24:20Z,182.08378472222222,CLOSED,4
PyCQA/isort,284,2015-06-27T14:28:51Z,2015-08-30T21:24:02Z,64.28832175925926,CLOSED,2
PyCQA/isort,289,2015-07-13T23:29:19Z,2015-08-30T21:23:42Z,47.912766203703704,CLOSED,9
PyCQA/isort,304,2015-08-18T15:12:07Z,2015-08-30T21:22:14Z,12.257025462962963,CLOSED,2
PyCQA/isort,312,2015-08-27T13:06:03Z,2015-08-30T01:53:40Z,2.5330671296296297,CLOSED,1
PyCQA/isort,254,2015-02-13T17:43:24Z,2015-07-13T08:07:18Z,149.59993055555555,CLOSED,5
PyCQA/isort,28,2013-09-14T06:02:55Z,2013-09-15T03:00:25Z,0.8732638888888888,CLOSED,4
PyCQA/isort,157,2014-05-13T08:35:47Z,2014-05-15T02:46:45Z,1.7576157407407407,CLOSED,3
PyCQA/isort,203,2014-12-19T17:34:13Z,2014-12-22T02:41:08Z,2.3798032407407406,CLOSED,2
PyCQA/isort,176,2014-08-26T01:39:04Z,2014-12-19T03:50:07Z,115.09100694444444,CLOSED,4
PyCQA/isort,181,2014-09-19T13:06:46Z,2014-12-19T03:49:54Z,90.61328703703704,CLOSED,3
PyCQA/isort,168,2014-06-29T18:47:12Z,2014-07-21T21:34:35Z,22.116238425925925,CLOSED,1
PyCQA/isort,164,2014-06-09T23:50:13Z,2014-06-11T00:52:37Z,1.0433333333333332,CLOSED,4
PyCQA/isort,154,2014-04-30T21:44:17Z,2014-05-01T00:01:12Z,0.09508101851851852,CLOSED,1
PyCQA/isort,137,2014-03-27T11:09:31Z,2014-04-17T05:28:40Z,20.76329861111111,CLOSED,5
PyCQA/isort,120,2014-02-14T12:42:07Z,2014-02-18T03:37:30Z,3.6217939814814817,CLOSED,2
PyCQA/isort,105,2014-01-30T17:31:34Z,2014-01-31T04:49:20Z,0.4706712962962963,CLOSED,5
PyCQA/isort,75,2013-11-06T14:33:38Z,2013-11-14T04:02:38Z,7.561805555555556,CLOSED,15
PyCQA/isort,98,2014-01-07T00:12:03Z,2014-01-08T02:49:26Z,1.1092939814814815,CLOSED,4
PyCQA/isort,94,2014-01-04T13:12:33Z,2014-01-04T18:06:52Z,0.20438657407407407,CLOSED,2
PyCQA/isort,85,2013-12-08T21:24:40Z,2013-12-08T23:03:15Z,0.06846064814814815,CLOSED,4
PyCQA/isort,67,2013-11-01T23:43:48Z,2013-11-04T02:54:20Z,2.1323148148148148,CLOSED,2
PyCQA/isort,66,2013-10-30T08:36:42Z,2013-11-03T17:18:04Z,4.362060185185185,CLOSED,1
PyCQA/isort,56,2013-10-20T21:45:40Z,2013-10-26T19:15:00Z,5.895370370370371,CLOSED,1
PyCQA/isort,49,2013-10-17T13:51:05Z,2013-10-20T21:11:03Z,3.3055324074074073,CLOSED,6
PyCQA/isort,41,2013-10-12T16:51:25Z,2013-10-16T02:46:16Z,3.4130902777777776,CLOSED,2
PyCQA/isort,42,2013-10-12T16:56:43Z,2013-10-16T02:45:34Z,3.408923611111111,CLOSED,2
PyCQA/isort,22,2013-09-13T05:19:56Z,2013-09-14T02:39:16Z,0.888425925925926,CLOSED,3
PyCQA/isort,15,2013-09-08T08:11:44Z,2013-09-08T16:27:19Z,0.3441550925925926,CLOSED,2
pre-commit/pre-commit,1358,2020-03-10T10:40:15Z,2020-03-10T16:45:33Z,0.2536805555555556,CLOSED,5
pre-commit/pre-commit,1350,2020-03-02T21:15:18Z,2020-03-12T18:15:41Z,9.875266203703704,CLOSED,2
pre-commit/pre-commit,25,2014-03-13T21:20:29Z,2014-03-17T02:26:11Z,3.2122916666666668,CLOSED,3
pre-commit/pre-commit,1253,2019-12-25T19:59:35Z,2019-12-26T18:22:20Z,0.9324652777777778,CLOSED,3
pre-commit/pre-commit,1192,2019-10-28T12:55:39Z,2019-10-28T22:14:21Z,0.3879861111111111,CLOSED,5
pre-commit/pre-commit,1042,2019-05-22T11:58:29Z,2019-05-22T19:32:55Z,0.3155787037037037,CLOSED,14
pre-commit/pre-commit,1123,2019-08-27T17:19:30Z,2019-08-27T17:37:22Z,0.012407407407407407,CLOSED,2
pre-commit/pre-commit,1112,2019-08-08T10:45:04Z,2019-08-11T21:05:12Z,3.430648148148148,CLOSED,4
pre-commit/pre-commit,1096,2019-07-23T14:56:16Z,2019-08-03T20:55:02Z,11.249143518518519,CLOSED,0
pre-commit/pre-commit,1076,2019-07-08T04:59:21Z,2019-07-20T22:21:28Z,12.72369212962963,CLOSED,1
pre-commit/pre-commit,1026,2019-05-10T18:02:14Z,2019-05-13T20:17:49Z,3.0941550925925925,CLOSED,2
pre-commit/pre-commit,1021,2019-05-07T00:41:53Z,2019-05-07T23:23:15Z,0.9453935185185185,CLOSED,6
pre-commit/pre-commit,1010,2019-04-26T04:53:31Z,2019-04-27T23:01:32Z,1.7555671296296296,CLOSED,2
pre-commit/pre-commit,856,2018-10-29T18:27:09Z,2018-11-15T01:30:39Z,16.294097222222224,CLOSED,6
pre-commit/pre-commit,997,2019-04-16T16:45:13Z,2019-04-16T18:30:58Z,0.0734375,CLOSED,2
pre-commit/pre-commit,953,2019-02-23T23:23:04Z,2019-03-19T20:09:29Z,23.86556712962963,CLOSED,0
pre-commit/pre-commit,929,2019-01-31T01:36:56Z,2019-02-02T01:31:39Z,1.9963310185185186,CLOSED,6
pre-commit/pre-commit,881,2018-12-13T01:22:27Z,2019-01-08T18:36:01Z,26.71775462962963,CLOSED,6
pre-commit/pre-commit,843,2018-10-11T02:36:51Z,2018-10-11T03:41:46Z,0.04508101851851852,CLOSED,8
pre-commit/pre-commit,831,2018-09-22T15:29:14Z,2018-09-22T18:59:57Z,0.1463310185185185,CLOSED,7
pre-commit/pre-commit,772,2018-06-30T04:10:27Z,2018-07-20T04:13:24Z,20.00204861111111,CLOSED,0
pre-commit/pre-commit,782,2018-07-04T19:23:45Z,2018-07-04T22:51:49Z,0.14449074074074075,CLOSED,6
pre-commit/pre-commit,777,2018-07-02T15:01:54Z,2018-07-02T17:50:15Z,0.11690972222222222,CLOSED,5
pre-commit/pre-commit,755,2018-05-28T18:22:27Z,2018-05-28T23:58:26Z,0.23332175925925927,CLOSED,4
pre-commit/pre-commit,723,2018-03-12T19:30:54Z,2018-03-12T21:55:21Z,0.1003125,CLOSED,8
pre-commit/pre-commit,679,2018-01-09T17:07:18Z,2018-01-09T18:23:38Z,0.053009259259259256,CLOSED,0
pre-commit/pre-commit,660,2017-11-08T23:23:29Z,2017-11-09T02:43:09Z,0.1386574074074074,CLOSED,2
pre-commit/pre-commit,625,2017-09-21T14:07:51Z,2017-09-21T18:38:06Z,0.1876736111111111,CLOSED,5
pre-commit/pre-commit,623,2017-09-20T07:16:52Z,2017-09-20T12:43:38Z,0.2269212962962963,CLOSED,4
pre-commit/pre-commit,620,2017-09-17T21:55:02Z,2017-09-17T22:16:11Z,0.0146875,CLOSED,7
pre-commit/pre-commit,621,2017-09-17T22:15:31Z,2017-09-18T00:03:29Z,0.07497685185185185,CLOSED,1
pre-commit/pre-commit,455,2016-12-19T12:39:43Z,2017-08-04T16:01:19Z,228.14,CLOSED,8
pre-commit/pre-commit,603,2017-09-05T07:50:56Z,2017-09-05T15:38:47Z,0.32489583333333333,CLOSED,7
pre-commit/pre-commit,363,2016-04-13T22:00:39Z,2017-08-24T04:38:04Z,497.2759837962963,CLOSED,2
pre-commit/pre-commit,570,2017-07-31T07:00:54Z,2017-08-01T19:57:56Z,1.5396064814814814,CLOSED,19
pre-commit/pre-commit,191,2015-02-04T23:25:32Z,2017-07-03T03:09:12Z,879.1553240740741,CLOSED,3
pre-commit/pre-commit,545,2017-06-09T10:05:38Z,2017-06-09T20:01:44Z,0.4139583333333333,CLOSED,4
pre-commit/pre-commit,533,2017-05-08T14:56:04Z,2017-05-31T02:26:47Z,22.479664351851852,CLOSED,0
pre-commit/pre-commit,536,2017-05-10T17:47:35Z,2017-05-10T22:06:20Z,0.1796875,CLOSED,1
pre-commit/pre-commit,502,2017-03-03T22:26:24Z,2017-03-09T00:21:06Z,5.079652777777778,CLOSED,4
pre-commit/pre-commit,103,2014-06-05T05:08:03Z,2017-02-25T17:53:43Z,996.531712962963,CLOSED,2
pre-commit/pre-commit,491,2017-02-16T18:53:30Z,2017-02-16T21:50:11Z,0.12269675925925926,CLOSED,0
pre-commit/pre-commit,477,2017-01-27T22:20:05Z,2017-01-27T22:27:25Z,0.005092592592592593,CLOSED,0
pre-commit/pre-commit,471,2017-01-24T04:12:24Z,2017-01-24T14:22:44Z,0.4238425925925926,CLOSED,3
pre-commit/pre-commit,447,2016-12-04T16:36:25Z,2016-12-05T16:04:56Z,0.9781365740740741,CLOSED,7
pre-commit/pre-commit,437,2016-11-26T23:10:32Z,2016-11-26T23:30:13Z,0.013668981481481482,CLOSED,0
pre-commit/pre-commit,418,2016-10-20T23:44:47Z,2016-11-08T00:31:18Z,18.03230324074074,CLOSED,19
pre-commit/pre-commit,425,2016-11-05T18:22:22Z,2016-11-07T19:58:23Z,2.0666782407407407,CLOSED,2
pre-commit/pre-commit,419,2016-10-23T02:34:34Z,2016-10-24T00:00:25Z,0.8929513888888889,CLOSED,9
pre-commit/pre-commit,397,2016-08-16T12:14:59Z,2016-08-18T15:29:16Z,2.1349189814814813,CLOSED,3
pre-commit/pre-commit,379,2016-06-13T09:36:24Z,2016-06-27T10:35:04Z,14.040740740740741,CLOSED,12
pre-commit/pre-commit,374,2016-05-24T23:29:01Z,2016-05-25T16:32:03Z,0.7104398148148148,CLOSED,0
pre-commit/pre-commit,371,2016-05-20T19:58:18Z,2016-05-20T22:03:53Z,0.08721064814814815,CLOSED,0
pre-commit/pre-commit,369,2016-05-16T20:47:25Z,2016-05-17T16:15:52Z,0.8114236111111112,CLOSED,8
pre-commit/pre-commit,360,2016-04-02T10:52:38Z,2016-04-11T21:04:15Z,9.424733796296296,CLOSED,5
pre-commit/pre-commit,357,2016-03-22T04:22:47Z,2016-04-03T22:36:27Z,12.759490740740741,CLOSED,1
pre-commit/pre-commit,353,2016-03-20T02:37:52Z,2016-03-20T03:25:24Z,0.03300925925925926,CLOSED,1
pre-commit/pre-commit,334,2016-01-20T02:01:47Z,2016-01-20T02:34:20Z,0.022604166666666668,CLOSED,1
pre-commit/pre-commit,299,2015-11-24T00:25:01Z,2016-01-20T02:34:20Z,57.08980324074074,CLOSED,0
pre-commit/pre-commit,330,2016-01-12T10:58:20Z,2016-01-13T00:06:32Z,0.5473611111111111,CLOSED,6
pre-commit/pre-commit,213,2015-03-23T09:23:08Z,2015-12-19T06:45:16Z,270.89037037037036,CLOSED,7
pre-commit/pre-commit,282,2015-11-02T21:44:14Z,2015-12-13T23:03:27Z,41.05501157407407,CLOSED,14
pre-commit/pre-commit,314,2015-12-07T00:39:20Z,2015-12-07T03:55:42Z,0.13636574074074073,CLOSED,7
pre-commit/pre-commit,309,2015-12-01T15:47:54Z,2015-12-01T22:16:53Z,0.27012731481481483,CLOSED,1
pre-commit/pre-commit,274,2015-10-05T14:57:56Z,2015-11-26T07:39:57Z,51.695844907407405,CLOSED,0
pre-commit/pre-commit,273,2015-10-05T04:04:13Z,2015-11-24T20:42:20Z,50.693136574074074,CLOSED,0
pre-commit/pre-commit,294,2015-11-18T18:27:27Z,2015-11-24T07:10:53Z,5.530162037037037,CLOSED,1
pre-commit/pre-commit,300,2015-11-24T00:27:11Z,2015-11-24T00:40:59Z,0.009583333333333333,CLOSED,1
pre-commit/pre-commit,232,2015-05-19T16:34:22Z,2015-11-12T22:24:18Z,177.24300925925925,CLOSED,2
pre-commit/pre-commit,278,2015-10-14T16:32:08Z,2015-10-14T17:24:45Z,0.03653935185185185,CLOSED,2
pre-commit/pre-commit,269,2015-10-01T00:47:47Z,2015-10-01T18:16:58Z,0.7285995370370371,CLOSED,0
pre-commit/pre-commit,133,2014-06-24T15:26:28Z,2015-09-03T15:09:52Z,435.98847222222224,CLOSED,1
pre-commit/pre-commit,245,2015-07-18T13:50:49Z,2015-07-24T13:38:49Z,5.991666666666666,CLOSED,5
pre-commit/pre-commit,246,2015-07-20T20:27:19Z,2015-07-23T19:59:06Z,2.9804050925925925,CLOSED,1
pre-commit/pre-commit,238,2015-06-02T18:17:22Z,2015-06-02T22:46:00Z,0.18655092592592593,CLOSED,3
pre-commit/pre-commit,234,2015-05-24T02:54:53Z,2015-05-24T03:33:30Z,0.026817129629629628,CLOSED,0
pre-commit/pre-commit,207,2015-03-03T20:50:33Z,2015-05-23T17:52:35Z,80.87641203703704,CLOSED,4
pre-commit/pre-commit,227,2015-05-10T21:07:53Z,2015-05-18T22:14:29Z,8.04625,CLOSED,2
pre-commit/pre-commit,217,2015-04-03T20:44:52Z,2015-04-23T22:18:55Z,20.0653125,CLOSED,16
pre-commit/pre-commit,205,2015-02-27T21:49:00Z,2015-02-27T23:53:38Z,0.08655092592592592,CLOSED,10
pre-commit/pre-commit,165,2014-09-03T22:28:31Z,2014-09-04T17:00:55Z,0.7725,CLOSED,1
pre-commit/pre-commit,161,2014-09-02T18:17:55Z,2014-09-02T23:25:34Z,0.21364583333333334,CLOSED,1
pre-commit/pre-commit,140,2014-07-08T17:13:27Z,2014-07-22T13:59:46Z,13.865497685185185,CLOSED,1
pre-commit/pre-commit,141,2014-07-17T23:43:09Z,2014-07-17T23:51:45Z,0.0059722222222222225,CLOSED,1
pre-commit/pre-commit,138,2014-07-07T19:05:09Z,2014-07-08T17:11:47Z,0.9212731481481482,CLOSED,1
pre-commit/pre-commit,129,2014-06-20T16:46:03Z,2014-06-21T19:13:11Z,1.1021759259259258,CLOSED,1
pre-commit/pre-commit,125,2014-06-18T02:58:21Z,2014-06-18T14:25:22Z,0.4770949074074074,CLOSED,1
pre-commit/pre-commit,123,2014-06-17T18:22:17Z,2014-06-18T02:57:41Z,0.35791666666666666,CLOSED,2
pre-commit/pre-commit,112,2014-06-12T21:14:17Z,2014-06-13T15:07:15Z,0.7451157407407407,CLOSED,3
pre-commit/pre-commit,109,2014-06-11T19:51:10Z,2014-06-12T01:19:57Z,0.22832175925925927,CLOSED,1
pre-commit/pre-commit,102,2014-06-05T03:50:14Z,2014-06-05T04:23:01Z,0.022766203703703705,CLOSED,3
pre-commit/pre-commit,95,2014-05-14T19:48:17Z,2014-05-18T21:30:06Z,4.070706018518519,CLOSED,0
pre-commit/pre-commit,90,2014-04-20T04:16:31Z,2014-05-03T00:34:40Z,12.8459375,CLOSED,3
pre-commit/pre-commit,85,2014-04-18T20:34:25Z,2014-04-18T21:27:19Z,0.03673611111111111,CLOSED,0
pre-commit/pre-commit,82,2014-04-14T06:09:15Z,2014-04-14T06:57:46Z,0.03369212962962963,CLOSED,0
pre-commit/pre-commit,76,2014-04-13T06:25:09Z,2014-04-14T04:27:42Z,0.9184375,CLOSED,0
pre-commit/pre-commit,66,2014-04-07T23:47:54Z,2014-04-08T00:08:56Z,0.01460648148148148,CLOSED,0
pre-commit/pre-commit,58,2014-04-04T04:42:22Z,2014-04-04T05:57:31Z,0.0521875,CLOSED,1
pre-commit/pre-commit,34,2014-03-20T00:23:10Z,2014-03-22T23:59:35Z,2.983622685185185,CLOSED,0
pre-commit/pre-commit,32,2014-03-19T04:26:59Z,2014-03-19T04:42:18Z,0.010636574074074074,CLOSED,0
PyCQA/bandit,488,2019-05-09T07:54:11Z,2019-05-26T23:33:58Z,17.652627314814815,CLOSED,25
PyCQA/bandit,367,2018-08-14T21:25:28Z,2022-03-26T13:33:02Z,1319.6719212962962,CLOSED,1
PyCQA/bandit,675,2020-12-18T09:04:19Z,2022-03-29T01:19:14Z,465.67702546296294,CLOSED,1
PyCQA/bandit,402,2018-10-11T10:06:30Z,2022-03-29T18:55:08Z,1265.3671064814814,CLOSED,5
PyCQA/bandit,176,2018-04-27T16:43:09Z,2022-03-26T03:11:39Z,1428.4364583333333,CLOSED,2
PyCQA/bandit,857,2022-03-18T04:43:15Z,2022-03-19T00:49:12Z,0.8374652777777778,CLOSED,0
PyCQA/bandit,837,2022-02-28T20:25:25Z,2022-02-28T22:44:41Z,0.09671296296296296,CLOSED,2
PyCQA/bandit,844,2022-03-03T06:44:06Z,2022-03-04T01:25:05Z,0.7784606481481482,CLOSED,2
PyCQA/bandit,843,2022-03-03T02:04:37Z,,,OPEN,1
PyCQA/bandit,842,2022-03-02T20:06:31Z,,,OPEN,0
PyCQA/bandit,841,2022-03-02T10:19:55Z,2022-03-02T15:26:31Z,0.21291666666666667,CLOSED,3
PyCQA/bandit,838,2022-02-28T20:31:55Z,2022-02-28T20:38:12Z,0.004363425925925926,CLOSED,1
PyCQA/bandit,836,2022-02-28T18:39:24Z,,,OPEN,0
PyCQA/bandit,832,2022-02-28T04:07:24Z,2022-02-28T11:06:01Z,0.2907060185185185,CLOSED,0
PyCQA/bandit,835,2022-02-28T07:39:37Z,2022-02-28T07:51:00Z,0.007905092592592592,CLOSED,2
PyCQA/bandit,462,2019-03-06T14:40:37Z,2022-02-26T20:56:26Z,1088.2609837962964,CLOSED,1
PyCQA/bandit,297,2018-05-08T16:39:50Z,2022-02-04T17:53:15Z,1368.0509837962964,CLOSED,5
PyCQA/bandit,495,2019-05-15T00:48:03Z,2022-02-18T03:42:05Z,1010.1208564814815,CLOSED,9
PyCQA/bandit,156,2018-04-27T16:42:57Z,,,OPEN,1
PyCQA/bandit,444,2019-01-10T21:30:20Z,2022-02-12T03:50:07Z,1128.263738425926,CLOSED,6
PyCQA/bandit,694,2021-02-23T16:14:31Z,2022-02-12T03:04:39Z,353.4514814814815,CLOSED,1
PyCQA/bandit,734,2021-09-06T03:11:44Z,2022-02-12T02:45:50Z,158.9820138888889,CLOSED,1
PyCQA/bandit,800,2022-02-06T19:25:13Z,2022-02-07T07:05:18Z,0.48616898148148147,CLOSED,0
PyCQA/bandit,790,2022-02-03T06:04:09Z,2022-02-04T13:23:31Z,1.3051157407407408,CLOSED,0
PyCQA/bandit,762,2021-11-26T14:52:33Z,2022-02-04T08:32:57Z,69.73638888888888,CLOSED,3
PyCQA/bandit,782,2022-01-28T04:23:06Z,2022-01-29T17:06:57Z,1.5304513888888889,CLOSED,1
PyCQA/bandit,776,2022-01-22T01:01:03Z,2022-01-25T04:24:57Z,3.1415972222222224,CLOSED,1
PyCQA/bandit,768,2022-01-04T10:16:17Z,2022-01-06T22:17:53Z,2.5011111111111113,CLOSED,4
PyCQA/bandit,623,2020-06-24T07:34:02Z,,,OPEN,5
PyCQA/bandit,763,2021-12-08T19:41:14Z,2021-12-08T19:47:42Z,0.0044907407407407405,CLOSED,0
PyCQA/bandit,528,2019-08-14T15:18:21Z,,,OPEN,2
PyCQA/bandit,332,2018-07-07T14:24:38Z,,,OPEN,4
PyCQA/bandit,531,2019-08-20T17:28:32Z,,,OPEN,4
PyCQA/bandit,753,2021-11-12T16:28:16Z,,,OPEN,0
PyCQA/bandit,747,2021-10-26T13:49:32Z,,,OPEN,0
PyCQA/bandit,744,2021-10-23T23:54:15Z,2021-10-24T18:09:16Z,0.7604282407407408,CLOSED,0
PyCQA/bandit,727,2021-08-07T13:01:57Z,,,OPEN,6
PyCQA/bandit,730,2021-08-29T08:14:54Z,,,OPEN,2
PyCQA/bandit,726,2021-08-03T19:19:55Z,2021-08-03T22:36:44Z,0.13667824074074075,CLOSED,1
PyCQA/bandit,721,2021-07-01T16:11:19Z,2021-07-01T16:21:12Z,0.006863425925925926,CLOSED,0
PyCQA/bandit,592,2020-03-25T14:53:22Z,,,OPEN,1
PyCQA/bandit,639,2020-09-07T23:28:48Z,2021-02-11T16:15:31Z,156.6991087962963,CLOSED,3
PyCQA/bandit,672,2020-12-17T07:32:46Z,2020-12-27T05:15:36Z,9.904745370370371,CLOSED,2
PyCQA/bandit,668,2020-12-14T09:49:43Z,2020-12-21T03:38:34Z,6.742256944444445,CLOSED,2
PyCQA/bandit,666,2020-12-13T13:20:21Z,2020-12-17T05:38:53Z,3.679537037037037,CLOSED,4
PyCQA/bandit,663,2020-12-09T13:44:13Z,2020-12-13T04:18:02Z,3.6068171296296296,CLOSED,5
PyCQA/bandit,596,2020-03-31T12:11:39Z,2020-12-09T08:07:02Z,252.8301273148148,CLOSED,4
PyCQA/bandit,654,2020-12-06T23:25:16Z,2020-12-07T08:55:45Z,0.3961689814814815,CLOSED,0
PyCQA/bandit,664,2020-12-11T12:08:20Z,,,OPEN,0
PyCQA/bandit,644,2020-10-15T22:16:47Z,2020-11-19T17:54:56Z,34.81815972222222,CLOSED,1
PyCQA/bandit,636,2020-08-26T22:06:54Z,2020-11-25T09:31:21Z,90.4753125,CLOSED,3
PyCQA/bandit,580,2020-02-27T22:59:01Z,2020-03-10T09:18:48Z,11.430405092592592,CLOSED,0
PyCQA/bandit,642,2020-10-06T20:18:58Z,,,OPEN,0
PyCQA/bandit,498,2019-05-19T16:37:30Z,2020-11-10T04:02:06Z,540.4754166666667,CLOSED,0
PyCQA/bandit,515,2019-07-16T04:49:36Z,,,OPEN,1
PyCQA/bandit,607,2020-04-29T03:58:30Z,,,OPEN,0
PyCQA/bandit,605,2020-04-27T08:13:24Z,,,OPEN,0
PyCQA/bandit,574,2020-02-19T19:52:46Z,2020-04-17T04:41:36Z,57.36724537037037,CLOSED,5
PyCQA/bandit,587,2020-03-10T01:11:54Z,2020-03-19T04:30:52Z,9.138171296296296,CLOSED,2
PyCQA/bandit,576,2020-02-27T13:21:20Z,2020-03-07T18:21:45Z,9.208622685185185,CLOSED,0
PyCQA/bandit,575,2020-02-20T14:38:43Z,,,OPEN,1
PyCQA/bandit,486,2019-04-23T14:57:18Z,2020-01-04T23:00:27Z,256.3355208333333,CLOSED,1
PyCQA/bandit,494,2019-05-14T00:18:56Z,2019-07-01T16:54:17Z,48.69121527777778,CLOSED,5
PyCQA/bandit,526,2019-08-11T21:40:42Z,2019-10-12T20:54:20Z,61.96780092592593,CLOSED,4
PyCQA/bandit,560,2020-01-07T18:45:39Z,2020-01-09T16:00:10Z,1.8850810185185185,CLOSED,0
PyCQA/bandit,484,2019-04-17T23:26:35Z,,,OPEN,1
PyCQA/bandit,373,2018-08-17T08:15:52Z,,,OPEN,5
PyCQA/bandit,551,2019-11-24T07:22:36Z,,,OPEN,0
PyCQA/bandit,490,2019-05-13T13:40:28Z,2019-06-22T17:31:31Z,40.16045138888889,CLOSED,11
PyCQA/bandit,504,2019-06-09T11:19:07Z,2019-09-23T23:54:08Z,106.52431712962964,CLOSED,1
PyCQA/bandit,497,2019-05-18T04:19:33Z,2019-09-22T23:12:47Z,127.78696759259259,CLOSED,2
PyCQA/bandit,527,2019-08-12T20:08:01Z,2019-09-22T23:06:31Z,41.123958333333334,CLOSED,2
PyCQA/bandit,525,2019-08-07T19:01:11Z,2019-08-18T22:17:05Z,11.136041666666667,CLOSED,1
PyCQA/bandit,514,2019-07-11T17:26:56Z,,,OPEN,0
PyCQA/bandit,512,2019-07-04T07:53:10Z,,,OPEN,1
PyCQA/bandit,506,2019-06-24T23:13:22Z,2019-07-07T04:19:12Z,12.21238425925926,CLOSED,1
PyCQA/bandit,487,2019-05-06T02:38:36Z,2019-05-14T17:18:13Z,8.610844907407408,CLOSED,9
PyCQA/bandit,459,2019-02-28T23:13:04Z,,,OPEN,1
PyCQA/bandit,306,2018-05-14T16:11:41Z,,,OPEN,1
PyCQA/bandit,466,2019-03-20T18:39:26Z,,,OPEN,0
PyCQA/bandit,452,2019-02-09T17:14:32Z,,,OPEN,0
PyCQA/bandit,275,2018-04-27T16:47:22Z,,,OPEN,0
PyCQA/bandit,375,2018-08-24T21:24:21Z,2019-05-09T07:54:50Z,257.43783564814817,CLOSED,2
PyCQA/bandit,394,2018-10-01T16:37:30Z,2019-05-09T07:43:57Z,219.62947916666667,CLOSED,2
PyCQA/bandit,326,2018-06-26T05:35:34Z,2019-05-09T07:30:19Z,317.0796875,CLOSED,3
PyCQA/bandit,428,2018-11-16T13:04:34Z,2019-01-25T09:24:43Z,69.84732638888889,CLOSED,2
PyCQA/bandit,427,2018-11-15T19:18:40Z,2018-12-02T05:49:22Z,16.437986111111112,CLOSED,2
PyCQA/bandit,383,2018-09-12T04:51:37Z,2018-12-19T19:36:39Z,98.61460648148149,CLOSED,1
PyCQA/bandit,406,2018-10-19T23:40:52Z,2018-11-27T23:57:19Z,39.01142361111111,CLOSED,1
PyCQA/bandit,407,2018-10-21T14:25:15Z,2018-10-30T16:07:10Z,9.070775462962963,CLOSED,0
PyCQA/bandit,124,2018-04-27T16:41:37Z,2018-10-01T16:33:45Z,156.99453703703705,CLOSED,3
PyCQA/bandit,371,2018-08-16T22:21:03Z,2018-09-10T22:46:01Z,25.017337962962962,CLOSED,1
PyCQA/bandit,344,2018-07-19T13:00:50Z,2018-09-07T19:23:10Z,50.26550925925926,CLOSED,5
PyCQA/bandit,353,2018-08-03T17:28:59Z,2018-08-06T20:10:39Z,3.1122685185185186,CLOSED,0
PyCQA/bandit,349,2018-07-25T00:33:52Z,2018-08-06T20:10:30Z,12.817106481481481,CLOSED,1
PyCQA/bandit,350,2018-07-25T20:03:46Z,2018-08-06T20:10:24Z,12.004606481481481,CLOSED,0
PyCQA/bandit,351,2018-07-25T20:17:07Z,2018-08-06T20:10:15Z,11.99523148148148,CLOSED,0
PyCQA/bandit,296,2018-05-08T16:01:18Z,2018-06-09T04:18:00Z,31.51159722222222,CLOSED,0
PyCQA/bandit,338,2018-07-15T06:16:58Z,2018-07-25T18:36:49Z,10.513784722222223,CLOSED,0
PyCQA/bandit,286,2018-05-03T09:22:41Z,2018-06-14T08:06:44Z,41.94725694444445,CLOSED,3
pallets/click,2809,2024-11-20T10:36:32Z,,,OPEN,3
pallets/click,2836,2025-01-06T22:07:25Z,,,OPEN,0
pallets/click,2827,2024-12-20T10:34:26Z,,,OPEN,2
pallets/click,2634,2023-11-23T22:50:47Z,,,OPEN,9
pallets/click,2644,2023-12-03T17:03:41Z,2024-11-03T20:38:32Z,336.1492013888889,CLOSED,5
pallets/click,2121,2021-11-01T16:46:16Z,,,OPEN,20
pallets/click,2154,2021-12-16T10:17:39Z,,,OPEN,4
pallets/click,2184,2022-02-04T09:28:31Z,,,OPEN,1
pallets/click,2331,2022-08-02T06:38:39Z,,,OPEN,2
pallets/click,2402,2022-11-09T13:07:57Z,,,OPEN,0
pallets/click,2429,2023-01-08T16:25:49Z,,,OPEN,1
pallets/click,2582,2023-08-09T04:28:53Z,,,OPEN,2
pallets/click,2614,2023-09-28T14:47:24Z,,,OPEN,0
pallets/click,2645,2023-12-04T00:56:10Z,,,OPEN,0
pallets/click,843,2017-08-27T23:39:54Z,,,OPEN,7
pallets/click,611,2016-07-14T19:08:24Z,2022-02-28T16:15:19Z,2054.879803240741,CLOSED,2
pallets/click,602,2016-07-04T10:46:42Z,2022-02-27T21:03:13Z,2064.428136574074,CLOSED,1
pallets/click,473,2015-12-01T15:23:48Z,,,OPEN,28
pallets/click,1101,2018-08-28T21:02:48Z,2021-04-14T14:52:24Z,959.7427777777777,CLOSED,4
pallets/click,631,2016-08-12T17:57:17Z,2021-04-13T02:43:43Z,1704.3655787037037,CLOSED,4
pallets/click,665,2016-09-28T18:16:24Z,2021-04-06T16:29:34Z,1650.9258101851851,CLOSED,2
pallets/click,848,2017-09-12T10:57:07Z,2021-04-04T15:09:43Z,1300.1754166666667,CLOSED,3
pallets/click,676,2016-10-19T12:53:27Z,2020-11-01T02:33:20Z,1473.569363425926,CLOSED,0
pallets/click,231,2014-09-29T08:06:35Z,2015-03-31T10:00:07Z,183.0788425925926,CLOSED,13
pallets/click,273,2014-12-23T03:03:53Z,2015-03-31T13:38:50Z,98.4409375,CLOSED,2
pallets/click,318,2015-04-04T07:48:33Z,2015-04-05T20:56:37Z,1.5472685185185184,CLOSED,8
pallets/click,312,2015-03-31T20:00:44Z,2015-04-24T18:18:06Z,23.928726851851852,CLOSED,8
pallets/click,362,2015-06-19T16:41:02Z,2015-06-21T21:23:43Z,2.1963078703703705,CLOSED,3
pallets/click,346,2015-05-21T16:37:27Z,2015-06-24T18:35:38Z,34.08207175925926,CLOSED,2
pallets/click,316,2015-04-03T19:16:19Z,2015-07-14T17:33:30Z,101.92859953703703,CLOSED,2
pallets/click,383,2015-07-18T22:10:05Z,2015-07-19T21:38:21Z,0.9779629629629629,CLOSED,1
pallets/click,530,2016-03-04T22:16:38Z,2016-03-23T22:53:23Z,19.025520833333335,CLOSED,4
pallets/click,471,2015-11-27T23:13:41Z,2016-03-23T23:56:21Z,117.02962962962962,CLOSED,5
pallets/click,551,2016-04-04T15:42:25Z,2016-04-04T16:41:33Z,0.04106481481481482,CLOSED,4
pallets/click,365,2015-06-23T17:52:56Z,2015-11-06T16:07:40Z,135.92689814814815,CLOSED,25
pallets/click,625,2016-08-03T17:40:08Z,2016-09-19T17:23:34Z,46.98849537037037,CLOSED,0
pallets/click,844,2017-08-29T16:03:51Z,2018-05-15T14:38:38Z,258.9408217592593,CLOSED,6
pallets/click,547,2016-04-01T14:01:15Z,2018-05-15T14:38:38Z,774.0259606481482,CLOSED,4
pallets/click,743,2017-02-24T15:47:30Z,2018-05-15T15:02:25Z,444.96869212962963,CLOSED,2
pallets/click,435,2015-10-10T17:49:37Z,2018-05-15T16:03:33Z,947.9263425925926,CLOSED,11
pallets/click,429,2015-09-22T13:51:40Z,2018-05-15T17:53:43Z,966.1680902777778,CLOSED,2
pallets/click,594,2016-06-09T15:44:21Z,2018-05-15T17:55:15Z,705.0909027777777,CLOSED,4
pallets/click,821,2017-07-09T20:26:44Z,2018-06-09T02:51:24Z,334.2671296296296,CLOSED,1
pallets/click,1024,2018-05-24T21:59:46Z,2018-06-20T17:41:35Z,26.820706018518518,CLOSED,7
pallets/click,667,2016-09-30T15:23:58Z,2018-08-28T04:23:40Z,696.5414583333334,CLOSED,1
pallets/click,447,2015-10-31T06:17:40Z,2018-05-18T16:45:57Z,930.4363078703703,CLOSED,2
pallets/click,598,2016-06-13T12:16:01Z,2018-05-14T20:32:20Z,700.3446643518519,CLOSED,3
pallets/click,651,2016-09-06T12:09:17Z,2018-05-14T21:49:28Z,615.4029050925926,CLOSED,2
pallets/click,795,2017-05-19T16:52:56Z,2018-05-18T14:00:19Z,363.88012731481484,CLOSED,1
pallets/click,926,2018-02-08T23:34:13Z,2018-05-17T06:05:38Z,97.27181712962962,CLOSED,2
pallets/click,925,2018-02-06T00:23:27Z,2018-09-12T18:00:18Z,218.73392361111112,CLOSED,5
pallets/click,919,2018-01-26T10:27:14Z,2018-09-12T18:00:19Z,229.3146412037037,CLOSED,8
pallets/click,816,2017-07-03T17:01:21Z,2018-09-13T19:56:19Z,437.1215046296296,CLOSED,2
pallets/click,822,2017-07-09T21:40:37Z,2018-09-18T13:52:10Z,435.6746875,CLOSED,6
pallets/click,537,2016-03-15T10:17:42Z,2018-09-18T13:52:25Z,917.1491087962963,CLOSED,1
pallets/click,583,2016-05-14T15:31:40Z,2018-09-19T03:21:48Z,857.4931481481482,CLOSED,2
pallets/click,712,2017-01-17T08:07:13Z,2018-09-19T17:39:52Z,610.3976736111111,CLOSED,3
pallets/click,825,2017-07-10T07:21:31Z,2018-09-23T01:18:42Z,439.7480439814815,CLOSED,0
pallets/click,600,2016-06-19T16:11:48Z,2018-12-08T04:52:30Z,901.5282638888889,CLOSED,7
pallets/click,688,2016-11-22T13:05:19Z,2019-05-06T03:35:21Z,894.6041898148148,CLOSED,2
pallets/click,1289,2019-05-05T18:58:59Z,2019-05-06T21:26:41Z,1.1025694444444445,CLOSED,4
pallets/click,635,2016-08-17T10:24:46Z,2019-05-07T14:54:31Z,993.1873263888889,CLOSED,3
pallets/click,751,2017-03-18T15:54:14Z,2019-05-07T16:09:47Z,780.0107986111111,CLOSED,1
pallets/click,784,2017-05-10T15:42:59Z,2019-05-07T17:05:20Z,727.0571875,CLOSED,7
pallets/click,901,2017-12-09T19:17:24Z,2019-05-22T13:54:38Z,528.7758564814815,CLOSED,3
pallets/click,721,2017-01-30T16:49:05Z,2019-05-31T17:13:11Z,851.0167361111111,CLOSED,6
pallets/click,1193,2018-12-26T13:18:52Z,2020-02-17T01:13:18Z,417.49613425925924,CLOSED,0
pallets/click,958,2018-04-01T02:11:04Z,2020-02-20T05:39:01Z,690.1444097222222,CLOSED,5
pallets/click,914,2018-01-08T17:13:09Z,2020-02-20T06:46:20Z,772.5647106481481,CLOSED,5
pallets/click,1066,2018-07-10T21:01:48Z,2020-02-23T20:02:58Z,592.9591435185185,CLOSED,5
pallets/click,1021,2018-05-18T14:57:57Z,2020-02-24T00:39:22Z,646.4037615740741,CLOSED,2
pallets/click,905,2017-12-20T00:07:28Z,2020-02-23T23:38:42Z,795.9800231481481,CLOSED,1
pallets/click,1231,2019-02-16T12:27:34Z,2020-02-24T01:15:49Z,372.53350694444447,CLOSED,1
pallets/click,770,2017-04-26T17:04:22Z,2020-02-24T00:41:50Z,1033.3176851851852,CLOSED,4
pallets/click,524,2016-02-25T15:35:47Z,2020-02-24T01:28:35Z,1459.4116666666666,CLOSED,2
pallets/click,586,2016-05-19T09:48:55Z,2020-02-24T01:49:15Z,1375.6668981481482,CLOSED,1
pallets/click,495,2015-12-30T22:16:41Z,2020-02-24T02:19:21Z,1516.1685185185186,CLOSED,1
pallets/click,1495,2020-03-09T17:49:05Z,2020-03-09T18:42:08Z,0.03684027777777778,CLOSED,5
pallets/click,924,2018-02-01T22:23:37Z,2020-04-20T16:21:57Z,808.7488425925926,CLOSED,11
pallets/click,1501,2020-03-14T10:09:52Z,2020-04-27T21:06:55Z,44.45628472222222,CLOSED,2
pallets/click,1134,2018-10-05T04:58:55Z,2020-04-27T21:57:16Z,570.7071875,CLOSED,11
pallets/click,1026,2018-05-28T11:37:16Z,2020-02-24T03:11:49Z,636.6489930555556,CLOSED,3
pallets/click,1513,2020-03-27T17:09:36Z,2020-06-23T17:45:08Z,88.02467592592592,CLOSED,3
pallets/click,714,2017-01-20T21:05:46Z,2020-06-29T21:53:53Z,1256.033414351852,CLOSED,4
pallets/click,950,2018-03-22T00:59:11Z,2020-07-02T23:21:17Z,833.9320138888888,CLOSED,2
pallets/click,906,2017-12-22T22:06:00Z,2020-07-02T12:56:46Z,922.6185879629629,CLOSED,1
pallets/click,729,2017-02-10T19:50:53Z,2020-08-06T01:58:02Z,1272.2549652777777,CLOSED,6
pallets/click,870,2017-10-14T17:33:33Z,2020-08-07T19:40:01Z,1028.087824074074,CLOSED,1
pallets/click,833,2017-07-20T22:12:19Z,2020-08-09T13:31:05Z,1115.6380324074073,CLOSED,1
pallets/click,1064,2018-07-09T08:46:11Z,2020-08-14T06:20:31Z,766.8988425925926,CLOSED,1
pallets/click,255,2014-11-19T20:14:58Z,2020-08-13T20:55:41Z,2094.028275462963,CLOSED,5
pallets/click,300,2015-02-20T13:20:18Z,2020-08-13T16:34:02Z,2001.134537037037,CLOSED,18
pallets/click,942,2018-03-01T07:43:11Z,2020-10-03T21:41:26Z,947.5821180555556,CLOSED,8
pallets/click,1649,2020-08-17T04:37:30Z,2020-10-12T01:34:36Z,55.87298611111111,CLOSED,5
pallets/click,472,2015-11-30T13:58:20Z,2020-10-12T01:34:36Z,1777.4835185185186,CLOSED,7
pallets/click,1548,2020-05-09T19:25:14Z,2020-10-12T02:20:13Z,155.28818287037038,CLOSED,4
pallets/click,532,2016-03-08T14:43:36Z,2020-10-13T00:51:06Z,1679.421875,CLOSED,2
pallets/click,654,2016-09-14T16:55:20Z,,,OPEN,2
pallets/click,304,2015-03-05T02:41:25Z,,,OPEN,1
pallets/click,814,2017-06-30T10:35:07Z,2019-12-02T18:40:44Z,885.3372337962963,CLOSED,9
Textualize/rich,3299,2024-03-07T15:16:29Z,,,OPEN,0
Textualize/rich,2411,2022-07-20T21:45:49Z,2022-09-20T13:40:18Z,61.662835648148146,CLOSED,8
Textualize/rich,3176,2023-10-30T15:41:51Z,2023-11-14T10:03:56Z,14.765335648148149,CLOSED,1
Textualize/rich,3115,2023-08-31T09:31:07Z,2023-09-17T14:56:08Z,17.22570601851852,CLOSED,13
Textualize/rich,3021,2023-07-01T02:08:46Z,2023-08-17T10:26:31Z,47.34565972222222,CLOSED,6
Textualize/rich,2400,2022-07-17T07:17:28Z,2022-09-08T12:46:10Z,53.22826388888889,CLOSED,7
Textualize/rich,2457,2022-08-09T04:47:04Z,2022-08-16T09:41:00Z,7.2041203703703705,CLOSED,5
Textualize/rich,2312,2022-05-30T18:33:45Z,2022-06-08T15:22:31Z,8.867199074074074,CLOSED,5
Textualize/rich,2273,2022-05-12T11:03:11Z,2022-05-27T15:14:47Z,15.174722222222222,CLOSED,5
Textualize/rich,2284,2022-05-19T05:45:01Z,2022-05-27T14:15:37Z,8.354583333333334,CLOSED,2
Textualize/rich,2291,2022-05-24T10:19:13Z,2022-05-27T12:34:08Z,3.0936921296296296,CLOSED,1
Textualize/rich,2260,2022-05-07T22:37:48Z,2022-05-09T01:49:17Z,1.132974537037037,CLOSED,5
Textualize/rich,2237,2022-04-30T12:32:41Z,2022-05-03T10:49:37Z,2.928425925925926,CLOSED,3
Textualize/rich,2187,2022-04-11T21:48:56Z,2022-04-26T15:36:54Z,14.741643518518519,CLOSED,2
Textualize/rich,2197,2022-04-17T17:03:30Z,2022-04-22T09:26:22Z,4.682546296296296,CLOSED,1
Textualize/rich,2147,2022-04-03T15:16:58Z,2022-04-20T11:04:21Z,16.82457175925926,CLOSED,1
Textualize/rich,2171,2022-04-05T19:02:51Z,2022-04-20T08:53:27Z,14.576805555555556,CLOSED,2
Textualize/rich,2154,2022-04-04T09:10:59Z,2022-04-14T11:26:11Z,10.09388888888889,CLOSED,1
Textualize/rich,2162,2022-04-04T15:35:47Z,2022-04-14T11:26:07Z,9.826620370370371,CLOSED,4
Textualize/rich,2018,2022-03-03T11:49:17Z,2022-04-01T09:23:44Z,28.898923611111112,CLOSED,5
Textualize/rich,2053,2022-03-13T20:14:12Z,2022-03-18T16:45:11Z,4.854849537037037,CLOSED,6
Textualize/rich,2027,2022-03-06T14:10:50Z,2022-03-08T16:30:45Z,2.097164351851852,CLOSED,3
Textualize/rich,2033,2022-03-07T15:10:04Z,2022-03-08T14:15:16Z,0.9619444444444445,CLOSED,1
Textualize/rich,2017,2022-03-03T11:00:00Z,2022-03-07T15:57:06Z,4.2063194444444445,CLOSED,2
Textualize/rich,1998,2022-02-24T22:05:04Z,2022-02-26T19:08:45Z,1.8775578703703704,CLOSED,1
Textualize/rich,1786,2021-12-29T18:23:29Z,2022-01-07T10:26:52Z,8.669016203703704,CLOSED,1
Textualize/rich,1717,2021-11-24T13:25:49Z,2022-01-07T10:25:18Z,43.8746412037037,CLOSED,3
Textualize/rich,1682,2021-11-12T17:18:11Z,2021-11-13T09:09:09Z,0.6603935185185185,CLOSED,1
Textualize/rich,1305,2021-06-21T12:54:14Z,2021-07-05T20:31:16Z,14.31738425925926,CLOSED,4
Textualize/rich,1492,2021-09-16T11:28:55Z,2021-09-18T09:40:06Z,1.9244328703703704,CLOSED,6
Textualize/rich,1407,2021-08-15T18:58:18Z,2021-08-28T15:32:51Z,12.85732638888889,CLOSED,3
Textualize/rich,1334,2021-07-09T18:38:57Z,2021-07-09T21:09:16Z,0.10438657407407408,CLOSED,0
Textualize/rich,1326,2021-07-04T12:01:37Z,2021-07-07T09:23:23Z,2.890115740740741,CLOSED,4
Textualize/rich,1256,2021-05-27T12:45:53Z,2021-07-05T20:30:05Z,39.322361111111114,CLOSED,4
Textualize/rich,1244,2021-05-18T21:26:45Z,2021-05-19T16:17:10Z,0.7850115740740741,CLOSED,2
Textualize/rich,1214,2021-05-05T23:04:39Z,2021-05-06T14:18:15Z,0.6344444444444445,CLOSED,1
Textualize/rich,1117,2021-03-17T19:08:20Z,2021-03-28T10:32:10Z,10.641550925925927,CLOSED,1
Textualize/rich,1133,2021-03-25T12:01:12Z,2021-03-28T10:31:47Z,2.9379050925925925,CLOSED,1
Textualize/rich,1088,2021-03-04T07:31:44Z,2021-03-07T05:33:59Z,2.918229166666667,CLOSED,4
Textualize/rich,1052,2021-02-24T14:24:48Z,2021-02-27T15:45:02Z,3.055717592592593,CLOSED,4
Textualize/rich,1050,2021-02-22T21:23:28Z,2021-02-25T18:14:18Z,2.868634259259259,CLOSED,2
Textualize/rich,1044,2021-02-22T09:54:38Z,2021-02-25T11:01:09Z,3.0461921296296297,CLOSED,4
Textualize/rich,1036,2021-02-21T13:29:23Z,2021-02-24T23:05:57Z,3.4003935185185186,CLOSED,6
Textualize/rich,1009,2021-02-14T09:22:46Z,2021-02-20T16:32:12Z,6.298217592592593,CLOSED,4
Textualize/rich,980,2021-02-01T12:47:03Z,2021-02-20T12:04:29Z,18.970439814814814,CLOSED,2
Textualize/rich,1016,2021-02-16T02:57:24Z,2021-02-20T12:03:00Z,4.378888888888889,CLOSED,3
Textualize/rich,996,2021-02-08T08:24:07Z,2021-02-16T10:26:40Z,8.085104166666667,CLOSED,5
Textualize/rich,953,2021-01-22T02:22:49Z,2021-01-23T15:51:27Z,1.561550925925926,CLOSED,2
Textualize/rich,878,2021-01-05T03:23:29Z,2021-01-07T21:58:16Z,2.7741550925925926,CLOSED,10
Textualize/rich,864,2020-12-30T11:33:01Z,2021-01-02T15:28:28Z,3.1635069444444444,CLOSED,11
Textualize/rich,827,2020-12-17T10:28:23Z,2020-12-18T16:12:10Z,1.238738425925926,CLOSED,1
Textualize/rich,457,2020-11-30T12:51:03Z,2020-12-12T12:31:50Z,11.986655092592592,CLOSED,5
Textualize/rich,460,2020-12-01T15:42:41Z,2020-12-04T12:25:22Z,2.862974537037037,CLOSED,1
Textualize/rich,445,2020-11-26T12:59:36Z,2020-11-27T20:11:16Z,1.2997685185185186,CLOSED,0
Textualize/rich,378,2020-10-12T20:52:45Z,2020-10-23T17:01:39Z,10.839513888888888,CLOSED,8
Textualize/rich,393,2020-10-19T09:13:05Z,2020-10-19T15:53:50Z,0.2782986111111111,CLOSED,3
Textualize/rich,323,2020-10-02T19:37:36Z,2020-10-05T21:35:25Z,3.0818171296296297,CLOSED,14
Textualize/rich,299,2020-09-22T04:44:50Z,2020-09-28T04:22:09Z,5.984247685185185,CLOSED,2
Textualize/rich,235,2020-08-18T15:28:02Z,2020-08-20T09:17:48Z,1.7428935185185186,CLOSED,2
Textualize/rich,178,2020-07-26T11:40:58Z,2020-07-28T08:52:42Z,1.8831481481481482,CLOSED,6
Textualize/rich,139,2020-07-06T02:09:03Z,2020-07-13T09:02:39Z,7.287222222222222,CLOSED,1
Textualize/rich,125,2020-06-26T16:02:50Z,2020-07-03T21:48:24Z,7.239976851851852,CLOSED,8
Textualize/rich,117,2020-06-23T01:19:53Z,2020-06-23T10:46:33Z,0.39351851851851855,CLOSED,1
Textualize/rich,109,2020-06-10T06:03:35Z,2020-06-10T13:49:28Z,0.3235300925925926,CLOSED,6
Textualize/rich,84,2020-05-19T06:47:56Z,2020-05-20T08:00:32Z,1.0504166666666668,CLOSED,4
Textualize/rich,75,2020-05-15T07:36:18Z,2020-05-16T09:47:15Z,1.0909375,CLOSED,2
Textualize/rich,57,2020-05-06T19:14:01Z,2020-05-08T12:37:52Z,1.7248958333333333,CLOSED,1
Textualize/rich,27,2020-03-29T09:02:22Z,2020-03-29T13:14:48Z,0.17530092592592592,CLOSED,4
Textualize/rich,23,2020-03-26T19:57:50Z,2020-03-27T18:50:40Z,0.9533564814814814,CLOSED,6
Textualize/rich,25,2020-03-27T03:33:12Z,2020-03-27T12:09:34Z,0.35858796296296297,CLOSED,2
Textualize/rich,19,2020-03-11T13:02:47Z,2020-03-18T22:00:31Z,7.373425925925926,CLOSED,8
Textualize/rich,21,2020-03-15T15:05:46Z,2020-03-15T19:43:17Z,0.1927199074074074,CLOSED,2
Textualize/rich,17,2020-03-08T19:29:14Z,2020-03-09T18:14:24Z,0.9480324074074075,CLOSED,3
Textualize/rich,13,2020-02-25T18:41:20Z,2020-03-09T11:50:36Z,12.714768518518518,CLOSED,2
fastapi/typer,1503,2026-01-26T11:49:15Z,,,OPEN,2
fastapi/typer,286,2021-05-24T21:24:57Z,,,OPEN,4
fastapi/typer,252,2021-03-23T22:55:40Z,2025-11-19T14:50:42Z,1701.6632175925927,CLOSED,3
fastapi/typer,1156,2025-02-12T16:55:43Z,,,OPEN,3
fastapi/typer,1159,2025-02-20T06:50:34Z,,,OPEN,6
fastapi/typer,1353,2025-09-23T09:44:19Z,2025-09-23T09:49:48Z,0.0038078703703703703,CLOSED,1
fastapi/typer,226,2021-01-23T05:41:24Z,2025-09-16T19:20:55Z,1697.5691087962964,CLOSED,9
fastapi/typer,449,2022-09-01T04:18:29Z,2025-08-30T11:53:26Z,1094.3159375,CLOSED,2
fastapi/typer,447,2022-08-21T20:19:23Z,2025-08-30T11:46:27Z,1104.6437962962964,CLOSED,11
fastapi/typer,171,2020-10-01T07:50:56Z,,,OPEN,2
fastapi/typer,951,2024-08-23T21:34:06Z,2025-03-26T12:43:24Z,214.63145833333334,CLOSED,5
fastapi/typer,40,2020-01-21T10:57:37Z,2020-01-22T07:14:47Z,0.8452546296296296,CLOSED,4
fastapi/typer,822,2024-05-02T22:15:40Z,2024-11-18T22:14:34Z,199.99923611111112,CLOSED,2
fastapi/typer,162,2020-09-06T14:04:07Z,2024-11-17T21:19:01Z,1533.302013888889,CLOSED,5
fastapi/typer,533,2023-01-12T23:25:36Z,2024-10-23T14:46:10Z,649.6392824074074,CLOSED,29
fastapi/typer,334,2021-10-06T08:20:47Z,2024-08-16T22:20:30Z,1045.5831365740742,CLOSED,10
fastapi/typer,244,2021-03-05T15:56:20Z,2024-08-24T04:14:20Z,1267.5125,CLOSED,3
fastapi/typer,371,2022-03-17T07:32:57Z,2024-08-17T02:22:44Z,883.7845717592593,CLOSED,11
fastapi/typer,535,2023-01-16T02:22:54Z,2024-08-17T01:34:26Z,578.9663425925926,CLOSED,8
fastapi/typer,180,2020-10-21T20:45:58Z,2024-08-17T01:34:25Z,1395.2003125,CLOSED,8
fastapi/typer,233,2021-02-07T12:20:19Z,2021-02-14T05:13:34Z,6.703645833333334,CLOSED,11
fastapi/typer,202,2020-12-05T14:35:45Z,,,OPEN,2
fastapi/typer,240,2021-02-25T04:55:28Z,2024-07-16T15:29:31Z,1237.4403125,CLOSED,4
fastapi/typer,54,2020-03-03T18:25:00Z,2020-03-30T00:07:51Z,26.23809027777778,CLOSED,9
fastapi/typer,287,2021-06-01T09:40:16Z,2021-06-03T19:04:08Z,2.391574074074074,CLOSED,9
fastapi/typer,790,2024-04-04T03:31:20Z,2024-04-05T00:42:32Z,0.8827777777777778,CLOSED,4
fastapi/typer,772,2024-03-28T19:01:21Z,2024-03-28T23:11:28Z,0.17369212962962963,CLOSED,1
fastapi/typer,170,2020-09-30T22:15:22Z,2024-03-23T17:17:15Z,1269.792974537037,CLOSED,4
fastapi/typer,290,2021-06-11T15:49:15Z,2024-03-23T16:31:18Z,1016.0292013888889,CLOSED,6
fastapi/typer,158,2020-08-31T02:22:56Z,2024-03-23T16:01:47Z,1300.5686458333332,CLOSED,2
fastapi/typer,410,2022-07-03T15:35:13Z,2024-03-22T15:02:43Z,627.9774305555555,CLOSED,2
fastapi/typer,194,2020-11-19T10:41:26Z,2024-03-22T14:59:43Z,1219.1793634259259,CLOSED,4
fastapi/typer,259,2021-03-31T20:03:15Z,,,OPEN,8
fastapi/typer,531,2023-01-10T17:28:53Z,2023-05-13T00:05:01Z,122.27509259259259,CLOSED,2
fastapi/typer,432,2022-07-20T14:37:01Z,2023-05-12T00:05:26Z,295.3947337962963,CLOSED,3
fastapi/typer,223,2021-01-18T14:35:13Z,,,OPEN,2
fastapi/typer,96,2020-04-30T18:51:44Z,2022-07-28T00:07:48Z,818.2194907407408,CLOSED,3
fastapi/typer,74,2020-03-20T15:54:47Z,2020-04-27T20:39:44Z,38.19788194444445,CLOSED,5
fastapi/typer,208,2020-12-17T01:20:17Z,2022-07-13T00:07:37Z,572.9495370370371,CLOSED,4
fastapi/typer,127,2020-06-26T00:12:50Z,2022-07-02T17:26:03Z,736.717511574074,CLOSED,8
fastapi/typer,172,2020-10-01T23:10:57Z,2022-05-23T00:07:11Z,598.039050925926,CLOSED,3
fastapi/typer,266,2021-04-14T14:17:42Z,,,OPEN,2
fastapi/typer,278,2021-05-12T13:19:28Z,2021-09-10T00:03:34Z,120.44729166666667,CLOSED,4
fastapi/typer,313,2021-08-19T00:59:47Z,2021-09-10T00:03:22Z,21.96082175925926,CLOSED,4
fastapi/typer,293,2021-06-19T19:30:44Z,2021-06-20T10:23:11Z,0.6197569444444444,CLOSED,2
fastapi/typer,198,2020-11-25T09:11:04Z,2020-11-25T09:26:04Z,0.010416666666666666,CLOSED,3
fastapi/typer,207,2020-12-16T12:45:10Z,2020-12-17T11:36:09Z,0.9520717592592592,CLOSED,4
fastapi/typer,164,2020-09-08T14:40:49Z,2020-09-08T15:58:26Z,0.05390046296296296,CLOSED,3
fastapi/typer,133,2020-07-05T18:25:42Z,2020-08-27T00:13:18Z,52.24138888888889,CLOSED,3
fastapi/typer,139,2020-07-14T03:32:38Z,2020-08-02T00:11:19Z,18.86019675925926,CLOSED,3
fastapi/typer,134,2020-07-06T09:25:57Z,2020-07-17T00:09:58Z,10.613900462962963,CLOSED,2
fastapi/typer,108,2020-05-26T14:19:25Z,2020-06-11T17:53:07Z,16.14840277777778,CLOSED,3
fastapi/typer,84,2020-04-02T07:17:17Z,2020-04-18T11:13:13Z,16.16384259259259,CLOSED,2
fastapi/typer,4,2019-12-26T14:14:36Z,2019-12-26T14:50:47Z,0.025127314814814814,CLOSED,6
fastapi/typer,46,2020-02-03T20:24:58Z,2020-03-19T13:39:16Z,44.71826388888889,CLOSED,4
fastapi/typer,44,2020-01-28T13:38:59Z,2020-03-30T00:07:53Z,61.43673611111111,CLOSED,4
fastapi/typer,59,2020-03-10T00:42:53Z,2020-03-21T00:07:34Z,10.975474537037037,CLOSED,2
fastapi/typer,3,2019-12-25T12:49:14Z,2020-01-08T00:04:15Z,13.468761574074074,CLOSED,2
google/python-fire,508,2024-04-19T13:12:31Z,,,OPEN,5
google/python-fire,293,2020-10-22T17:23:02Z,,,OPEN,0
google/python-fire,481,2024-01-27T23:01:10Z,2024-05-30T13:50:03Z,123.6172800925926,CLOSED,5
google/python-fire,448,2023-04-08T13:22:34Z,,,OPEN,30
google/python-fire,427,2022-12-29T12:49:26Z,2024-01-02T20:25:31Z,369.31672453703703,CLOSED,3
google/python-fire,225,2020-02-19T02:41:59Z,,,OPEN,18
google/python-fire,402,2022-08-29T02:22:01Z,,,OPEN,4
google/python-fire,410,2022-10-20T22:33:12Z,2022-11-28T21:46:28Z,38.9675462962963,CLOSED,2
google/python-fire,274,2020-07-21T16:27:22Z,,,OPEN,21
google/python-fire,338,2021-05-04T18:52:28Z,,,OPEN,4
google/python-fire,382,2022-02-01T14:51:49Z,,,OPEN,0
google/python-fire,315,2021-02-04T00:00:20Z,2022-04-16T20:20:32Z,436.8473611111111,CLOSED,8
google/python-fire,261,2020-05-21T00:11:40Z,2021-01-22T16:43:04Z,246.68847222222223,CLOSED,12
google/python-fire,272,2020-07-14T02:43:46Z,2020-10-02T19:46:12Z,80.71002314814815,CLOSED,5
google/python-fire,255,2020-05-06T18:48:10Z,,,OPEN,1
google/python-fire,236,2020-03-25T08:35:39Z,2020-04-03T17:59:15Z,9.391388888888889,CLOSED,8
google/python-fire,199,2019-10-08T02:20:44Z,2020-04-03T18:01:54Z,178.65358796296297,CLOSED,6
google/python-fire,238,2020-04-01T00:34:44Z,,,OPEN,1
google/python-fire,163,2019-02-07T15:12:55Z,2020-03-06T22:18:42Z,393.29568287037034,CLOSED,5
google/python-fire,205,2019-10-14T01:04:28Z,2020-03-06T22:16:32Z,144.88337962962962,CLOSED,4
google/python-fire,186,2019-08-15T23:31:27Z,2020-03-06T21:56:10Z,203.93383101851853,CLOSED,27
google/python-fire,145,2018-10-26T23:15:18Z,2020-02-28T23:23:39Z,490.0057986111111,CLOSED,4
google/python-fire,189,2019-08-22T08:14:31Z,2020-02-28T22:52:49Z,190.60993055555556,CLOSED,2
google/python-fire,102,2017-11-28T14:31:11Z,2020-02-28T18:24:10Z,822.1617939814815,CLOSED,4
google/python-fire,149,2018-10-29T13:58:52Z,2020-02-21T18:56:35Z,480.2067476851852,CLOSED,11
google/python-fire,97,2017-10-12T06:00:27Z,,,OPEN,9
google/python-fire,195,2019-09-16T16:09:48Z,2019-09-20T21:18:05Z,4.214085648148148,CLOSED,5
google/python-fire,187,2019-08-20T03:19:39Z,2019-09-08T01:27:43Z,18.922268518518518,CLOSED,2
google/python-fire,183,2019-07-28T12:27:45Z,2019-07-29T22:33:47Z,1.4208564814814815,CLOSED,6
google/python-fire,164,2019-02-07T19:55:29Z,2019-02-26T17:05:00Z,18.881608796296295,CLOSED,4
google/python-fire,136,2018-08-20T03:45:00Z,,,OPEN,3
google/python-fire,84,2017-06-07T05:41:42Z,2017-12-04T22:01:11Z,180.68019675925925,CLOSED,10
google/python-fire,42,2017-03-28T18:34:22Z,2017-04-07T17:18:54Z,9.947592592592592,CLOSED,3
google/python-fire,14,2017-03-09T11:27:14Z,2017-03-31T17:46:48Z,22.263587962962962,CLOSED,4
google/python-fire,6,2017-03-05T03:36:31Z,2017-03-21T21:48:30Z,16.75832175925926,CLOSED,5
google/python-fire,13,2017-03-09T00:17:02Z,2017-03-09T22:38:34Z,0.9316203703703704,CLOSED,4
google/python-fire,4,2017-03-04T06:40:15Z,2017-03-06T15:51:50Z,2.3830439814814817,CLOSED,2
prompt-toolkit/python-prompt-toolkit,731,2018-09-20T19:53:49Z,,,OPEN,5
prompt-toolkit/python-prompt-toolkit,1211,2020-08-12T02:50:47Z,,,OPEN,1
prompt-toolkit/python-prompt-toolkit,1190,2020-07-08T11:24:45Z,,,OPEN,1
prompt-toolkit/python-prompt-toolkit,531,2017-08-10T02:53:46Z,,,OPEN,1
prompt-toolkit/python-prompt-toolkit,1086,2020-03-01T01:35:16Z,2020-04-25T20:09:12Z,55.77356481481481,CLOSED,5
prompt-toolkit/python-prompt-toolkit,951,2019-08-08T00:25:56Z,,,OPEN,6
prompt-toolkit/python-prompt-toolkit,1099,2020-03-14T12:24:13Z,2020-03-26T20:49:57Z,12.351203703703703,CLOSED,4
prompt-toolkit/python-prompt-toolkit,1081,2020-02-20T13:36:32Z,,,OPEN,1
prompt-toolkit/python-prompt-toolkit,1033,2019-12-16T18:07:17Z,,,OPEN,5
prompt-toolkit/python-prompt-toolkit,1057,2020-01-22T04:36:53Z,,,OPEN,5
prompt-toolkit/python-prompt-toolkit,967,2019-09-15T17:38:56Z,,,OPEN,1
prompt-toolkit/python-prompt-toolkit,963,2019-09-05T17:12:11Z,2019-09-12T17:38:45Z,7.018449074074074,CLOSED,3
prompt-toolkit/python-prompt-toolkit,690,2018-07-19T22:02:08Z,,,OPEN,8
prompt-toolkit/python-prompt-toolkit,831,2019-02-07T12:37:43Z,2019-02-20T22:37:18Z,13.416377314814815,CLOSED,4
prompt-toolkit/python-prompt-toolkit,837,2019-02-12T22:12:33Z,2019-02-19T21:12:53Z,6.958564814814815,CLOSED,3
prompt-toolkit/python-prompt-toolkit,836,2019-02-12T05:38:40Z,2019-02-13T10:38:02Z,1.2078935185185184,CLOSED,3
prompt-toolkit/python-prompt-toolkit,835,2019-02-12T00:28:05Z,,,OPEN,2
prompt-toolkit/python-prompt-toolkit,829,2019-01-30T15:37:35Z,2019-01-30T21:01:59Z,0.22527777777777777,CLOSED,3
prompt-toolkit/python-prompt-toolkit,433,2016-12-11T08:53:10Z,,,OPEN,3
prompt-toolkit/python-prompt-toolkit,763,2018-10-26T00:59:47Z,2018-11-01T04:56:27Z,6.164351851851852,CLOSED,2
prompt-toolkit/python-prompt-toolkit,273,2016-04-04T07:18:03Z,2018-10-21T09:20:41Z,930.0851620370371,CLOSED,2
prompt-toolkit/python-prompt-toolkit,742,2018-10-01T22:44:34Z,,,OPEN,1
prompt-toolkit/python-prompt-toolkit,704,2018-08-08T15:54:23Z,2018-08-10T20:19:37Z,2.1841898148148147,CLOSED,4
prompt-toolkit/python-prompt-toolkit,686,2018-07-18T13:32:38Z,,,OPEN,1
prompt-toolkit/python-prompt-toolkit,681,2018-07-12T17:35:20Z,,,OPEN,7
prompt-toolkit/python-prompt-toolkit,542,2017-08-22T10:05:06Z,,,OPEN,5
prompt-toolkit/python-prompt-toolkit,402,2016-10-08T10:06:17Z,2018-06-24T11:00:12Z,624.0374421296297,CLOSED,4
prompt-toolkit/python-prompt-toolkit,630,2018-06-04T10:30:41Z,2018-06-16T20:44:17Z,12.426111111111112,CLOSED,4
prompt-toolkit/python-prompt-toolkit,187,2015-11-10T01:10:47Z,2018-06-02T17:49:43Z,935.6937037037037,CLOSED,17
prompt-toolkit/python-prompt-toolkit,524,2017-07-17T23:23:05Z,2018-06-02T17:33:18Z,319.7570949074074,CLOSED,2
prompt-toolkit/python-prompt-toolkit,624,2018-05-18T18:20:59Z,2018-05-21T15:34:07Z,2.88412037037037,CLOSED,3
prompt-toolkit/python-prompt-toolkit,115,2015-05-23T03:49:07Z,2018-05-15T04:14:11Z,1088.0174074074075,CLOSED,7
prompt-toolkit/python-prompt-toolkit,420,2016-11-16T16:28:44Z,2018-05-15T03:43:38Z,544.4686805555556,CLOSED,3
prompt-toolkit/python-prompt-toolkit,324,2016-06-16T22:17:14Z,,,OPEN,7
prompt-toolkit/python-prompt-toolkit,599,2018-02-22T16:24:18Z,2018-03-22T07:22:51Z,27.623993055555555,CLOSED,2
prompt-toolkit/python-prompt-toolkit,585,2018-02-07T13:29:56Z,2018-02-16T07:42:55Z,8.759016203703704,CLOSED,3
prompt-toolkit/python-prompt-toolkit,564,2017-12-12T19:29:12Z,2017-12-16T11:33:52Z,3.6699074074074076,CLOSED,3
prompt-toolkit/python-prompt-toolkit,563,2017-12-10T13:43:19Z,,,OPEN,6
prompt-toolkit/python-prompt-toolkit,549,2017-09-10T05:22:19Z,2017-09-13T21:52:50Z,3.6878587962962963,CLOSED,3
prompt-toolkit/python-prompt-toolkit,543,2017-08-24T03:50:53Z,2017-08-29T23:24:32Z,5.815034722222222,CLOSED,3
prompt-toolkit/python-prompt-toolkit,507,2017-05-21T16:42:58Z,2017-08-15T18:04:57Z,86.05693287037037,CLOSED,5
prompt-toolkit/python-prompt-toolkit,538,2017-08-15T05:48:33Z,2017-08-15T18:03:00Z,0.5100347222222222,CLOSED,2
prompt-toolkit/python-prompt-toolkit,536,2017-08-14T01:40:20Z,2017-08-15T05:20:15Z,1.1527199074074075,CLOSED,5
prompt-toolkit/python-prompt-toolkit,533,2017-08-13T00:00:09Z,2017-08-13T21:47:11Z,0.9076620370370371,CLOSED,4
prompt-toolkit/python-prompt-toolkit,522,2017-07-10T11:41:12Z,2017-07-24T14:48:55Z,14.130358796296296,CLOSED,3
prompt-toolkit/python-prompt-toolkit,460,2017-02-02T14:47:57Z,2017-02-03T00:58:01Z,0.4236574074074074,CLOSED,2
prompt-toolkit/python-prompt-toolkit,449,2017-01-16T19:11:34Z,,,OPEN,1
prompt-toolkit/python-prompt-toolkit,86,2015-01-10T22:12:02Z,,,OPEN,19
prompt-toolkit/python-prompt-toolkit,437,2016-12-13T00:31:37Z,,,OPEN,2
prompt-toolkit/python-prompt-toolkit,423,2016-11-23T03:56:51Z,2016-11-28T21:04:16Z,5.7134837962962965,CLOSED,8
prompt-toolkit/python-prompt-toolkit,391,2016-09-10T19:15:37Z,2016-11-19T10:32:24Z,69.63665509259259,CLOSED,4
prompt-toolkit/python-prompt-toolkit,413,2016-11-06T12:17:55Z,,,OPEN,1
prompt-toolkit/python-prompt-toolkit,389,2016-09-02T05:41:39Z,2016-10-24T18:20:08Z,52.52672453703704,CLOSED,8
prompt-toolkit/python-prompt-toolkit,308,2016-05-30T11:30:40Z,2016-08-23T16:56:24Z,85.2262037037037,CLOSED,10
prompt-toolkit/python-prompt-toolkit,384,2016-08-21T03:12:52Z,2016-08-23T16:08:42Z,2.5387731481481484,CLOSED,4
prompt-toolkit/python-prompt-toolkit,383,2016-08-18T11:11:03Z,2016-08-22T14:00:46Z,4.1178587962962965,CLOSED,2
prompt-toolkit/python-prompt-toolkit,369,2016-08-08T15:24:09Z,2016-08-15T17:37:42Z,7.092743055555555,CLOSED,4
prompt-toolkit/python-prompt-toolkit,354,2016-07-21T16:12:12Z,2016-08-09T08:33:46Z,18.68164351851852,CLOSED,6
prompt-toolkit/python-prompt-toolkit,345,2016-07-15T17:24:56Z,2016-07-23T12:35:12Z,7.798796296296296,CLOSED,5
prompt-toolkit/python-prompt-toolkit,332,2016-06-29T15:26:30Z,,,OPEN,0
prompt-toolkit/python-prompt-toolkit,329,2016-06-27T06:54:17Z,2016-06-28T02:09:29Z,0.8022222222222222,CLOSED,2
prompt-toolkit/python-prompt-toolkit,327,2016-06-24T20:18:17Z,,,OPEN,1
prompt-toolkit/python-prompt-toolkit,320,2016-06-13T20:52:57Z,2016-06-16T20:46:14Z,2.9953356481481483,CLOSED,11
prompt-toolkit/python-prompt-toolkit,317,2016-06-11T07:18:54Z,2016-06-14T21:09:41Z,3.57693287037037,CLOSED,3
prompt-toolkit/python-prompt-toolkit,316,2016-06-10T18:53:37Z,2016-06-10T19:18:59Z,0.01761574074074074,CLOSED,4
prompt-toolkit/python-prompt-toolkit,16,2014-09-30T10:54:59Z,2016-05-02T21:06:27Z,580.4246296296296,CLOSED,3
prompt-toolkit/python-prompt-toolkit,263,2016-03-06T19:52:06Z,2016-03-18T16:55:30Z,11.877361111111112,CLOSED,2
prompt-toolkit/python-prompt-toolkit,254,2016-02-26T14:53:59Z,2016-02-26T21:00:57Z,0.25483796296296296,CLOSED,7
prompt-toolkit/python-prompt-toolkit,163,2015-09-22T18:29:02Z,2016-02-23T06:30:30Z,153.50101851851852,CLOSED,11
prompt-toolkit/python-prompt-toolkit,245,2016-02-19T19:27:06Z,2016-02-20T16:06:39Z,0.8607986111111111,CLOSED,3
prompt-toolkit/python-prompt-toolkit,235,2016-02-09T17:14:16Z,,,OPEN,1
prompt-toolkit/python-prompt-toolkit,214,2016-01-13T22:42:57Z,,,OPEN,18
prompt-toolkit/python-prompt-toolkit,123,2015-06-02T21:45:42Z,2015-06-03T18:14:40Z,0.8534490740740741,CLOSED,2
prompt-toolkit/python-prompt-toolkit,170,2015-10-05T20:40:42Z,2015-10-07T19:49:01Z,1.9641087962962962,CLOSED,3
prompt-toolkit/python-prompt-toolkit,158,2015-09-16T08:50:55Z,2015-09-16T18:02:16Z,0.38288194444444446,CLOSED,2
prompt-toolkit/python-prompt-toolkit,150,2015-08-26T22:40:55Z,2015-09-04T17:28:12Z,8.782835648148149,CLOSED,1
prompt-toolkit/python-prompt-toolkit,131,2015-06-17T08:04:58Z,2015-07-16T09:56:27Z,29.077418981481483,CLOSED,4
prompt-toolkit/python-prompt-toolkit,63,2014-11-17T23:35:58Z,2015-07-15T11:34:07Z,239.4987152777778,CLOSED,9
prompt-toolkit/python-prompt-toolkit,127,2015-06-15T20:17:38Z,2015-07-13T13:09:27Z,27.702650462962964,CLOSED,1
prompt-toolkit/python-prompt-toolkit,128,2015-06-16T19:51:50Z,2015-06-18T20:06:13Z,2.009988425925926,CLOSED,2
prompt-toolkit/python-prompt-toolkit,129,2015-06-16T20:17:35Z,2015-06-18T20:05:26Z,1.9915625,CLOSED,1
prompt-toolkit/python-prompt-toolkit,43,2014-10-10T12:12:53Z,2015-06-07T08:55:42Z,239.86306712962963,CLOSED,9
prompt-toolkit/python-prompt-toolkit,37,2014-10-03T18:37:06Z,2015-06-07T08:54:47Z,246.59561342592593,CLOSED,3
prompt-toolkit/python-prompt-toolkit,19,2014-09-30T12:07:59Z,2015-06-07T08:54:20Z,249.86552083333333,CLOSED,3
prompt-toolkit/python-prompt-toolkit,124,2015-06-03T01:19:12Z,2015-06-03T19:05:25Z,0.7404282407407408,CLOSED,7
prompt-toolkit/python-prompt-toolkit,70,2014-12-04T10:03:07Z,2015-06-03T18:47:51Z,181.36439814814815,CLOSED,7
prompt-toolkit/python-prompt-toolkit,121,2015-06-01T09:07:13Z,2015-06-01T18:27:42Z,0.389224537037037,CLOSED,1
prompt-toolkit/python-prompt-toolkit,46,2014-10-15T13:04:07Z,2015-05-31T10:23:37Z,227.88854166666667,CLOSED,1
prompt-toolkit/python-prompt-toolkit,116,2015-05-26T06:49:58Z,2015-05-27T21:21:26Z,1.6051851851851853,CLOSED,2
prompt-toolkit/python-prompt-toolkit,108,2015-04-29T18:48:44Z,,,OPEN,2
prompt-toolkit/python-prompt-toolkit,87,2015-01-12T09:13:58Z,2015-04-12T15:29:50Z,90.26101851851851,CLOSED,2
prompt-toolkit/python-prompt-toolkit,83,2015-01-07T05:21:48Z,2015-01-07T08:08:56Z,0.11606481481481482,CLOSED,2
prompt-toolkit/python-prompt-toolkit,73,2014-12-20T10:11:52Z,2015-01-03T21:22:22Z,14.465625,CLOSED,6
prompt-toolkit/python-prompt-toolkit,80,2015-01-03T09:50:57Z,2015-01-03T21:20:50Z,0.47908564814814814,CLOSED,5
prompt-toolkit/python-prompt-toolkit,72,2014-12-16T09:20:54Z,2015-01-03T16:32:57Z,18.30003472222222,CLOSED,7
prompt-toolkit/python-prompt-toolkit,67,2014-11-27T11:41:13Z,2014-11-28T22:37:22Z,1.4556597222222223,CLOSED,6
prompt-toolkit/python-prompt-toolkit,9,2014-09-30T02:52:59Z,2014-11-19T19:45:38Z,50.70322916666667,CLOSED,4
prompt-toolkit/python-prompt-toolkit,65,2014-11-18T22:52:22Z,2014-11-19T19:43:33Z,0.8688773148148148,CLOSED,2
prompt-toolkit/python-prompt-toolkit,61,2014-11-14T23:58:30Z,2014-11-15T10:31:40Z,0.43969907407407405,CLOSED,3
prompt-toolkit/python-prompt-toolkit,45,2014-10-15T10:13:30Z,2014-10-15T18:40:12Z,0.351875,CLOSED,6
tartley/colorama,145,2017-09-26T00:48:44Z,,,OPEN,19
tartley/colorama,331,2022-01-04T13:22:54Z,2022-07-28T05:01:15Z,204.65163194444443,CLOSED,4
tartley/colorama,103,2016-07-21T10:54:52Z,,,OPEN,18
tartley/colorama,52,2015-04-22T19:16:05Z,2022-10-19T17:17:31Z,2736.917662037037,CLOSED,2
tartley/colorama,86,2016-02-23T02:16:58Z,2022-03-29T08:16:02Z,2226.2493518518518,CLOSED,0
tartley/colorama,255,2020-04-03T15:24:10Z,,,OPEN,3
tartley/colorama,36,2015-02-16T11:39:44Z,,,OPEN,2
tartley/colorama,77,2015-10-22T11:05:18Z,2020-11-09T09:59:51Z,1844.954548611111,CLOSED,13
tartley/colorama,89,2016-03-04T19:42:34Z,2017-09-11T20:26:11Z,556.0302893518518,CLOSED,2
tartley/colorama,143,2017-09-11T01:46:18Z,,,OPEN,0
tartley/colorama,110,2016-10-12T19:51:34Z,2016-10-13T11:09:23Z,0.6373726851851852,CLOSED,3
tartley/colorama,63,2015-05-24T14:51:30Z,,,OPEN,1
tartley/colorama,42,2015-03-01T19:53:59Z,,,OPEN,0
tartley/colorama,49,2015-04-17T14:56:23Z,,,OPEN,3
tartley/colorama,59,2015-05-14T09:22:13Z,,,OPEN,4
tartley/colorama,48,2015-04-15T19:36:57Z,2015-09-24T15:00:58Z,161.80834490740742,CLOSED,17
tartley/colorama,46,2015-03-29T14:10:59Z,,,OPEN,11
tartley/colorama,53,2015-04-22T19:22:13Z,2015-05-17T18:07:07Z,24.947847222222222,CLOSED,1
tartley/colorama,55,2015-04-22T19:33:33Z,,,OPEN,0
MagicStack/uvloop,645,2024-11-20T10:36:58Z,,,OPEN,6
MagicStack/uvloop,650,2025-01-01T15:54:06Z,,,OPEN,0
MagicStack/uvloop,496,2022-09-12T07:19:24Z,2022-09-13T20:50:28Z,1.5632407407407407,CLOSED,2
MagicStack/uvloop,317,2020-02-20T03:48:54Z,2022-09-09T15:00:03Z,932.4660763888888,CLOSED,16
MagicStack/uvloop,180,2018-07-06T06:23:46Z,2018-08-01T14:39:09Z,26.344016203703703,CLOSED,6
MagicStack/uvloop,136,2018-04-04T09:29:39Z,2021-02-09T15:45:15Z,1042.2608333333333,CLOSED,6
MagicStack/uvloop,305,2019-12-13T08:48:55Z,2021-02-05T20:38:13Z,420.4925694444444,CLOSED,3
MagicStack/uvloop,318,2020-02-21T19:12:59Z,2020-12-07T03:43:26Z,289.3544791666667,CLOSED,5
MagicStack/uvloop,304,2019-12-11T06:14:00Z,2020-04-28T02:46:04Z,138.85560185185184,CLOSED,9
MagicStack/uvloop,309,2020-01-16T19:21:28Z,2020-04-16T17:47:53Z,90.93501157407407,CLOSED,1
MagicStack/uvloop,319,2020-03-02T02:32:43Z,2020-04-11T01:55:29Z,39.97414351851852,CLOSED,6
MagicStack/uvloop,295,2019-10-27T21:46:40Z,2019-10-29T18:43:29Z,1.872789351851852,CLOSED,4
MagicStack/uvloop,220,2019-01-25T17:32:01Z,2019-02-11T19:29:25Z,17.08152777777778,CLOSED,17
MagicStack/uvloop,200,2018-10-01T15:50:52Z,2018-10-30T20:51:58Z,29.209097222222223,CLOSED,0
MagicStack/uvloop,197,2018-09-21T17:23:58Z,2018-10-12T03:04:19Z,20.403020833333333,CLOSED,11
MagicStack/uvloop,161,2018-06-01T13:28:56Z,2018-06-01T23:13:03Z,0.40563657407407405,CLOSED,9
MagicStack/uvloop,139,2018-04-12T05:18:06Z,2018-05-25T03:13:49Z,42.91369212962963,CLOSED,2
MagicStack/uvloop,128,2018-03-08T21:05:04Z,2018-05-25T01:16:00Z,77.17425925925926,CLOSED,3
MagicStack/uvloop,54,2016-09-30T16:27:02Z,2016-10-06T16:33:08Z,6.004236111111111,CLOSED,11
MagicStack/uvloop,29,2016-05-20T06:16:47Z,2016-05-23T10:04:39Z,3.158240740740741,CLOSED,6
MagicStack/uvloop,28,2016-05-20T01:17:57Z,2016-05-22T14:16:34Z,2.5407060185185184,CLOSED,8
MagicStack/uvloop,25,2016-05-15T23:36:43Z,2016-05-16T17:30:12Z,0.745474537037037,CLOSED,9
MagicStack/uvloop,10,2016-05-04T22:57:09Z,2016-05-05T23:12:54Z,1.0109375,CLOSED,4
MagicStack/uvloop,11,2016-05-05T12:13:23Z,2016-05-05T19:36:59Z,0.3080555555555556,CLOSED,20
agronholm/anyio,795,2024-09-27T13:10:49Z,2024-10-13T11:11:33Z,15.917175925925926,CLOSED,4
agronholm/anyio,633,2023-11-16T09:41:27Z,2024-10-12T20:31:19Z,331.4512962962963,CLOSED,14
agronholm/anyio,797,2024-10-01T09:48:59Z,2024-10-01T18:32:39Z,0.36365740740740743,CLOSED,2
agronholm/anyio,698,2024-03-13T12:56:24Z,2024-09-21T10:16:01Z,191.8886226851852,CLOSED,2
agronholm/anyio,695,2024-03-07T14:37:21Z,2024-09-21T10:16:00Z,197.81850694444444,CLOSED,20
agronholm/anyio,781,2024-09-04T09:28:40Z,2024-09-05T15:21:30Z,1.2450231481481482,CLOSED,0
agronholm/anyio,776,2024-08-30T10:28:09Z,2024-09-01T11:34:12Z,2.0458680555555557,CLOSED,2
agronholm/anyio,771,2024-08-28T06:42:11Z,2024-08-29T14:26:11Z,1.3222222222222222,CLOSED,1
agronholm/anyio,696,2024-03-07T21:44:15Z,2024-06-16T14:07:34Z,100.6828587962963,CLOSED,21
agronholm/anyio,745,2024-06-09T17:23:24Z,2024-06-10T07:36:45Z,0.5926041666666667,CLOSED,2
agronholm/anyio,677,2024-01-24T15:13:32Z,,,OPEN,2
agronholm/anyio,737,2024-05-27T14:43:15Z,2024-05-28T07:50:23Z,0.713287037037037,CLOSED,4
agronholm/anyio,693,2024-02-26T13:52:56Z,2024-05-26T21:59:14Z,90.33770833333334,CLOSED,5
agronholm/anyio,728,2024-05-09T13:19:01Z,2024-05-26T21:41:28Z,17.34892361111111,CLOSED,7
agronholm/anyio,710,2024-04-02T10:45:42Z,2024-05-26T21:25:22Z,54.444212962962965,CLOSED,4
agronholm/anyio,685,2024-02-07T22:21:56Z,2024-05-26T21:25:22Z,108.96071759259259,CLOSED,4
agronholm/anyio,731,2024-05-12T02:50:52Z,2024-05-13T09:24:03Z,1.2730439814814816,CLOSED,0
agronholm/anyio,721,2024-04-15T20:04:56Z,2024-04-25T19:44:28Z,9.985787037037037,CLOSED,2
agronholm/anyio,716,2024-04-14T14:32:27Z,2024-04-15T16:54:14Z,1.0984606481481483,CLOSED,6
agronholm/anyio,705,2024-03-27T08:32:22Z,2024-04-14T20:59:34Z,18.51888888888889,CLOSED,1
agronholm/anyio,706,2024-03-27T22:03:06Z,2024-04-05T09:36:57Z,8.481840277777778,CLOSED,7
agronholm/anyio,701,2024-03-18T15:51:07Z,2024-04-04T21:42:04Z,17.243715277777778,CLOSED,7
agronholm/anyio,700,2024-03-14T08:08:09Z,,,OPEN,1
agronholm/anyio,669,2024-01-12T09:16:38Z,2024-01-25T11:43:10Z,13.101759259259259,CLOSED,0
agronholm/anyio,560,2023-05-01T23:14:43Z,2023-12-16T11:55:18Z,228.52818287037036,CLOSED,1
agronholm/anyio,642,2023-11-27T04:20:36Z,2023-12-14T09:10:03Z,17.201006944444444,CLOSED,15
agronholm/anyio,645,2023-12-04T12:56:53Z,,,OPEN,7
agronholm/anyio,643,2023-11-27T07:02:29Z,2023-12-09T19:07:59Z,12.503819444444444,CLOSED,7
agronholm/anyio,582,2023-07-04T14:11:55Z,2023-08-30T09:18:49Z,56.796458333333334,CLOSED,27
agronholm/anyio,634,2023-11-17T03:51:52Z,2023-11-22T21:13:51Z,5.723599537037037,CLOSED,6
agronholm/anyio,619,2023-09-30T15:33:08Z,2023-11-22T11:13:52Z,52.8199537037037,CLOSED,5
agronholm/anyio,632,2023-11-16T09:05:51Z,2023-11-16T11:25:02Z,0.0966550925925926,CLOSED,9
agronholm/anyio,614,2023-09-08T07:18:08Z,,,OPEN,13
agronholm/anyio,613,2023-09-05T15:49:32Z,2023-09-06T07:08:59Z,0.6385069444444444,CLOSED,3
agronholm/anyio,603,2023-08-22T11:51:47Z,2023-08-30T21:30:35Z,8.401944444444444,CLOSED,1
agronholm/anyio,608,2023-08-30T06:21:49Z,2023-08-30T08:53:14Z,0.10515046296296296,CLOSED,0
agronholm/anyio,601,2023-08-10T08:12:32Z,2023-08-10T08:16:47Z,0.002951388888888889,CLOSED,1
agronholm/anyio,575,2023-06-05T23:03:02Z,2023-07-26T14:38:48Z,50.64983796296296,CLOSED,4
agronholm/anyio,432,2022-03-30T20:38:29Z,2023-07-25T19:11:45Z,481.9397685185185,CLOSED,4
agronholm/anyio,589,2023-07-16T08:37:49Z,2023-07-24T10:11:31Z,8.065069444444445,CLOSED,1
agronholm/anyio,554,2023-04-18T07:20:48Z,2023-07-22T17:03:39Z,95.40475694444444,CLOSED,20
agronholm/anyio,305,2021-06-04T21:43:17Z,2023-07-17T10:37:30Z,772.5376504629629,CLOSED,14
agronholm/anyio,588,2023-07-14T13:51:07Z,2023-07-14T15:13:50Z,0.05744212962962963,CLOSED,7
agronholm/anyio,579,2023-06-16T18:17:43Z,2023-06-20T11:00:39Z,3.6964814814814817,CLOSED,3
agronholm/anyio,574,2023-06-05T06:45:22Z,2023-06-05T06:57:54Z,0.008703703703703703,CLOSED,5
agronholm/anyio,565,2023-05-09T11:21:00Z,2023-05-10T19:27:34Z,1.3378935185185186,CLOSED,0
agronholm/anyio,550,2023-04-11T17:53:13Z,2023-05-01T19:21:16Z,20.061145833333335,CLOSED,17
agronholm/anyio,556,2023-04-24T14:28:01Z,2023-04-24T19:38:37Z,0.21569444444444444,CLOSED,5
agronholm/anyio,555,2023-04-19T13:29:39Z,2023-04-20T09:57:35Z,0.8527314814814815,CLOSED,5
agronholm/anyio,475,2022-10-17T16:46:09Z,2022-10-17T20:13:59Z,0.1443287037037037,CLOSED,6
agronholm/anyio,398,2021-12-03T09:20:22Z,2021-12-14T19:41:09Z,11.431099537037037,CLOSED,12
agronholm/anyio,363,2021-08-22T14:04:23Z,2021-11-21T22:19:52Z,91.34408564814815,CLOSED,8
agronholm/anyio,349,2021-07-26T07:58:00Z,2021-11-21T11:49:15Z,118.16059027777777,CLOSED,1
agronholm/anyio,387,2021-11-12T23:40:38Z,2021-11-16T08:40:13Z,3.3747106481481484,CLOSED,9
agronholm/anyio,360,2021-08-19T08:41:41Z,2021-10-10T19:01:47Z,52.430625,CLOSED,2
agronholm/anyio,376,2021-10-09T20:23:19Z,2021-10-10T14:10:34Z,0.7411458333333333,CLOSED,6
agronholm/anyio,370,2021-09-12T03:50:39Z,2021-09-19T15:17:36Z,7.477048611111111,CLOSED,7
agronholm/anyio,356,2021-08-10T16:31:41Z,2021-08-12T13:50:16Z,1.8879050925925926,CLOSED,3
agronholm/anyio,357,2021-08-10T16:47:23Z,2021-08-12T10:55:47Z,1.7558333333333334,CLOSED,11
agronholm/anyio,324,2021-06-23T23:35:52Z,,,OPEN,16
agronholm/anyio,311,2021-06-15T16:48:33Z,,,OPEN,3
agronholm/anyio,310,2021-06-15T16:41:59Z,2021-06-18T15:33:52Z,2.9526967592592595,CLOSED,2
agronholm/anyio,304,2021-06-03T01:05:47Z,2021-06-15T08:14:49Z,12.297939814814814,CLOSED,3
agronholm/anyio,286,2021-05-09T22:57:09Z,2021-05-11T17:09:07Z,1.7583101851851852,CLOSED,5
agronholm/anyio,281,2021-05-05T13:29:40Z,2021-05-08T17:29:41Z,3.166678240740741,CLOSED,19
agronholm/anyio,264,2021-04-22T22:26:19Z,2021-04-29T20:39:16Z,6.925659722222222,CLOSED,10
agronholm/anyio,265,2021-04-23T01:00:03Z,2021-04-27T17:18:58Z,4.679803240740741,CLOSED,2
agronholm/anyio,252,2021-04-06T10:27:18Z,2021-04-06T18:44:26Z,0.3452314814814815,CLOSED,6
agronholm/anyio,199,2021-02-20T12:19:44Z,2021-03-06T23:33:10Z,14.467662037037037,CLOSED,1
agronholm/anyio,200,2021-02-20T18:22:26Z,2021-02-27T00:02:37Z,6.236238425925926,CLOSED,11
agronholm/anyio,194,2021-02-11T16:21:57Z,2021-02-11T19:42:47Z,0.1394675925925926,CLOSED,2
agronholm/anyio,174,2020-12-02T08:23:33Z,2021-02-01T20:03:50Z,61.48630787037037,CLOSED,4
agronholm/anyio,186,2021-01-10T13:02:56Z,2021-01-30T14:20:52Z,20.05412037037037,CLOSED,1
agronholm/anyio,175,2020-12-04T17:09:37Z,2020-12-08T10:13:44Z,3.7111921296296297,CLOSED,0
agronholm/anyio,162,2020-09-23T11:33:18Z,2020-09-24T08:53:13Z,0.8888310185185185,CLOSED,10
agronholm/anyio,157,2020-09-14T21:51:14Z,2020-09-15T07:31:48Z,0.4031712962962963,CLOSED,0
agronholm/anyio,154,2020-08-31T09:44:37Z,2020-09-06T08:23:54Z,5.943946759259259,CLOSED,1
agronholm/anyio,146,2020-08-13T00:16:07Z,2020-08-16T18:40:39Z,3.767037037037037,CLOSED,11
agronholm/anyio,145,2020-08-07T17:37:55Z,2020-08-08T10:16:39Z,0.6935648148148148,CLOSED,4
agronholm/anyio,126,2020-07-15T14:51:20Z,2020-07-15T20:23:52Z,0.23092592592592592,CLOSED,12
agronholm/anyio,119,2020-06-15T17:54:11Z,2020-06-16T08:52:13Z,0.6236342592592593,CLOSED,11
agronholm/anyio,114,2020-06-05T20:32:04Z,2020-06-10T07:20:26Z,4.4502546296296295,CLOSED,1
agronholm/anyio,97,2020-01-03T06:39:26Z,2020-01-03T15:43:20Z,0.3777083333333333,CLOSED,2
agronholm/anyio,91,2019-12-19T18:25:00Z,2020-01-01T15:42:44Z,12.887314814814815,CLOSED,1
agronholm/anyio,88,2019-12-01T03:43:46Z,2019-12-01T22:03:18Z,0.7635648148148149,CLOSED,6
agronholm/anyio,86,2019-11-26T10:22:19Z,2019-11-27T15:07:39Z,1.1981481481481482,CLOSED,4
agronholm/anyio,82,2019-11-21T17:31:10Z,2019-11-23T17:50:08Z,2.013171296296296,CLOSED,3
agronholm/anyio,65,2019-07-12T11:11:45Z,2019-09-01T09:43:07Z,50.93844907407407,CLOSED,19
agronholm/anyio,54,2019-05-06T10:47:19Z,2019-05-06T18:28:06Z,0.3199884259259259,CLOSED,1
agronholm/anyio,34,2018-11-18T22:08:56Z,2019-05-06T18:04:14Z,168.83006944444443,CLOSED,6
agronholm/anyio,37,2018-12-06T18:17:03Z,2019-04-06T14:48:22Z,120.85508101851852,CLOSED,35
agronholm/anyio,33,2018-11-16T07:41:05Z,2018-11-17T13:35:35Z,1.2461805555555556,CLOSED,4
agronholm/anyio,30,2018-11-13T10:28:48Z,2018-11-14T08:10:48Z,0.9041666666666667,CLOSED,1
agronholm/anyio,31,2018-11-13T10:49:27Z,2018-11-13T21:13:50Z,0.433599537037037,CLOSED,1
agronholm/anyio,29,2018-11-12T08:02:04Z,2018-11-13T07:59:19Z,0.9980902777777778,CLOSED,5
agronholm/anyio,22,2018-10-21T18:08:11Z,2018-10-27T20:15:23Z,6.088333333333333,CLOSED,5
agronholm/anyio,14,2018-10-15T11:43:42Z,2018-10-21T13:31:22Z,6.0747685185185185,CLOSED,30
agronholm/anyio,21,2018-10-21T14:20:47Z,2018-10-21T21:14:24Z,0.2872337962962963,CLOSED,0
agronholm/anyio,11,2018-10-13T14:02:44Z,2018-10-14T06:58:47Z,0.7055902777777778,CLOSED,1
agronholm/anyio,1,2018-10-01T01:38:04Z,2018-10-07T18:12:40Z,6.6906944444444445,CLOSED,1
python-attrs/attrs,734,2020-12-16T10:59:53Z,,,OPEN,10
python-attrs/attrs,1038,2022-10-06T07:56:13Z,,,OPEN,6
python-attrs/attrs,1348,2024-09-18T07:03:54Z,2024-11-17T11:18:34Z,60.17685185185185,CLOSED,2
python-attrs/attrs,1327,2024-08-05T13:41:13Z,2024-08-06T11:49:44Z,0.9225810185185185,CLOSED,1
python-attrs/attrs,1326,2024-08-05T09:51:02Z,2024-08-06T11:37:36Z,1.0740046296296297,CLOSED,5
python-attrs/attrs,1295,2024-06-08T13:33:05Z,2024-08-03T11:35:22Z,55.918252314814815,CLOSED,3
python-attrs/attrs,1284,2024-05-15T14:59:02Z,2024-08-03T11:31:54Z,79.85615740740741,CLOSED,0
python-attrs/attrs,1287,2024-05-20T15:54:30Z,,,OPEN,2
python-attrs/attrs,187,2017-05-12T17:29:53Z,2024-07-24T08:14:25Z,2629.614259259259,CLOSED,14
python-attrs/attrs,244,2017-09-08T12:20:01Z,2024-07-24T08:12:50Z,2510.8283449074074,CLOSED,5
python-attrs/attrs,1230,2024-01-31T09:45:57Z,2024-04-02T05:00:30Z,61.801770833333336,CLOSED,3
python-attrs/attrs,1229,2024-01-29T16:08:08Z,2024-03-07T09:56:55Z,37.742210648148145,CLOSED,9
python-attrs/attrs,519,2019-03-15T20:50:42Z,,,OPEN,5
python-attrs/attrs,518,2019-03-13T06:54:40Z,,,OPEN,1
python-attrs/attrs,251,2017-09-25T18:49:31Z,,,OPEN,1
python-attrs/attrs,481,2018-12-27T21:34:27Z,,,OPEN,5
python-attrs/attrs,619,2020-01-27T17:03:26Z,,,OPEN,5
python-attrs/attrs,717,2020-11-13T14:57:14Z,2023-04-05T09:15:24Z,872.7626157407408,CLOSED,3
python-attrs/attrs,313,2017-12-12T18:33:12Z,2023-03-17T05:54:07Z,1920.4728587962964,CLOSED,8
python-attrs/attrs,907,2022-01-14T06:42:31Z,2022-06-24T09:55:54Z,161.13429398148148,CLOSED,13
python-attrs/attrs,948,2022-04-05T21:37:16Z,2022-04-07T05:29:25Z,1.3278819444444445,CLOSED,1
python-attrs/attrs,82,2016-09-08T15:46:16Z,2016-09-10T17:58:34Z,2.091875,CLOSED,8
python-attrs/attrs,621,2020-01-28T23:56:40Z,,,OPEN,2
python-attrs/attrs,779,2021-03-11T18:42:05Z,,,OPEN,8
python-attrs/attrs,652,2020-06-12T20:52:50Z,2021-12-28T07:46:06Z,563.4536574074074,CLOSED,1
python-attrs/attrs,883,2021-12-10T02:38:09Z,2021-12-12T09:25:51Z,2.283125,CLOSED,2
python-attrs/attrs,864,2021-11-12T03:47:08Z,,,OPEN,4
python-attrs/attrs,458,2018-10-31T18:21:34Z,2021-11-04T05:58:26Z,1099.4839351851851,CLOSED,13
python-attrs/attrs,821,2021-06-09T19:05:09Z,2021-09-22T19:58:33Z,105.03708333333333,CLOSED,2
python-attrs/attrs,799,2021-05-04T12:55:53Z,,,OPEN,2
python-attrs/attrs,741,2020-12-23T15:26:41Z,2021-01-28T21:37:35Z,36.25756944444444,CLOSED,16
python-attrs/attrs,646,2020-05-18T18:59:37Z,2020-10-19T08:22:32Z,153.5575810185185,CLOSED,8
python-attrs/attrs,767,2021-02-25T06:56:00Z,2021-06-14T17:58:34Z,109.46011574074075,CLOSED,0
python-attrs/attrs,823,2021-06-11T21:50:29Z,2021-06-12T14:06:35Z,0.6778472222222223,CLOSED,4
python-attrs/attrs,754,2021-02-03T22:49:29Z,2021-04-09T18:40:59Z,64.82743055555555,CLOSED,5
python-attrs/attrs,716,2020-11-13T11:39:14Z,2021-02-22T11:56:45Z,101.01216435185185,CLOSED,7
python-attrs/attrs,593,2019-10-24T09:40:23Z,2021-02-19T05:50:41Z,483.8404861111111,CLOSED,17
python-attrs/attrs,643,2020-05-01T21:53:50Z,,,OPEN,2
python-attrs/attrs,703,2020-10-17T18:51:12Z,2020-11-04T10:02:16Z,17.632685185185185,CLOSED,1
python-attrs/attrs,657,2020-06-29T17:51:19Z,2020-10-19T08:17:25Z,111.60145833333333,CLOSED,0
python-attrs/attrs,680,2020-08-31T21:30:30Z,2020-09-05T07:46:08Z,4.427523148148148,CLOSED,1
python-attrs/attrs,682,2020-09-01T21:44:05Z,2020-09-03T05:16:59Z,1.314513888888889,CLOSED,2
python-attrs/attrs,673,2020-08-21T16:55:16Z,2020-08-23T05:58:05Z,1.543622685185185,CLOSED,2
python-attrs/attrs,670,2020-08-20T21:09:08Z,2020-08-21T03:19:16Z,0.25703703703703706,CLOSED,3
python-attrs/attrs,428,2018-08-20T21:24:17Z,2020-04-06T09:41:53Z,594.5122222222222,CLOSED,5
python-attrs/attrs,661,2020-07-10T06:02:49Z,2020-08-13T11:49:45Z,34.24092592592593,CLOSED,1
python-attrs/attrs,604,2019-12-27T13:23:59Z,,,OPEN,4
python-attrs/attrs,102,2016-09-28T11:30:05Z,2017-08-03T15:12:57Z,309.1547685185185,CLOSED,20
python-attrs/attrs,515,2019-03-09T13:00:25Z,,,OPEN,6
python-attrs/attrs,626,2020-02-21T19:10:37Z,2020-03-13T10:38:52Z,20.644618055555554,CLOSED,4
python-attrs/attrs,589,2019-10-21T15:55:39Z,2020-03-13T05:06:16Z,143.54903935185186,CLOSED,0
python-attrs/attrs,613,2020-01-13T19:05:03Z,2020-02-10T16:16:08Z,27.88269675925926,CLOSED,3
python-attrs/attrs,494,2019-01-28T15:37:15Z,2020-02-10T16:16:08Z,378.0270023148148,CLOSED,2
python-attrs/attrs,611,2020-01-07T22:57:46Z,2020-01-13T07:46:12Z,5.366967592592593,CLOSED,0
python-attrs/attrs,609,2020-01-07T09:43:38Z,2020-01-07T17:49:29Z,0.33739583333333334,CLOSED,4
python-attrs/attrs,543,2019-06-14T18:05:24Z,2019-08-19T18:03:45Z,65.99885416666666,CLOSED,3
python-attrs/attrs,578,2019-09-24T17:32:05Z,2019-09-26T04:49:17Z,1.4702777777777778,CLOSED,5
python-attrs/attrs,561,2019-08-02T16:08:28Z,2019-09-02T07:34:58Z,30.643402777777776,CLOSED,2
python-attrs/attrs,475,2018-12-20T03:33:00Z,2019-08-22T03:01:28Z,244.97810185185185,CLOSED,2
python-attrs/attrs,491,2019-01-26T06:24:02Z,2019-08-18T14:02:24Z,204.3183101851852,CLOSED,4
python-attrs/attrs,523,2019-03-30T14:40:41Z,2019-07-23T11:19:11Z,114.86006944444445,CLOSED,2
python-attrs/attrs,509,2019-02-25T15:21:17Z,2019-06-22T08:00:08Z,116.69364583333333,CLOSED,6
python-attrs/attrs,538,2019-06-02T06:43:27Z,2019-06-04T08:35:07Z,2.0775462962962963,CLOSED,1
python-attrs/attrs,526,2019-04-19T06:07:24Z,2019-05-08T17:56:20Z,19.492314814814815,CLOSED,2
python-attrs/attrs,528,2019-05-03T13:45:34Z,,,OPEN,6
python-attrs/attrs,482,2019-01-11T17:02:23Z,2019-02-02T13:32:06Z,21.853969907407407,CLOSED,6
python-attrs/attrs,473,2018-12-16T15:38:57Z,2019-01-09T00:08:11Z,23.35363425925926,CLOSED,6
python-attrs/attrs,474,2018-12-19T00:35:10Z,2018-12-31T14:47:52Z,12.592152777777779,CLOSED,8
python-attrs/attrs,389,2018-06-05T11:57:57Z,2018-07-14T14:02:38Z,39.08658564814815,CLOSED,12
python-attrs/attrs,387,2018-06-04T17:41:21Z,2018-06-16T15:00:46Z,11.888483796296295,CLOSED,38
python-attrs/attrs,366,2018-04-10T22:02:49Z,2018-05-04T14:13:10Z,23.67385416666667,CLOSED,3
python-attrs/attrs,362,2018-03-20T16:54:00Z,2018-04-23T14:15:00Z,33.889583333333334,CLOSED,5
python-attrs/attrs,322,2018-01-12T23:43:18Z,2018-01-16T18:09:24Z,3.768125,CLOSED,1
python-attrs/attrs,285,2017-11-09T09:57:08Z,2017-11-11T06:09:18Z,1.8417824074074074,CLOSED,4
python-attrs/attrs,221,2017-07-23T16:54:40Z,2017-08-20T22:39:34Z,28.23951388888889,CLOSED,1
python-attrs/attrs,198,2017-06-01T03:03:27Z,2017-06-01T07:30:32Z,0.18547453703703703,CLOSED,1
python-attrs/attrs,136,2017-01-18T09:53:24Z,2017-02-20T06:51:34Z,32.87372685185185,CLOSED,22
python-attrs/attrs,79,2016-09-07T16:23:18Z,2016-09-10T06:02:20Z,2.568773148148148,CLOSED,13
python-attrs/attrs,65,2016-08-18T05:52:40Z,2016-08-28T05:22:38Z,9.97914351851852,CLOSED,11
python-attrs/cattrs,707,2025-12-16T19:17:46Z,2025-12-17T09:04:27Z,0.5740856481481481,CLOSED,2
python-attrs/cattrs,578,2024-09-04T16:22:00Z,2024-09-11T12:09:40Z,6.8247685185185185,CLOSED,6
python-attrs/cattrs,427,2023-09-19T16:26:38Z,,,OPEN,2
python-attrs/cattrs,430,2023-09-22T15:14:11Z,2024-06-18T15:26:23Z,270.0084722222222,CLOSED,5
python-attrs/cattrs,542,2024-06-01T01:31:56Z,2024-06-01T16:59:07Z,0.6438773148148148,CLOSED,4
python-attrs/cattrs,409,2023-08-07T08:39:14Z,,,OPEN,4
python-attrs/cattrs,429,2023-09-22T07:20:31Z,2023-12-22T15:48:21Z,91.35266203703704,CLOSED,6
python-attrs/cattrs,402,2023-08-01T04:17:02Z,2023-11-14T22:48:59Z,105.7721875,CLOSED,1
python-attrs/cattrs,374,2023-06-02T11:45:40Z,2023-10-22T23:09:36Z,142.4749537037037,CLOSED,6
python-attrs/cattrs,418,2023-08-18T14:16:00Z,2023-08-18T15:45:34Z,0.06219907407407407,CLOSED,3
python-attrs/cattrs,412,2023-08-09T13:17:28Z,2023-08-10T09:26:34Z,0.8396527777777778,CLOSED,2
python-attrs/cattrs,380,2023-06-10T16:41:37Z,2023-06-10T23:56:56Z,0.3023032407407407,CLOSED,6
python-attrs/cattrs,376,2023-06-06T12:56:54Z,2023-06-08T08:06:13Z,1.798136574074074,CLOSED,3
python-attrs/cattrs,359,2023-05-02T16:00:18Z,2023-05-23T23:20:49Z,21.30591435185185,CLOSED,2
python-attrs/cattrs,356,2023-04-25T14:46:28Z,2023-05-23T23:13:35Z,28.35216435185185,CLOSED,2
ultrajson/ultrajson,656,2025-02-23T04:58:35Z,2025-05-09T22:10:09Z,75.71636574074074,CLOSED,9
ultrajson/ultrajson,80,2013-04-19T05:58:49Z,2022-08-08T21:37:53Z,3398.6521296296296,CLOSED,10
ultrajson/ultrajson,552,2022-06-16T21:02:24Z,2022-06-20T18:15:24Z,3.884027777777778,CLOSED,9
ultrajson/ultrajson,537,2022-05-12T04:47:27Z,2022-06-01T15:13:42Z,20.434895833333332,CLOSED,6
ultrajson/ultrajson,425,2020-09-11T09:56:20Z,2020-11-06T20:58:51Z,56.460081018518515,CLOSED,0
ultrajson/ultrajson,434,2020-10-09T15:16:41Z,2020-10-09T19:01:45Z,0.1562962962962963,CLOSED,3
ultrajson/ultrajson,415,2020-06-18T12:15:13Z,2020-09-19T19:00:23Z,93.28136574074074,CLOSED,3
ultrajson/ultrajson,318,2018-11-13T16:16:46Z,2020-03-13T16:31:57Z,486.0105439814815,CLOSED,1
ultrajson/ultrajson,369,2020-03-07T20:54:50Z,2020-03-08T06:46:36Z,0.41094907407407405,CLOSED,10
jaraco/configparser,17,2017-03-14T17:08:55Z,2019-01-23T21:47:40Z,680.1935763888889,CLOSED,13
jaraco/configparser,18,2017-05-18T11:03:48Z,2019-01-23T22:29:12Z,615.4759722222223,CLOSED,2
jaraco/configparser,19,2017-08-03T14:50:48Z,2019-01-23T22:24:36Z,538.3151388888889,CLOSED,4
jaraco/configparser,14,2016-08-30T18:20:20Z,2019-01-23T22:12:03Z,876.1609143518518,CLOSED,1
jaraco/configparser,21,2018-09-22T23:08:25Z,2019-01-23T21:49:41Z,122.94532407407408,CLOSED,2
jaraco/configparser,20,2017-10-20T16:39:04Z,2019-01-23T21:48:07Z,460.21461805555555,CLOSED,1
jaraco/configparser,13,2016-05-29T16:02:50Z,2017-03-22T17:00:34Z,297.0400925925926,CLOSED,3
jaraco/configparser,15,2017-01-25T00:49:18Z,2017-01-25T01:32:52Z,0.03025462962962963,CLOSED,2
jaraco/configparser,8,2014-10-06T08:26:31Z,2016-05-21T08:22:37Z,592.9972916666667,CLOSED,7
jaraco/configparser,9,2014-10-31T15:16:19Z,2016-05-21T08:22:05Z,567.7123379629629,CLOSED,2
jaraco/configparser,10,2015-02-05T08:38:06Z,2016-05-21T08:21:45Z,470.98864583333335,CLOSED,2
jaraco/configparser,12,2016-01-25T13:36:40Z,2016-05-21T08:21:01Z,116.78079861111111,CLOSED,5
jaraco/configparser,5,2013-07-12T14:27:42Z,2014-12-17T17:57:44Z,523.1458564814815,CLOSED,4
jaraco/configparser,7,2014-10-03T11:37:21Z,2014-10-16T05:40:58Z,12.752511574074074,CLOSED,4
jaraco/configparser,6,2014-01-23T18:48:34Z,2014-09-09T19:45:33Z,229.03957175925925,CLOSED,3
jaraco/configparser,3,2011-05-13T16:17:19Z,2014-09-05T02:24:45Z,1210.4218287037038,CLOSED,2
jaraco/configparser,1,2011-05-13T16:08:37Z,2014-09-05T02:24:23Z,1210.4276157407407,CLOSED,5
jaraco/configparser,4,2012-05-13T20:26:41Z,2012-12-31T15:02:54Z,231.77515046296296,CLOSED,4
jaraco/configparser,2,2011-05-13T16:09:45Z,2011-05-13T16:12:12Z,0.0017013888888888888,CLOSED,2
theskumar/python-dotenv,35,2016-11-15T18:06:33Z,2017-03-30T10:35:37Z,134.68685185185186,CLOSED,15
theskumar/python-dotenv,157,2018-12-14T07:08:02Z,2018-12-14T08:44:17Z,0.06684027777777778,CLOSED,6
theskumar/python-dotenv,89,2018-02-07T02:27:08Z,2018-12-05T06:55:46Z,301.1865509259259,CLOSED,1
theskumar/python-dotenv,51,2017-03-26T17:57:19Z,2017-04-04T16:16:37Z,8.930069444444445,CLOSED,3
theskumar/python-dotenv,14,2015-11-03T15:11:40Z,2015-11-04T04:09:58Z,0.5404861111111111,CLOSED,3
theskumar/python-dotenv,13,2015-11-03T15:06:56Z,2015-11-04T04:09:58Z,0.5437731481481481,CLOSED,1
python-jsonschema/jsonschema,1159,2023-09-10T22:20:02Z,,,OPEN,5
python-jsonschema/jsonschema,1121,2023-07-10T18:22:40Z,2025-01-30T18:50:58Z,570.0196527777778,CLOSED,10
python-jsonschema/jsonschema,1328,2025-01-22T06:26:20Z,,,OPEN,2
python-jsonschema/jsonschema,1257,2024-05-15T12:10:41Z,,,OPEN,4
python-jsonschema/jsonschema,1126,2023-07-12T21:35:09Z,2023-07-18T08:24:01Z,5.450601851851852,CLOSED,1
python-jsonschema/jsonschema,853,2021-10-05T10:19:53Z,2021-12-19T22:56:47Z,75.525625,CLOSED,18
python-jsonschema/jsonschema,1162,2023-09-12T13:04:51Z,2023-09-20T13:57:13Z,8.036365740740742,CLOSED,2
python-jsonschema/jsonschema,1197,2023-11-30T23:49:17Z,2024-02-11T15:13:02Z,72.64149305555556,CLOSED,2
python-jsonschema/jsonschema,467,2018-09-30T13:49:53Z,,,OPEN,0
python-jsonschema/jsonschema,1157,2023-09-05T11:04:30Z,2023-10-30T12:49:19Z,55.07278935185185,CLOSED,4
python-jsonschema/jsonschema,992,2022-08-31T16:25:02Z,,,OPEN,3
python-jsonschema/jsonschema,1125,2023-07-12T20:02:20Z,2023-07-13T17:04:06Z,0.8762268518518519,CLOSED,1
python-jsonschema/jsonschema,1124,2023-07-12T12:44:44Z,2023-07-12T14:31:45Z,0.07431712962962964,CLOSED,11
python-jsonschema/jsonschema,1061,2023-03-19T18:31:22Z,,,OPEN,13
python-jsonschema/jsonschema,1107,2023-06-23T17:07:59Z,2023-06-23T17:37:23Z,0.020416666666666666,CLOSED,1
python-jsonschema/jsonschema,1088,2023-04-17T17:25:30Z,2023-06-05T19:39:21Z,49.09295138888889,CLOSED,6
python-jsonschema/jsonschema,1085,2023-04-12T16:58:48Z,2023-04-27T14:49:46Z,14.910393518518518,CLOSED,19
python-jsonschema/jsonschema,1089,2023-04-18T14:53:30Z,2023-04-25T20:22:58Z,7.228796296296296,CLOSED,7
python-jsonschema/jsonschema,1012,2022-10-28T11:08:56Z,2023-02-23T09:08:36Z,117.91643518518518,CLOSED,5
python-jsonschema/jsonschema,962,2022-06-07T08:21:01Z,2023-04-18T12:33:24Z,315.1752662037037,CLOSED,5
python-jsonschema/jsonschema,1056,2023-03-15T11:41:03Z,2023-03-28T19:48:06Z,13.338229166666666,CLOSED,4
python-jsonschema/jsonschema,1059,2023-03-16T15:18:49Z,2023-03-21T14:00:07Z,4.945347222222222,CLOSED,13
python-jsonschema/jsonschema,523,2019-01-26T23:22:58Z,2023-03-14T18:49:06Z,1507.809814814815,CLOSED,1
python-jsonschema/jsonschema,758,2020-11-20T04:35:54Z,2023-02-23T09:43:38Z,825.2137037037037,CLOSED,8
python-jsonschema/jsonschema,868,2021-10-28T09:34:21Z,2023-02-23T09:57:06Z,483.0157986111111,CLOSED,12
python-jsonschema/jsonschema,382,2017-12-07T19:11:11Z,2023-02-23T09:36:15Z,1903.6007407407408,CLOSED,10
python-jsonschema/jsonschema,828,2021-07-22T19:02:36Z,2023-02-23T09:24:05Z,580.5982523148148,CLOSED,2
python-jsonschema/jsonschema,884,2021-11-18T18:16:53Z,2023-02-23T09:18:34Z,461.6261689814815,CLOSED,5
python-jsonschema/jsonschema,941,2022-05-05T19:23:32Z,2023-02-23T09:12:08Z,293.5754166666667,CLOSED,14
python-jsonschema/jsonschema,710,2020-07-22T18:50:58Z,2023-02-23T09:06:40Z,945.5942361111111,CLOSED,10
python-jsonschema/jsonschema,649,2020-01-15T00:04:14Z,2022-11-23T15:34:28Z,1043.6459953703704,CLOSED,3
python-jsonschema/jsonschema,996,2022-09-01T08:36:19Z,2022-11-17T19:08:16Z,77.43885416666667,CLOSED,0
python-jsonschema/jsonschema,529,2019-02-23T07:19:54Z,2019-08-14T09:39:50Z,172.09717592592594,CLOSED,7
python-jsonschema/jsonschema,904,2022-01-13T09:56:56Z,2022-11-01T21:10:44Z,292.46791666666667,CLOSED,1
python-jsonschema/jsonschema,442,2018-08-03T22:45:21Z,,,OPEN,4
python-jsonschema/jsonschema,993,2022-08-31T16:28:14Z,,,OPEN,0
python-jsonschema/jsonschema,191,2015-01-06T18:08:48Z,,,OPEN,5
python-jsonschema/jsonschema,544,2019-03-21T18:45:42Z,2022-07-31T06:31:28Z,1227.4901157407407,CLOSED,0
python-jsonschema/jsonschema,373,2017-11-22T13:09:18Z,2022-07-28T06:36:33Z,1708.7272569444444,CLOSED,1
python-jsonschema/jsonschema,341,2017-06-22T13:40:59Z,2022-07-28T06:09:44Z,1861.6866319444443,CLOSED,3
python-jsonschema/jsonschema,867,2021-10-26T03:03:31Z,2022-07-25T15:15:12Z,272.5081134259259,CLOSED,5
python-jsonschema/jsonschema,367,2017-10-16T14:36:01Z,2022-07-25T10:49:37Z,1742.8427777777779,CLOSED,4
python-jsonschema/jsonschema,847,2021-10-01T08:32:04Z,2022-06-28T14:17:51Z,270.2401273148148,CLOSED,12
python-jsonschema/jsonschema,889,2021-12-07T19:02:15Z,2022-05-24T21:58:00Z,168.1220486111111,CLOSED,5
python-jsonschema/jsonschema,866,2021-10-25T22:31:58Z,2021-11-04T00:51:34Z,9.096944444444444,CLOSED,5
python-jsonschema/jsonschema,845,2021-09-30T09:22:28Z,2021-09-30T12:12:02Z,0.11775462962962963,CLOSED,6
python-jsonschema/jsonschema,842,2021-09-29T05:03:28Z,2021-09-29T20:22:44Z,0.6383796296296296,CLOSED,2
python-jsonschema/jsonschema,569,2019-06-12T15:04:19Z,2021-09-30T11:54:19Z,840.8680555555555,CLOSED,12
python-jsonschema/jsonschema,518,2019-01-14T14:41:47Z,2021-09-29T23:34:52Z,989.3701967592592,CLOSED,1
python-jsonschema/jsonschema,686,2020-05-18T14:22:23Z,2021-07-09T16:12:11Z,417.07625,CLOSED,1
python-jsonschema/jsonschema,612,2019-10-09T18:21:16Z,2021-06-17T18:05:51Z,616.9892939814815,CLOSED,11
python-jsonschema/jsonschema,743,2020-09-30T06:54:35Z,2020-10-05T00:04:23Z,4.715138888888889,CLOSED,1
python-jsonschema/jsonschema,685,2020-05-06T09:37:35Z,2020-08-20T00:00:04Z,105.59894675925926,CLOSED,8
python-jsonschema/jsonschema,696,2020-06-11T22:21:50Z,2020-06-20T16:01:14Z,8.735694444444444,CLOSED,1
python-jsonschema/jsonschema,570,2019-06-17T13:16:31Z,2019-09-08T23:51:51Z,83.4412037037037,CLOSED,11
python-jsonschema/jsonschema,611,2019-10-09T18:09:21Z,2020-02-01T20:36:53Z,115.1024537037037,CLOSED,12
python-jsonschema/jsonschema,575,2019-07-01T02:48:09Z,2019-08-02T00:46:35Z,31.915578703703705,CLOSED,8
python-jsonschema/jsonschema,509,2018-12-30T14:30:22Z,2019-01-26T23:20:53Z,27.36841435185185,CLOSED,6
python-jsonschema/jsonschema,510,2019-01-02T22:00:54Z,2019-01-03T08:17:27Z,0.4281597222222222,CLOSED,0
python-jsonschema/jsonschema,527,2019-02-16T16:33:41Z,2019-02-24T00:58:53Z,7.350833333333333,CLOSED,0
python-jsonschema/jsonschema,504,2018-12-07T12:47:49Z,,,OPEN,0
python-jsonschema/jsonschema,460,2018-09-13T12:02:11Z,2018-11-20T23:38:27Z,68.48351851851852,CLOSED,2
python-jsonschema/jsonschema,173,2014-08-06T17:15:55Z,2015-10-27T22:16:09Z,447.2084953703704,CLOSED,6
python-jsonschema/jsonschema,180,2014-09-23T14:58:35Z,2014-09-23T16:19:17Z,0.05604166666666666,CLOSED,2
python-jsonschema/jsonschema,104,2013-05-12T03:46:35Z,2013-05-13T22:39:11Z,1.7865277777777777,CLOSED,7
python-jsonschema/jsonschema,94,2013-04-19T16:49:39Z,2013-05-02T20:26:53Z,13.150856481481481,CLOSED,7
python-jsonschema/jsonschema,66,2013-02-18T07:14:58Z,2013-02-22T18:25:22Z,4.4655555555555555,CLOSED,36
python-jsonschema/jsonschema,61,2013-02-15T05:33:47Z,2013-02-18T04:45:45Z,2.9666435185185187,CLOSED,19
python-jsonschema/jsonschema,56,2013-02-04T14:15:23Z,2013-02-08T13:38:18Z,3.974247685185185,CLOSED,1
python-jsonschema/jsonschema,57,2013-02-08T05:29:08Z,2013-02-08T05:56:17Z,0.01885416666666667,CLOSED,2
python-jsonschema/jsonschema,39,2012-10-22T19:15:54Z,2012-11-18T02:40:36Z,26.308819444444445,CLOSED,0
python-jsonschema/jsonschema,43,2012-10-29T02:16:07Z,2012-11-01T00:40:58Z,2.933923611111111,CLOSED,10
python-jsonschema/jsonschema,24,2012-09-07T12:31:39Z,2012-09-24T19:11:59Z,17.27800925925926,CLOSED,14
python-jsonschema/jsonschema,30,2012-09-21T00:09:04Z,2012-09-21T01:15:27Z,0.046099537037037036,CLOSED,8
python-jsonschema/jsonschema,18,2012-07-09T19:11:36Z,2012-07-09T23:53:37Z,0.1958449074074074,CLOSED,1
python-jsonschema/jsonschema,16,2012-06-28T16:08:53Z,2012-06-28T17:23:17Z,0.051666666666666666,CLOSED,0
python-jsonschema/jsonschema,8,2012-04-23T14:54:04Z,2012-04-25T17:53:28Z,2.1245833333333333,CLOSED,4
python-jsonschema/jsonschema,2,2012-02-19T15:04:36Z,2012-02-20T08:36:44Z,0.7306481481481482,CLOSED,3
jpadilla/pyjwt,709,2021-11-01T21:13:45Z,2024-10-13T19:36:56Z,1076.9327662037037,CLOSED,10
jpadilla/pyjwt,914,2023-08-30T08:19:10Z,,,OPEN,5
jpadilla/pyjwt,603,2021-01-11T19:14:25Z,2021-03-22T08:14:47Z,69.5419212962963,CLOSED,4
jpadilla/pyjwt,593,2021-01-03T12:41:21Z,2021-01-12T03:14:37Z,8.606435185185186,CLOSED,1
jpadilla/pyjwt,82,2015-01-22T00:11:30Z,2015-01-26T00:49:19Z,4.026261574074074,CLOSED,23
jpadilla/pyjwt,351,2018-05-23T23:32:56Z,2018-05-24T02:45:57Z,0.13403935185185184,CLOSED,1
jpadilla/pyjwt,298,2017-10-12T10:35:12Z,2017-11-06T00:05:14Z,24.56252314814815,CLOSED,1
jpadilla/pyjwt,55,2014-12-31T12:08:23Z,2014-12-31T15:44:43Z,0.1502314814814815,CLOSED,4
jpadilla/pyjwt,209,2016-07-11T10:41:44Z,2017-04-17T16:02:26Z,280.22270833333334,CLOSED,1
jpadilla/pyjwt,183,2015-10-22T10:47:14Z,2015-10-23T23:02:49Z,1.5108217592592592,CLOSED,1
jpadilla/pyjwt,167,2015-06-03T19:09:33Z,2015-06-23T10:30:48Z,19.639756944444443,CLOSED,3
jpadilla/pyjwt,147,2015-04-22T03:00:19Z,2015-05-05T00:26:26Z,12.893136574074074,CLOSED,9
jpadilla/pyjwt,146,2015-04-20T07:57:00Z,2015-04-21T05:35:45Z,0.9019097222222222,CLOSED,4
jpadilla/pyjwt,121,2015-03-27T22:42:59Z,2015-03-29T19:32:00Z,1.8673726851851853,CLOSED,2
jpadilla/pyjwt,118,2015-03-26T21:30:14Z,2015-03-27T18:57:33Z,0.8939699074074074,CLOSED,9
jpadilla/pyjwt,115,2015-03-19T12:36:46Z,2015-03-19T13:11:12Z,0.023912037037037037,CLOSED,2
paramiko/paramiko,403,2014-09-23T08:28:49Z,,,OPEN,2
paramiko/paramiko,319,2014-04-28T09:42:50Z,,,OPEN,8
paramiko/paramiko,435,2014-11-12T07:27:29Z,,,OPEN,3
paramiko/paramiko,1074,2017-09-25T13:18:45Z,2017-09-26T18:58:01Z,1.235601851851852,CLOSED,3
paramiko/paramiko,915,2017-03-02T23:03:26Z,2017-09-13T17:04:54Z,194.75101851851852,CLOSED,4
paramiko/paramiko,1039,2017-08-15T16:05:56Z,2017-09-05T19:05:14Z,21.124513888888888,CLOSED,11
paramiko/paramiko,344,2014-06-07T00:29:49Z,,,OPEN,4
paramiko/paramiko,1012,2017-07-05T13:09:22Z,2017-07-13T16:20:07Z,8.132465277777778,CLOSED,6
paramiko/paramiko,990,2017-06-11T09:59:46Z,2017-06-14T23:26:19Z,3.5601041666666666,CLOSED,6
paramiko/paramiko,592,2015-09-29T23:35:04Z,,,OPEN,9
paramiko/paramiko,741,2016-05-09T16:52:22Z,2017-06-07T00:43:39Z,393.3272800925926,CLOSED,6
paramiko/paramiko,873,2017-01-12T16:43:31Z,2017-06-06T22:51:36Z,145.25561342592593,CLOSED,2
paramiko/paramiko,923,2017-03-23T11:43:34Z,2017-06-06T02:51:50Z,74.63074074074073,CLOSED,2
paramiko/paramiko,975,2017-06-01T18:40:49Z,,,OPEN,3
paramiko/paramiko,893,2017-02-10T20:35:38Z,,,OPEN,8
paramiko/paramiko,939,2017-04-12T20:00:06Z,,,OPEN,4
paramiko/paramiko,726,2016-04-19T19:34:08Z,,,OPEN,5
paramiko/paramiko,484,2015-01-30T05:05:34Z,2017-02-21T02:10:34Z,752.8784722222222,CLOSED,2
paramiko/paramiko,884,2017-02-03T21:13:22Z,,,OPEN,0
paramiko/paramiko,880,2017-01-23T22:39:37Z,,,OPEN,2
paramiko/paramiko,871,2017-01-06T14:36:19Z,2017-01-09T18:25:18Z,3.1590162037037035,CLOSED,5
paramiko/paramiko,675,2016-02-03T19:14:43Z,,,OPEN,5
paramiko/paramiko,630,2015-12-02T21:23:46Z,,,OPEN,4
paramiko/paramiko,625,2015-11-21T01:07:31Z,,,OPEN,4
paramiko/paramiko,793,2016-08-02T09:39:33Z,2016-12-07T16:45:17Z,127.29564814814815,CLOSED,2
paramiko/paramiko,779,2016-07-20T20:06:33Z,2016-12-06T03:07:55Z,138.29261574074073,CLOSED,1
paramiko/paramiko,854,2016-11-27T17:16:41Z,2016-12-06T02:03:19Z,8.365717592592592,CLOSED,1
paramiko/paramiko,663,2016-01-21T00:47:31Z,2016-12-05T19:29:47Z,319.77935185185186,CLOSED,3
paramiko/paramiko,850,2016-11-16T22:02:51Z,2016-12-02T15:46:23Z,15.738564814814815,CLOSED,8
paramiko/paramiko,856,2016-12-01T22:10:53Z,,,OPEN,0
paramiko/paramiko,843,2016-11-04T16:40:24Z,,,OPEN,4
paramiko/paramiko,835,2016-10-27T21:27:16Z,,,OPEN,3
paramiko/paramiko,831,2016-10-23T19:35:59Z,,,OPEN,1
paramiko/paramiko,826,2016-10-11T12:18:57Z,2016-10-13T18:05:21Z,2.2405555555555554,CLOSED,9
paramiko/paramiko,753,2016-05-20T18:54:42Z,,,OPEN,3
paramiko/paramiko,815,2016-09-10T16:57:36Z,,,OPEN,1
paramiko/paramiko,790,2016-07-31T20:38:19Z,,,OPEN,1
paramiko/paramiko,796,2016-08-10T15:38:04Z,2016-08-11T17:51:46Z,1.0928472222222223,CLOSED,4
paramiko/paramiko,791,2016-08-01T07:11:35Z,,,OPEN,1
paramiko/paramiko,774,2016-07-14T00:01:56Z,2016-07-26T03:41:15Z,12.152303240740741,CLOSED,4
paramiko/paramiko,758,2016-05-31T14:59:59Z,2016-07-25T19:42:39Z,55.196296296296296,CLOSED,10
paramiko/paramiko,767,2016-06-23T11:31:53Z,,,OPEN,3
paramiko/paramiko,380,2014-08-23T22:50:50Z,2016-06-12T02:22:28Z,658.1469675925925,CLOSED,6
paramiko/paramiko,537,2015-06-08T15:26:15Z,2016-06-10T21:05:33Z,368.235625,CLOSED,9
paramiko/paramiko,550,2015-06-30T18:19:16Z,,,OPEN,5
paramiko/paramiko,690,2016-02-17T21:45:28Z,,,OPEN,2
paramiko/paramiko,719,2016-04-06T22:01:45Z,2016-05-26T18:22:31Z,49.84775462962963,CLOSED,2
paramiko/paramiko,559,2015-07-16T13:03:08Z,2016-05-12T17:12:39Z,301.173275462963,CLOSED,7
paramiko/paramiko,670,2016-02-02T02:30:16Z,2016-04-26T01:40:30Z,83.96543981481481,CLOSED,8
paramiko/paramiko,730,2016-04-25T05:32:33Z,2016-04-26T00:55:43Z,0.8077546296296296,CLOSED,3
paramiko/paramiko,560,2015-07-20T09:21:13Z,2016-04-25T05:00:36Z,279.8190162037037,CLOSED,4
paramiko/paramiko,444,2014-11-19T23:23:25Z,2016-04-25T00:32:05Z,522.0476851851852,CLOSED,4
paramiko/paramiko,617,2015-11-09T23:30:38Z,2016-04-24T21:01:21Z,166.8963310185185,CLOSED,1
paramiko/paramiko,613,2015-11-06T04:11:53Z,2015-12-11T00:35:59Z,34.85006944444444,CLOSED,16
paramiko/paramiko,621,2015-11-13T13:17:15Z,2016-04-24T20:13:27Z,163.2890277777778,CLOSED,2
paramiko/paramiko,437,2014-11-13T18:24:38Z,,,OPEN,8
paramiko/paramiko,345,2014-06-09T07:03:29Z,,,OPEN,1
paramiko/paramiko,660,2016-01-17T06:37:00Z,,,OPEN,2
paramiko/paramiko,499,2015-03-16T00:13:56Z,2016-01-19T22:47:44Z,309.9401388888889,CLOSED,4
paramiko/paramiko,620,2015-11-13T11:07:41Z,,,OPEN,3
paramiko/paramiko,640,2015-12-16T18:07:06Z,,,OPEN,1
paramiko/paramiko,291,2014-03-22T13:56:31Z,,,OPEN,3
paramiko/paramiko,622,2015-11-18T18:25:15Z,2015-11-19T22:59:27Z,1.1904166666666667,CLOSED,4
paramiko/paramiko,194,2013-08-02T18:46:50Z,2015-11-04T22:53:57Z,824.1716087962963,CLOSED,9
paramiko/paramiko,412,2014-10-02T16:13:57Z,2015-11-03T23:51:29Z,397.3177314814815,CLOSED,7
paramiko/paramiko,498,2015-03-10T21:17:54Z,2015-11-03T20:52:00Z,237.9820138888889,CLOSED,4
paramiko/paramiko,552,2015-07-03T07:39:24Z,2015-10-26T18:53:32Z,115.46814814814815,CLOSED,2
paramiko/paramiko,452,2014-12-09T20:13:42Z,,,OPEN,8
paramiko/paramiko,490,2015-02-23T12:55:36Z,2015-09-30T21:18:33Z,219.34927083333332,CLOSED,2
paramiko/paramiko,353,2014-07-08T13:29:18Z,2015-09-30T21:03:12Z,449.3152083333333,CLOSED,27
paramiko/paramiko,227,2013-10-23T02:04:29Z,,,OPEN,2
paramiko/paramiko,547,2015-06-29T07:48:58Z,2015-07-30T18:06:38Z,31.428935185185185,CLOSED,2
paramiko/paramiko,530,2015-05-21T18:26:45Z,2015-05-21T19:19:46Z,0.03681712962962963,CLOSED,1
paramiko/paramiko,317,2014-04-18T15:08:48Z,,,OPEN,2
paramiko/paramiko,96,2012-10-18T09:19:02Z,,,OPEN,11
paramiko/paramiko,402,2014-09-22T18:04:57Z,2015-02-05T00:00:59Z,135.24724537037036,CLOSED,1
paramiko/paramiko,461,2014-12-23T13:46:24Z,2015-01-27T20:39:59Z,35.28721064814815,CLOSED,16
paramiko/paramiko,476,2015-01-09T14:44:45Z,,,OPEN,0
paramiko/paramiko,430,2014-11-07T09:21:45Z,2015-01-05T20:48:14Z,59.476724537037036,CLOSED,3
paramiko/paramiko,465,2014-12-27T18:15:20Z,,,OPEN,1
paramiko/paramiko,330,2014-05-20T19:15:39Z,,,OPEN,2
paramiko/paramiko,415,2014-10-06T13:36:32Z,2014-12-17T23:36:07Z,72.41637731481481,CLOSED,4
paramiko/paramiko,300,2014-04-02T09:36:47Z,,,OPEN,1
paramiko/paramiko,442,2014-11-18T17:02:31Z,,,OPEN,3
paramiko/paramiko,428,2014-11-04T16:12:15Z,2014-12-15T21:29:55Z,41.22060185185185,CLOSED,2
paramiko/paramiko,443,2014-11-19T02:06:03Z,2014-12-15T20:40:27Z,26.773888888888887,CLOSED,2
paramiko/paramiko,429,2014-11-06T10:06:21Z,2014-11-12T21:58:35Z,6.4946064814814815,CLOSED,5
paramiko/paramiko,354,2014-07-11T05:29:17Z,2014-09-08T19:54:59Z,59.60118055555556,CLOSED,4
paramiko/paramiko,411,2014-10-02T14:41:27Z,,,OPEN,1
paramiko/paramiko,388,2014-09-10T18:53:50Z,,,OPEN,1
paramiko/paramiko,405,2014-09-30T05:23:20Z,2014-09-30T20:48:07Z,0.6422106481481481,CLOSED,3
paramiko/paramiko,337,2014-05-26T14:32:27Z,2014-09-11T19:58:28Z,108.22640046296296,CLOSED,5
paramiko/paramiko,358,2014-07-16T21:47:25Z,2014-09-06T04:20:56Z,51.273275462962964,CLOSED,3
paramiko/paramiko,386,2014-09-01T05:21:00Z,,,OPEN,0
paramiko/paramiko,350,2014-06-30T00:41:18Z,2014-09-03T18:21:14Z,65.73606481481481,CLOSED,3
paramiko/paramiko,285,2014-03-17T00:07:27Z,2014-08-26T05:22:30Z,162.2187847222222,CLOSED,20
paramiko/paramiko,379,2014-08-22T11:57:03Z,,,OPEN,1
paramiko/paramiko,338,2014-05-28T04:40:40Z,2014-08-19T00:00:36Z,82.80550925925925,CLOSED,1
paramiko/paramiko,364,2014-07-25T08:45:06Z,2014-08-11T18:21:49Z,17.400497685185186,CLOSED,3
paramiko/paramiko,70,2012-06-03T00:42:08Z,,,OPEN,1
pyca/pyopenssl,68,2014-03-18T08:37:04Z,2023-10-24T14:25:00Z,3507.2416203703706,CLOSED,5
pyca/pyopenssl,741,2018-03-16T23:51:02Z,2022-04-16T07:40:38Z,1491.326111111111,CLOSED,3
pyca/pyopenssl,7,2014-01-16T13:20:57Z,2014-02-02T15:30:15Z,17.089791666666667,CLOSED,4
pyca/pyopenssl,60,2014-03-11T09:13:24Z,2014-03-11T18:15:22Z,0.37636574074074075,CLOSED,2
pyca/pyopenssl,54,2014-03-04T15:22:00Z,2014-05-06T13:01:07Z,62.90216435185185,CLOSED,3
pyca/pyopenssl,3,2014-01-10T09:44:50Z,2014-02-02T15:30:49Z,23.240266203703705,CLOSED,4
pyca/pyopenssl,178,2014-12-10T17:34:38Z,2015-01-19T12:09:27Z,39.77417824074074,CLOSED,1
pyca/pyopenssl,67,2014-03-18T08:22:22Z,2015-04-28T21:30:23Z,406.54723379629627,CLOSED,6
pyca/pyopenssl,125,2014-06-19T15:30:24Z,2015-05-06T15:11:39Z,320.9869791666667,CLOSED,0
pyca/pyopenssl,62,2014-03-11T14:34:45Z,2015-05-15T13:40:33Z,429.96236111111114,CLOSED,17
pyca/pyopenssl,142,2014-07-17T15:34:09Z,2016-05-08T20:30:25Z,661.2057407407408,CLOSED,2
pyca/pyopenssl,119,2014-06-06T15:15:33Z,2017-01-24T16:39:00Z,963.0579513888889,CLOSED,1
pyca/pyopenssl,124,2014-06-19T14:28:20Z,2017-06-30T04:54:32Z,1106.6015277777778,CLOSED,1
pyca/pyopenssl,270,2015-05-28T02:32:57Z,,,OPEN,6
boto/boto3,3272,2022-05-18T09:41:20Z,2022-05-18T09:57:00Z,0.01087962962962963,CLOSED,2
boto/boto3,3100,2021-12-25T09:06:25Z,2022-05-10T23:40:38Z,136.6070949074074,CLOSED,3
boto/boto3,3258,2022-05-05T20:35:14Z,2022-05-06T23:29:35Z,1.1210763888888888,CLOSED,5
boto/boto3,3244,2022-04-26T14:27:43Z,2022-05-03T20:55:37Z,7.269375,CLOSED,2
boto/boto3,3243,2022-04-26T13:53:23Z,2022-05-03T20:55:19Z,7.293009259259259,CLOSED,2
boto/boto3,3239,2022-04-24T03:29:33Z,2022-05-02T15:15:49Z,8.490462962962964,CLOSED,9
boto/boto3,3234,2022-04-20T14:35:22Z,2022-04-20T23:43:41Z,0.38077546296296294,CLOSED,2
boto/boto3,3225,2022-04-14T15:20:52Z,2022-04-18T12:59:14Z,3.9016435185185183,CLOSED,3
boto/boto3,3213,2022-04-04T23:35:55Z,2022-04-15T19:19:09Z,10.821689814814814,CLOSED,2
boto/boto3,3224,2022-04-14T13:01:54Z,2022-04-14T14:51:00Z,0.0757638888888889,CLOSED,1
boto/boto3,3212,2022-04-04T19:26:48Z,2022-04-13T16:34:45Z,8.880520833333334,CLOSED,6
boto/boto3,3070,2021-11-12T20:03:40Z,2022-04-12T20:20:59Z,151.01202546296295,CLOSED,3
boto/boto3,3167,2022-02-24T04:22:06Z,2022-02-24T19:56:59Z,0.6492245370370371,CLOSED,5
boto/boto3,2808,2021-04-02T02:12:24Z,2022-01-07T20:55:35Z,280.7799884259259,CLOSED,4
boto/boto3,2841,2021-04-29T11:16:49Z,2022-01-07T20:47:39Z,253.39641203703704,CLOSED,13
boto/boto3,2870,2021-05-16T19:16:45Z,2022-01-07T19:37:08Z,236.0141550925926,CLOSED,5
boto/boto3,2566,2020-08-29T12:48:57Z,2021-01-18T23:48:36Z,142.45809027777779,CLOSED,22
boto/boto3,2902,2021-06-16T13:27:49Z,2021-12-11T01:25:06Z,177.49811342592594,CLOSED,5
boto/boto3,3075,2021-11-19T14:32:41Z,2021-11-19T19:11:16Z,0.19346064814814815,CLOSED,6
boto/boto3,3028,2021-10-05T15:45:58Z,2021-11-09T23:40:13Z,35.329340277777774,CLOSED,10
boto/boto3,3065,2021-11-08T22:29:32Z,2021-11-09T18:08:03Z,0.8184143518518519,CLOSED,5
boto/boto3,3007,2021-09-22T17:02:07Z,2021-09-27T17:04:56Z,5.001956018518518,CLOSED,9
boto/boto3,3011,2021-09-26T12:05:07Z,2021-09-28T17:52:34Z,2.2412847222222223,CLOSED,6
boto/boto3,817,2016-09-21T23:25:40Z,2016-10-05T16:31:55Z,13.71267361111111,CLOSED,3
boto/boto3,894,2016-11-17T00:49:20Z,2021-09-12T20:05:38Z,1760.802986111111,CLOSED,6
boto/boto3,2905,2021-06-21T13:25:58Z,2021-06-22T18:58:56Z,1.2312268518518519,CLOSED,6
boto/boto3,2750,2021-02-01T19:27:07Z,2021-05-25T19:40:38Z,113.00938657407407,CLOSED,3
boto/boto3,2847,2021-05-05T00:15:04Z,2021-05-17T15:56:15Z,12.653599537037037,CLOSED,11
boto/boto3,2852,2021-05-06T18:05:05Z,2021-05-07T15:03:50Z,0.8741319444444444,CLOSED,5
boto/boto3,911,2016-12-09T11:10:29Z,2021-03-02T23:18:58Z,1544.5058912037036,CLOSED,2
boto/boto3,360,2015-11-13T12:29:05Z,2015-11-13T17:41:57Z,0.21726851851851853,CLOSED,3
boto/boto3,2628,2020-10-09T12:49:39Z,2021-01-19T01:26:26Z,101.52554398148148,CLOSED,2
boto/boto3,2695,2020-12-15T16:39:27Z,2020-12-18T19:59:08Z,3.1386689814814814,CLOSED,5
boto/boto3,774,2016-08-17T21:41:32Z,2020-12-18T19:53:15Z,1583.9248032407406,CLOSED,3
boto/boto3,330,2015-10-28T17:39:55Z,2015-11-30T18:33:57Z,33.037523148148146,CLOSED,5
boto/boto3,1628,2018-07-19T15:27:16Z,2020-11-18T20:13:42Z,853.1989120370371,CLOSED,2
boto/boto3,2639,2020-10-20T08:41:36Z,2020-10-24T18:19:48Z,4.401527777777778,CLOSED,1
boto/boto3,843,2016-10-11T20:10:14Z,2017-04-03T16:35:51Z,173.85112268518517,CLOSED,5
boto/boto3,925,2016-12-21T00:31:02Z,2020-08-03T18:24:02Z,1321.745138888889,CLOSED,4
boto/boto3,2284,2020-02-10T01:51:05Z,2020-02-12T20:45:10Z,2.7875578703703705,CLOSED,2
boto/boto3,2361,2020-03-30T14:02:16Z,2020-04-24T21:18:21Z,25.302835648148147,CLOSED,1
boto/boto3,2339,2020-03-12T07:47:01Z,2020-03-13T06:05:32Z,0.929525462962963,CLOSED,2
boto/boto3,1839,2019-01-15T23:05:10Z,2019-10-23T16:13:43Z,280.71427083333333,CLOSED,4
boto/boto3,2024,2019-06-26T20:49:36Z,2019-07-02T17:11:35Z,5.848599537037037,CLOSED,3
boto/boto3,1984,2019-05-30T09:51:48Z,2019-06-14T22:01:07Z,15.506469907407407,CLOSED,3
boto/boto3,1760,2018-11-06T16:00:47Z,2018-11-08T22:30:37Z,2.2707175925925926,CLOSED,5
boto/boto3,309,2015-10-19T19:18:03Z,2015-11-12T19:23:10Z,24.00355324074074,CLOSED,1
boto/boto3,1464,2018-02-25T19:40:20Z,2018-04-13T17:46:18Z,46.92081018518518,CLOSED,4
boto/boto3,1482,2018-03-14T04:31:15Z,2018-03-21T21:24:29Z,7.7036342592592595,CLOSED,2
boto/boto3,57,2015-02-07T14:34:48Z,2015-02-11T02:17:52Z,3.4882407407407405,CLOSED,10
boto/boto3,916,2016-12-16T22:19:52Z,2017-07-05T21:39:07Z,200.9717013888889,CLOSED,1
boto/boto3,1144,2017-06-20T22:56:34Z,2017-06-26T15:15:24Z,5.67974537037037,CLOSED,1
boto/boto3,716,2016-07-18T15:59:44Z,2016-08-03T23:12:05Z,16.300243055555555,CLOSED,3
boto/boto3,991,2017-02-14T14:54:41Z,2017-03-24T17:25:26Z,38.1046875,CLOSED,7
boto/boto3,367,2015-11-16T13:03:53Z,2016-02-05T22:39:05Z,81.39944444444444,CLOSED,5
boto/boto3,830,2016-10-03T23:18:14Z,2016-10-06T16:35:48Z,2.7205324074074073,CLOSED,1
boto/boto3,784,2016-08-24T02:16:05Z,2016-08-26T20:06:39Z,2.743449074074074,CLOSED,5
boto/boto3,718,2016-07-19T15:53:52Z,2016-08-04T03:24:29Z,15.479594907407407,CLOSED,4
boto/boto3,519,2016-02-29T13:38:27Z,2016-08-03T19:37:21Z,156.24923611111112,CLOSED,7
boto/boto3,686,2016-06-17T20:02:49Z,2016-07-28T19:39:24Z,40.98373842592593,CLOSED,3
boto/boto3,493,2016-02-16T14:02:14Z,2016-07-22T22:05:22Z,157.33550925925925,CLOSED,2
boto/boto3,385,2015-12-02T14:38:31Z,2016-03-30T22:01:49Z,119.30784722222222,CLOSED,1
boto/boto3,393,2015-12-10T01:39:06Z,2016-03-28T23:43:58Z,109.92004629629629,CLOSED,2
boto/boto3,483,2016-02-09T10:05:56Z,2016-03-25T17:10:13Z,45.294641203703705,CLOSED,5
boto/boto3,339,2015-11-02T19:21:02Z,2016-03-24T17:46:35Z,142.93440972222223,CLOSED,9
boto/boto3,538,2016-03-04T07:45:45Z,2016-03-04T18:26:51Z,0.4452083333333333,CLOSED,6
boto/boto3,320,2015-10-23T21:17:33Z,2016-03-03T19:14:18Z,131.91440972222222,CLOSED,4
boto/boto3,310,2015-10-19T20:14:10Z,2016-02-25T22:11:28Z,129.08145833333333,CLOSED,2
boto/boto3,319,2015-10-23T18:14:54Z,2016-02-12T04:58:35Z,111.44700231481481,CLOSED,2
boto/boto3,390,2015-12-05T08:23:04Z,2016-01-22T18:18:28Z,48.413472222222225,CLOSED,6
boto/boto3,420,2015-12-29T02:28:20Z,2016-01-26T21:57:27Z,28.811886574074073,CLOSED,1
boto/boto3,394,2015-12-10T14:59:07Z,2015-12-15T18:13:25Z,5.134930555555556,CLOSED,2
boto/boto3,228,2015-08-28T20:48:46Z,2015-09-30T23:00:48Z,33.09168981481481,CLOSED,6
boto/boto3,273,2015-09-24T16:43:26Z,2015-10-21T21:43:02Z,27.208055555555557,CLOSED,2
boto/boto3,211,2015-08-14T22:26:17Z,2015-10-20T07:02:58Z,66.35880787037037,CLOSED,4
boto/boto3,269,2015-09-23T00:04:27Z,2015-10-15T00:09:39Z,22.003611111111113,CLOSED,2
boto/boto3,163,2015-07-02T03:35:45Z,2015-10-01T17:59:13Z,91.59962962962963,CLOSED,5
boto/boto3,233,2015-08-31T18:18:32Z,2015-09-29T21:57:57Z,29.152372685185185,CLOSED,2
boto/boto3,262,2015-09-16T12:05:56Z,2015-09-21T23:26:09Z,5.472372685185185,CLOSED,2
boto/boto3,195,2015-07-29T20:16:31Z,2015-09-21T19:06:42Z,53.951516203703704,CLOSED,1
boto/boto3,164,2015-07-02T15:09:08Z,2015-08-18T00:30:33Z,46.38987268518518,CLOSED,2
boto/boto3,186,2015-07-20T14:10:56Z,2015-08-04T19:55:50Z,15.239513888888888,CLOSED,3
boto/boto3,187,2015-07-21T15:38:01Z,2015-07-31T21:02:29Z,10.225324074074074,CLOSED,1
boto/boto3,178,2015-07-15T16:40:06Z,2015-07-30T18:41:00Z,15.083958333333333,CLOSED,1
boto/boto3,171,2015-07-07T23:36:56Z,2015-07-28T15:20:51Z,20.655497685185185,CLOSED,5
boto/boto3,185,2015-07-20T02:16:13Z,2015-07-28T15:44:22Z,8.561215277777778,CLOSED,6
boto/boto3,137,2015-06-18T16:39:52Z,2015-07-28T15:06:42Z,39.93530092592592,CLOSED,4
boto/boto3,148,2015-06-24T15:10:04Z,2015-06-29T17:30:41Z,5.097650462962963,CLOSED,4
boto/boto3,102,2015-04-22T16:17:24Z,2015-06-23T17:13:07Z,62.03869212962963,CLOSED,3
boto/boto3,98,2015-04-20T13:04:33Z,2015-06-16T21:30:23Z,57.351273148148145,CLOSED,5
boto/boto3,123,2015-06-05T06:25:04Z,2015-06-11T16:25:26Z,6.416921296296296,CLOSED,6
boto/boto3,86,2015-04-13T18:13:13Z,2015-04-15T19:30:47Z,2.053865740740741,CLOSED,2
boto/boto3,65,2015-02-14T00:54:38Z,2015-03-25T17:10:27Z,39.677650462962966,CLOSED,2
boto/boto3,70,2015-03-05T18:59:23Z,2015-03-24T22:23:15Z,19.141574074074075,CLOSED,3
boto/boto3,58,2015-02-08T17:42:39Z,2015-02-12T19:16:40Z,4.065289351851852,CLOSED,4
boto/boto3,59,2015-02-08T20:43:45Z,2015-02-11T02:18:08Z,2.2322106481481483,CLOSED,3
boto/boto3,39,2014-12-04T15:39:43Z,2015-02-05T23:07:33Z,63.31099537037037,CLOSED,10
boto/boto3,30,2014-11-24T23:57:30Z,2015-02-05T23:06:29Z,72.96457175925926,CLOSED,3
boto/boto3,31,2014-11-26T22:58:41Z,2014-12-09T18:49:26Z,12.826909722222222,CLOSED,7
boto/boto3,33,2014-12-01T21:36:36Z,2014-12-03T19:23:59Z,1.9079050925925927,CLOSED,2
boto/botocore,2609,2022-02-05T20:28:15Z,2022-02-14T16:39:58Z,8.841469907407408,CLOSED,2
boto/botocore,2422,2021-06-18T20:36:00Z,2022-01-20T23:49:41Z,216.13450231481482,CLOSED,7
boto/botocore,2406,2021-06-07T22:58:02Z,2022-01-07T20:00:03Z,213.87640046296298,CLOSED,7
boto/botocore,2562,2021-11-08T21:10:37Z,2021-11-10T00:01:02Z,1.1183449074074074,CLOSED,13
boto/botocore,2530,2021-10-13T14:01:17Z,2021-10-18T17:19:19Z,5.137523148148148,CLOSED,10
boto/botocore,2519,2021-10-06T09:58:56Z,2021-10-08T21:18:07Z,2.4716550925925924,CLOSED,3
boto/botocore,2502,2021-09-28T15:01:59Z,2021-09-29T20:00:55Z,1.2075925925925926,CLOSED,17
boto/botocore,1849,2019-10-16T04:18:40Z,2021-08-31T21:46:00Z,685.7273148148148,CLOSED,4
boto/botocore,2310,2021-02-24T22:04:21Z,2021-06-02T21:42:39Z,97.98493055555555,CLOSED,10
boto/botocore,2358,2021-04-20T20:40:35Z,2021-05-12T00:50:29Z,21.173541666666665,CLOSED,7
boto/botocore,2377,2021-05-04T10:49:17Z,2021-05-07T17:54:16Z,3.295127314814815,CLOSED,5
boto/botocore,1378,2018-02-07T16:37:43Z,2018-02-20T18:17:08Z,13.069039351851853,CLOSED,2
boto/botocore,2069,2020-06-08T06:42:48Z,2020-06-21T00:20:51Z,12.734756944444445,CLOSED,6
boto/botocore,1979,2020-02-21T00:29:25Z,2020-11-17T00:08:46Z,269.98565972222224,CLOSED,9
boto/botocore,1525,2018-08-23T15:27:22Z,2020-06-04T21:23:55Z,651.2476041666666,CLOSED,3
boto/botocore,1884,2019-11-12T14:39:44Z,2020-03-13T22:40:41Z,122.33399305555555,CLOSED,1
boto/botocore,1070,2016-11-08T16:05:13Z,2016-11-15T20:13:00Z,7.172071759259259,CLOSED,11
boto/botocore,1885,2019-11-12T14:45:47Z,2019-12-30T21:25:04Z,48.27728009259259,CLOSED,9
boto/botocore,1892,2019-11-19T21:47:56Z,2019-11-20T02:53:25Z,0.2121412037037037,CLOSED,6
boto/botocore,1785,2019-07-19T13:49:20Z,2019-07-25T01:19:28Z,5.479259259259259,CLOSED,1
boto/botocore,1698,2019-03-12T16:46:19Z,2019-05-17T17:23:38Z,66.02591435185185,CLOSED,4
boto/botocore,1680,2019-02-13T08:11:53Z,2019-05-14T20:05:16Z,90.49540509259259,CLOSED,4
boto/botocore,1661,2018-12-26T13:16:42Z,2019-01-02T21:36:26Z,7.347037037037037,CLOSED,3
boto/botocore,1472,2018-06-04T23:51:33Z,2018-12-18T21:13:14Z,196.89005787037038,CLOSED,0
boto/botocore,1400,2018-03-07T21:57:11Z,2018-03-27T21:25:21Z,19.977893518518517,CLOSED,10
boto/botocore,1079,2016-11-14T04:51:12Z,2016-12-15T21:39:34Z,31.70025462962963,CLOSED,5
boto/botocore,1049,2016-10-12T10:02:17Z,2018-10-08T21:40:13Z,726.4846759259259,CLOSED,5
boto/botocore,1403,2018-03-13T23:10:20Z,2018-10-08T21:40:12Z,208.93740740740742,CLOSED,2
boto/botocore,1557,2018-09-17T23:33:49Z,2018-09-18T18:19:35Z,0.7817824074074075,CLOSED,5
boto/botocore,1370,2018-01-22T20:28:00Z,2018-08-25T03:06:01Z,214.27640046296295,CLOSED,3
boto/botocore,756,2016-01-13T19:55:08Z,2016-03-03T01:45:20Z,49.24319444444444,CLOSED,17
boto/botocore,54,2013-05-22T23:02:37Z,2013-05-22T23:03:26Z,0.0005671296296296297,CLOSED,1
boto/botocore,1413,2018-03-21T23:37:34Z,2018-03-22T15:17:34Z,0.6527777777777778,CLOSED,16
boto/botocore,978,2016-07-11T20:44:39Z,2018-01-25T21:38:35Z,563.0374537037037,CLOSED,4
boto/botocore,1304,2017-10-27T00:46:06Z,2017-10-28T00:45:11Z,0.999363425925926,CLOSED,1
boto/botocore,1268,2017-08-22T14:49:02Z,2017-08-23T17:28:59Z,1.1110763888888888,CLOSED,1
boto/botocore,1254,2017-07-30T05:28:45Z,2017-08-04T20:29:38Z,5.625613425925926,CLOSED,1
boto/botocore,1063,2016-10-28T11:12:09Z,2017-08-03T16:24:14Z,279.216724537037,CLOSED,4
boto/botocore,1169,2017-03-22T05:35:54Z,2017-04-21T00:29:42Z,29.78736111111111,CLOSED,3
boto/botocore,1163,2017-03-14T15:10:21Z,2017-03-28T20:50:17Z,14.236064814814815,CLOSED,2
boto/botocore,1084,2016-11-15T15:13:22Z,2017-01-07T19:18:54Z,53.17050925925926,CLOSED,4
boto/botocore,857,2016-03-30T19:33:54Z,2016-03-30T22:54:12Z,0.13909722222222223,CLOSED,3
boto/botocore,976,2016-07-08T16:00:09Z,2016-07-27T17:47:30Z,19.074548611111112,CLOSED,1
boto/botocore,906,2016-05-03T04:56:54Z,2016-05-16T21:44:56Z,13.700023148148148,CLOSED,1
boto/botocore,868,2016-04-06T16:06:46Z,2016-04-25T16:48:25Z,19.02892361111111,CLOSED,3
boto/botocore,869,2016-04-07T14:29:30Z,2016-04-14T21:12:29Z,7.279849537037037,CLOSED,2
boto/botocore,862,2016-03-31T23:43:17Z,2016-04-07T16:39:58Z,6.706030092592592,CLOSED,0
boto/botocore,838,2016-03-08T01:17:42Z,2016-03-25T21:13:56Z,17.830717592592592,CLOSED,1
boto/botocore,791,2016-02-11T19:35:15Z,2016-03-24T21:05:24Z,42.06260416666667,CLOSED,1
boto/botocore,772,2016-01-27T18:06:42Z,2016-03-23T16:56:20Z,55.95113425925926,CLOSED,8
boto/botocore,819,2016-03-02T00:28:14Z,2016-03-04T18:27:54Z,2.7497685185185183,CLOSED,0
boto/botocore,760,2016-01-14T23:00:02Z,2016-02-25T22:39:21Z,41.98563657407407,CLOSED,11
boto/botocore,762,2016-01-19T12:23:32Z,2016-01-21T18:35:55Z,2.258599537037037,CLOSED,3
boto/botocore,708,2015-11-02T03:42:32Z,2016-01-12T20:09:06Z,71.68511574074074,CLOSED,4
boto/botocore,745,2015-12-22T23:52:18Z,2015-12-30T21:34:44Z,7.904467592592592,CLOSED,1
boto/botocore,602,2015-07-09T13:39:12Z,2015-12-15T01:00:58Z,158.47344907407407,CLOSED,3
boto/botocore,698,2015-10-23T21:09:25Z,2015-11-12T19:23:10Z,19.92621527777778,CLOSED,2
boto/botocore,470,2015-02-25T16:50:55Z,2015-11-05T03:37:11Z,252.4487962962963,CLOSED,19
boto/botocore,663,2015-09-28T19:55:30Z,2015-10-21T22:59:00Z,23.127430555555556,CLOSED,1
boto/botocore,656,2015-09-23T22:11:50Z,2015-09-24T00:53:39Z,0.11237268518518519,CLOSED,4
boto/botocore,611,2015-07-28T15:13:18Z,2015-09-18T21:46:05Z,52.2727662037037,CLOSED,1
boto/botocore,625,2015-08-11T22:46:01Z,2015-08-15T01:18:12Z,3.1056828703703703,CLOSED,2
boto/botocore,539,2015-05-22T15:06:23Z,2015-06-24T23:49:09Z,33.36303240740741,CLOSED,4
boto/botocore,509,2015-04-03T14:49:12Z,2015-06-18T20:48:16Z,76.24935185185186,CLOSED,2
boto/botocore,532,2015-05-07T21:10:30Z,2015-06-18T05:48:02Z,41.359398148148145,CLOSED,2
boto/botocore,395,2014-12-01T23:37:07Z,2015-06-17T21:50:33Z,197.92599537037037,CLOSED,1
boto/botocore,494,2015-03-18T11:20:52Z,2015-06-12T22:41:57Z,86.47297453703703,CLOSED,6
boto/botocore,553,2015-06-09T17:35:06Z,2015-06-10T19:30:22Z,1.0800462962962962,CLOSED,0
boto/botocore,468,2015-02-24T00:56:07Z,2015-02-27T00:21:44Z,2.976122685185185,CLOSED,0
boto/botocore,392,2014-11-28T11:39:14Z,2014-12-09T01:46:24Z,10.588310185185184,CLOSED,1
boto/botocore,385,2014-11-20T00:36:38Z,2014-12-02T01:40:48Z,12.044560185185185,CLOSED,2
boto/botocore,378,2014-11-17T19:54:25Z,2014-11-20T01:09:50Z,2.2190393518518516,CLOSED,0
boto/botocore,330,2014-08-05T05:05:47Z,2014-10-20T23:32:48Z,76.76876157407408,CLOSED,2
boto/botocore,352,2014-10-15T19:20:44Z,2014-10-16T18:48:22Z,0.9775231481481481,CLOSED,0
boto/botocore,280,2014-05-08T16:27:03Z,2014-06-06T20:15:26Z,29.158599537037038,CLOSED,3
boto/botocore,191,2013-12-12T07:31:08Z,2014-03-13T22:28:10Z,91.62293981481481,CLOSED,2
boto/botocore,188,2013-12-10T01:39:07Z,2014-03-12T18:46:22Z,92.71336805555555,CLOSED,0
boto/botocore,243,2014-02-28T15:34:20Z,2014-03-05T19:28:16Z,5.1624537037037035,CLOSED,0
boto/botocore,214,2014-01-15T17:26:05Z,2014-03-03T21:26:43Z,47.16710648148148,CLOSED,0
boto/botocore,175,2013-11-08T10:17:06Z,2013-11-08T15:00:16Z,0.19664351851851852,CLOSED,0
boto/botocore,173,2013-11-08T09:56:26Z,2013-11-08T14:58:53Z,0.21003472222222222,CLOSED,0
boto/botocore,82,2013-07-19T01:18:32Z,2013-10-01T18:00:00Z,74.69546296296296,CLOSED,3
boto/botocore,139,2013-09-27T12:05:39Z,2013-09-27T19:32:39Z,0.3104166666666667,CLOSED,0
boto/botocore,85,2013-07-22T21:41:31Z,2013-07-25T17:30:27Z,2.825648148148148,CLOSED,1
boto/botocore,62,2013-06-12T12:16:09Z,2013-07-18T14:28:45Z,36.092083333333335,CLOSED,1
boto/botocore,51,2013-05-15T19:54:44Z,2013-07-11T13:16:10Z,56.72321759259259,CLOSED,2
boto/botocore,65,2013-06-17T23:34:58Z,2013-06-20T18:31:07Z,2.7889930555555558,CLOSED,0
boto/botocore,61,2013-06-12T12:12:25Z,2013-06-12T13:13:41Z,0.0425462962962963,CLOSED,0
boto/botocore,48,2013-05-11T13:18:57Z,2013-05-11T13:37:26Z,0.012835648148148148,CLOSED,0
boto/botocore,43,2013-04-29T17:00:52Z,2013-04-29T19:29:42Z,0.10335648148148148,CLOSED,1
boto/botocore,35,2013-04-10T17:39:38Z,2013-04-10T18:01:13Z,0.014988425925925926,CLOSED,0
boto/botocore,34,2013-03-20T16:14:22Z,2013-03-20T16:48:21Z,0.023599537037037037,CLOSED,0
boto/botocore,29,2013-02-21T05:37:54Z,2013-02-21T05:38:44Z,0.0005787037037037037,CLOSED,0
boto/botocore,28,2013-02-21T01:14:03Z,2013-02-21T01:28:05Z,0.00974537037037037,CLOSED,0
boto/botocore,26,2013-02-07T13:25:12Z,2013-02-07T13:54:11Z,0.020127314814814813,CLOSED,0
boto/botocore,25,2013-02-06T20:33:33Z,2013-02-06T21:56:16Z,0.05744212962962963,CLOSED,0
boto/botocore,23,2013-02-06T14:27:23Z,2013-02-06T14:27:46Z,0.0002662037037037037,CLOSED,0
boto/botocore,17,2013-01-31T18:05:00Z,2013-01-31T18:09:24Z,0.0030555555555555557,CLOSED,0
boto/botocore,6,2013-01-04T19:03:09Z,2013-01-26T00:44:09Z,21.236805555555556,CLOSED,1
boto/botocore,8,2013-01-10T14:38:53Z,2013-01-10T14:41:52Z,0.0020717592592592593,CLOSED,0
Azure/azure-sdk-for-python,22445,2022-01-11T17:05:03Z,2022-06-24T08:03:55Z,163.62421296296296,CLOSED,4
Azure/azure-sdk-for-python,22487,2022-01-13T17:30:14Z,2022-01-14T22:25:00Z,1.2046990740740742,CLOSED,2
Azure/azure-sdk-for-python,22486,2022-01-13T11:01:10Z,2022-02-10T08:02:51Z,27.87616898148148,CLOSED,3
Azure/azure-sdk-for-python,22514,2022-01-14T19:54:45Z,2022-02-09T05:17:47Z,25.39099537037037,CLOSED,6
Azure/azure-sdk-for-python,22523,2022-01-15T03:33:14Z,2022-07-12T22:04:16Z,178.77155092592594,CLOSED,6
Azure/azure-sdk-for-python,22529,2022-01-18T10:04:09Z,2022-03-06T22:02:43Z,47.49900462962963,CLOSED,12
Azure/azure-sdk-for-python,22670,2022-01-21T16:34:24Z,2022-03-21T20:21:37Z,59.157789351851854,CLOSED,0
Azure/azure-sdk-for-python,22769,2022-01-25T20:36:34Z,2022-03-31T21:27:25Z,65.0353125,CLOSED,0
Azure/azure-sdk-for-python,22784,2022-01-26T10:33:57Z,2022-04-08T04:02:44Z,71.72832175925926,CLOSED,7
Azure/azure-sdk-for-python,22787,2022-01-26T17:36:55Z,2022-01-27T19:45:31Z,1.0893055555555555,CLOSED,0
Azure/azure-sdk-for-python,22821,2022-01-28T11:45:09Z,2022-02-01T23:38:40Z,4.495497685185185,CLOSED,5
Azure/azure-sdk-for-python,22860,2022-02-01T07:09:27Z,2022-02-14T22:11:52Z,13.626678240740741,CLOSED,10
Azure/azure-sdk-for-python,22862,2022-02-01T10:44:59Z,2022-02-25T08:02:50Z,23.887395833333333,CLOSED,8
Azure/azure-sdk-for-python,22861,2022-02-01T09:14:45Z,2022-03-10T17:35:15Z,37.347569444444446,CLOSED,7
Azure/azure-sdk-for-python,22934,2022-02-05T05:01:56Z,2022-03-11T08:02:50Z,34.125625,CLOSED,4
Azure/azure-sdk-for-python,22941,2022-02-07T16:42:05Z,2022-02-11T21:22:32Z,4.194756944444444,CLOSED,3
Azure/azure-sdk-for-python,23006,2022-02-10T10:59:09Z,2022-03-10T17:36:24Z,28.275868055555556,CLOSED,5
Azure/azure-sdk-for-python,23008,2022-02-10T14:20:55Z,2022-02-16T18:47:44Z,6.185289351851852,CLOSED,6
Azure/azure-sdk-for-python,23049,2022-02-14T11:56:09Z,2022-04-15T20:35:29Z,60.36064814814815,CLOSED,1
Azure/azure-sdk-for-python,23131,2022-02-18T14:50:33Z,2022-03-01T18:18:37Z,11.144490740740741,CLOSED,2
Azure/azure-sdk-for-python,23138,2022-02-18T19:49:52Z,2022-02-25T16:53:27Z,6.877488425925926,CLOSED,8
Azure/azure-sdk-for-python,23160,2022-02-21T16:20:07Z,2022-04-04T04:02:44Z,41.48792824074074,CLOSED,5
Azure/azure-sdk-for-python,23196,2022-02-24T18:08:04Z,2022-03-04T21:38:29Z,8.146122685185185,CLOSED,0
Azure/azure-sdk-for-python,23264,2022-03-01T20:58:10Z,2022-03-08T20:50:41Z,6.99480324074074,CLOSED,3
Azure/azure-sdk-for-python,23281,2022-03-02T17:54:05Z,2022-03-28T15:57:47Z,25.91923611111111,CLOSED,0
Azure/azure-sdk-for-python,23304,2022-03-03T13:18:06Z,2022-03-07T14:00:44Z,4.029606481481482,CLOSED,3
Azure/azure-sdk-for-python,23385,2022-03-08T00:55:28Z,2022-03-24T03:26:17Z,16.104733796296298,CLOSED,4
Azure/azure-sdk-for-python,23467,2022-03-10T15:43:07Z,2022-03-14T17:46:16Z,4.085520833333334,CLOSED,2
Azure/azure-sdk-for-python,23494,2022-03-14T14:01:38Z,2022-05-12T11:45:26Z,58.90541666666667,CLOSED,7
Azure/azure-sdk-for-python,23561,2022-03-17T11:30:55Z,2022-05-28T04:02:44Z,71.68876157407408,CLOSED,7
Azure/azure-sdk-for-python,23543,2022-03-16T19:29:00Z,2022-04-04T18:59:20Z,18.97939814814815,CLOSED,0
Azure/azure-sdk-for-python,23588,2022-03-21T09:02:08Z,2022-04-14T08:02:49Z,23.95880787037037,CLOSED,3
Azure/azure-sdk-for-python,23623,2022-03-23T10:32:47Z,2022-05-03T08:02:55Z,40.89592592592592,CLOSED,12
Azure/azure-sdk-for-python,23721,2022-03-29T02:10:03Z,2022-03-30T17:20:30Z,1.6322569444444444,CLOSED,14
Azure/azure-sdk-for-python,23744,2022-03-30T10:32:32Z,2022-07-29T22:03:58Z,121.48016203703703,CLOSED,16
Azure/azure-sdk-for-python,23794,2022-04-02T00:12:58Z,2022-06-28T08:03:54Z,87.32703703703703,CLOSED,12
Azure/azure-sdk-for-python,23834,2022-04-06T11:34:31Z,2022-04-14T00:28:27Z,7.5374537037037035,CLOSED,3
Azure/azure-sdk-for-python,23843,2022-04-06T18:42:20Z,2022-04-18T21:08:35Z,12.1015625,CLOSED,0
Azure/azure-sdk-for-python,23934,2022-04-11T17:38:59Z,2022-05-11T18:02:52Z,30.016585648148148,CLOSED,1
Azure/azure-sdk-for-python,23972,2022-04-13T16:00:18Z,2022-05-04T16:14:13Z,21.009664351851853,CLOSED,4
Azure/azure-sdk-for-python,24085,2022-04-19T18:51:53Z,2022-04-20T18:33:43Z,0.9873842592592592,CLOSED,9
Azure/azure-sdk-for-python,24128,2022-04-21T17:24:02Z,2022-05-06T16:02:43Z,14.943530092592592,CLOSED,8
Azure/azure-sdk-for-python,24129,2022-04-21T19:22:05Z,2022-04-22T04:54:16Z,0.397349537037037,CLOSED,2
Azure/azure-sdk-for-python,24156,2022-04-23T19:06:53Z,2022-04-28T20:17:39Z,5.049143518518519,CLOSED,7
Azure/azure-sdk-for-python,24155,2022-04-23T14:30:05Z,2022-04-26T00:55:03Z,2.4340046296296296,CLOSED,4
Azure/azure-sdk-for-python,24189,2022-04-26T12:42:46Z,2022-05-25T23:02:10Z,29.430138888888887,CLOSED,13
Azure/azure-sdk-for-python,24267,2022-05-02T15:27:46Z,2022-05-03T14:52:45Z,0.9756828703703704,CLOSED,5
Azure/azure-sdk-for-python,24327,2022-05-06T11:01:35Z,2022-06-15T08:05:45Z,39.87789351851852,CLOSED,4
Azure/azure-sdk-for-python,24420,2022-05-12T11:49:48Z,2022-05-23T15:48:47Z,11.165960648148149,CLOSED,7
Azure/azure-sdk-for-python,24421,2022-05-12T13:33:29Z,2022-06-11T08:03:50Z,29.77107638888889,CLOSED,6
Azure/azure-sdk-for-python,24446,2022-05-14T05:48:57Z,2022-05-26T19:21:20Z,12.564155092592593,CLOSED,3
Azure/azure-sdk-for-python,24451,2022-05-16T03:08:05Z,2022-05-24T09:23:01Z,8.26037037037037,CLOSED,2
Azure/azure-sdk-for-python,24458,2022-05-16T06:10:03Z,2022-06-09T08:03:01Z,24.078449074074076,CLOSED,8
Azure/azure-sdk-for-python,24483,2022-05-17T13:25:13Z,2022-05-20T20:40:13Z,3.3020833333333335,CLOSED,6
Azure/azure-sdk-for-python,24503,2022-05-18T09:31:37Z,2022-05-26T05:25:32Z,7.829108796296296,CLOSED,6
Azure/azure-sdk-for-python,24606,2022-05-26T09:59:15Z,2022-06-24T22:03:51Z,29.503194444444443,CLOSED,5
Azure/azure-sdk-for-python,24636,2022-05-27T22:24:28Z,2022-10-27T22:06:34Z,152.98756944444443,CLOSED,8
Azure/azure-sdk-for-python,24643,2022-05-30T20:44:49Z,2022-07-15T22:04:19Z,46.05520833333333,CLOSED,23
Azure/azure-sdk-for-python,24662,2022-06-01T17:07:28Z,2022-06-09T18:22:59Z,8.052442129629629,CLOSED,4
Azure/azure-sdk-for-python,24661,2022-06-01T11:28:18Z,2022-07-15T19:37:19Z,44.33959490740741,CLOSED,18
Azure/azure-sdk-for-python,24663,2022-06-01T17:32:22Z,2022-06-30T22:03:39Z,29.188391203703702,CLOSED,11
Azure/azure-sdk-for-python,24695,2022-06-03T06:45:21Z,2022-06-21T05:49:58Z,17.96153935185185,CLOSED,10
Azure/azure-sdk-for-python,24696,2022-06-03T10:25:30Z,2022-06-24T03:28:25Z,20.710358796296298,CLOSED,6
Azure/azure-sdk-for-python,24704,2022-06-03T19:28:54Z,2022-06-13T22:03:59Z,10.107696759259259,CLOSED,7
Azure/azure-sdk-for-python,24903,2022-06-20T05:34:38Z,2022-07-01T19:26:33Z,11.577719907407408,CLOSED,5
Azure/azure-sdk-for-python,24898,2022-06-17T17:51:35Z,2022-08-13T08:03:47Z,56.59180555555555,CLOSED,5
Azure/azure-sdk-for-python,24915,2022-06-21T00:29:10Z,2022-09-14T08:04:52Z,85.31645833333333,CLOSED,9
Azure/azure-sdk-for-python,24928,2022-06-21T18:26:37Z,2022-06-30T22:03:36Z,9.150682870370371,CLOSED,4
Azure/azure-sdk-for-python,24943,2022-06-22T07:48:47Z,2022-06-29T22:07:21Z,7.596226851851852,CLOSED,0
Azure/azure-sdk-for-python,24948,2022-06-22T21:00:35Z,2022-06-23T15:26:42Z,0.7681365740740741,CLOSED,5
Azure/azure-sdk-for-python,24958,2022-06-23T08:18:33Z,2022-07-15T19:50:32Z,22.480543981481482,CLOSED,3
Azure/azure-sdk-for-python,24957,2022-06-23T07:41:15Z,2022-07-06T04:03:49Z,12.84900462962963,CLOSED,6
Azure/azure-sdk-for-python,24959,2022-06-23T13:00:26Z,2022-07-15T22:04:16Z,22.377662037037037,CLOSED,7
Azure/azure-sdk-for-python,25092,2022-07-06T03:14:32Z,2022-08-18T10:03:47Z,43.28420138888889,CLOSED,8
Azure/azure-sdk-for-python,25387,2022-07-25T12:57:06Z,2022-07-26T18:04:12Z,1.213263888888889,CLOSED,5
Azure/azure-sdk-for-python,25405,2022-07-26T10:43:56Z,2022-08-29T18:43:44Z,34.333194444444445,CLOSED,3
Azure/azure-sdk-for-python,25469,2022-07-29T12:45:31Z,2022-12-09T17:24:56Z,133.19403935185184,CLOSED,9
Azure/azure-sdk-for-python,25477,2022-07-30T06:27:43Z,2022-08-24T00:56:08Z,24.769733796296297,CLOSED,3
Azure/azure-sdk-for-python,25533,2022-08-03T18:18:30Z,2022-08-24T00:58:39Z,20.277881944444445,CLOSED,0
Azure/azure-sdk-for-python,25772,2022-08-18T18:04:14Z,2022-10-20T21:33:02Z,63.145,CLOSED,5
Azure/azure-sdk-for-python,25857,2022-08-25T05:18:16Z,2022-09-21T08:05:03Z,27.11582175925926,CLOSED,7
Azure/azure-sdk-for-python,25861,2022-08-25T07:35:16Z,2022-08-26T16:04:00Z,1.3532870370370371,CLOSED,14
Azure/azure-sdk-for-python,25954,2022-08-30T02:59:27Z,2022-09-07T19:20:06Z,8.681006944444444,CLOSED,6
Azure/azure-sdk-for-python,26028,2022-09-04T11:04:42Z,2022-09-08T18:00:02Z,4.288425925925926,CLOSED,2
Azure/azure-sdk-for-python,26332,2022-09-20T14:26:39Z,2022-10-14T22:04:17Z,24.317800925925926,CLOSED,6
Azure/azure-sdk-for-python,26433,2022-09-24T20:54:17Z,2022-12-25T08:03:15Z,91.46456018518519,CLOSED,7
Azure/azure-sdk-for-python,26443,2022-09-26T07:13:44Z,2022-10-20T18:44:25Z,24.479641203703704,CLOSED,3
Azure/azure-sdk-for-python,26450,2022-09-26T19:28:35Z,2022-09-26T21:22:35Z,0.07916666666666666,CLOSED,3
Azure/azure-sdk-for-python,26477,2022-09-27T16:38:53Z,2022-12-23T08:03:18Z,86.64195601851851,CLOSED,8
Azure/azure-sdk-for-python,26506,2022-09-28T14:24:53Z,2022-10-17T01:52:11Z,18.477291666666666,CLOSED,9
Azure/azure-sdk-for-python,26720,2022-10-09T13:21:08Z,2022-10-14T19:57:00Z,5.274907407407407,CLOSED,0
Azure/azure-sdk-for-python,26784,2022-10-12T16:28:37Z,2022-10-18T17:04:47Z,6.02511574074074,CLOSED,6
Azure/azure-sdk-for-python,26857,2022-10-17T15:53:34Z,2022-10-26T20:42:25Z,9.200590277777778,CLOSED,5
Azure/azure-sdk-for-python,26951,2022-10-20T14:16:20Z,2022-11-29T04:03:28Z,39.57439814814815,CLOSED,7
Azure/azure-sdk-for-python,26982,2022-10-21T19:05:39Z,2022-10-26T17:55:53Z,4.951550925925926,CLOSED,5
Azure/azure-sdk-for-python,26997,2022-10-24T07:08:38Z,2022-11-28T21:09:20Z,35.583819444444444,CLOSED,13
Azure/azure-sdk-for-python,27023,2022-10-25T07:39:48Z,2022-11-28T21:09:56Z,34.562592592592594,CLOSED,6
Azure/azure-sdk-for-python,27038,2022-10-25T21:51:05Z,2022-12-06T21:21:07Z,41.979189814814816,CLOSED,18
Azure/azure-sdk-for-python,27058,2022-10-26T08:10:12Z,2022-11-01T16:33:14Z,6.349328703703704,CLOSED,3
Azure/azure-sdk-for-python,27068,2022-10-26T15:08:37Z,2022-12-01T10:14:00Z,35.795405092592596,CLOSED,7
fabric/fabric,314,2011-08-19T02:00:34Z,2011-08-19T02:12:10Z,0.008055555555555555,CLOSED,4
fabric/fabric,313,2011-08-19T02:00:34Z,2011-08-19T02:12:10Z,0.008055555555555555,CLOSED,1
fabric/fabric,311,2011-08-19T02:00:32Z,2011-08-19T02:12:09Z,0.008067129629629629,CLOSED,4
fabric/fabric,310,2011-08-19T02:00:32Z,2011-08-19T02:12:09Z,0.008067129629629629,CLOSED,2
fabric/fabric,309,2011-08-19T02:00:31Z,2011-08-19T02:12:08Z,0.008067129629629629,CLOSED,6
fabric/fabric,308,2011-08-19T02:00:31Z,2011-08-19T02:12:08Z,0.008067129629629629,CLOSED,3
fabric/fabric,306,2011-08-19T02:00:29Z,2012-02-27T18:29:31Z,192.6868287037037,CLOSED,11
fabric/fabric,305,2011-08-19T02:00:28Z,2011-08-19T02:12:07Z,0.008090277777777778,CLOSED,2
fabric/fabric,303,2011-08-19T02:00:27Z,2011-08-31T20:46:29Z,12.781967592592592,CLOSED,9
fabric/fabric,302,2011-08-19T02:00:26Z,2011-08-19T02:12:07Z,0.008113425925925927,CLOSED,1
fabric/fabric,301,2011-08-19T02:00:25Z,2011-08-19T02:12:06Z,0.008113425925925927,CLOSED,2
fabric/fabric,300,2011-08-19T02:00:24Z,2011-08-19T02:12:06Z,0.008125,CLOSED,2
fabric/fabric,296,2011-08-19T02:00:22Z,2011-08-19T02:12:05Z,0.008136574074074074,CLOSED,2
fabric/fabric,295,2011-08-19T02:00:22Z,2011-08-19T02:12:05Z,0.008136574074074074,CLOSED,2
fabric/fabric,294,2011-08-19T02:00:21Z,2011-08-19T02:12:04Z,0.008136574074074074,CLOSED,4
fabric/fabric,293,2011-08-19T02:00:20Z,2011-08-19T02:12:04Z,0.008148148148148147,CLOSED,4
fabric/fabric,287,2011-08-19T02:00:15Z,2011-08-19T02:12:02Z,0.00818287037037037,CLOSED,6
fabric/fabric,286,2011-08-19T02:00:14Z,2011-08-19T02:12:02Z,0.008194444444444445,CLOSED,1
fabric/fabric,284,2011-08-19T02:00:13Z,2011-08-19T02:12:02Z,0.008206018518518519,CLOSED,2
fabric/fabric,273,2011-08-19T02:00:05Z,2011-08-19T02:11:59Z,0.008263888888888888,CLOSED,5
fabric/fabric,268,2011-08-19T02:00:01Z,2011-08-19T02:11:59Z,0.008310185185185184,CLOSED,2
fabric/fabric,265,2011-08-19T01:59:59Z,2011-08-19T02:11:58Z,0.00832175925925926,CLOSED,12
fabric/fabric,264,2011-08-19T01:59:58Z,2011-08-19T02:11:58Z,0.008333333333333333,CLOSED,10
fabric/fabric,261,2011-08-19T01:59:56Z,2011-08-19T02:11:57Z,0.008344907407407407,CLOSED,2
fabric/fabric,258,2011-08-19T01:59:54Z,2011-08-19T02:11:56Z,0.008356481481481482,CLOSED,18
fabric/fabric,252,2011-08-19T01:59:39Z,2011-09-01T22:15:31Z,13.844351851851853,CLOSED,2
fabric/fabric,248,2011-08-19T01:59:29Z,2011-08-19T02:11:54Z,0.008622685185185185,CLOSED,1
fabric/fabric,247,2011-08-19T01:59:29Z,2011-11-15T20:37:30Z,88.77640046296297,CLOSED,1
fabric/fabric,243,2011-08-19T01:59:26Z,2011-08-19T02:11:53Z,0.008645833333333333,CLOSED,3
fabric/fabric,242,2011-08-19T01:59:26Z,2011-08-19T02:11:53Z,0.008645833333333333,CLOSED,4
fabric/fabric,240,2011-08-19T01:59:25Z,,,OPEN,0
fabric/fabric,235,2011-08-19T01:59:22Z,2011-08-19T02:11:52Z,0.008680555555555556,CLOSED,9
fabric/fabric,233,2011-08-19T01:59:21Z,2011-08-19T02:11:52Z,0.00869212962962963,CLOSED,1
fabric/fabric,231,2011-08-19T01:59:20Z,2011-08-19T02:11:51Z,0.00869212962962963,CLOSED,2
fabric/fabric,230,2011-08-19T01:59:19Z,2011-08-19T02:11:51Z,0.008703703703703703,CLOSED,2
fabric/fabric,223,2011-08-19T01:59:16Z,2011-08-19T02:11:49Z,0.008715277777777778,CLOSED,2
fabric/fabric,220,2011-08-19T01:59:15Z,2011-08-19T02:11:48Z,0.008715277777777778,CLOSED,6
fabric/fabric,219,2011-08-19T01:59:14Z,2011-08-19T02:11:48Z,0.008726851851851852,CLOSED,1
fabric/fabric,214,2011-08-19T01:59:12Z,2011-10-23T08:26:33Z,65.26899305555555,CLOSED,6
fabric/fabric,212,2011-08-19T01:59:11Z,2011-08-19T02:11:46Z,0.008738425925925926,CLOSED,1
fabric/fabric,211,2011-08-19T01:59:10Z,2012-02-13T20:14:41Z,178.76077546296295,CLOSED,6
fabric/fabric,210,2011-08-19T01:59:09Z,2011-08-19T02:11:46Z,0.008761574074074074,CLOSED,1
fabric/fabric,207,2011-08-19T01:59:08Z,2011-08-19T02:11:45Z,0.008761574074074074,CLOSED,1
fabric/fabric,204,2011-08-19T01:59:06Z,2011-08-19T02:11:44Z,0.008773148148148148,CLOSED,5
fabric/fabric,198,2011-08-19T01:59:03Z,2011-08-19T02:11:44Z,0.00880787037037037,CLOSED,9
fabric/fabric,197,2011-08-19T01:59:03Z,2011-08-19T02:11:43Z,0.008796296296296297,CLOSED,2
fabric/fabric,194,2011-08-19T01:59:01Z,2011-08-19T02:11:42Z,0.00880787037037037,CLOSED,6
fabric/fabric,192,2011-08-19T01:59:00Z,2011-08-19T02:11:42Z,0.008819444444444444,CLOSED,22
fabric/fabric,190,2011-08-19T01:58:59Z,2011-08-19T02:11:41Z,0.008819444444444444,CLOSED,1
fabric/fabric,187,2011-08-19T01:58:57Z,2011-08-19T02:11:40Z,0.00883101851851852,CLOSED,4
fabric/fabric,186,2011-08-19T01:58:57Z,2011-08-19T02:11:40Z,0.00883101851851852,CLOSED,2
fabric/fabric,183,2011-08-19T01:58:55Z,2011-08-19T02:11:38Z,0.00883101851851852,CLOSED,13
fabric/fabric,182,2011-08-19T01:58:55Z,2011-09-26T21:45:31Z,38.82402777777778,CLOSED,4
fabric/fabric,180,2011-08-19T01:58:54Z,2011-08-19T02:11:37Z,0.00883101851851852,CLOSED,1
fabric/fabric,179,2011-08-19T01:58:54Z,2011-11-09T00:48:52Z,81.95136574074074,CLOSED,11
fabric/fabric,174,2011-08-19T01:58:48Z,2011-08-19T02:11:37Z,0.008900462962962962,CLOSED,3
fabric/fabric,173,2011-08-19T01:58:47Z,2011-08-19T02:11:36Z,0.008900462962962962,CLOSED,2
fabric/fabric,166,2011-08-19T01:58:43Z,2011-08-19T02:11:34Z,0.008923611111111111,CLOSED,1
fabric/fabric,161,2011-08-19T01:58:41Z,2011-08-19T02:11:34Z,0.008946759259259258,CLOSED,4
fabric/fabric,157,2011-08-19T01:58:38Z,2011-08-19T02:11:32Z,0.008958333333333334,CLOSED,2
fabric/fabric,156,2011-08-19T01:58:37Z,2011-08-19T02:11:32Z,0.008969907407407407,CLOSED,3
fabric/fabric,155,2011-08-19T01:58:36Z,2012-02-02T19:43:10Z,167.73928240740742,CLOSED,10
fabric/fabric,153,2011-08-19T01:58:35Z,2011-08-19T02:11:31Z,0.008981481481481481,CLOSED,0
fabric/fabric,146,2011-08-19T01:58:31Z,2011-08-19T02:11:30Z,0.009016203703703703,CLOSED,3
fabric/fabric,143,2011-08-19T01:58:29Z,2011-08-19T02:11:28Z,0.009016203703703703,CLOSED,2
fabric/fabric,142,2011-08-19T01:58:27Z,2011-08-19T02:11:28Z,0.009039351851851852,CLOSED,3
fabric/fabric,139,2011-08-19T01:58:26Z,2011-08-19T02:11:26Z,0.009027777777777777,CLOSED,1
fabric/fabric,138,2011-08-19T01:58:25Z,2012-02-03T01:34:57Z,167.9837037037037,CLOSED,8
fabric/fabric,137,2011-08-19T01:58:24Z,2011-08-19T02:11:26Z,0.009050925925925926,CLOSED,9
fabric/fabric,132,2011-08-19T01:58:22Z,2011-08-19T02:11:25Z,0.0090625,CLOSED,1
fabric/fabric,130,2011-08-19T01:58:21Z,2011-08-19T02:11:24Z,0.0090625,CLOSED,4
fabric/fabric,123,2011-08-19T01:58:17Z,2011-08-19T02:11:21Z,0.009074074074074075,CLOSED,12
fabric/fabric,118,2011-08-19T01:58:14Z,2012-01-20T01:43:23Z,153.9896875,CLOSED,7
fabric/fabric,115,2011-08-19T01:58:12Z,2011-08-19T02:11:19Z,0.009108796296296297,CLOSED,11
fabric/fabric,110,2011-08-19T01:58:09Z,2011-08-19T02:11:18Z,0.009131944444444444,CLOSED,2
fabric/fabric,97,2011-08-19T01:58:00Z,2011-08-19T02:11:17Z,0.009224537037037036,CLOSED,1
fabric/fabric,96,2011-08-19T01:58:00Z,,,OPEN,0
fabric/fabric,88,2011-08-19T01:57:56Z,2011-08-19T02:11:14Z,0.009236111111111112,CLOSED,4
fabric/fabric,82,2011-08-19T01:57:53Z,2011-08-19T02:11:13Z,0.009259259259259259,CLOSED,4
fabric/fabric,75,2011-08-19T01:57:49Z,2011-08-19T02:11:11Z,0.009282407407407408,CLOSED,5
fabric/fabric,70,2011-08-19T01:57:46Z,2011-08-19T02:11:10Z,0.009305555555555555,CLOSED,5
fabric/fabric,64,2011-08-19T01:57:43Z,2011-08-19T02:11:08Z,0.00931712962962963,CLOSED,10
fabric/fabric,59,2011-08-19T01:57:40Z,2011-08-19T02:11:07Z,0.009340277777777777,CLOSED,3
fabric/fabric,58,2011-08-19T01:57:40Z,2011-08-19T02:11:06Z,0.009328703703703704,CLOSED,1
fabric/fabric,53,2011-08-19T01:57:37Z,2011-08-19T02:11:05Z,0.009351851851851853,CLOSED,3
fabric/fabric,50,2011-08-19T01:57:36Z,2011-08-19T02:11:04Z,0.009351851851851853,CLOSED,1
fabric/fabric,49,2011-08-19T01:57:35Z,2011-08-19T02:11:03Z,0.009351851851851853,CLOSED,2
fabric/fabric,48,2011-08-19T01:57:35Z,2011-08-19T02:11:03Z,0.009351851851851853,CLOSED,6
fabric/fabric,47,2011-08-19T01:57:34Z,2011-08-19T02:11:03Z,0.009363425925925926,CLOSED,6
fabric/fabric,46,2011-08-19T01:57:34Z,2011-08-19T02:11:02Z,0.009351851851851853,CLOSED,2
fabric/fabric,45,2011-08-19T01:57:33Z,2011-08-19T02:11:02Z,0.009363425925925926,CLOSED,1
fabric/fabric,41,2011-08-19T01:57:31Z,2011-08-19T02:11:00Z,0.009363425925925926,CLOSED,1
fabric/fabric,40,2011-08-19T01:57:30Z,2011-08-19T02:11:00Z,0.009375,CLOSED,3
fabric/fabric,37,2011-08-19T01:57:28Z,2011-08-19T02:10:59Z,0.009386574074074073,CLOSED,5
fabric/fabric,36,2011-08-19T01:57:27Z,2011-08-19T02:10:58Z,0.009386574074074073,CLOSED,4
fabric/fabric,34,2011-08-19T01:57:26Z,2011-08-19T02:10:58Z,0.009398148148148149,CLOSED,12
fabric/fabric,32,2011-08-19T01:57:24Z,2011-08-19T02:10:57Z,0.009409722222222222,CLOSED,22
fabric/fabric,31,2011-08-19T01:57:23Z,2011-08-19T02:10:57Z,0.009421296296296296,CLOSED,2
fabric/fabric,431,2011-09-03T22:17:40Z,2011-09-20T17:17:38Z,16.79164351851852,CLOSED,1
fabric/fabric,1,2011-08-19T01:56:46Z,2011-08-19T02:10:51Z,0.009780092592592592,CLOSED,0
pyinvoke/invoke,1038,2025-06-11T06:54:39Z,2025-10-10T22:04:03Z,121.63152777777778,CLOSED,1
pyinvoke/invoke,840,2022-01-17T12:19:10Z,2022-03-25T23:00:05Z,67.44508101851852,CLOSED,2
pyinvoke/invoke,982,2024-01-09T17:42:07Z,,,OPEN,3
pyinvoke/invoke,449,2017-05-30T17:34:51Z,,,OPEN,8
pyinvoke/invoke,390,2016-09-15T10:20:51Z,,,OPEN,7
pyinvoke/invoke,552,2018-07-08T18:17:46Z,2019-07-19T16:36:06Z,375.92939814814815,CLOSED,16
pyinvoke/invoke,934,2023-04-28T20:37:42Z,2023-05-02T02:12:57Z,3.2328125,CLOSED,9
pyinvoke/invoke,377,2016-07-20T01:39:24Z,,,OPEN,15
pyinvoke/invoke,376,2016-07-14T18:26:51Z,2023-02-10T21:59:15Z,2402.1475,CLOSED,6
pyinvoke/invoke,555,2018-07-13T10:53:52Z,,,OPEN,11
pyinvoke/invoke,357,2016-06-04T23:35:09Z,2023-01-06T19:35:47Z,2406.8337731481483,CLOSED,39
pyinvoke/invoke,486,2017-10-21T22:00:50Z,,,OPEN,0
pyinvoke/invoke,876,2022-09-30T18:45:55Z,2022-09-30T20:05:46Z,0.05545138888888889,CLOSED,2
pyinvoke/invoke,459,2017-07-25T14:52:26Z,,,OPEN,15
pyinvoke/invoke,850,2022-03-20T16:46:05Z,2022-03-25T22:37:24Z,5.243969907407408,CLOSED,3
pyinvoke/invoke,793,2021-05-11T11:30:31Z,2022-03-18T23:43:54Z,311.5092939814815,CLOSED,2
pyinvoke/invoke,216,2015-03-10T09:18:44Z,2018-07-31T02:50:24Z,1238.7303240740741,CLOSED,12
pyinvoke/invoke,398,2016-10-19T10:25:23Z,2020-12-31T01:54:34Z,1533.6452662037036,CLOSED,2
pyinvoke/invoke,533,2018-05-31T02:12:55Z,2020-12-30T22:24:25Z,944.8413194444445,CLOSED,3
pyinvoke/invoke,517,2018-04-23T08:14:09Z,,,OPEN,7
pyinvoke/invoke,560,2018-07-31T23:35:29Z,,,OPEN,1
pyinvoke/invoke,536,2018-06-08T16:21:11Z,,,OPEN,6
pyinvoke/invoke,660,2019-09-05T06:13:57Z,2020-01-25T23:57:46Z,142.73876157407406,CLOSED,24
pyinvoke/invoke,586,2018-10-06T18:14:53Z,2020-01-29T17:18:12Z,479.9606365740741,CLOSED,2
pyinvoke/invoke,518,2018-04-25T18:52:49Z,2020-01-10T16:35:20Z,624.904525462963,CLOSED,3
pyinvoke/invoke,637,2019-04-29T15:16:19Z,2020-01-04T00:50:57Z,249.39905092592593,CLOSED,4
pyinvoke/invoke,690,2020-01-03T23:16:30Z,,,OPEN,0
pyinvoke/invoke,562,2018-08-06T15:19:00Z,,,OPEN,9
pyinvoke/invoke,384,2016-08-23T15:24:12Z,2019-08-06T20:09:47Z,1078.1983217592592,CLOSED,6
pyinvoke/invoke,466,2017-08-02T22:21:09Z,2018-11-12T21:50:03Z,466.9784027777778,CLOSED,8
pyinvoke/invoke,556,2018-07-13T19:37:39Z,2018-08-01T00:33:03Z,18.20513888888889,CLOSED,2
pyinvoke/invoke,559,2018-07-31T02:52:44Z,2018-07-31T21:42:48Z,0.7847685185185185,CLOSED,0
pyinvoke/invoke,462,2017-07-31T19:58:17Z,,,OPEN,2
pyinvoke/invoke,270,2015-08-27T09:42:14Z,2018-07-10T19:52:59Z,1048.4241319444445,CLOSED,3
pyinvoke/invoke,481,2017-10-10T14:20:46Z,,,OPEN,2
pyinvoke/invoke,358,2016-06-05T00:38:35Z,2018-06-27T21:46:13Z,752.8803009259259,CLOSED,12
pyinvoke/invoke,528,2018-05-21T13:05:56Z,2018-06-21T15:33:58Z,31.102800925925926,CLOSED,6
pyinvoke/invoke,532,2018-05-24T21:26:00Z,,,OPEN,3
pyinvoke/invoke,313,2016-01-23T17:44:44Z,2018-05-08T00:42:05Z,835.2898263888889,CLOSED,4
pyinvoke/invoke,500,2017-12-17T14:12:59Z,,,OPEN,2
pyinvoke/invoke,516,2018-04-17T01:02:02Z,2018-04-17T04:13:23Z,0.13288194444444446,CLOSED,2
pyinvoke/invoke,479,2017-09-27T22:37:58Z,2017-10-19T14:54:26Z,21.678101851851853,CLOSED,2
pyinvoke/invoke,480,2017-10-01T19:16:08Z,,,OPEN,2
pyinvoke/invoke,345,2016-04-11T10:15:52Z,2017-08-10T20:09:15Z,486.4120717592593,CLOSED,13
pyinvoke/invoke,465,2017-08-02T15:10:47Z,2017-08-02T20:23:38Z,0.21725694444444443,CLOSED,7
pyinvoke/invoke,463,2017-07-31T21:48:28Z,,,OPEN,1
pyinvoke/invoke,322,2016-02-06T02:25:54Z,2017-07-27T23:51:32Z,537.8928009259259,CLOSED,4
pyinvoke/invoke,439,2017-04-28T16:34:51Z,2017-05-05T21:44:56Z,7.215335648148148,CLOSED,12
pyinvoke/invoke,425,2017-02-02T11:44:14Z,2017-05-04T21:13:35Z,91.39538194444444,CLOSED,17
pyinvoke/invoke,440,2017-04-30T20:21:29Z,2017-05-01T16:43:31Z,0.8486342592592593,CLOSED,2
pyinvoke/invoke,438,2017-04-20T01:53:22Z,,,OPEN,1
pyinvoke/invoke,352,2016-06-02T20:47:16Z,,,OPEN,0
pyinvoke/invoke,309,2016-01-19T15:00:11Z,2017-04-13T04:54:36Z,449.5794560185185,CLOSED,28
pyinvoke/invoke,432,2017-03-02T01:01:27Z,2017-03-02T21:24:44Z,0.8495023148148149,CLOSED,3
pyinvoke/invoke,349,2016-05-24T12:45:31Z,2016-12-04T20:39:33Z,194.3291898148148,CLOSED,9
pyinvoke/invoke,416,2016-12-22T16:51:02Z,2017-01-03T02:30:31Z,11.402418981481482,CLOSED,6
pyinvoke/invoke,401,2016-10-27T19:53:43Z,2016-11-16T18:56:21Z,19.960162037037037,CLOSED,6
pyinvoke/invoke,317,2016-01-30T21:00:52Z,2016-03-03T20:35:40Z,32.9825,CLOSED,6
pyinvoke/invoke,315,2016-01-29T18:50:27Z,2016-02-11T07:55:56Z,12.545474537037038,CLOSED,11
pyinvoke/invoke,314,2016-01-29T14:07:06Z,2016-03-18T19:12:05Z,49.211793981481485,CLOSED,2
pyinvoke/invoke,426,2017-02-10T19:39:51Z,2017-02-10T22:10:08Z,0.10436342592592593,CLOSED,5
pyinvoke/invoke,419,2017-01-14T09:32:37Z,2017-01-24T17:14:56Z,10.32105324074074,CLOSED,5
pyinvoke/invoke,420,2017-01-17T19:21:25Z,2017-01-17T21:17:57Z,0.08092592592592593,CLOSED,1
pyinvoke/invoke,413,2016-12-12T20:28:13Z,2016-12-12T22:52:29Z,0.10018518518518518,CLOSED,1
pyinvoke/invoke,236,2015-04-21T23:55:37Z,2016-12-12T20:07:46Z,600.8417708333334,CLOSED,1
pyinvoke/invoke,410,2016-11-30T23:00:39Z,,,OPEN,0
pyinvoke/invoke,402,2016-10-27T21:52:28Z,2016-11-29T22:56:21Z,33.04436342592592,CLOSED,2
pyinvoke/invoke,346,2016-05-06T07:04:54Z,2016-08-08T18:23:03Z,94.4709375,CLOSED,3
pyinvoke/invoke,350,2016-05-26T00:23:22Z,2016-06-09T22:38:25Z,14.927118055555555,CLOSED,35
pyinvoke/invoke,375,2016-07-13T15:02:34Z,2016-07-20T01:29:16Z,6.435208333333334,CLOSED,1
pyinvoke/invoke,370,2016-06-30T04:07:39Z,2016-07-03T18:11:17Z,3.5858564814814815,CLOSED,2
pyinvoke/invoke,321,2016-02-05T19:57:47Z,2016-06-03T22:27:24Z,119.10390046296297,CLOSED,2
pyinvoke/invoke,351,2016-05-28T04:30:09Z,2016-06-01T21:37:07Z,4.713171296296296,CLOSED,15
pyinvoke/invoke,325,2016-02-08T20:03:55Z,2016-02-10T22:21:17Z,2.0953935185185184,CLOSED,2
pyinvoke/invoke,303,2016-01-14T05:03:32Z,2016-02-08T01:37:36Z,24.85699074074074,CLOSED,13
pyinvoke/invoke,308,2016-01-18T09:38:07Z,2016-02-04T02:50:00Z,16.716585648148147,CLOSED,22
pyinvoke/invoke,305,2016-01-14T12:04:49Z,2016-02-04T03:51:22Z,20.65732638888889,CLOSED,8
pyinvoke/invoke,302,2016-01-13T16:55:45Z,2016-01-29T23:08:26Z,16.25880787037037,CLOSED,4
pyinvoke/invoke,257,2015-07-02T16:33:49Z,2016-01-13T05:01:50Z,194.51945601851853,CLOSED,6
pyinvoke/invoke,263,2015-07-25T17:02:59Z,2015-12-21T21:12:25Z,149.17321759259258,CLOSED,22
pyinvoke/invoke,297,2015-12-22T00:42:15Z,2015-12-22T01:53:12Z,0.04927083333333333,CLOSED,0
pyinvoke/invoke,296,2015-12-21T23:13:26Z,2015-12-22T01:53:12Z,0.11094907407407407,CLOSED,0
pyinvoke/invoke,295,2015-12-21T22:10:36Z,2015-12-21T22:34:41Z,0.016724537037037038,CLOSED,0
pyinvoke/invoke,253,2015-05-22T21:37:33Z,2015-05-26T18:53:56Z,3.8863773148148146,CLOSED,5
pyinvoke/invoke,206,2015-02-01T22:22:41Z,2015-05-21T19:38:50Z,108.88621527777778,CLOSED,2
pyinvoke/invoke,245,2015-05-07T13:50:47Z,,,OPEN,2
pyinvoke/invoke,234,2015-04-11T11:12:49Z,2015-05-05T19:27:25Z,24.34347222222222,CLOSED,10
pyinvoke/invoke,210,2015-02-26T15:48:37Z,2015-05-05T01:22:42Z,67.39866898148148,CLOSED,7
pyinvoke/invoke,237,2015-04-29T21:37:19Z,2015-04-30T00:00:35Z,0.09949074074074074,CLOSED,0
pyinvoke/invoke,238,2015-04-29T21:43:06Z,,,OPEN,1
pyinvoke/invoke,239,2015-04-29T23:01:20Z,2015-04-29T23:38:07Z,0.02554398148148148,CLOSED,0
pyinvoke/invoke,178,2014-09-05T20:25:47Z,2014-09-10T21:55:29Z,5.062291666666667,CLOSED,3
pyinvoke/invoke,191,2014-11-09T07:42:29Z,2014-11-13T17:59:19Z,4.428356481481481,CLOSED,4
pyinvoke/invoke,183,2014-10-01T23:04:01Z,2014-10-08T21:49:38Z,6.9483449074074075,CLOSED,7
pyinvoke/invoke,165,2014-08-08T01:36:57Z,2014-08-27T00:31:47Z,18.95474537037037,CLOSED,1
pyinvoke/invoke,167,2014-08-18T23:25:16Z,2014-08-26T23:57:52Z,8.022638888888888,CLOSED,2
chardet/chardet,29,2014-04-12T15:24:22Z,2021-08-19T00:50:38Z,2685.3932407407406,CLOSED,17
chardet/chardet,13,2013-12-17T14:28:36Z,2017-04-11T20:10:48Z,1211.2376388888888,CLOSED,8
chardet/chardet,65,2015-08-17T14:58:21Z,2017-04-11T20:09:22Z,603.2159837962963,CLOSED,2
chardet/chardet,24,2014-03-17T17:44:24Z,,,OPEN,2
chardet/chardet,64,2015-08-17T14:36:44Z,,,OPEN,1
chardet/chardet,63,2015-08-17T14:00:42Z,2015-08-17T14:18:33Z,0.012395833333333333,CLOSED,1
chardet/chardet,17,2013-12-30T15:59:05Z,2015-04-17T16:07:49Z,473.0060648148148,CLOSED,9
kjd/idna,163,2023-11-24T18:44:04Z,2023-12-27T02:15:29Z,32.313483796296296,CLOSED,1
kjd/idna,54,2017-09-02T17:24:06Z,2018-03-22T12:07:17Z,200.77998842592592,CLOSED,1
kjd/idna,46,2017-03-06T23:52:18Z,2017-03-07T03:18:02Z,0.14287037037037037,CLOSED,2
kjd/idna,42,2017-02-26T08:06:23Z,2017-02-27T10:41:56Z,1.1080208333333332,CLOSED,5
kjd/idna,36,2017-01-26T15:40:26Z,2017-02-13T19:05:39Z,18.142511574074074,CLOSED,1
kjd/idna,1,2014-01-07T10:21:40Z,2014-01-07T17:37:13Z,0.30246527777777776,CLOSED,2
pallets/jinja,1898,2023-10-13T11:51:41Z,,,OPEN,0
pallets/jinja,1637,2022-03-25T22:04:00Z,2022-03-25T22:26:53Z,0.015891203703703703,CLOSED,0
pallets/jinja,1400,2021-04-18T00:58:40Z,2021-04-18T01:39:40Z,0.02847222222222222,CLOSED,4
pallets/jinja,1198,2020-04-23T19:48:26Z,2021-04-05T17:46:25Z,346.9152662037037,CLOSED,3
pallets/jinja,1156,2020-02-18T17:56:18Z,,,OPEN,1
pallets/jinja,1273,2020-08-02T16:06:58Z,2020-12-07T17:11:56Z,127.04511574074074,CLOSED,3
pallets/jinja,596,2016-06-26T23:57:57Z,2016-12-31T00:11:32Z,187.00943287037038,CLOSED,5
pallets/jinja,669,2017-01-24T11:46:04Z,2017-01-24T19:16:55Z,0.31309027777777776,CLOSED,1
pallets/jinja,668,2017-01-22T23:59:36Z,2017-01-24T19:22:39Z,1.8076736111111111,CLOSED,0
pallets/jinja,675,2017-01-30T09:44:03Z,2017-04-03T13:12:23Z,63.144675925925924,CLOSED,0
pallets/jinja,739,2017-07-07T08:42:10Z,2017-07-07T12:33:43Z,0.1607986111111111,CLOSED,1
pallets/jinja,1034,2019-07-18T06:21:59Z,2019-10-11T15:35:05Z,85.38409722222222,CLOSED,1
pallets/jinja,821,2018-03-14T07:47:08Z,2019-10-13T13:48:55Z,578.251238425926,CLOSED,4
pallets/jinja,794,2018-01-08T17:22:55Z,2019-10-14T16:17:01Z,643.9542361111111,CLOSED,5
pallets/jinja,843,2018-04-23T07:22:49Z,2019-10-24T15:00:40Z,549.3179513888889,CLOSED,0
pallets/jinja,1091,2019-10-25T19:32:11Z,2019-10-28T16:06:01Z,2.856828703703704,CLOSED,6
pallets/jinja,889,2018-08-23T19:12:58Z,2019-10-28T16:45:31Z,430.89760416666667,CLOSED,0
pallets/jinja,555,2016-03-01T07:22:59Z,2019-11-08T15:13:54Z,1347.3270254629629,CLOSED,1
pallets/jinja,1162,2020-02-27T09:32:08Z,2020-02-29T03:08:22Z,1.7334953703703704,CLOSED,12
pallets/jinja,1138,2020-01-29T13:15:06Z,2020-04-13T14:09:53Z,75.03804398148148,CLOSED,13
pallets/jinja,758,2017-08-21T15:45:35Z,,,OPEN,4
python-websockets/websockets,1436,2024-01-28T08:55:06Z,2025-02-16T17:55:41Z,385.3754050925926,CLOSED,2
python-websockets/websockets,1584,2025-01-26T20:15:31Z,2025-02-16T10:36:32Z,20.597928240740742,CLOSED,2
python-websockets/websockets,1592,2025-02-09T10:00:21Z,2025-02-16T10:34:48Z,7.023923611111111,CLOSED,3
python-websockets/websockets,1591,2025-02-09T09:56:12Z,2025-02-16T10:34:47Z,7.0267939814814815,CLOSED,0
python-websockets/websockets,1555,2024-11-25T20:14:03Z,2025-01-19T18:12:51Z,54.91583333333333,CLOSED,14
python-websockets/websockets,1527,2024-10-22T07:32:36Z,2025-01-19T20:34:42Z,89.543125,CLOSED,6
python-websockets/websockets,1558,2024-11-28T12:27:51Z,2025-01-12T08:11:55Z,44.82226851851852,CLOSED,1
python-websockets/websockets,1552,2024-11-19T09:19:06Z,2025-01-11T07:59:43Z,52.94487268518518,CLOSED,13
python-websockets/websockets,1566,2024-12-28T20:40:31Z,2025-01-03T21:52:04Z,6.0496875,CLOSED,12
python-websockets/websockets,1537,2024-11-10T21:40:44Z,2024-11-11T20:53:11Z,0.9669791666666666,CLOSED,6
python-websockets/websockets,1538,2024-11-10T22:33:00Z,2024-11-11T18:11:40Z,0.8185185185185185,CLOSED,5
python-websockets/websockets,1522,2024-10-12T13:46:50Z,2024-11-02T08:10:34Z,20.76648148148148,CLOSED,0
python-websockets/websockets,1531,2024-10-25T14:48:27Z,2024-10-26T06:31:58Z,0.6552199074074074,CLOSED,0
python-websockets/websockets,1523,2024-10-13T08:18:03Z,2024-10-25T21:17:18Z,12.541145833333333,CLOSED,2
python-websockets/websockets,1419,2023-11-28T19:56:03Z,2024-09-11T20:03:09Z,288.0049305555556,CLOSED,9
python-websockets/websockets,1499,2024-09-09T12:05:18Z,2024-09-09T20:36:53Z,0.3552662037037037,CLOSED,5
python-websockets/websockets,1449,2024-03-01T21:16:58Z,2024-09-21T17:08:51Z,203.82769675925925,CLOSED,4
python-websockets/websockets,1494,2024-08-28T16:26:41Z,2024-08-28T21:03:22Z,0.19214120370370372,CLOSED,4
python-websockets/websockets,1396,2023-08-29T14:38:54Z,2024-08-07T16:37:30Z,344.0823611111111,CLOSED,4
python-websockets/websockets,1339,2023-04-18T06:37:46Z,2024-08-07T16:33:32Z,477.41372685185183,CLOSED,2
python-websockets/websockets,1326,2023-04-02T08:57:27Z,2024-08-07T16:33:27Z,493.31666666666666,CLOSED,1
python-websockets/websockets,1322,2023-04-01T06:54:39Z,2024-08-07T16:33:20Z,494.4018634259259,CLOSED,2
python-websockets/websockets,1321,2023-04-01T06:52:23Z,2024-08-07T16:33:04Z,494.40325231481484,CLOSED,1
python-websockets/websockets,1315,2023-03-29T05:26:24Z,2024-08-07T16:32:48Z,497.4627777777778,CLOSED,1
python-websockets/websockets,940,2021-05-04T07:10:30Z,2021-05-13T21:14:08Z,9.585856481481482,CLOSED,30
python-websockets/websockets,551,2019-01-10T18:18:27Z,2019-06-22T16:25:51Z,162.92180555555555,CLOSED,19
python-websockets/websockets,1334,2023-04-13T02:32:13Z,2023-05-18T16:49:30Z,35.59533564814815,CLOSED,4
python-websockets/websockets,1356,2023-05-18T08:21:30Z,2023-05-18T14:53:39Z,0.2723263888888889,CLOSED,0
python-websockets/websockets,1336,2023-04-14T12:16:58Z,2023-04-18T05:23:17Z,3.7127199074074073,CLOSED,4
python-websockets/websockets,1329,2023-04-04T08:38:54Z,2023-04-06T05:17:09Z,1.8598958333333333,CLOSED,4
python-websockets/websockets,1314,2023-03-29T05:09:29Z,2023-03-29T06:13:44Z,0.04461805555555556,CLOSED,2
python-websockets/websockets,1317,2023-03-29T05:55:34Z,2023-03-29T06:03:08Z,0.00525462962962963,CLOSED,0
python-websockets/websockets,1266,2022-11-18T15:26:34Z,2022-11-28T06:33:52Z,9.630069444444445,CLOSED,5
python-websockets/websockets,1237,2022-09-28T06:50:34Z,2022-10-10T07:04:47Z,12.009872685185185,CLOSED,14
python-websockets/websockets,1072,2021-10-16T17:09:04Z,2022-04-17T11:29:27Z,182.7641550925926,CLOSED,22
python-websockets/websockets,1138,2022-03-03T17:03:58Z,2022-04-17T11:27:59Z,44.76667824074074,CLOSED,3
python-websockets/websockets,1117,2022-01-11T11:25:47Z,2022-02-20T10:14:58Z,39.950821759259256,CLOSED,7
python-websockets/websockets,1113,2022-01-06T21:31:42Z,2022-02-20T09:53:48Z,44.515347222222225,CLOSED,6
python-websockets/websockets,1109,2022-01-02T22:09:24Z,2022-02-19T14:26:36Z,47.67861111111111,CLOSED,3
python-websockets/websockets,1023,2021-07-27T17:21:07Z,2021-08-11T13:53:49Z,14.856041666666666,CLOSED,3
python-websockets/websockets,984,2021-06-05T11:49:10Z,2021-06-17T21:32:34Z,12.405138888888889,CLOSED,0
python-websockets/websockets,669,2019-09-03T19:40:16Z,2021-06-17T20:31:06Z,653.035300925926,CLOSED,5
python-websockets/websockets,808,2020-08-04T13:48:02Z,2021-06-17T19:38:22Z,317.243287037037,CLOSED,12
python-websockets/websockets,767,2020-05-23T06:40:47Z,2021-06-17T19:37:22Z,390.5392939814815,CLOSED,7
python-websockets/websockets,989,2021-06-07T15:29:02Z,2021-06-12T10:16:30Z,4.782962962962963,CLOSED,1
python-websockets/websockets,991,2021-06-09T06:07:59Z,2021-06-09T06:15:20Z,0.005104166666666667,CLOSED,0
python-websockets/websockets,977,2021-06-02T13:27:52Z,2021-06-05T10:02:38Z,2.857476851851852,CLOSED,10
python-websockets/websockets,953,2021-05-12T11:20:16Z,2021-05-13T20:45:30Z,1.3925231481481481,CLOSED,1
python-websockets/websockets,951,2021-05-11T14:02:48Z,2021-05-13T20:45:30Z,2.2796527777777778,CLOSED,1
python-websockets/websockets,704,2019-12-12T20:19:49Z,2021-05-02T20:27:05Z,507.0050462962963,CLOSED,3
python-websockets/websockets,683,2019-10-30T11:54:07Z,2021-05-02T19:19:37Z,550.309375,CLOSED,4
python-websockets/websockets,801,2020-07-22T22:08:17Z,2020-11-21T17:19:41Z,121.79958333333333,CLOSED,1
python-websockets/websockets,570,2019-02-06T16:45:58Z,2019-06-22T16:27:11Z,135.98695601851853,CLOSED,4
python-websockets/websockets,802,2020-07-23T09:06:13Z,2020-07-26T19:39:37Z,3.439861111111111,CLOSED,7
python-websockets/websockets,672,2019-09-23T10:24:14Z,2019-11-16T19:41:09Z,54.386747685185185,CLOSED,4
python-websockets/websockets,648,2019-07-13T16:47:37Z,2019-10-05T19:45:39Z,84.12363425925926,CLOSED,6
python-websockets/websockets,659,2019-07-31T13:08:53Z,2019-07-31T18:44:07Z,0.23280092592592594,CLOSED,3
python-websockets/websockets,646,2019-07-10T18:40:53Z,2019-07-31T19:12:02Z,21.021631944444444,CLOSED,4
python-websockets/websockets,634,2019-06-30T15:13:33Z,2019-07-01T19:39:27Z,1.1846527777777778,CLOSED,5
python-websockets/websockets,642,2019-07-03T21:39:27Z,2019-07-07T09:39:09Z,3.499791666666667,CLOSED,0
python-websockets/websockets,637,2019-07-02T20:10:02Z,2019-07-03T20:30:18Z,1.0140740740740741,CLOSED,2
python-websockets/websockets,639,2019-07-02T21:08:46Z,2019-07-03T18:47:03Z,0.9015856481481481,CLOSED,0
python-websockets/websockets,542,2019-01-01T18:13:50Z,2019-07-01T20:36:01Z,181.09873842592592,CLOSED,0
python-websockets/websockets,606,2019-04-25T11:08:20Z,2019-06-22T17:09:14Z,58.250625,CLOSED,5
python-websockets/websockets,390,2018-05-12T12:16:20Z,2019-06-16T20:48:32Z,400.35569444444445,CLOSED,1
python-websockets/websockets,576,2019-02-12T08:00:46Z,2019-02-17T08:00:16Z,4.9996527777777775,CLOSED,5
python-websockets/websockets,514,2018-11-06T10:19:06Z,2018-12-29T18:40:29Z,53.34818287037037,CLOSED,3
python-websockets/websockets,509,2018-10-31T20:29:19Z,2018-11-01T14:54:51Z,0.7677314814814815,CLOSED,1
python-websockets/websockets,465,2018-08-30T13:00:04Z,2018-10-30T21:38:44Z,61.36018518518519,CLOSED,6
python-websockets/websockets,498,2018-10-28T12:29:27Z,2018-10-28T19:49:18Z,0.3054513888888889,CLOSED,0
python-websockets/websockets,394,2018-05-12T20:19:37Z,2018-10-28T14:05:39Z,168.74030092592594,CLOSED,0
python-websockets/websockets,464,2018-08-28T14:31:53Z,2018-09-04T19:30:27Z,7.207337962962963,CLOSED,7
python-websockets/websockets,435,2018-07-10T09:38:20Z,2018-07-15T11:10:33Z,5.064039351851852,CLOSED,8
python-websockets/websockets,386,2018-05-05T19:07:33Z,2018-06-17T14:15:08Z,42.79693287037037,CLOSED,1
python-websockets/websockets,410,2018-05-21T11:17:09Z,2018-06-05T19:56:19Z,15.360532407407407,CLOSED,2
python-websockets/websockets,411,2018-05-23T14:01:44Z,2018-05-24T11:16:47Z,0.8854513888888889,CLOSED,9
python-websockets/websockets,309,2017-11-09T02:08:04Z,2018-05-19T08:43:05Z,191.27431712962962,CLOSED,12
python-websockets/websockets,368,2018-04-02T15:27:06Z,2018-05-19T08:27:59Z,46.70894675925926,CLOSED,10
python-websockets/websockets,320,2017-12-11T03:29:08Z,2018-05-19T08:27:59Z,159.20753472222222,CLOSED,21
python-websockets/websockets,339,2018-01-28T07:33:28Z,2018-05-17T20:51:56Z,109.55449074074075,CLOSED,10
python-websockets/websockets,350,2018-02-18T23:13:36Z,2018-05-02T19:26:46Z,72.84247685185186,CLOSED,12
python-websockets/websockets,317,2017-12-07T18:15:10Z,2018-05-02T19:23:08Z,146.0471990740741,CLOSED,5
python-websockets/websockets,355,2018-03-05T21:30:10Z,2018-04-28T19:13:13Z,53.904895833333335,CLOSED,1
python-websockets/websockets,304,2017-11-02T07:16:46Z,2017-11-03T06:42:08Z,0.975949074074074,CLOSED,4
python-websockets/websockets,215,2017-07-22T21:13:00Z,2017-10-02T21:08:48Z,71.99708333333334,CLOSED,4
python-websockets/websockets,221,2017-07-23T12:05:15Z,2017-10-01T13:43:37Z,70.06831018518518,CLOSED,1
python-websockets/websockets,112,2016-05-19T15:28:00Z,2017-09-30T16:36:20Z,499.0474537037037,CLOSED,15
python-websockets/websockets,240,2017-08-03T10:12:07Z,2017-09-30T14:15:13Z,58.168819444444445,CLOSED,2
python-websockets/websockets,241,2017-08-03T10:13:49Z,2017-09-30T14:15:03Z,58.16752314814815,CLOSED,4
python-websockets/websockets,269,2017-09-18T20:45:50Z,2017-09-23T20:12:08Z,4.976597222222222,CLOSED,2
python-websockets/websockets,142,2016-11-15T10:58:24Z,2017-09-03T19:26:30Z,292.35284722222224,CLOSED,16
python-websockets/websockets,167,2017-03-20T10:09:17Z,2017-09-03T20:02:07Z,167.41168981481482,CLOSED,15
python-websockets/websockets,223,2017-07-23T15:52:31Z,2017-07-23T16:06:34Z,0.009756944444444445,CLOSED,0
python-websockets/websockets,207,2017-07-14T21:57:29Z,2017-07-18T23:50:40Z,4.078599537037037,CLOSED,2
python-websockets/websockets,180,2017-05-04T07:41:52Z,2017-05-05T08:57:08Z,1.0522685185185185,CLOSED,1
python-websockets/websockets,149,2016-12-23T05:52:51Z,2017-05-03T19:53:52Z,131.58403935185186,CLOSED,2
python-websockets/websockets,126,2016-09-02T10:06:02Z,2017-03-28T16:50:20Z,207.28076388888888,CLOSED,8
python-websockets/websockets,123,2016-07-05T15:37:14Z,2016-12-30T09:53:59Z,177.76163194444445,CLOSED,2
python-websockets/websockets,76,2015-10-28T14:35:23Z,2015-10-31T13:11:10Z,2.9415162037037037,CLOSED,12
python-websockets/websockets,8,2013-11-29T14:38:22Z,2013-11-29T16:07:23Z,0.06181712962962963,CLOSED,1
sqlalchemy/mako,86,2008-06-05T20:53:02Z,2012-02-02T11:49:12Z,1336.622337962963,CLOSED,3
sqlalchemy/mako,20,2007-01-31T09:03:30Z,2012-02-02T11:49:00Z,1828.1149305555555,CLOSED,14
sqlalchemy/mako,175,2011-11-15T13:49:54Z,2012-01-21T18:51:01Z,67.20910879629629,CLOSED,2
sqlalchemy/mako,177,2011-12-16T20:49:56Z,2012-01-16T13:31:16Z,30.69537037037037,CLOSED,3
sqlalchemy/mako,67,2008-01-10T09:58:56Z,2012-01-16T13:29:58Z,1467.146550925926,CLOSED,3
sqlalchemy/mako,166,2011-05-24T10:21:39Z,2012-01-16T13:14:58Z,237.1203587962963,CLOSED,3
sqlalchemy/mako,179,2012-01-11T12:56:07Z,2012-01-11T19:26:53Z,0.27136574074074077,CLOSED,2
sqlalchemy/mako,174,2011-09-21T00:57:07Z,2011-09-27T20:23:53Z,6.81025462962963,CLOSED,8
sqlalchemy/mako,170,2011-08-05T17:30:24Z,2011-08-05T17:42:54Z,0.008680555555555556,CLOSED,3
sqlalchemy/mako,169,2011-07-08T09:55:23Z,2011-07-08T10:10:12Z,0.010289351851851852,CLOSED,2
sqlalchemy/mako,165,2011-03-22T04:12:42Z,2011-03-22T10:10:02Z,0.24814814814814815,CLOSED,2
sqlalchemy/mako,163,2011-03-08T13:00:23Z,2011-03-08T13:36:17Z,0.024930555555555556,CLOSED,2
sqlalchemy/mako,161,2011-03-08T01:21:33Z,2011-03-08T10:07:53Z,0.36550925925925926,CLOSED,3
sqlalchemy/mako,43,2007-05-27T01:35:53Z,2011-02-21T12:38:54Z,1366.4604282407408,CLOSED,2
sqlalchemy/mako,91,2008-09-11T20:53:30Z,2011-02-21T12:36:10Z,892.6546296296297,CLOSED,2
sqlalchemy/mako,158,2011-02-08T14:37:51Z,2011-02-08T15:01:26Z,0.016377314814814813,CLOSED,4
sqlalchemy/mako,155,2010-11-12T13:09:44Z,2010-11-12T19:18:36Z,0.2561574074074074,CLOSED,2
sqlalchemy/mako,148,2010-09-06T17:43:39Z,2010-11-12T18:50:08Z,67.04616898148149,CLOSED,7
sqlalchemy/mako,151,2010-09-27T18:58:05Z,2010-10-20T12:01:18Z,22.71056712962963,CLOSED,3
sqlalchemy/mako,139,2010-06-24T19:58:12Z,2010-06-24T21:54:16Z,0.08060185185185186,CLOSED,5
sqlalchemy/mako,137,2010-06-22T09:40:01Z,2010-06-22T12:07:28Z,0.10239583333333334,CLOSED,2
sqlalchemy/mako,135,2010-05-19T10:45:34Z,2010-05-31T16:33:29Z,12.241608796296296,CLOSED,6
sqlalchemy/mako,134,2010-04-28T15:52:49Z,2010-04-28T15:56:49Z,0.002777777777777778,CLOSED,3
sqlalchemy/mako,132,2010-04-17T16:44:04Z,2010-04-17T16:57:58Z,0.009652777777777777,CLOSED,4
sqlalchemy/mako,133,2010-04-17T16:46:29Z,2010-04-17T16:53:56Z,0.0051736111111111115,CLOSED,2
sqlalchemy/mako,131,2010-03-22T15:29:42Z,2010-03-24T15:46:20Z,2.011550925925926,CLOSED,4
sqlalchemy/mako,116,2009-06-28T11:15:35Z,2010-03-11T17:04:37Z,256.24238425925927,CLOSED,11
sqlalchemy/mako,129,2010-03-05T16:31:22Z,2010-03-07T12:35:00Z,1.8358564814814815,CLOSED,6
sqlalchemy/mako,130,2010-03-06T06:38:59Z,2010-03-07T12:20:34Z,1.2372106481481482,CLOSED,3
sqlalchemy/mako,73,2008-02-15T20:41:50Z,2010-03-05T13:55:15Z,748.717650462963,CLOSED,2
sqlalchemy/mako,128,2010-02-22T13:58:09Z,2010-03-05T13:48:06Z,10.993020833333333,CLOSED,4
sqlalchemy/mako,109,2009-05-14T19:38:26Z,2010-03-05T13:14:03Z,294.7330671296296,CLOSED,7
sqlalchemy/mako,124,2010-01-19T16:51:59Z,2010-03-05T12:23:27Z,44.81351851851852,CLOSED,2
sqlalchemy/mako,105,2009-03-19T19:54:37Z,2010-03-04T21:34:12Z,350.0691550925926,CLOSED,3
sqlalchemy/mako,94,2008-12-07T13:56:31Z,2010-03-04T21:18:24Z,452.30686342592594,CLOSED,4
sqlalchemy/mako,99,2009-01-27T11:24:24Z,2010-03-02T18:05:48Z,399.27875,CLOSED,7
sqlalchemy/mako,127,2010-02-04T18:35:12Z,2010-02-05T16:32:16Z,0.9146296296296297,CLOSED,2
sqlalchemy/mako,88,2008-07-07T03:31:11Z,2010-01-21T20:54:56Z,563.7248263888889,CLOSED,10
sqlalchemy/mako,120,2009-11-16T17:48:26Z,2010-01-21T15:42:57Z,65.91285879629629,CLOSED,3
sqlalchemy/mako,106,2009-03-24T10:13:43Z,2010-01-21T15:07:11Z,303.2037962962963,CLOSED,3
sqlalchemy/mako,118,2009-09-22T07:27:42Z,2009-09-22T12:58:15Z,0.2295486111111111,CLOSED,3
sqlalchemy/mako,115,2009-06-12T04:13:22Z,2009-06-12T23:45:36Z,0.8140509259259259,CLOSED,3
sqlalchemy/mako,107,2009-04-14T12:31:18Z,2009-04-19T16:44:01Z,5.175497685185185,CLOSED,2
sqlalchemy/mako,87,2008-06-23T11:42:33Z,2009-03-19T20:07:57Z,269.3509722222222,CLOSED,2
sqlalchemy/mako,101,2009-02-10T19:02:55Z,2009-03-19T20:05:39Z,37.043564814814815,CLOSED,8
sqlalchemy/mako,103,2009-02-20T00:30:58Z,2009-03-19T19:54:52Z,27.808263888888888,CLOSED,2
sqlalchemy/mako,104,2009-03-08T19:24:01Z,2009-03-19T19:45:33Z,11.014953703703704,CLOSED,2
sqlalchemy/mako,102,2009-02-15T10:46:41Z,2009-02-26T18:49:46Z,11.335474537037037,CLOSED,3
sqlalchemy/mako,100,2009-02-09T22:46:56Z,2009-02-25T00:53:00Z,15.087546296296296,CLOSED,2
sqlalchemy/mako,96,2009-01-03T17:49:16Z,2009-01-03T17:49:26Z,0.00011574074074074075,CLOSED,1
sqlalchemy/mako,31,2007-03-29T10:57:33Z,2007-03-30T11:25:52Z,1.0196643518518518,CLOSED,4
sqlalchemy/mako,93,2008-11-17T19:49:24Z,2008-11-17T21:54:57Z,0.0871875,CLOSED,2
sqlalchemy/mako,65,2008-01-01T02:04:06Z,2008-09-19T13:47:17Z,262.48832175925924,CLOSED,3
sqlalchemy/mako,90,2008-09-10T18:05:43Z,2008-09-10T20:03:18Z,0.0816550925925926,CLOSED,2
sqlalchemy/mako,85,2008-06-01T13:23:53Z,,,OPEN,3
sqlalchemy/mako,84,2008-05-30T04:18:47Z,2008-06-02T16:43:05Z,3.516875,CLOSED,2
sqlalchemy/mako,82,2008-05-22T16:04:29Z,2008-05-22T16:06:35Z,0.0014583333333333334,CLOSED,3
sqlalchemy/mako,80,2008-05-14T05:24:51Z,2008-05-15T15:28:14Z,1.4190162037037037,CLOSED,3
sqlalchemy/mako,79,2008-05-01T00:36:45Z,2008-05-03T10:34:17Z,2.414953703703704,CLOSED,2
sqlalchemy/mako,75,2008-02-19T11:16:09Z,2008-02-21T11:37:07Z,2.0145601851851853,CLOSED,2
sqlalchemy/mako,74,2008-02-17T04:11:06Z,2008-02-18T11:07:57Z,1.2894791666666667,CLOSED,2
sqlalchemy/mako,70,2008-01-24T06:26:56Z,2008-01-28T18:59:01Z,4.522280092592593,CLOSED,3
sqlalchemy/mako,71,2008-01-24T09:02:54Z,2008-01-28T18:55:17Z,4.411377314814815,CLOSED,3
sqlalchemy/mako,72,2008-01-27T15:46:08Z,2008-01-28T17:37:58Z,1.0776620370370371,CLOSED,1
sqlalchemy/mako,69,2008-01-12T23:36:05Z,2008-01-19T13:57:20Z,6.598090277777778,CLOSED,3
sqlalchemy/mako,68,2008-01-10T10:45:15Z,2008-01-11T17:13:00Z,1.2692708333333333,CLOSED,2
sqlalchemy/mako,64,2007-12-30T03:44:52Z,2008-01-06T21:33:20Z,7.741990740740741,CLOSED,2
sqlalchemy/mako,63,2007-11-08T14:25:51Z,2007-11-08T14:26:02Z,0.0001273148148148148,CLOSED,2
sqlalchemy/mako,59,2007-09-07T20:30:52Z,2007-11-01T19:18:37Z,54.94982638888889,CLOSED,4
sqlalchemy/mako,57,2007-07-30T13:53:26Z,2007-09-25T16:13:30Z,57.09726851851852,CLOSED,2
sqlalchemy/mako,58,2007-08-21T19:20:18Z,2007-09-25T16:12:34Z,34.86962962962963,CLOSED,2
sqlalchemy/mako,51,2007-07-08T10:34:37Z,2007-09-25T16:04:02Z,79.22876157407407,CLOSED,2
sqlalchemy/mako,60,2007-09-25T04:08:39Z,2007-09-25T09:02:13Z,0.20386574074074074,CLOSED,4
sqlalchemy/mako,54,2007-07-25T14:12:36Z,2007-08-03T14:43:03Z,9.021145833333334,CLOSED,2
sqlalchemy/mako,55,2007-07-25T14:17:38Z,2007-08-03T14:42:15Z,9.017094907407408,CLOSED,3
sqlalchemy/mako,47,2007-06-28T23:44:57Z,2007-06-29T10:42:58Z,0.4569560185185185,CLOSED,2
sqlalchemy/mako,36,2007-04-08T10:27:22Z,2007-06-25T21:15:00Z,78.44974537037037,CLOSED,2
sqlalchemy/mako,35,2007-04-06T17:46:01Z,2007-06-25T18:22:09Z,80.02509259259259,CLOSED,6
sqlalchemy/mako,46,2007-06-25T17:28:48Z,2007-06-25T18:07:24Z,0.026805555555555555,CLOSED,2
sqlalchemy/mako,38,2007-04-15T18:44:15Z,2007-04-20T23:23:50Z,5.194155092592593,CLOSED,3
sqlalchemy/mako,37,2007-04-15T18:19:07Z,2007-04-20T23:21:07Z,5.209722222222222,CLOSED,4
sqlalchemy/mako,28,2007-03-14T14:56:35Z,2007-04-14T11:30:47Z,30.857083333333332,CLOSED,3
sqlalchemy/mako,34,2007-04-06T00:24:32Z,2007-04-06T13:06:41Z,0.5292708333333334,CLOSED,2
sqlalchemy/mako,30,2007-03-28T14:14:09Z,2007-03-28T16:40:48Z,0.10184027777777778,CLOSED,3
sqlalchemy/mako,29,2007-03-25T20:31:00Z,2007-03-26T12:23:36Z,0.6615277777777778,CLOSED,2
sqlalchemy/mako,27,2007-03-14T13:00:13Z,2007-03-14T15:02:24Z,0.08484953703703704,CLOSED,2
sqlalchemy/mako,26,2007-03-12T19:17:41Z,2007-03-13T20:14:34Z,1.0395023148148148,CLOSED,2
sqlalchemy/mako,25,2007-03-08T15:47:21Z,2007-03-08T19:21:33Z,0.14875,CLOSED,2
sqlalchemy/mako,23,2007-03-01T11:12:08Z,2007-03-01T15:53:13Z,0.19519675925925925,CLOSED,2
sqlalchemy/mako,22,2007-02-22T00:36:20Z,2007-02-22T18:23:58Z,0.7414120370370371,CLOSED,2
sqlalchemy/mako,21,2007-01-31T13:08:35Z,2007-02-01T01:21:16Z,0.5088078703703703,CLOSED,7
sqlalchemy/mako,16,2007-01-23T14:04:57Z,2007-01-28T19:23:46Z,5.221400462962963,CLOSED,3
sqlalchemy/mako,18,2007-01-24T12:55:34Z,2007-01-24T13:30:52Z,0.02451388888888889,CLOSED,2
sqlalchemy/mako,15,2007-01-22T14:39:12Z,2007-01-22T15:11:11Z,0.02221064814814815,CLOSED,2
sqlalchemy/mako,13,2007-01-20T12:50:42Z,2007-01-20T13:59:49Z,0.047997685185185185,CLOSED,1
sqlalchemy/mako,10,2007-01-11T09:58:23Z,2007-01-11T16:46:10Z,0.2831828703703704,CLOSED,3
sqlalchemy/mako,9,2007-01-11T07:43:17Z,2007-01-11T16:49:09Z,0.37907407407407406,CLOSED,2
sqlalchemy/mako,5,2006-12-31T09:49:18Z,2006-12-31T19:35:57Z,0.40739583333333335,CLOSED,5
sqlalchemy/mako,6,2006-12-31T09:56:55Z,2006-12-31T19:36:26Z,0.4024421296296296,CLOSED,3
sqlalchemy/mako,1,2006-11-27T12:11:54Z,2006-11-27T21:51:15Z,0.4023263888888889,CLOSED,2
html5lib/html5lib-python,96,2013-07-22T10:17:29Z,,,OPEN,26
html5lib/html5lib-python,111,2013-09-05T07:47:25Z,,,OPEN,3
html5lib/html5lib-python,488,2020-05-06T18:36:03Z,2020-06-09T01:28:35Z,33.28648148148148,CLOSED,0
html5lib/html5lib-python,92,2013-07-19T08:33:55Z,,,OPEN,2
html5lib/html5lib-python,59,2013-06-11T17:15:15Z,,,OPEN,8
html5lib/html5lib-python,72,2013-06-21T16:49:27Z,2016-05-18T16:59:27Z,1062.0069444444443,CLOSED,9
html5lib/html5lib-python,7,2013-04-09T21:23:32Z,2016-05-23T00:06:29Z,1139.1131597222222,CLOSED,1
html5lib/html5lib-python,179,2015-01-11T15:00:01Z,2016-05-22T03:17:20Z,496.512025462963,CLOSED,2
html5lib/html5lib-python,11,2013-04-09T23:07:07Z,2016-05-17T22:08:22Z,1133.959201388889,CLOSED,1
html5lib/html5lib-python,124,2013-12-02T14:54:49Z,2016-01-12T21:40:58Z,771.2820486111111,CLOSED,0
html5lib/html5lib-python,190,2015-05-09T14:14:15Z,2015-07-07T01:47:36Z,58.48149305555555,CLOSED,0
html5lib/html5lib-python,89,2013-07-09T12:07:05Z,2015-05-07T10:18:05Z,666.9243055555555,CLOSED,1
html5lib/html5lib-python,188,2015-04-30T05:34:18Z,2015-04-30T15:31:46Z,0.4149074074074074,CLOSED,2
html5lib/html5lib-python,112,2013-09-10T17:46:19Z,2015-04-29T00:57:43Z,595.2995833333333,CLOSED,0
html5lib/html5lib-python,100,2013-07-29T11:47:40Z,2015-04-26T04:17:32Z,635.6874074074074,CLOSED,0
html5lib/html5lib-python,9,2013-04-09T21:34:38Z,2013-05-04T21:21:50Z,24.99111111111111,CLOSED,1
html5lib/html5lib-python,146,2014-04-07T22:54:32Z,2014-04-09T19:15:08Z,1.8476388888888888,CLOSED,0
html5lib/html5lib-python,127,2013-12-17T14:42:22Z,2013-12-22T23:11:46Z,5.35375,CLOSED,2
html5lib/html5lib-python,12,2013-04-09T23:11:30Z,2013-09-19T22:54:07Z,162.98792824074073,CLOSED,1
html5lib/html5lib-python,88,2013-07-09T12:06:32Z,2013-09-11T17:21:12Z,64.21851851851852,CLOSED,1
html5lib/html5lib-python,33,2013-05-01T22:36:57Z,2013-05-04T22:26:56Z,2.9930439814814815,CLOSED,0
html5lib/html5lib-python,8,2013-04-09T21:27:56Z,,,OPEN,2
html5lib/html5lib-python,90,2013-07-09T12:09:40Z,2013-07-09T13:56:25Z,0.07413194444444444,CLOSED,0
html5lib/html5lib-python,63,2013-06-16T18:18:56Z,2013-06-26T23:57:28Z,10.235092592592592,CLOSED,0
html5lib/html5lib-python,81,2013-06-26T20:19:01Z,,,OPEN,0
html5lib/html5lib-python,6,2013-04-09T21:12:50Z,2013-06-26T18:19:48Z,77.87983796296297,CLOSED,0
html5lib/html5lib-python,71,2013-06-21T16:46:49Z,,,OPEN,0
html5lib/html5lib-python,70,2013-06-21T16:43:33Z,,,OPEN,0
html5lib/html5lib-python,68,2013-06-21T16:37:42Z,2013-06-21T16:50:10Z,0.008657407407407407,CLOSED,2
html5lib/html5lib-python,69,2013-06-21T16:41:06Z,,,OPEN,0
html5lib/html5lib-python,60,2013-06-11T17:30:45Z,,,OPEN,0
html5lib/html5lib-python,57,2013-06-11T16:35:55Z,2013-06-16T22:20:21Z,5.239189814814814,CLOSED,2
html5lib/html5lib-python,16,2013-04-11T17:21:30Z,2013-05-05T22:49:16Z,24.22761574074074,CLOSED,0
html5lib/html5lib-python,4,2013-04-09T20:53:19Z,2013-05-01T21:56:46Z,22.0440625,CLOSED,1
html5lib/html5lib-python,23,2013-04-16T00:06:22Z,2013-04-28T16:29:13Z,12.682534722222222,CLOSED,1
html5lib/html5lib-python,1,2013-04-09T20:25:55Z,2013-04-28T08:51:35Z,18.517824074074074,CLOSED,1
html5lib/html5lib-python,19,2013-04-13T14:23:08Z,2013-04-27T19:44:05Z,14.222881944444444,CLOSED,0
html5lib/html5lib-python,18,2013-04-11T21:03:52Z,2013-04-13T14:37:25Z,1.7316319444444443,CLOSED,0
html5lib/html5lib-python,14,2013-04-10T13:33:17Z,2013-04-11T12:31:14Z,0.9569097222222223,CLOSED,0
html5lib/html5lib-python,3,2013-04-09T20:38:50Z,2013-04-10T12:38:31Z,0.6664467592592592,CLOSED,1
scrapy/cssselect,136,2023-01-04T11:43:07Z,,,OPEN,0
scrapy/cssselect,93,2019-08-15T20:45:58Z,2022-10-24T14:35:49Z,1165.742951388889,CLOSED,0
scrapy/cssselect,34,2013-10-14T18:59:50Z,2021-08-05T13:03:22Z,2851.752453703704,CLOSED,6
scrapy/cssselect,119,2021-06-23T16:51:16Z,,,OPEN,0
scrapy/cssselect,27,2013-07-30T00:31:24Z,,,OPEN,11
scrapy/cssselect,9,2012-06-09T13:35:39Z,,,OPEN,0
scrapy/cssselect,18,2012-10-20T03:56:23Z,,,OPEN,1
scrapy/parsel,307,2024-11-20T18:12:21Z,2024-12-12T09:00:50Z,21.617002314814815,CLOSED,15
scrapy/parsel,325,2025-07-27T13:14:02Z,,,OPEN,0
scrapy/parsel,110,2018-03-03T21:29:28Z,2023-10-28T18:12:55Z,2064.8635069444445,CLOSED,8
scrapy/parsel,212,2021-03-05T15:24:12Z,2023-06-23T12:59:01Z,839.8991782407408,CLOSED,3
scrapy/parsel,275,2023-05-26T15:02:27Z,2023-06-16T10:57:37Z,20.829976851851853,CLOSED,13
scrapy/parsel,276,2023-05-29T11:50:33Z,2023-05-30T07:31:41Z,0.8202314814814815,CLOSED,2
scrapy/parsel,203,2020-10-26T08:18:31Z,,,OPEN,3
scrapy/parsel,206,2020-12-30T15:15:59Z,2022-10-28T08:29:19Z,666.7175925925926,CLOSED,2
scrapy/parsel,190,2020-05-06T17:37:29Z,2022-06-28T19:14:41Z,783.0675,CLOSED,1
scrapy/parsel,208,2021-02-01T17:17:24Z,2021-02-01T17:33:46Z,0.01136574074074074,CLOSED,2
scrapy/parsel,188,2020-03-23T01:25:45Z,2020-06-24T11:17:51Z,93.41118055555556,CLOSED,3
scrapy/parsel,187,2020-03-14T09:10:30Z,2020-06-04T13:41:55Z,82.1884837962963,CLOSED,3
scrapy/parsel,183,2020-02-03T16:05:17Z,2020-02-11T17:09:22Z,8.044502314814816,CLOSED,1
scrapy/parsel,147,2019-08-15T15:48:47Z,2019-09-30T15:19:58Z,45.979988425925924,CLOSED,5
scrapy/scrapy,1402,2015-08-02T12:21:30Z,2019-07-08T13:38:52Z,1436.053726851852,CLOSED,4
scrapy/scrapy,1015,2015-01-18T17:12:02Z,2019-07-04T17:19:07Z,1628.0049189814815,CLOSED,10
scrapy/scrapy,3777,2019-05-14T08:28:01Z,2019-07-02T15:08:15Z,49.277939814814815,CLOSED,3
scrapy/scrapy,3821,2019-06-09T05:12:20Z,2019-06-12T20:40:26Z,3.644513888888889,CLOSED,0
scrapy/scrapy,3809,2019-06-04T12:40:42Z,2019-06-12T20:40:09Z,8.332951388888889,CLOSED,0
scrapy/scrapy,3807,2019-06-03T21:28:52Z,2019-06-05T20:54:47Z,1.9763310185185186,CLOSED,2
scrapy/scrapy,3778,2019-05-15T02:19:10Z,,,OPEN,8
scrapy/scrapy,1322,2015-06-26T08:41:41Z,2019-04-27T01:22:18Z,1400.6948726851851,CLOSED,2
scrapy/scrapy,3747,2019-04-17T03:03:59Z,2019-04-17T04:28:50Z,0.058923611111111114,CLOSED,2
scrapy/scrapy,220,2013-01-03T03:23:03Z,2019-04-01T07:43:20Z,2279.180752314815,CLOSED,18
scrapy/scrapy,2973,2017-10-22T08:56:02Z,,,OPEN,2
scrapy/scrapy,3029,2017-12-03T15:33:18Z,2018-03-14T14:47:58Z,100.96851851851852,CLOSED,11
scrapy/scrapy,2141,2016-07-22T18:19:19Z,,,OPEN,3
scrapy/scrapy,3139,2018-02-26T06:05:33Z,2018-05-04T06:03:48Z,66.99878472222223,CLOSED,7
scrapy/scrapy,508,2013-12-30T22:13:50Z,,,OPEN,19
scrapy/scrapy,3167,2018-03-12T15:56:50Z,2018-03-15T17:22:59Z,3.059826388888889,CLOSED,1
scrapy/scrapy,3128,2018-02-16T23:38:44Z,2018-02-21T22:38:14Z,4.957986111111111,CLOSED,18
scrapy/scrapy,3095,2018-01-26T11:14:33Z,,,OPEN,4
scrapy/scrapy,2199,2016-08-25T08:18:27Z,2018-02-15T16:37:46Z,539.3467476851852,CLOSED,7
scrapy/scrapy,950,2014-11-13T22:11:23Z,2018-02-15T16:21:28Z,1189.7570023148148,CLOSED,8
scrapy/scrapy,3054,2017-12-29T17:17:07Z,2018-02-08T20:39:38Z,41.14063657407407,CLOSED,1
scrapy/scrapy,2743,2017-05-17T04:03:26Z,2017-12-26T17:12:48Z,223.5481712962963,CLOSED,13
scrapy/scrapy,1343,2015-07-07T01:38:43Z,2017-08-29T14:20:47Z,784.529212962963,CLOSED,12
scrapy/scrapy,2853,2017-07-26T13:49:19Z,2017-08-22T09:23:50Z,26.815636574074073,CLOSED,4
scrapy/scrapy,2311,2016-10-06T20:17:01Z,2016-10-17T09:44:28Z,10.560729166666667,CLOSED,8
scrapy/scrapy,1930,2016-04-13T18:56:45Z,2016-04-20T12:57:33Z,6.750555555555556,CLOSED,4
scrapy/scrapy,2774,2017-06-02T07:02:47Z,2017-08-03T13:46:06Z,62.280081018518516,CLOSED,3
scrapy/scrapy,2844,2017-07-22T10:30:52Z,2017-07-26T18:29:24Z,4.332314814814815,CLOSED,2
scrapy/scrapy,2811,2017-07-03T14:10:23Z,2017-07-06T10:53:34Z,2.8633217592592595,CLOSED,1
scrapy/scrapy,2728,2017-05-07T11:59:40Z,2017-06-19T08:46:51Z,42.86609953703704,CLOSED,14
scrapy/scrapy,1616,2015-11-25T12:46:06Z,2017-05-04T14:44:52Z,526.0824768518519,CLOSED,2
scrapy/scrapy,2677,2017-03-23T10:03:58Z,2017-04-26T19:10:21Z,34.37943287037037,CLOSED,3
scrapy/scrapy,2004,2016-05-22T18:34:24Z,2017-03-16T10:31:28Z,297.66462962962964,CLOSED,11
scrapy/scrapy,1612,2015-11-23T01:33:57Z,2017-03-09T11:47:32Z,472.42609953703703,CLOSED,13
scrapy/scrapy,2389,2016-11-09T15:07:59Z,2017-03-07T11:56:54Z,117.86730324074074,CLOSED,1
scrapy/scrapy,2162,2016-08-02T08:09:36Z,2017-03-07T11:56:55Z,217.1578587962963,CLOSED,8
scrapy/scrapy,2145,2016-07-26T15:13:20Z,2017-03-07T08:23:36Z,223.71546296296296,CLOSED,4
scrapy/scrapy,2479,2017-01-04T13:44:36Z,2017-02-27T11:14:38Z,53.89585648148148,CLOSED,5
scrapy/scrapy,2491,2017-01-11T03:09:17Z,2017-02-20T20:44:36Z,40.7328587962963,CLOSED,10
scrapy/scrapy,2342,2016-10-20T14:05:08Z,2017-02-20T17:19:55Z,123.13526620370371,CLOSED,0
scrapy/scrapy,838,2014-08-02T11:11:53Z,2017-02-20T14:08:33Z,933.1226851851852,CLOSED,9
scrapy/scrapy,1890,2016-03-29T19:32:20Z,2017-02-08T17:30:08Z,315.91513888888886,CLOSED,1
scrapy/scrapy,2511,2017-01-24T17:21:19Z,2017-02-08T11:15:15Z,14.745787037037037,CLOSED,0
scrapy/scrapy,2501,2017-01-19T14:16:37Z,2017-02-02T16:24:56Z,14.089108796296296,CLOSED,1
scrapy/scrapy,2461,2016-12-22T16:58:37Z,2017-02-02T16:13:59Z,41.96900462962963,CLOSED,7
scrapy/scrapy,2373,2016-11-02T13:18:27Z,2016-12-01T20:43:23Z,29.30898148148148,CLOSED,7
scrapy/scrapy,2390,2016-11-09T16:58:53Z,2016-12-01T13:24:54Z,21.851400462962964,CLOSED,3
scrapy/scrapy,396,2013-09-24T19:06:44Z,2016-11-30T12:49:52Z,1162.738287037037,CLOSED,12
scrapy/scrapy,2377,2016-11-02T16:33:24Z,2016-11-10T10:32:06Z,7.749097222222222,CLOSED,8
scrapy/scrapy,2063,2016-06-19T11:15:35Z,2016-07-11T10:15:38Z,21.958368055555557,CLOSED,3
scrapy/scrapy,2362,2016-10-26T15:37:43Z,2016-11-08T12:33:40Z,12.8721875,CLOSED,8
scrapy/scrapy,2321,2016-10-12T10:48:27Z,2016-10-20T02:26:12Z,7.651215277777778,CLOSED,0
scrapy/scrapy,2198,2016-08-25T08:13:43Z,2016-09-19T16:43:52Z,25.354270833333334,CLOSED,6
scrapy/scrapy,1202,2015-05-03T00:28:52Z,,,OPEN,5
scrapy/scrapy,2125,2016-07-14T04:51:38Z,2016-09-19T08:44:45Z,67.16188657407407,CLOSED,1
scrapy/scrapy,899,2014-09-23T01:24:42Z,,,OPEN,0
scrapy/scrapy,951,2014-11-14T18:48:52Z,2016-09-14T13:24:10Z,669.7745138888889,CLOSED,7
scrapy/scrapy,1606,2015-11-16T20:27:06Z,2016-08-17T12:51:30Z,274.68361111111113,CLOSED,2
scrapy/scrapy,2049,2016-06-12T00:46:14Z,2016-07-08T11:51:49Z,26.462210648148147,CLOSED,1
scrapy/scrapy,1985,2016-05-11T18:24:09Z,2016-07-13T14:44:00Z,62.847118055555555,CLOSED,3
scrapy/scrapy,2092,2016-07-05T22:52:18Z,2016-07-13T10:48:08Z,7.497106481481482,CLOSED,3
scrapy/scrapy,1764,2016-02-05T14:34:13Z,2016-07-11T07:24:31Z,156.70159722222223,CLOSED,36
scrapy/scrapy,2010,2016-05-25T21:10:26Z,2016-07-08T04:47:54Z,43.317685185185184,CLOSED,5
scrapy/scrapy,1807,2016-02-23T13:04:14Z,2016-04-20T11:32:04Z,56.93599537037037,CLOSED,9
scrapy/scrapy,1936,2016-04-18T05:05:36Z,2016-04-19T03:36:52Z,0.9383796296296296,CLOSED,5
scrapy/scrapy,1783,2016-02-16T20:56:33Z,2016-04-12T14:56:08Z,55.749710648148145,CLOSED,3
scrapy/scrapy,1850,2016-03-06T02:45:13Z,2016-04-08T10:55:09Z,33.34023148148148,CLOSED,3
scrapy/scrapy,1486,2015-09-09T14:57:11Z,2016-02-24T22:01:25Z,168.29460648148148,CLOSED,5
scrapy/scrapy,1782,2016-02-16T19:09:44Z,2016-02-18T22:24:28Z,2.1352314814814815,CLOSED,4
scrapy/scrapy,1733,2016-01-27T11:25:14Z,2016-02-03T15:30:06Z,7.170046296296296,CLOSED,1
scrapy/scrapy,1738,2016-01-27T18:03:42Z,2016-02-02T04:35:39Z,5.438854166666666,CLOSED,1
scrapy/scrapy,671,2014-03-26T22:02:34Z,2016-02-02T16:46:21Z,677.7804050925926,CLOSED,3
scrapy/scrapy,1593,2015-11-12T01:45:52Z,2016-01-27T17:52:39Z,76.67137731481482,CLOSED,2
scrapy/scrapy,1163,2015-04-15T11:21:43Z,,,OPEN,1
scrapy/scrapy,1596,2015-11-12T21:50:29Z,2015-12-04T12:57:31Z,21.62988425925926,CLOSED,1
scrapy/scrapy,1595,2015-11-12T21:41:48Z,2015-12-04T12:56:52Z,21.63546296296296,CLOSED,1
scrapy/scrapy,1265,2015-05-29T14:14:45Z,2015-06-01T23:31:53Z,3.386898148148148,CLOSED,2
scrapy/scrapy,875,2014-09-03T20:04:12Z,2015-04-29T18:20:34Z,237.92803240740741,CLOSED,3
scrapy/scrapy,483,2013-12-05T14:57:54Z,2015-04-29T18:20:34Z,510.14074074074074,CLOSED,10
scrapy/scrapy,1034,2015-02-04T22:29:29Z,2015-02-16T19:18:02Z,11.86704861111111,CLOSED,0
scrapy/scrapy,874,2014-09-03T20:00:04Z,2014-09-08T17:32:11Z,4.897303240740741,CLOSED,1
scrapy/scrapy,728,2014-05-21T17:05:43Z,2014-07-21T16:41:06Z,60.982905092592596,CLOSED,4
scrapy/scrapy,163,2012-08-05T02:15:00Z,2014-07-02T22:29:54Z,696.8436805555556,CLOSED,6
scrapy/scrapy,769,2014-06-27T13:11:36Z,2014-06-27T15:40:12Z,0.10319444444444445,CLOSED,2
scrapy/scrapy,763,2014-06-25T18:55:35Z,2014-06-25T19:29:16Z,0.023391203703703702,CLOSED,0
scrapy/scrapy,500,2013-12-27T13:01:51Z,2014-06-23T18:30:14Z,178.22804398148148,CLOSED,4
scrapy/scrapy,706,2014-04-25T14:20:49Z,2014-04-28T16:13:42Z,3.0783912037037036,CLOSED,0
scrapy/scrapy,28,2011-09-09T05:35:33Z,2014-04-25T22:08:51Z,959.6897916666667,CLOSED,2
scrapy/scrapy,652,2014-03-17T19:47:45Z,2014-03-28T11:44:01Z,10.664074074074074,CLOSED,4
scrapy/scrapy,581,2014-02-04T18:24:01Z,2014-02-05T21:48:40Z,1.1421180555555555,CLOSED,0
scrapy/scrapy,529,2014-01-14T21:16:13Z,2014-01-14T21:56:02Z,0.027650462962962963,CLOSED,2
scrapy/scrapy,417,2013-10-08T13:31:34Z,2013-10-08T17:18:55Z,0.15788194444444445,CLOSED,2
scrapy/scrapy,414,2013-10-07T16:01:37Z,2013-10-14T18:43:25Z,7.112361111111111,CLOSED,6
scrapy/scrapy,411,2013-10-03T00:59:48Z,2013-10-10T01:04:50Z,7.00349537037037,CLOSED,5
scrapy/scrapy,407,2013-10-02T00:43:50Z,2013-10-10T01:50:54Z,8.046574074074075,CLOSED,5
scrapy/scrapy,383,2013-09-10T08:11:13Z,2013-09-27T21:18:20Z,17.546608796296297,CLOSED,5
scrapy/scrapy,199,2012-11-27T01:07:48Z,2013-01-29T20:09:10Z,63.79261574074074,CLOSED,3
scrapy/scrapy,24,2011-09-09T05:31:07Z,2013-01-30T18:56:49Z,509.5595138888889,CLOSED,4
scrapy/scrapy,21,2011-09-09T05:26:25Z,2013-01-29T14:43:26Z,508.3868171296296,CLOSED,1
scrapy/scrapy,209,2012-12-20T10:53:19Z,2012-12-20T13:59:48Z,0.1295023148148148,CLOSED,1
sdispater/pendulum,900,2025-05-21T08:56:46Z,2025-10-28T13:01:31Z,160.16996527777778,CLOSED,4
sdispater/pendulum,906,2025-08-01T08:27:38Z,,,OPEN,2
sdispater/pendulum,916,2025-09-11T23:24:53Z,2025-09-18T20:29:15Z,6.8780324074074075,CLOSED,3
sdispater/pendulum,850,2024-10-13T08:23:07Z,2025-07-16T13:12:05Z,276.2006712962963,CLOSED,0
sdispater/pendulum,782,2023-12-18T19:31:14Z,2025-03-30T17:14:32Z,467.90506944444445,CLOSED,6
sdispater/pendulum,808,2024-02-15T13:17:46Z,2025-01-13T16:28:02Z,333.1321296296296,CLOSED,3
sdispater/pendulum,587,2021-12-10T14:01:28Z,2023-12-15T00:09:51Z,734.422488425926,CLOSED,3
sdispater/pendulum,544,2021-05-22T01:49:05Z,2023-12-14T16:45:20Z,936.6223958333334,CLOSED,1
sdispater/pendulum,226,2018-05-31T14:13:14Z,,,OPEN,1
sdispater/pendulum,286,2018-10-09T13:12:04Z,,,OPEN,0
sdispater/pendulum,346,2019-02-19T02:07:46Z,2020-08-20T04:42:37Z,548.1075347222222,CLOSED,1
sdispater/pendulum,441,2020-02-05T20:25:24Z,2020-03-06T23:45:31Z,30.138969907407407,CLOSED,0
sdispater/pendulum,361,2019-04-02T14:00:21Z,,,OPEN,3
sdispater/pendulum,332,2019-01-15T14:30:42Z,,,OPEN,1
sdispater/pendulum,266,2018-08-13T21:34:37Z,2019-05-21T19:13:15Z,280.9018287037037,CLOSED,3
sdispater/pendulum,262,2018-08-04T00:41:16Z,2019-05-21T19:12:17Z,290.77153935185186,CLOSED,1
sdispater/pendulum,273,2018-09-07T21:28:30Z,,,OPEN,1
sdispater/pendulum,212,2018-05-16T12:40:55Z,2018-05-29T15:46:23Z,13.128796296296295,CLOSED,12
sdispater/pendulum,209,2018-05-14T14:14:40Z,2018-05-29T15:47:02Z,15.064143518518518,CLOSED,2
sdispater/pendulum,211,2018-05-15T20:58:36Z,2018-05-29T15:46:39Z,13.783368055555556,CLOSED,2
sdispater/pendulum,204,2018-05-10T00:44:25Z,2018-05-11T14:41:51Z,1.581550925925926,CLOSED,2
sdispater/pendulum,163,2017-11-27T23:04:35Z,2018-02-21T21:51:53Z,85.94951388888889,CLOSED,3
sdispater/pendulum,173,2018-01-23T17:24:07Z,2018-02-08T09:41:30Z,15.678738425925927,CLOSED,2
sdispater/pendulum,168,2017-12-14T09:37:53Z,2018-01-23T19:11:10Z,40.39811342592593,CLOSED,2
sdispater/pendulum,152,2017-10-07T06:05:25Z,2017-10-22T14:42:16Z,15.358923611111111,CLOSED,3
sdispater/pendulum,153,2017-10-08T20:18:08Z,2017-10-21T13:24:37Z,12.712835648148149,CLOSED,2
sdispater/pendulum,137,2017-08-23T16:08:25Z,2017-09-04T15:56:07Z,11.991458333333334,CLOSED,5
sdispater/pendulum,128,2017-06-19T18:43:12Z,2017-06-20T20:10:07Z,1.0603587962962964,CLOSED,2
sdispater/pendulum,125,2017-06-15T05:45:20Z,2017-06-15T16:13:54Z,0.4365046296296296,CLOSED,0
sdispater/pendulum,88,2017-01-18T17:25:56Z,2017-01-19T15:33:03Z,0.9216087962962963,CLOSED,0
sdispater/pendulum,84,2016-12-10T18:47:22Z,2016-12-12T17:13:44Z,1.9349768518518518,CLOSED,3
sdispater/pendulum,77,2016-11-14T18:32:17Z,2016-12-07T16:53:43Z,22.931550925925926,CLOSED,1
sdispater/pendulum,73,2016-11-11T22:39:32Z,2016-12-07T16:53:43Z,25.759849537037038,CLOSED,3
sdispater/pendulum,74,2016-11-12T02:29:38Z,2016-12-07T16:18:31Z,25.575613425925926,CLOSED,5
sdispater/pendulum,79,2016-11-16T20:39:24Z,2016-11-17T22:10:59Z,1.063599537037037,CLOSED,4
sdispater/pendulum,54,2016-09-29T18:27:50Z,2016-09-29T19:45:12Z,0.05372685185185185,CLOSED,4
sdispater/pendulum,41,2016-09-05T09:13:49Z,2016-09-12T17:28:06Z,7.343252314814815,CLOSED,4
sdispater/pendulum,42,2016-09-05T09:55:25Z,2016-09-12T16:46:55Z,7.285763888888889,CLOSED,19
sdispater/pendulum,40,2016-08-31T04:18:35Z,2016-09-01T15:49:16Z,1.4796412037037037,CLOSED,11
sdispater/pendulum,37,2016-08-30T02:15:08Z,2016-08-30T14:46:45Z,0.5219560185185185,CLOSED,4
sdispater/pendulum,36,2016-08-28T05:10:52Z,2016-08-28T05:46:01Z,0.02440972222222222,CLOSED,0
sdispater/pendulum,26,2016-08-18T16:15:47Z,2016-08-22T17:42:13Z,4.060023148148148,CLOSED,5
sdispater/pendulum,14,2016-07-19T22:59:47Z,2016-07-22T22:11:34Z,2.9665162037037036,CLOSED,0
dateutil/dateutil,803,2018-08-15T14:14:10Z,,,OPEN,3
dateutil/dateutil,370,2017-04-17T18:08:01Z,,,OPEN,7
dateutil/dateutil,781,2018-06-23T13:26:35Z,,,OPEN,0
dateutil/dateutil,684,2018-04-16T01:49:46Z,2018-06-08T07:17:52Z,53.22784722222222,CLOSED,6
dateutil/dateutil,702,2018-04-23T17:54:08Z,2018-04-24T17:59:56Z,1.0040277777777777,CLOSED,0
dateutil/dateutil,158,2015-12-08T00:04:03Z,2017-08-11T21:48:01Z,612.9055324074075,CLOSED,9
dateutil/dateutil,172,2016-01-29T19:28:31Z,2016-03-10T00:37:48Z,40.21478009259259,CLOSED,1
dateutil/dateutil,157,2015-12-07T19:58:43Z,2016-03-14T21:20:26Z,98.05674768518519,CLOSED,3
dateutil/dateutil,196,2016-02-29T10:29:04Z,2016-03-14T23:42:35Z,14.55105324074074,CLOSED,2
dateutil/dateutil,353,2017-03-22T08:38:37Z,2017-10-27T00:28:21Z,218.65953703703704,CLOSED,2
dateutil/dateutil,360,2017-04-13T04:58:26Z,2017-11-03T17:30:39Z,204.5223726851852,CLOSED,2
dateutil/dateutil,293,2016-09-13T11:40:21Z,2017-11-10T03:40:23Z,422.6666898148148,CLOSED,2
dateutil/dateutil,387,2017-05-26T14:46:43Z,2017-12-01T14:37:07Z,188.99333333333334,CLOSED,1
dateutil/dateutil,411,2017-07-06T17:42:13Z,2017-12-06T18:29:08Z,153.03258101851853,CLOSED,1
dateutil/dateutil,662,2018-04-09T16:56:01Z,2018-04-14T18:55:30Z,5.082974537037037,CLOSED,2
dateutil/dateutil,661,2018-04-08T01:02:38Z,2018-04-20T00:52:10Z,11.992731481481481,CLOSED,2
dateutil/dateutil,675,2018-04-13T00:57:20Z,2018-04-14T13:43:23Z,1.5319791666666667,CLOSED,0
dateutil/dateutil,620,2018-02-06T22:24:27Z,2018-03-24T19:00:16Z,45.858206018518516,CLOSED,7
dateutil/dateutil,640,2018-03-15T23:42:52Z,,,OPEN,4
dateutil/dateutil,632,2018-03-12T12:17:04Z,2018-03-13T11:30:35Z,0.9677199074074074,CLOSED,8
dateutil/dateutil,294,2016-09-25T09:14:59Z,,,OPEN,2
dateutil/dateutil,478,2017-10-16T03:42:02Z,,,OPEN,8
dateutil/dateutil,487,2017-10-30T21:32:02Z,,,OPEN,10
dateutil/dateutil,571,2017-12-07T17:13:30Z,,,OPEN,3
dateutil/dateutil,421,2017-07-18T02:25:26Z,,,OPEN,1
dateutil/dateutil,320,2016-11-09T19:02:32Z,2017-12-19T19:07:08Z,405.00319444444443,CLOSED,2
dateutil/dateutil,259,2016-04-25T02:41:24Z,2017-12-19T18:59:44Z,603.6793981481482,CLOSED,1
dateutil/dateutil,64,2015-03-25T03:14:52Z,2017-12-19T19:00:49Z,1000.6569097222222,CLOSED,7
dateutil/dateutil,594,2017-12-18T17:16:29Z,,,OPEN,0
dateutil/dateutil,590,2017-12-13T16:30:49Z,,,OPEN,3
dateutil/dateutil,546,2017-12-06T12:12:08Z,2017-12-10T01:22:21Z,3.548761574074074,CLOSED,2
dateutil/dateutil,278,2016-07-19T11:19:45Z,,,OPEN,4
dateutil/dateutil,427,2017-07-26T18:12:25Z,2017-12-07T15:50:45Z,133.90162037037038,CLOSED,11
dateutil/dateutil,318,2016-11-09T17:36:22Z,2017-11-17T19:05:22Z,373.06180555555557,CLOSED,1
dateutil/dateutil,448,2017-08-16T18:38:29Z,,,OPEN,1
dateutil/dateutil,507,2017-11-08T21:25:28Z,2017-11-10T18:59:34Z,1.8986805555555555,CLOSED,1
dateutil/dateutil,251,2016-04-14T01:01:16Z,,,OPEN,2
dateutil/dateutil,459,2017-09-14T10:50:17Z,2017-09-17T16:12:21Z,3.2236574074074076,CLOSED,2
dateutil/dateutil,344,2017-01-28T05:54:31Z,,,OPEN,10
dateutil/dateutil,19,2015-01-05T08:12:22Z,,,OPEN,2
dateutil/dateutil,121,2015-09-08T21:56:36Z,,,OPEN,2
dateutil/dateutil,322,2016-11-11T17:31:59Z,2016-11-13T16:52:51Z,1.9728240740740741,CLOSED,6
dateutil/dateutil,321,2016-11-10T22:13:15Z,2017-06-04T21:49:58Z,205.98383101851852,CLOSED,0
dateutil/dateutil,333,2016-12-16T07:02:36Z,2017-06-04T17:36:46Z,170.4403935185185,CLOSED,2
dateutil/dateutil,338,2016-12-22T10:29:20Z,2017-06-03T20:51:50Z,163.43229166666666,CLOSED,4
dateutil/dateutil,343,2017-01-20T08:07:47Z,2017-05-22T05:06:59Z,121.87444444444445,CLOSED,2
dateutil/dateutil,356,2017-03-29T14:52:47Z,2017-04-17T18:13:10Z,19.139155092592592,CLOSED,2
dateutil/dateutil,331,2016-12-05T21:18:31Z,2017-01-04T21:31:51Z,30.00925925925926,CLOSED,3
dateutil/dateutil,267,2016-05-10T09:16:46Z,,,OPEN,1
dateutil/dateutil,329,2016-12-01T17:52:27Z,2016-12-07T18:19:13Z,6.018587962962963,CLOSED,1
dateutil/dateutil,317,2016-11-09T13:39:18Z,2016-11-13T15:15:08Z,4.066550925925926,CLOSED,13
dateutil/dateutil,5,2014-12-10T07:21:21Z,2016-11-06T21:59:43Z,697.6099768518518,CLOSED,5
dateutil/dateutil,287,2016-07-27T13:20:58Z,2016-11-06T18:25:21Z,102.21137731481481,CLOSED,2
dateutil/dateutil,292,2016-09-09T03:28:06Z,2016-11-06T19:43:43Z,58.677511574074074,CLOSED,0
dateutil/dateutil,57,2015-03-08T18:02:10Z,2016-07-22T19:09:38Z,502.04685185185184,CLOSED,17
dateutil/dateutil,270,2016-05-16T03:12:50Z,,,OPEN,1
dateutil/dateutil,233,2016-03-28T23:22:09Z,2016-03-30T21:00:59Z,1.9019675925925925,CLOSED,8
dateutil/dateutil,262,2016-04-28T14:02:58Z,2016-04-28T19:15:10Z,0.21680555555555556,CLOSED,0
dateutil/dateutil,252,2016-04-14T09:30:55Z,,,OPEN,5
dateutil/dateutil,171,2016-01-15T21:33:48Z,2016-04-10T14:06:25Z,85.68931712962963,CLOSED,0
dateutil/dateutil,235,2016-03-29T19:57:53Z,2016-04-02T15:52:53Z,3.829861111111111,CLOSED,1
dateutil/dateutil,239,2016-03-31T18:50:23Z,2016-03-31T21:08:29Z,0.09590277777777778,CLOSED,4
dateutil/dateutil,226,2016-03-21T08:44:20Z,2016-03-28T19:51:39Z,7.463414351851852,CLOSED,2
dateutil/dateutil,128,2015-09-19T18:31:03Z,2016-03-28T19:42:34Z,191.04966435185185,CLOSED,7
dateutil/dateutil,112,2015-08-24T20:04:43Z,2016-03-28T19:42:18Z,216.98443287037037,CLOSED,12
dateutil/dateutil,146,2015-11-02T15:29:36Z,2016-03-16T22:41:47Z,135.3001273148148,CLOSED,1
dateutil/dateutil,193,2016-02-28T21:59:11Z,2016-03-15T17:31:16Z,15.81394675925926,CLOSED,2
dateutil/dateutil,216,2016-03-11T18:22:06Z,2016-03-15T16:58:39Z,3.9420486111111113,CLOSED,3
dateutil/dateutil,59,2015-03-10T04:35:07Z,2016-03-10T12:57:24Z,366.34880787037036,CLOSED,3
dateutil/dateutil,163,2015-12-23T12:12:40Z,2016-03-10T12:43:11Z,78.02119212962963,CLOSED,2
dateutil/dateutil,203,2016-03-04T16:00:04Z,,,OPEN,2
dateutil/dateutil,145,2015-11-02T15:06:13Z,2016-03-08T18:34:00Z,127.14429398148148,CLOSED,12
dateutil/dateutil,162,2015-12-22T15:54:28Z,2016-03-08T18:37:55Z,77.11350694444444,CLOSED,1
dateutil/dateutil,104,2015-08-12T07:21:30Z,2016-03-05T22:49:23Z,206.64436342592592,CLOSED,2
dateutil/dateutil,65,2015-03-25T14:01:27Z,2015-03-27T14:00:26Z,1.9992939814814814,CLOSED,6
dateutil/dateutil,56,2015-03-06T03:08:25Z,2015-03-22T18:33:08Z,16.642164351851854,CLOSED,1
dateutil/dateutil,31,2015-02-06T16:21:56Z,2015-02-09T17:30:48Z,3.047824074074074,CLOSED,2
dateutil/dateutil,126,2015-09-14T09:27:24Z,2016-02-25T19:00:20Z,164.39787037037038,CLOSED,1
dateutil/dateutil,78,2015-04-15T12:31:21Z,2016-02-21T20:24:12Z,312.32836805555553,CLOSED,1
dateutil/dateutil,151,2015-11-18T23:35:24Z,2016-02-20T22:31:22Z,93.9555324074074,CLOSED,2
dateutil/dateutil,143,2015-11-02T09:58:13Z,2016-02-20T17:56:33Z,110.33217592592592,CLOSED,4
dateutil/dateutil,133,2015-10-25T13:06:18Z,2015-11-01T21:20:49Z,7.343414351851852,CLOSED,19
dateutil/dateutil,132,2015-10-25T12:21:25Z,2016-02-18T17:27:31Z,116.21256944444444,CLOSED,4
dateutil/dateutil,175,2016-02-03T10:08:02Z,2016-02-18T17:16:18Z,15.297407407407407,CLOSED,2
dateutil/dateutil,165,2015-12-24T18:52:39Z,2016-02-16T16:32:30Z,53.90267361111111,CLOSED,1
dateutil/dateutil,174,2016-01-31T18:38:31Z,2016-02-11T16:04:27Z,10.893009259259259,CLOSED,1
dateutil/dateutil,161,2015-12-18T22:40:57Z,2016-02-03T05:26:37Z,46.28171296296296,CLOSED,1
dateutil/dateutil,173,2016-01-31T07:45:05Z,2016-01-31T16:09:02Z,0.34996527777777775,CLOSED,1
dateutil/dateutil,118,2015-09-03T16:46:12Z,,,OPEN,1
dateutil/dateutil,100,2015-07-21T02:10:58Z,2015-08-22T17:30:27Z,32.638530092592596,CLOSED,2
dateutil/dateutil,92,2015-06-10T17:33:53Z,2015-07-28T17:49:52Z,48.01109953703704,CLOSED,0
dateutil/dateutil,97,2015-06-25T11:23:14Z,2015-07-15T09:11:37Z,19.908599537037038,CLOSED,5
dateutil/dateutil,25,2015-01-30T15:54:28Z,2015-04-12T16:25:25Z,72.02149305555555,CLOSED,9
dateutil/dateutil,74,2015-04-06T18:13:14Z,2015-04-07T18:44:16Z,1.021550925925926,CLOSED,2
dateutil/dateutil,69,2015-03-30T08:21:04Z,2015-03-30T11:33:36Z,0.1337037037037037,CLOSED,1
dateutil/dateutil,51,2015-03-03T04:13:30Z,2015-03-07T15:52:24Z,4.485347222222222,CLOSED,2
dateutil/dateutil,34,2015-02-10T11:25:56Z,2015-03-05T18:55:38Z,23.312291666666667,CLOSED,7
dateutil/dateutil,46,2015-02-28T03:13:33Z,2015-02-28T15:39:48Z,0.5182291666666666,CLOSED,1
dateutil/dateutil,21,2015-01-21T14:56:11Z,2015-02-01T15:45:42Z,11.034386574074073,CLOSED,1
dateutil/dateutil,4,2014-12-09T10:37:21Z,2015-01-01T15:52:41Z,23.21898148148148,CLOSED,7
arrow-py/arrow,1019,2021-08-09T05:24:19Z,2021-10-24T22:01:32Z,76.69251157407408,CLOSED,5
arrow-py/arrow,1015,2021-08-07T08:32:06Z,2021-10-24T21:56:07Z,78.5583449074074,CLOSED,1
arrow-py/arrow,987,2021-06-09T15:01:33Z,,,OPEN,0
arrow-py/arrow,1038,2021-09-06T15:38:36Z,,,OPEN,1
arrow-py/arrow,1033,2021-09-04T04:37:26Z,2021-09-05T05:21:37Z,1.0306828703703703,CLOSED,2
arrow-py/arrow,967,2021-04-29T08:55:01Z,2021-08-29T17:54:10Z,122.37440972222223,CLOSED,2
arrow-py/arrow,949,2021-04-06T12:26:35Z,2021-08-29T17:52:20Z,145.22621527777778,CLOSED,4
arrow-py/arrow,958,2021-04-15T01:27:35Z,2021-07-30T02:07:56Z,106.02802083333333,CLOSED,19
arrow-py/arrow,1000,2021-07-02T18:46:43Z,2021-07-02T19:38:15Z,0.035787037037037034,CLOSED,2
arrow-py/arrow,789,2020-05-14T03:59:57Z,2021-06-24T03:36:50Z,405.98394675925925,CLOSED,3
arrow-py/arrow,944,2021-03-10T02:10:45Z,2021-05-03T02:47:57Z,54.02583333333333,CLOSED,3
arrow-py/arrow,948,2021-04-04T03:26:42Z,,,OPEN,1
arrow-py/arrow,942,2021-03-09T22:54:31Z,2021-03-14T19:30:38Z,4.858414351851851,CLOSED,0
arrow-py/arrow,505,2017-12-17T12:52:00Z,2021-03-02T21:27:01Z,1171.357650462963,CLOSED,4
arrow-py/arrow,933,2021-03-01T00:02:53Z,,,OPEN,1
arrow-py/arrow,930,2021-02-27T20:03:43Z,2021-02-28T20:04:32Z,1.0005671296296297,CLOSED,13
arrow-py/arrow,928,2021-02-27T08:00:24Z,2021-02-28T00:25:57Z,0.6844097222222222,CLOSED,1
arrow-py/arrow,874,2020-10-27T23:43:41Z,2020-10-27T23:57:21Z,0.00949074074074074,CLOSED,4
arrow-py/arrow,918,2021-02-17T16:29:17Z,,,OPEN,0
arrow-py/arrow,890,2020-12-01T01:33:49Z,2021-01-02T21:33:17Z,32.83296296296297,CLOSED,7
arrow-py/arrow,884,2020-11-22T01:29:13Z,2020-12-22T12:20:29Z,30.45226851851852,CLOSED,8
arrow-py/arrow,896,2020-12-14T02:46:51Z,2020-12-14T18:34:27Z,0.6580555555555555,CLOSED,7
arrow-py/arrow,498,2017-11-29T10:12:18Z,2020-12-03T11:09:13Z,1100.039525462963,CLOSED,9
arrow-py/arrow,871,2020-10-17T21:23:07Z,2020-10-26T10:48:01Z,8.558958333333333,CLOSED,7
arrow-py/arrow,848,2020-08-30T10:00:46Z,2020-11-08T21:38:25Z,70.48447916666667,CLOSED,1
arrow-py/arrow,177,2014-11-10T15:31:06Z,2020-11-08T15:47:58Z,2190.011712962963,CLOSED,3
arrow-py/arrow,875,2020-11-01T12:02:12Z,2020-11-03T06:47:34Z,1.7815046296296295,CLOSED,4
arrow-py/arrow,864,2020-10-07T01:24:19Z,2020-10-20T04:01:27Z,13.10912037037037,CLOSED,5
arrow-py/arrow,869,2020-10-17T14:07:50Z,2020-10-17T15:46:45Z,0.06869212962962963,CLOSED,5
arrow-py/arrow,854,2020-09-25T14:05:50Z,2020-10-14T03:33:56Z,18.561180555555556,CLOSED,1
arrow-py/arrow,860,2020-10-02T09:56:00Z,2020-10-14T03:33:55Z,11.734664351851851,CLOSED,0
arrow-py/arrow,842,2020-08-23T20:52:16Z,2020-09-26T20:02:44Z,33.96560185185185,CLOSED,2
arrow-py/arrow,851,2020-09-24T14:28:57Z,2020-09-26T16:43:49Z,2.0936574074074072,CLOSED,1
arrow-py/arrow,72,2013-10-31T10:48:22Z,2020-09-16T17:10:33Z,2512.2654050925926,CLOSED,36
arrow-py/arrow,686,2019-10-05T16:39:39Z,2020-08-30T15:31:32Z,329.95269675925925,CLOSED,7
arrow-py/arrow,424,2017-03-10T19:53:11Z,2020-08-21T21:44:07Z,1260.0770370370371,CLOSED,1
arrow-py/arrow,509,2018-01-02T13:42:22Z,2020-08-21T21:22:22Z,962.3194444444445,CLOSED,3
arrow-py/arrow,690,2019-10-09T08:35:04Z,2020-08-21T20:54:26Z,317.51344907407406,CLOSED,7
arrow-py/arrow,476,2017-11-05T17:03:02Z,2020-08-21T20:54:26Z,1020.1606944444444,CLOSED,11
arrow-py/arrow,368,2016-10-21T15:39:08Z,2020-08-21T20:54:26Z,1400.2189583333334,CLOSED,1
arrow-py/arrow,315,2016-03-14T06:19:57Z,2020-08-21T20:54:26Z,1621.6072800925926,CLOSED,6
arrow-py/arrow,835,2020-08-11T20:54:52Z,2020-08-15T16:13:18Z,3.8044675925925926,CLOSED,3
arrow-py/arrow,541,2018-08-03T15:44:41Z,2020-07-14T19:49:55Z,711.170300925926,CLOSED,1
arrow-py/arrow,446,2017-07-11T16:08:36Z,2020-07-14T19:15:02Z,1099.1294675925926,CLOSED,7
arrow-py/arrow,815,2020-06-30T11:50:55Z,2020-07-03T09:27:35Z,2.900462962962963,CLOSED,0
arrow-py/arrow,809,2020-06-19T15:32:31Z,2020-06-19T15:41:59Z,0.006574074074074074,CLOSED,1
arrow-py/arrow,803,2020-06-09T08:15:18Z,2020-06-16T19:36:10Z,7.472824074074074,CLOSED,0
arrow-py/arrow,795,2020-05-31T18:34:43Z,2020-06-12T21:48:39Z,12.134675925925926,CLOSED,2
arrow-py/arrow,782,2020-05-03T16:17:46Z,2020-05-03T16:34:09Z,0.011377314814814814,CLOSED,2
arrow-py/arrow,777,2020-04-27T08:01:07Z,2020-04-27T17:05:53Z,0.37831018518518517,CLOSED,1
arrow-py/arrow,697,2019-10-24T12:51:33Z,2020-01-03T16:05:07Z,71.1344212962963,CLOSED,8
arrow-py/arrow,727,2019-12-06T19:38:07Z,2020-01-03T16:05:06Z,27.85207175925926,CLOSED,1
arrow-py/arrow,551,2018-11-05T10:55:47Z,2020-01-02T22:27:52Z,423.4806134259259,CLOSED,2
arrow-py/arrow,376,2016-11-22T22:23:08Z,2020-01-02T22:27:51Z,1136.003275462963,CLOSED,4
arrow-py/arrow,729,2019-12-10T01:00:55Z,2019-12-10T01:26:45Z,0.017939814814814815,CLOSED,1
arrow-py/arrow,701,2019-10-28T21:07:59Z,2019-12-03T23:54:42Z,36.115775462962965,CLOSED,14
arrow-py/arrow,703,2019-10-30T02:19:58Z,2019-11-01T14:30:19Z,2.5071875,CLOSED,3
arrow-py/arrow,554,2018-12-13T16:43:40Z,2019-10-21T20:58:17Z,312.1768171296296,CLOSED,1
arrow-py/arrow,668,2019-09-10T23:42:47Z,2019-09-14T15:36:08Z,3.662048611111111,CLOSED,6
arrow-py/arrow,662,2019-09-10T16:16:06Z,2019-09-10T17:18:11Z,0.04311342592592592,CLOSED,3
arrow-py/arrow,658,2019-09-09T13:41:45Z,2019-09-10T17:54:27Z,1.175486111111111,CLOSED,5
arrow-py/arrow,148,2014-08-09T11:52:50Z,2019-09-09T11:35:18Z,1856.987824074074,CLOSED,4
arrow-py/arrow,538,2018-04-28T23:12:33Z,2019-09-08T19:58:00Z,497.8648958333333,CLOSED,5
arrow-py/arrow,519,2018-02-27T03:21:55Z,2019-09-08T19:58:00Z,558.6917245370371,CLOSED,5
arrow-py/arrow,456,2017-09-15T14:01:38Z,2019-09-08T19:58:00Z,723.2474768518518,CLOSED,2
arrow-py/arrow,447,2017-07-14T10:40:08Z,2019-09-08T19:58:00Z,786.3874074074074,CLOSED,2
arrow-py/arrow,434,2017-05-02T04:01:31Z,2019-09-08T19:58:00Z,859.6642245370371,CLOSED,2
arrow-py/arrow,196,2015-02-12T17:42:13Z,2019-09-08T19:58:00Z,1669.0942939814815,CLOSED,1
arrow-py/arrow,91,2014-01-28T10:46:35Z,2019-09-08T19:58:00Z,2049.382928240741,CLOSED,11
arrow-py/arrow,560,2019-01-18T02:42:38Z,2019-09-08T19:57:59Z,233.71899305555556,CLOSED,6
arrow-py/arrow,524,2018-03-21T19:12:33Z,2019-08-20T18:10:31Z,516.9569212962963,CLOSED,2
arrow-py/arrow,636,2019-08-15T07:22:19Z,2019-08-19T17:21:01Z,4.415763888888889,CLOSED,3
arrow-py/arrow,626,2019-08-04T04:42:18Z,2019-08-18T11:47:52Z,14.295532407407407,CLOSED,0
arrow-py/arrow,625,2019-08-01T18:45:38Z,2019-08-18T11:47:52Z,16.70988425925926,CLOSED,1
arrow-py/arrow,438,2017-05-31T13:45:37Z,,,OPEN,2
arrow-py/arrow,630,2019-08-07T14:01:12Z,2019-08-08T12:41:19Z,0.9445254629629629,CLOSED,4
arrow-py/arrow,415,2017-01-26T13:27:56Z,2019-07-14T20:16:44Z,899.2838888888889,CLOSED,1
arrow-py/arrow,607,2019-07-08T09:50:27Z,2019-07-13T18:07:41Z,5.345300925925926,CLOSED,4
arrow-py/arrow,324,2016-04-18T21:12:32Z,2019-07-05T23:50:24Z,1173.1096296296296,CLOSED,5
arrow-py/arrow,600,2019-06-04T01:48:10Z,2019-06-04T02:53:33Z,0.045405092592592594,CLOSED,5
arrow-py/arrow,598,2019-06-03T04:27:12Z,2019-06-03T09:17:51Z,0.20184027777777777,CLOSED,7
arrow-py/arrow,297,2016-01-19T13:41:14Z,2019-05-22T09:24:34Z,1218.8217592592594,CLOSED,1
arrow-py/arrow,168,2014-10-07T20:28:29Z,2018-12-14T17:37:42Z,1528.881400462963,CLOSED,6
arrow-py/arrow,87,2013-12-24T23:47:25Z,2015-07-10T19:35:36Z,562.8251273148148,CLOSED,7
arrow-py/arrow,215,2015-04-22T18:40:48Z,2016-12-31T23:12:27Z,619.1886458333333,CLOSED,2
arrow-py/arrow,203,2015-03-03T08:45:14Z,2016-12-31T23:12:07Z,669.6020023148149,CLOSED,1
arrow-py/arrow,399,2016-12-21T21:16:18Z,2016-12-31T22:57:15Z,10.070104166666667,CLOSED,11
arrow-py/arrow,398,2016-12-20T09:01:43Z,2016-12-31T22:41:53Z,11.569560185185185,CLOSED,2
arrow-py/arrow,384,2016-12-04T08:31:11Z,2016-12-31T21:41:42Z,27.548969907407407,CLOSED,1
arrow-py/arrow,356,2016-09-08T00:55:18Z,2016-11-30T21:07:51Z,83.84204861111111,CLOSED,1
arrow-py/arrow,154,2014-08-16T21:27:45Z,2015-09-15T19:27:42Z,394.9166319444444,CLOSED,10
arrow-py/arrow,241,2015-07-09T00:12:20Z,2015-08-07T17:57:57Z,29.740011574074074,CLOSED,1
arrow-py/arrow,131,2014-08-06T02:22:38Z,2015-07-10T19:32:51Z,338.7154282407407,CLOSED,6
arrow-py/arrow,239,2015-07-01T23:10:05Z,2015-07-10T18:59:34Z,8.826030092592593,CLOSED,2
arrow-py/arrow,216,2015-04-22T18:44:53Z,2015-07-09T17:57:18Z,77.96695601851852,CLOSED,1
arrow-py/arrow,202,2015-02-27T21:41:34Z,2015-02-27T22:08:51Z,0.01894675925925926,CLOSED,9
arrow-py/arrow,61,2013-10-17T19:22:43Z,2015-06-02T16:18:45Z,592.8722453703704,CLOSED,2
arrow-py/arrow,108,2014-05-28T14:05:01Z,2015-01-23T02:20:38Z,239.5108449074074,CLOSED,1
arrow-py/arrow,83,2013-12-11T04:31:36Z,2015-01-23T02:15:58Z,407.9058101851852,CLOSED,3
arrow-py/arrow,95,2014-02-13T07:13:38Z,2015-01-22T11:30:13Z,343.1781828703704,CLOSED,2
python-babel/babel,1143,2024-10-31T09:37:56Z,2024-12-09T12:05:35Z,39.102534722222224,CLOSED,0
python-babel/babel,1001,2023-05-01T15:56:54Z,2024-10-27T19:58:39Z,545.1678819444444,CLOSED,7
python-babel/babel,1134,2024-09-24T18:36:14Z,2024-10-27T22:25:21Z,33.159108796296294,CLOSED,9
python-babel/babel,1025,2023-09-07T05:52:36Z,2024-10-19T12:21:52Z,408.2703240740741,CLOSED,1
python-babel/babel,1087,2024-05-24T16:28:31Z,2024-07-23T16:29:00Z,60.000335648148145,CLOSED,2
python-babel/babel,1112,2024-08-06T14:18:08Z,2024-08-07T08:14:36Z,0.7475462962962963,CLOSED,2
python-babel/babel,1089,2024-05-30T22:37:13Z,2024-07-25T09:38:58Z,55.45954861111111,CLOSED,1
python-babel/babel,1092,2024-07-02T10:35:16Z,2024-07-23T07:10:09Z,20.85755787037037,CLOSED,1
python-babel/babel,1023,2023-08-16T18:35:03Z,2024-07-17T15:47:46Z,335.8838310185185,CLOSED,2
python-babel/babel,892,2022-07-07T09:38:38Z,2024-04-25T18:23:12Z,658.3642824074074,CLOSED,2
python-babel/babel,416,2016-06-08T22:16:00Z,2024-01-31T17:31:02Z,2792.8021064814816,CLOSED,2
python-babel/babel,928,2022-11-02T16:09:33Z,2023-11-28T09:44:06Z,390.7323263888889,CLOSED,1
python-babel/babel,1037,2023-10-24T11:42:27Z,2023-10-24T14:35:59Z,0.12050925925925926,CLOSED,4
python-babel/babel,982,2023-03-02T09:12:43Z,2023-03-02T14:13:14Z,0.20869212962962963,CLOSED,1
python-babel/babel,786,2021-05-21T02:29:17Z,2023-02-20T14:52:56Z,640.5164236111111,CLOSED,1
python-babel/babel,956,2023-01-23T08:57:27Z,2023-02-20T14:49:42Z,28.244618055555556,CLOSED,1
python-babel/babel,946,2023-01-17T22:51:10Z,2023-01-26T17:46:08Z,8.788171296296296,CLOSED,2
python-babel/babel,132,2015-01-04T09:37:11Z,2023-01-25T18:17:26Z,2943.361284722222,CLOSED,1
python-babel/babel,923,2022-11-02T03:46:54Z,2022-11-04T15:16:25Z,2.4788310185185187,CLOSED,0
python-babel/babel,920,2022-11-01T16:54:31Z,2022-11-02T06:26:49Z,0.5640972222222222,CLOSED,7
python-babel/babel,897,2022-08-09T03:02:40Z,2022-10-18T10:55:20Z,70.32824074074074,CLOSED,2
python-babel/babel,798,2021-07-29T16:10:52Z,2022-04-20T09:53:31Z,264.7379513888889,CLOSED,5
python-babel/babel,886,2022-06-15T09:53:50Z,2022-06-16T06:33:23Z,0.8607986111111111,CLOSED,4
python-babel/babel,878,2022-05-18T11:22:14Z,2022-05-18T20:55:11Z,0.39788194444444447,CLOSED,1
python-babel/babel,866,2022-04-27T10:15:42Z,2022-05-10T12:19:29Z,13.085960648148149,CLOSED,6
python-babel/babel,818,2021-10-20T10:11:31Z,2022-05-10T06:56:50Z,201.86480324074074,CLOSED,2
python-babel/babel,858,2022-04-20T17:25:12Z,2022-04-20T17:38:40Z,0.009351851851851853,CLOSED,1
python-babel/babel,801,2021-09-05T13:45:57Z,2022-04-08T12:30:57Z,214.94791666666666,CLOSED,4
python-babel/babel,784,2021-04-29T07:09:06Z,2022-04-08T17:41:02Z,344.4388425925926,CLOSED,3
python-babel/babel,665,2019-10-07T14:57:46Z,,,OPEN,2
python-babel/babel,836,2022-01-31T16:27:37Z,2022-04-08T10:34:45Z,66.7549537037037,CLOSED,1
python-babel/babel,819,2021-11-25T21:36:37Z,2022-04-08T10:33:35Z,133.5395601851852,CLOSED,1
python-babel/babel,775,2021-02-17T07:02:01Z,2022-01-25T15:21:57Z,342.3471759259259,CLOSED,1
python-babel/babel,821,2021-12-03T22:53:58Z,2022-02-11T11:46:02Z,69.5361574074074,CLOSED,4
python-babel/babel,757,2020-11-11T19:31:27Z,2022-01-28T15:17:52Z,442.82390046296297,CLOSED,1
python-babel/babel,53,2013-09-03T15:31:22Z,2022-01-28T11:50:04Z,3068.8463194444444,CLOSED,17
python-babel/babel,814,2021-10-08T09:41:56Z,2022-01-27T13:23:23Z,111.15378472222223,CLOSED,0
python-babel/babel,472,2017-02-20T10:49:52Z,2022-01-26T06:30:40Z,1800.82,CLOSED,1
python-babel/babel,771,2020-12-31T18:15:10Z,2022-01-25T15:21:57Z,389.87971064814815,CLOSED,0
python-babel/babel,327,2016-01-13T13:08:52Z,2022-01-25T14:58:11Z,2204.0759143518517,CLOSED,2
python-babel/babel,764,2020-12-04T08:46:36Z,2022-01-25T14:18:01Z,417.23015046296297,CLOSED,1
python-babel/babel,822,2021-12-16T14:22:00Z,2022-01-25T12:18:25Z,39.91417824074074,CLOSED,3
python-babel/babel,825,2022-01-24T17:40:31Z,2022-01-25T13:00:09Z,0.805300925925926,CLOSED,1
python-babel/babel,451,2016-10-11T11:33:55Z,2020-04-08T06:53:01Z,1274.8049305555555,CLOSED,8
python-babel/babel,636,2019-03-17T20:03:12Z,2019-12-31T09:48:01Z,288.57278935185184,CLOSED,0
python-babel/babel,640,2019-05-09T10:27:32Z,,,OPEN,4
python-babel/babel,606,2018-10-17T14:26:01Z,2019-05-27T08:37:13Z,221.7577777777778,CLOSED,3
python-babel/babel,637,2019-03-19T10:51:33Z,2019-05-27T11:42:01Z,69.0350462962963,CLOSED,1
python-babel/babel,202,2015-08-14T19:12:37Z,2019-05-27T10:48:39Z,1381.6500231481482,CLOSED,2
python-babel/babel,627,2019-01-29T09:48:54Z,2019-05-27T10:16:55Z,118.01945601851853,CLOSED,3
python-babel/babel,612,2018-12-11T18:57:51Z,2019-05-27T08:37:13Z,166.56900462962963,CLOSED,0
python-babel/babel,601,2018-08-28T14:16:01Z,2019-05-27T08:14:25Z,271.74888888888887,CLOSED,2
python-babel/babel,624,2019-01-21T15:22:34Z,2019-03-01T16:18:13Z,39.038645833333334,CLOSED,1
python-babel/babel,596,2018-07-16T12:11:06Z,2018-08-19T14:03:51Z,34.07829861111111,CLOSED,2
python-babel/babel,555,2018-01-28T20:29:46Z,2018-05-28T07:55:41Z,119.47633101851852,CLOSED,1
python-babel/babel,570,2018-04-17T18:03:51Z,,,OPEN,4
python-babel/babel,78,2014-01-23T17:12:31Z,2018-02-02T22:35:58Z,1471.2246180555555,CLOSED,2
python-babel/babel,415,2016-06-07T01:33:57Z,,,OPEN,2
python-babel/babel,397,2016-04-25T21:15:24Z,2018-02-02T16:23:37Z,647.7973726851852,CLOSED,3
python-babel/babel,137,2015-01-12T17:08:24Z,,,OPEN,1
python-babel/babel,81,2014-02-17T22:24:52Z,2018-02-02T15:23:50Z,1445.7076157407407,CLOSED,2
python-babel/babel,157,2015-04-16T09:35:54Z,,,OPEN,11
python-babel/babel,417,2016-06-09T09:15:33Z,,,OPEN,0
python-babel/babel,296,2015-12-23T17:09:38Z,,,OPEN,6
python-babel/babel,375,2016-04-07T21:04:11Z,2018-01-17T10:54:17Z,649.5764583333333,CLOSED,2
python-babel/babel,499,2017-05-29T15:39:55Z,2017-10-04T09:43:59Z,127.75282407407407,CLOSED,2
python-babel/babel,507,2017-06-24T19:44:34Z,2017-08-18T14:48:27Z,54.79436342592592,CLOSED,14
python-babel/babel,487,2017-03-31T10:29:56Z,2017-03-31T13:21:37Z,0.11922453703703703,CLOSED,0
python-babel/babel,428,2016-07-07T19:26:18Z,2017-03-24T15:13:40Z,259.8245601851852,CLOSED,2
python-babel/babel,421,2016-06-22T07:05:08Z,2016-11-18T15:14:36Z,149.3399074074074,CLOSED,0
python-babel/babel,400,2016-04-28T14:50:15Z,2016-07-15T13:34:21Z,77.94729166666667,CLOSED,1
python-babel/babel,372,2016-04-05T07:56:52Z,2016-07-08T18:03:48Z,94.42148148148148,CLOSED,2
python-babel/babel,370,2016-03-30T14:38:04Z,2016-07-07T14:02:39Z,98.9754050925926,CLOSED,6
python-babel/babel,407,2016-05-20T18:36:35Z,2016-06-06T18:15:08Z,16.985104166666666,CLOSED,1
python-babel/babel,378,2016-04-07T22:48:58Z,2016-04-08T07:44:45Z,0.3720717592592593,CLOSED,4
python-babel/babel,390,2016-04-14T19:57:42Z,2016-04-19T19:05:15Z,4.963576388888889,CLOSED,1
python-babel/babel,388,2016-04-13T07:06:17Z,2016-04-19T19:05:15Z,6.499282407407407,CLOSED,15
python-babel/babel,391,2016-04-15T15:21:14Z,2016-04-19T17:24:01Z,4.0852662037037035,CLOSED,3
python-babel/babel,385,2016-04-11T09:56:18Z,2016-04-12T06:31:33Z,0.8578125,CLOSED,1
python-babel/babel,384,2016-04-11T06:09:47Z,2016-04-12T06:31:33Z,1.0151157407407407,CLOSED,5
python-babel/babel,350,2016-02-16T03:40:59Z,2016-02-29T16:50:51Z,13.548518518518518,CLOSED,4
python-babel/babel,287,2015-12-08T22:19:10Z,2016-02-08T08:55:46Z,61.442083333333336,CLOSED,9
python-babel/babel,325,2016-01-12T22:13:05Z,2016-02-05T16:28:23Z,23.760625,CLOSED,7
python-babel/babel,328,2016-01-13T13:54:13Z,2016-02-03T21:12:35Z,21.304421296296297,CLOSED,2
python-babel/babel,79,2014-02-07T13:49:34Z,2016-02-02T22:29:14Z,725.3608796296296,CLOSED,0
python-babel/babel,286,2015-12-02T01:14:41Z,,,OPEN,0
python-babel/babel,318,2016-01-07T20:07:26Z,2016-01-08T13:07:46Z,0.7085648148148148,CLOSED,5
python-babel/babel,317,2016-01-07T08:11:51Z,2016-01-08T11:50:39Z,1.1519444444444444,CLOSED,5
python-babel/babel,314,2016-01-03T13:00:47Z,2016-01-03T19:57:36Z,0.28945601851851854,CLOSED,4
python-babel/babel,162,2015-06-16T14:39:02Z,2015-12-30T15:08:13Z,197.0202662037037,CLOSED,1
python-babel/babel,275,2015-10-13T13:07:56Z,2015-12-29T21:50:33Z,77.36292824074074,CLOSED,3
python-babel/babel,288,2015-12-15T09:57:24Z,2015-12-21T09:47:25Z,5.99306712962963,CLOSED,4
python-babel/babel,107,2014-07-29T19:42:57Z,2015-09-29T12:36:35Z,426.703912037037,CLOSED,5
python-babel/babel,240,2015-09-22T20:10:41Z,2015-09-26T15:55:24Z,3.822719907407407,CLOSED,3
python-babel/babel,156,2015-04-05T18:10:18Z,2015-09-26T09:35:54Z,173.64277777777778,CLOSED,6
python-babel/babel,255,2015-09-25T09:36:45Z,2015-09-25T12:30:53Z,0.12092592592592592,CLOSED,6
python-babel/babel,174,2015-07-30T11:25:03Z,2015-09-10T08:49:39Z,41.89208333333333,CLOSED,19
python-babel/babel,214,2015-09-10T18:45:50Z,2015-09-10T19:36:48Z,0.03539351851851852,CLOSED,2
python-babel/babel,109,2014-09-03T05:11:07Z,2015-08-06T05:53:43Z,337.02958333333333,CLOSED,3
python-babel/babel,175,2015-07-31T14:45:42Z,2015-07-31T17:35:32Z,0.11793981481481482,CLOSED,5
sympy/sympy,3624,2007-12-31T04:15:06Z,2014-03-07T09:29:27Z,2258.218298611111,CLOSED,4
sympy/sympy,3623,2007-12-31T04:00:01Z,2008-01-10T21:57:03Z,10.747939814814815,CLOSED,5
sympy/sympy,3621,2007-12-31T03:23:53Z,2012-03-20T17:47:07Z,1541.5994675925926,CLOSED,5
sympy/sympy,3619,2007-12-31T02:12:02Z,2012-03-20T17:47:07Z,1541.649363425926,CLOSED,4
sympy/sympy,3618,2007-12-31T00:04:21Z,2012-03-20T17:47:07Z,1541.7380324074074,CLOSED,5
sympy/sympy,3617,2007-12-30T21:49:19Z,2007-12-30T12:39:46Z,-0.3816319444444444,CLOSED,2
sympy/sympy,3616,2007-12-30T18:29:49Z,2008-02-17T10:11:04Z,48.653645833333336,CLOSED,4
sympy/sympy,3615,2007-12-30T05:14:50Z,2011-08-06T05:38:11Z,1315.0162152777777,CLOSED,9
sympy/sympy,3613,2007-12-28T21:06:28Z,2007-12-29T18:13:54Z,0.880162037037037,CLOSED,10
sympy/sympy,3610,2007-12-28T10:28:07Z,2011-03-24T17:11:42Z,1182.2802662037036,CLOSED,4
sympy/sympy,3609,2007-12-28T06:48:23Z,2008-01-12T20:09:08Z,15.556076388888888,CLOSED,16
sympy/sympy,3607,2007-12-27T04:12:42Z,2012-03-24T09:50:02Z,1549.2342592592593,CLOSED,11
sympy/sympy,3603,2007-12-25T06:36:19Z,2007-12-30T16:55:23Z,5.429907407407407,CLOSED,4
sympy/sympy,3602,2007-12-25T04:49:15Z,2008-07-15T22:45:57Z,203.74770833333332,CLOSED,8
sympy/sympy,3601,2007-12-24T21:35:47Z,2008-01-02T02:01:40Z,8.184641203703704,CLOSED,4
sympy/sympy,3600,2007-12-24T02:01:25Z,2008-03-11T14:38:14Z,78.52556712962964,CLOSED,5
sympy/sympy,3599,2007-12-24T01:57:35Z,2009-03-29T19:05:13Z,461.71363425925927,CLOSED,8
sympy/sympy,3596,2007-12-23T01:02:44Z,2008-01-02T02:06:49Z,10.044502314814816,CLOSED,2
sympy/sympy,3595,2007-12-22T20:39:10Z,2007-12-22T11:30:12Z,-0.38122685185185184,CLOSED,3
sympy/sympy,3592,2007-12-17T02:49:43Z,2012-03-20T17:47:06Z,1555.6231828703703,CLOSED,3
sympy/sympy,3591,2007-12-15T08:10:38Z,2007-12-15T10:33:13Z,0.0990162037037037,CLOSED,2
sympy/sympy,3590,2007-12-15T07:34:05Z,2007-12-14T20:40:34Z,-0.45383101851851854,CLOSED,1
sympy/sympy,3589,2007-12-14T06:46:28Z,2008-04-24T01:50:04Z,131.79416666666665,CLOSED,13
sympy/sympy,3586,2007-12-12T03:52:26Z,2007-12-14T20:18:20Z,2.684652777777778,CLOSED,7
sympy/sympy,3583,2007-12-07T19:31:40Z,2008-02-10T14:58:48Z,64.81050925925926,CLOSED,7
sympy/sympy,3581,2007-12-06T12:07:31Z,2007-12-30T16:02:52Z,24.1634375,CLOSED,4
sympy/sympy,3578,2007-12-06T05:04:20Z,2007-12-05T23:53:59Z,-0.21552083333333333,CLOSED,9
sympy/sympy,3577,2007-12-03T08:53:58Z,2008-06-06T10:54:50Z,186.0839351851852,CLOSED,2
sympy/sympy,3573,2007-11-27T11:50:45Z,2012-03-20T17:47:06Z,1575.2474652777778,CLOSED,11
sympy/sympy,3572,2007-11-27T11:50:42Z,2014-03-07T09:29:18Z,2291.9018055555557,CLOSED,1
sympy/sympy,3570,2007-11-27T10:33:55Z,2009-11-20T04:08:28Z,723.7323263888889,CLOSED,4
sympy/sympy,3567,2007-11-25T07:08:25Z,2007-12-14T20:42:49Z,19.565555555555555,CLOSED,4
sympy/sympy,3566,2007-11-25T06:12:17Z,2007-11-25T00:32:47Z,-0.23576388888888888,CLOSED,2
sympy/sympy,3565,2007-11-25T05:15:11Z,2007-12-06T01:24:58Z,10.840127314814815,CLOSED,1
sympy/sympy,3564,2007-11-25T03:33:56Z,2014-03-07T09:29:16Z,2294.2467592592593,CLOSED,15
sympy/sympy,3563,2007-11-25T01:01:58Z,2013-10-20T11:17:46Z,2156.427638888889,CLOSED,11
sympy/sympy,3559,2007-11-24T10:46:14Z,2007-12-05T23:53:32Z,11.54673611111111,CLOSED,6
sympy/sympy,3556,2007-11-19T12:03:34Z,2014-03-07T09:29:15Z,2299.8928356481483,CLOSED,3
sympy/sympy,3555,2007-11-18T21:19:03Z,2007-11-25T00:21:18Z,6.1265625,CLOSED,8
sympy/sympy,3553,2007-11-18T08:25:47Z,2014-03-07T09:29:14Z,2301.0440625,CLOSED,6
sympy/sympy,3551,2007-11-16T05:22:22Z,2008-01-12T16:10:45Z,57.450266203703706,CLOSED,12
sympy/sympy,3548,2007-11-14T03:53:09Z,2007-11-25T00:24:51Z,10.855347222222223,CLOSED,12
sympy/sympy,3545,2007-11-11T01:05:35Z,2012-03-17T19:48:07Z,1588.779537037037,CLOSED,1
sympy/sympy,3544,2007-11-08T05:32:48Z,2007-12-24T10:59:50Z,46.227106481481485,CLOSED,12
sympy/sympy,3541,2007-11-01T20:33:30Z,2008-01-14T13:47:31Z,73.71806712962963,CLOSED,6
sympy/sympy,3538,2007-10-27T12:29:54Z,2007-10-27T10:18:09Z,-0.09149305555555555,CLOSED,3
sympy/sympy,3536,2007-10-23T09:13:08Z,2007-11-10T22:41:50Z,18.561597222222222,CLOSED,12
sympy/sympy,3535,2007-10-23T02:34:13Z,2007-10-26T05:35:25Z,3.1258333333333335,CLOSED,6
sympy/sympy,3534,2007-10-18T02:39:03Z,2014-03-07T09:29:09Z,2332.2847916666665,CLOSED,2
sympy/sympy,3533,2007-10-16T22:02:02Z,2014-03-07T09:29:09Z,2333.477164351852,CLOSED,3
sympy/sympy,3532,2007-10-16T21:09:32Z,2014-03-07T09:29:09Z,2333.513622685185,CLOSED,4
sympy/sympy,3531,2007-10-13T19:19:36Z,2008-01-22T22:39:32Z,101.1388425925926,CLOSED,8
sympy/sympy,3525,2007-10-07T11:34:23Z,2008-02-09T21:46:09Z,125.42483796296297,CLOSED,5
sympy/sympy,3522,2007-10-06T02:19:22Z,2008-01-01T14:27:22Z,87.50555555555556,CLOSED,4
sympy/sympy,3521,2007-10-06T01:18:21Z,2007-12-16T20:22:12Z,71.79434027777778,CLOSED,4
sympy/sympy,3520,2007-10-05T21:24:33Z,2011-07-23T12:13:02Z,1386.6170023148147,CLOSED,13
sympy/sympy,3519,2007-10-05T06:05:03Z,2014-03-07T09:29:07Z,2345.141712962963,CLOSED,13
sympy/sympy,3516,2007-10-05T00:07:12Z,2007-10-05T14:28:46Z,0.5983101851851852,CLOSED,2
sympy/sympy,3515,2007-10-04T01:14:22Z,2007-10-08T14:30:05Z,4.552581018518518,CLOSED,1
sympy/sympy,3514,2007-10-03T05:33:33Z,2010-07-19T15:03:08Z,1020.3955439814815,CLOSED,19
sympy/sympy,3511,2007-10-02T04:43:10Z,2011-03-01T08:07:43Z,1246.142048611111,CLOSED,9
sympy/sympy,3510,2007-10-02T04:40:51Z,2009-11-20T18:43:59Z,780.5855092592593,CLOSED,1
sympy/sympy,3507,2007-10-02T03:47:16Z,2007-10-08T15:05:47Z,6.47119212962963,CLOSED,1
sympy/sympy,3506,2007-10-02T03:44:15Z,2007-10-08T15:01:32Z,6.470335648148148,CLOSED,1
sympy/sympy,3505,2007-10-02T03:31:48Z,2007-10-08T14:36:24Z,6.4615277777777775,CLOSED,1
sympy/sympy,3503,2007-10-02T03:20:33Z,2007-10-08T14:51:36Z,6.479895833333333,CLOSED,1
sympy/sympy,3502,2007-10-02T03:17:43Z,2007-10-08T14:57:28Z,6.4859375,CLOSED,1
sympy/sympy,3501,2007-10-01T13:47:58Z,2007-10-08T14:46:15Z,7.040474537037037,CLOSED,4
sympy/sympy,3500,2007-10-01T13:39:06Z,2014-03-07T09:29:04Z,2348.8263657407406,CLOSED,3
sympy/sympy,3499,2007-09-30T21:40:00Z,2008-01-12T01:31:58Z,103.16108796296297,CLOSED,8
sympy/sympy,3498,2007-09-30T13:29:22Z,2007-10-01T00:04:16Z,0.44090277777777775,CLOSED,1
sympy/sympy,3495,2007-09-29T18:18:04Z,2012-03-20T17:47:06Z,1633.9784953703704,CLOSED,21
sympy/sympy,3494,2007-09-29T13:38:57Z,2007-10-05T13:37:47Z,5.999189814814815,CLOSED,4
sympy/sympy,3493,2007-09-29T07:23:20Z,2008-07-18T17:02:56Z,293.4025,CLOSED,4
sympy/sympy,3492,2007-09-29T06:50:55Z,2014-03-07T09:29:03Z,2351.109814814815,CLOSED,2
sympy/sympy,3491,2007-09-29T06:31:14Z,2008-02-02T00:15:04Z,125.73877314814816,CLOSED,8
sympy/sympy,3485,2007-09-25T14:06:00Z,2007-09-29T02:02:35Z,3.4976273148148147,CLOSED,1
sympy/sympy,3484,2007-09-25T14:04:52Z,2007-10-05T16:02:53Z,10.081956018518518,CLOSED,3
sympy/sympy,3483,2007-09-25T13:40:53Z,2008-05-27T11:53:25Z,244.92537037037036,CLOSED,7
sympy/sympy,3481,2007-09-25T08:15:32Z,2014-03-07T09:29:00Z,2355.0510185185185,CLOSED,7
sympy/sympy,3480,2007-09-25T06:31:22Z,2012-03-20T17:47:06Z,1638.4692592592592,CLOSED,11
sympy/sympy,3478,2007-09-25T01:54:45Z,2008-03-11T07:44:31Z,168.2428935185185,CLOSED,8
sympy/sympy,3477,2007-09-25T01:37:23Z,2009-07-08T03:43:38Z,652.0876736111111,CLOSED,3
sympy/sympy,3476,2007-09-25T01:32:25Z,2007-10-05T16:06:08Z,10.606747685185185,CLOSED,2
sympy/sympy,3474,2007-09-24T21:22:08Z,2007-09-24T13:08:05Z,-0.3430902777777778,CLOSED,3
sympy/sympy,3473,2007-09-24T11:45:26Z,2007-09-24T11:52:47Z,0.005104166666666667,CLOSED,1
sympy/sympy,3472,2007-09-24T09:23:12Z,2008-04-23T23:26:19Z,212.58549768518517,CLOSED,5
sympy/sympy,3471,2007-09-24T09:12:45Z,2008-03-11T07:43:57Z,168.93833333333333,CLOSED,2
sympy/sympy,3470,2007-09-24T08:29:50Z,2007-10-04T14:52:43Z,10.265891203703704,CLOSED,5
sympy/sympy,3469,2007-09-24T08:27:41Z,2014-03-07T09:28:59Z,2356.0425694444443,CLOSED,6
sympy/sympy,3467,2007-09-23T00:51:01Z,2007-09-29T02:06:28Z,6.052395833333334,CLOSED,2
sympy/sympy,3466,2007-09-21T01:54:33Z,2012-03-20T17:47:06Z,1642.6614930555556,CLOSED,3
sympy/sympy,3464,2007-09-20T05:28:07Z,2007-10-05T14:08:59Z,15.361712962962963,CLOSED,11
sympy/sympy,3463,2007-09-19T19:14:41Z,2014-03-07T09:28:57Z,2360.593240740741,CLOSED,11
sympy/sympy,3458,2007-09-13T00:35:58Z,2008-01-06T23:42:33Z,115.96290509259259,CLOSED,5
sympy/sympy,3457,2007-09-12T18:36:02Z,2007-09-23T16:36:28Z,10.916967592592593,CLOSED,4
sympy/sympy,3455,2007-09-12T06:30:03Z,2008-04-19T11:45:36Z,220.21913194444446,CLOSED,4
sympy/sympy,3454,2007-09-12T04:55:51Z,2014-03-07T09:28:52Z,2368.1895949074074,CLOSED,4
sympy/sympy,3453,2007-09-12T00:16:57Z,2007-09-14T20:19:48Z,2.8353125,CLOSED,4
sympy/sympy,3449,2007-09-11T09:10:29Z,2008-01-12T20:44:32Z,123.48197916666666,CLOSED,22
hynek/structlog,591,2024-01-24T21:54:42Z,2025-10-27T07:45:11Z,641.4100578703703,CLOSED,53
hynek/structlog,710,2025-03-08T15:25:28Z,,,OPEN,1
hynek/structlog,643,2024-08-31T19:15:14Z,2024-11-09T07:17:37Z,69.50165509259259,CLOSED,2
hynek/structlog,476,2022-11-22T14:45:53Z,2022-11-23T13:58:12Z,0.9668865740740741,CLOSED,3
hynek/structlog,8,2013-10-21T05:50:14Z,2014-07-29T14:22:12Z,281.3555324074074,CLOSED,2
hynek/structlog,6,2013-10-04T08:13:49Z,2013-11-09T13:23:09Z,36.214814814814815,CLOSED,1
Delgan/loguru,1426,2026-01-05T05:53:41Z,2026-01-12T21:46:44Z,7.661840277777777,CLOSED,1
Delgan/loguru,1335,2025-04-14T22:15:15Z,,,OPEN,2
Delgan/loguru,1291,2025-02-04T21:32:56Z,2025-02-13T17:34:00Z,8.834074074074074,CLOSED,3
Delgan/loguru,1183,2024-07-31T16:45:41Z,2024-10-06T14:34:03Z,66.90858796296297,CLOSED,7
Delgan/loguru,680,2022-07-07T19:25:38Z,2024-11-26T16:35:12Z,872.8816435185186,CLOSED,2
Delgan/loguru,88,2019-04-16T21:24:19Z,2024-11-26T16:35:11Z,2050.799212962963,CLOSED,16
Delgan/loguru,1044,2023-12-06T14:11:15Z,2024-11-23T11:07:48Z,352.8726041666667,CLOSED,1
Delgan/loguru,988,2023-09-19T05:21:49Z,2024-11-21T22:15:42Z,429.7040856481481,CLOSED,7
Delgan/loguru,1235,2024-11-20T15:19:19Z,2024-11-21T15:49:57Z,1.021273148148148,CLOSED,9
Delgan/loguru,1231,2024-11-06T17:53:11Z,2024-11-20T15:16:51Z,13.891435185185186,CLOSED,3
Delgan/loguru,837,2023-04-01T07:51:18Z,,,OPEN,8
Delgan/loguru,974,2023-09-07T01:59:00Z,2023-09-11T14:19:42Z,4.514375,CLOSED,1
Delgan/loguru,906,2023-06-28T17:15:42Z,2023-09-03T15:27:11Z,66.9246412037037,CLOSED,1
Delgan/loguru,654,2022-05-13T05:47:44Z,2022-05-28T16:13:22Z,15.434467592592593,CLOSED,7
Delgan/loguru,961,2023-08-31T14:33:59Z,2023-08-31T16:44:04Z,0.09033564814814815,CLOSED,0
Delgan/loguru,894,2023-06-14T16:41:42Z,2023-08-31T13:06:06Z,77.85027777777778,CLOSED,4
Delgan/loguru,108,2019-07-01T12:22:24Z,2019-12-01T23:29:58Z,153.46358796296298,CLOSED,27
Delgan/loguru,697,2022-08-23T23:14:35Z,2023-01-06T18:40:42Z,135.80980324074073,CLOSED,7
Delgan/loguru,231,2020-03-30T11:40:11Z,2020-05-02T09:26:26Z,32.90711805555556,CLOSED,13
Delgan/loguru,662,2022-05-27T11:00:25Z,2022-05-28T10:24:26Z,0.9750115740740741,CLOSED,8
Delgan/loguru,655,2022-05-13T06:54:03Z,,,OPEN,1
Delgan/loguru,647,2022-05-03T14:39:17Z,2022-05-03T14:43:45Z,0.0031018518518518517,CLOSED,0
Delgan/loguru,453,2021-05-27T02:42:25Z,,,OPEN,6
Delgan/loguru,417,2021-03-23T16:57:31Z,2021-03-23T17:04:29Z,0.004837962962962963,CLOSED,3
Delgan/loguru,309,2020-08-19T14:02:37Z,2020-09-20T07:42:52Z,31.736284722222223,CLOSED,15
Delgan/loguru,340,2020-09-30T16:11:44Z,,,OPEN,7
Delgan/loguru,331,2020-09-20T07:23:23Z,2020-09-20T07:42:22Z,0.01318287037037037,CLOSED,0
Delgan/loguru,296,2020-07-15T18:44:09Z,2020-07-17T13:40:44Z,1.7892939814814814,CLOSED,3
Delgan/loguru,286,2020-06-12T10:33:23Z,2020-06-12T14:19:04Z,0.15672453703703704,CLOSED,3
Delgan/loguru,249,2020-04-18T10:38:55Z,2020-04-18T12:34:19Z,0.08013888888888888,CLOSED,0
Delgan/loguru,242,2020-04-13T20:52:27Z,2020-04-14T06:24:00Z,0.3969097222222222,CLOSED,4
Delgan/loguru,237,2020-04-06T19:53:34Z,2020-04-07T20:28:45Z,1.0244328703703705,CLOSED,0
Delgan/loguru,238,2020-04-06T20:05:54Z,2020-04-07T20:28:39Z,1.015798611111111,CLOSED,0
Delgan/loguru,179,2019-11-24T01:40:14Z,2019-12-01T15:15:56Z,7.566458333333333,CLOSED,3
Delgan/loguru,155,2019-10-17T12:06:36Z,2019-10-17T13:30:27Z,0.058229166666666665,CLOSED,5
Delgan/loguru,147,2019-09-26T21:36:32Z,2019-10-14T20:23:05Z,17.948993055555555,CLOSED,4
Delgan/loguru,62,2019-03-03T15:58:36Z,2019-06-16T14:32:26Z,104.94016203703704,CLOSED,6
Delgan/loguru,118,2019-07-23T07:56:29Z,2019-07-23T18:45:59Z,0.4510416666666667,CLOSED,2
Delgan/loguru,114,2019-07-16T18:25:14Z,2019-07-21T21:10:04Z,5.114467592592592,CLOSED,2
Delgan/loguru,113,2019-07-11T12:03:28Z,2019-07-13T15:54:10Z,2.1602083333333333,CLOSED,2
Delgan/loguru,104,2019-06-04T16:38:43Z,2019-06-29T10:27:47Z,24.74240740740741,CLOSED,2
Delgan/loguru,102,2019-05-31T09:57:54Z,2019-06-11T21:39:05Z,11.48693287037037,CLOSED,8
Delgan/loguru,75,2019-03-30T15:48:51Z,2019-04-06T14:05:24Z,6.928159722222222,CLOSED,2
Delgan/loguru,52,2019-02-06T17:48:31Z,2019-03-31T09:06:24Z,52.63741898148148,CLOSED,4
Delgan/loguru,22,2018-12-24T06:33:41Z,2018-12-26T22:49:44Z,2.6778125,CLOSED,3
Delgan/loguru,33,2019-01-12T17:29:09Z,2019-01-19T15:17:45Z,6.90875,CLOSED,2
Delgan/loguru,7,2018-12-10T13:14:42Z,2018-12-12T22:23:34Z,2.3811574074074073,CLOSED,4
prometheus/client_python,1140,2025-10-01T21:46:26Z,,,OPEN,2
prometheus/client_python,1131,2025-09-05T10:51:43Z,2025-09-11T19:45:58Z,6.371006944444445,CLOSED,1
prometheus/client_python,1044,2024-07-04T23:43:19Z,2024-10-25T20:03:40Z,112.84746527777777,CLOSED,2
prometheus/client_python,1035,2024-05-23T10:42:32Z,,,OPEN,0
prometheus/client_python,937,2023-07-12T07:49:27Z,,,OPEN,2
prometheus/client_python,912,2023-05-17T23:42:23Z,2023-09-11T19:28:47Z,116.82388888888889,CLOSED,6
prometheus/client_python,871,2022-12-19T00:35:05Z,2022-12-22T14:57:10Z,3.5986689814814814,CLOSED,2
prometheus/client_python,861,2022-11-30T09:34:12Z,2022-12-06T00:07:24Z,5.606388888888889,CLOSED,2
prometheus/client_python,629,2021-02-15T08:00:10Z,2021-09-15T15:56:53Z,212.33105324074074,CLOSED,2
prometheus/client_python,649,2021-05-07T19:34:33Z,2021-05-13T16:58:59Z,5.891967592592593,CLOSED,1
prometheus/client_python,542,2020-05-07T23:32:26Z,2020-05-15T10:47:17Z,7.468645833333333,CLOSED,3
prometheus/client_python,501,2020-01-07T09:45:41Z,2020-02-29T15:12:48Z,53.227164351851854,CLOSED,0
prometheus/client_python,363,2019-01-04T15:41:10Z,2019-02-19T12:23:31Z,45.862743055555555,CLOSED,6
prometheus/client_python,216,2017-12-04T18:41:54Z,2017-12-05T19:34:08Z,1.0362731481481482,CLOSED,9
prometheus/client_python,79,2016-04-28T08:21:55Z,2016-11-03T17:31:23Z,189.38157407407408,CLOSED,1
getsentry/sentry-python,3145,2024-06-07T19:50:14Z,2024-06-27T05:58:11Z,19.4221875,CLOSED,1
getsentry/sentry-python,3161,2024-06-12T13:28:37Z,2024-07-09T14:37:36Z,27.047905092592593,CLOSED,1
getsentry/sentry-python,3177,2024-06-18T07:03:15Z,2024-06-18T14:35:53Z,0.3143287037037037,CLOSED,0
getsentry/sentry-python,3179,2024-06-18T13:03:59Z,2024-11-05T08:00:16Z,139.78908564814816,CLOSED,2
getsentry/sentry-python,3216,2024-06-27T13:01:56Z,2024-06-27T14:05:02Z,0.043819444444444446,CLOSED,2
getsentry/sentry-python,3230,2024-07-01T12:22:54Z,2025-03-12T15:19:17Z,254.12248842592592,CLOSED,8
getsentry/sentry-python,3246,2024-07-04T07:18:05Z,2025-03-10T13:50:16Z,249.27234953703703,CLOSED,5
getsentry/sentry-python,3277,2024-07-10T20:53:08Z,2024-07-18T11:42:48Z,7.617824074074074,CLOSED,6
getsentry/sentry-python,3279,2024-07-11T05:58:18Z,2025-03-24T14:54:21Z,256.3722569444444,CLOSED,20
getsentry/sentry-python,3306,2024-07-19T06:10:25Z,2024-07-19T11:27:38Z,0.22028935185185186,CLOSED,0
getsentry/sentry-python,3326,2024-07-23T04:35:08Z,2024-08-22T07:00:13Z,30.100752314814816,CLOSED,6
getsentry/sentry-python,3334,2024-07-24T09:34:38Z,2024-07-24T11:20:15Z,0.07334490740740741,CLOSED,1
getsentry/sentry-python,3339,2024-07-24T23:16:00Z,2025-03-11T12:04:29Z,229.53366898148147,CLOSED,16
getsentry/sentry-python,3373,2024-07-30T09:11:05Z,2024-07-30T11:41:59Z,0.10479166666666667,CLOSED,2
getsentry/sentry-python,3383,2024-07-31T12:28:47Z,2025-03-24T13:05:34Z,236.0255439814815,CLOSED,5
getsentry/sentry-python,3433,2024-08-12T10:52:33Z,2024-09-10T12:58:43Z,29.08761574074074,CLOSED,1
getsentry/sentry-python,3464,2024-08-27T11:48:37Z,2024-09-05T12:51:27Z,9.043634259259258,CLOSED,0
getsentry/sentry-python,3601,2024-10-03T08:38:19Z,2024-10-03T15:58:01Z,0.3053472222222222,CLOSED,0
getsentry/sentry-python,3761,2024-11-11T14:48:05Z,2025-06-03T10:25:42Z,203.81778935185184,CLOSED,4
getsentry/sentry-python,4037,2025-02-11T14:00:08Z,2025-02-11T14:47:59Z,0.033229166666666664,CLOSED,1
getsentry/sentry-python,4041,2025-02-11T21:20:53Z,2025-02-12T10:23:41Z,0.5436111111111112,CLOSED,3
getsentry/sentry-python,4213,2025-03-29T08:22:25Z,2025-04-23T13:06:33Z,25.197314814814813,CLOSED,6
getsentry/sentry-python,4646,2025-07-30T12:14:57Z,2025-07-30T16:02:52Z,0.15827546296296297,CLOSED,6
getsentry/sentry-python,4629,2025-07-25T04:14:48Z,2025-08-12T11:52:16Z,18.317685185185184,CLOSED,15
getsentry/sentry-python,4657,2025-08-03T13:12:59Z,2025-08-07T15:37:14Z,4.100173611111111,CLOSED,2
getsentry/sentry-python,4525,2025-06-25T16:02:37Z,2025-08-07T15:34:32Z,42.980497685185185,CLOSED,2
getsentry/sentry-python,4606,2025-07-22T02:25:47Z,2025-08-04T13:48:22Z,13.474016203703703,CLOSED,24
getsentry/sentry-python,4624,2025-07-25T02:06:39Z,2025-08-04T09:34:24Z,10.3109375,CLOSED,9
getsentry/sentry-python,4636,2025-07-29T08:42:27Z,2025-07-29T11:17:00Z,0.10732638888888889,CLOSED,5
getsentry/sentry-python,3822,2024-11-25T09:00:18Z,,,OPEN,0
getsentry/sentry-python,4605,2025-07-21T20:26:48Z,2025-07-22T09:07:16Z,0.5281018518518519,CLOSED,5
getsentry/sentry-python,4361,2025-05-05T12:02:22Z,2025-07-22T14:09:35Z,78.0883449074074,CLOSED,0
getsentry/sentry-python,4587,2025-07-16T21:57:12Z,2025-07-21T11:00:28Z,4.543935185185185,CLOSED,2
getsentry/sentry-python,4596,2025-07-18T06:45:03Z,2025-07-21T11:00:51Z,3.1776388888888887,CLOSED,1
getsentry/sentry-python,4491,2025-06-17T16:18:44Z,2025-07-21T09:54:58Z,33.73349537037037,CLOSED,4
getsentry/sentry-python,4585,2025-07-15T14:07:55Z,2025-07-17T14:46:47Z,2.026990740740741,CLOSED,3
getsentry/sentry-python,4537,2025-06-30T07:59:25Z,2025-07-15T11:58:58Z,15.166354166666666,CLOSED,2
getsentry/sentry-python,4410,2025-05-21T13:30:47Z,2025-06-17T10:26:31Z,26.872037037037035,CLOSED,14
getsentry/sentry-python,4391,2025-05-14T15:38:18Z,2025-07-09T11:12:44Z,55.81557870370371,CLOSED,0
getsentry/sentry-python,4554,2025-07-07T22:07:41Z,2025-07-08T16:05:08Z,0.7482291666666666,CLOSED,3
getsentry/sentry-python,4556,2025-07-08T09:16:47Z,2025-07-08T10:16:51Z,0.041712962962962966,CLOSED,0
getsentry/sentry-python,4542,2025-07-01T17:24:08Z,2025-07-07T15:55:24Z,5.93837962962963,CLOSED,5
getsentry/sentry-python,4451,2025-06-09T17:43:55Z,2025-06-26T17:45:08Z,17.00084490740741,CLOSED,9
getsentry/sentry-python,4508,2025-06-23T13:45:44Z,2025-06-26T12:36:37Z,2.952002314814815,CLOSED,3
getsentry/sentry-python,4443,2025-06-04T12:27:10Z,2025-06-25T09:37:41Z,20.88230324074074,CLOSED,1
getsentry/sentry-python,4498,2025-06-19T02:28:22Z,2025-06-23T06:14:13Z,4.1568402777777775,CLOSED,2
getsentry/sentry-python,4489,2025-06-17T16:03:32Z,2025-06-19T14:03:35Z,1.9167013888888889,CLOSED,3
getsentry/sentry-python,3613,2024-10-04T15:35:35Z,2025-06-03T10:24:58Z,241.78429398148148,CLOSED,5
getsentry/sentry-python,2034,2023-04-25T08:02:47Z,2025-06-04T08:48:50Z,771.0319791666667,CLOSED,13
getsentry/sentry-python,3469,2024-08-28T10:10:53Z,2025-06-03T10:24:07Z,279.0091898148148,CLOSED,10
getsentry/sentry-python,3619,2024-10-07T13:21:21Z,2025-06-03T10:24:58Z,238.87751157407408,CLOSED,6
getsentry/sentry-python,3854,2024-12-05T13:02:55Z,2025-06-03T10:25:46Z,179.89086805555556,CLOSED,2
getsentry/sentry-python,3852,2024-12-04T22:29:31Z,2025-06-03T10:25:45Z,180.49738425925926,CLOSED,18
getsentry/sentry-python,3922,2025-01-13T19:19:07Z,2025-06-03T10:25:48Z,140.6296412037037,CLOSED,1
getsentry/sentry-python,3865,2024-12-06T15:09:05Z,2025-06-03T10:25:46Z,178.8032523148148,CLOSED,3
getsentry/sentry-python,4138,2025-03-17T11:07:06Z,2025-06-03T10:26:07Z,77.97153935185185,CLOSED,3
getsentry/sentry-python,4011,2025-01-31T19:48:47Z,2025-06-03T10:26:04Z,122.60922453703704,CLOSED,4
getsentry/sentry-python,3709,2024-10-28T16:46:28Z,2025-06-03T10:25:13Z,217.73524305555554,CLOSED,8
getsentry/sentry-python,3736,2024-11-05T14:12:00Z,2025-06-03T10:25:20Z,209.84259259259258,CLOSED,18
getsentry/sentry-python,3660,2024-10-15T17:17:06Z,2025-06-03T10:24:43Z,230.7136226851852,CLOSED,8
getsentry/sentry-python,3624,2024-10-08T06:38:05Z,2025-06-03T10:24:43Z,238.15738425925926,CLOSED,3
getsentry/sentry-python,3583,2024-09-27T16:40:47Z,2025-06-03T10:24:42Z,248.7388310185185,CLOSED,0
getsentry/sentry-python,3539,2024-09-13T18:18:31Z,2025-06-03T10:24:13Z,262.670625,CLOSED,1
getsentry/sentry-python,3481,2024-08-30T11:53:31Z,2025-06-03T10:24:08Z,276.93792824074075,CLOSED,0
getsentry/sentry-python,3453,2024-08-20T13:45:01Z,2025-06-03T10:24:05Z,286.86046296296297,CLOSED,6
getsentry/sentry-python,3439,2024-08-12T14:02:42Z,2025-06-03T10:24:04Z,294.8481712962963,CLOSED,2
getsentry/sentry-python,3444,2024-08-13T12:22:19Z,2025-06-03T10:24:04Z,293.91788194444445,CLOSED,2
getsentry/sentry-python,3573,2024-09-26T06:28:48Z,2025-06-03T10:24:42Z,250.16381944444444,CLOSED,6
getsentry/sentry-python,3493,2024-09-03T16:17:55Z,2025-06-03T10:24:39Z,272.75467592592594,CLOSED,3
getsentry/sentry-python,3490,2024-09-02T15:36:18Z,2025-06-03T10:24:11Z,273.78325231481483,CLOSED,0
getsentry/sentry-python,3506,2024-09-06T02:03:13Z,2025-06-03T10:24:40Z,270.34822916666667,CLOSED,6
getsentry/sentry-python,3611,2024-10-04T13:12:52Z,2025-06-03T10:24:57Z,241.8833912037037,CLOSED,1
getsentry/sentry-python,3753,2024-11-08T22:37:33Z,2025-06-03T10:24:45Z,206.4911111111111,CLOSED,3
getsentry/sentry-python,3663,2024-10-16T09:39:50Z,2025-06-03T10:24:43Z,230.03116898148147,CLOSED,4
getsentry/sentry-python,3754,2024-11-09T13:20:14Z,2025-06-03T10:25:24Z,205.87858796296297,CLOSED,6
getsentry/sentry-python,3886,2024-12-20T14:53:33Z,2025-06-03T10:25:47Z,164.81405092592593,CLOSED,0
getsentry/sentry-python,3827,2024-11-27T16:37:46Z,2025-06-03T10:25:45Z,187.7416550925926,CLOSED,1
getsentry/sentry-python,3862,2024-12-05T22:24:38Z,2025-06-03T10:25:46Z,179.50078703703704,CLOSED,2
getsentry/sentry-python,3919,2025-01-13T14:28:19Z,2025-06-03T10:26:02Z,140.83174768518518,CLOSED,4
getsentry/sentry-python,3913,2025-01-10T04:57:21Z,2025-06-03T10:26:02Z,144.22825231481482,CLOSED,3
getsentry/sentry-python,4033,2025-02-10T18:17:42Z,2025-06-03T10:26:05Z,112.67248842592592,CLOSED,1
getsentry/sentry-python,4119,2025-03-05T14:29:10Z,2025-06-03T10:26:07Z,89.83121527777777,CLOSED,2
getsentry/sentry-python,4234,2025-04-02T17:45:31Z,2025-06-03T10:26:33Z,61.695162037037036,CLOSED,2
getsentry/sentry-python,4111,2025-03-01T18:10:37Z,2025-06-03T10:26:29Z,93.67768518518518,CLOSED,4
getsentry/sentry-python,4177,2025-03-20T15:12:08Z,2025-06-03T10:26:32Z,74.80166666666666,CLOSED,5
getsentry/sentry-python,4230,2025-04-02T03:49:26Z,2025-06-03T10:26:33Z,62.27577546296296,CLOSED,5
getsentry/sentry-python,4427,2025-05-29T03:27:57Z,2025-06-02T08:38:17Z,4.215509259259259,CLOSED,0
getsentry/sentry-python,4426,2025-05-29T01:57:25Z,2025-05-29T03:28:22Z,0.06315972222222223,CLOSED,0
getsentry/sentry-python,4415,2025-05-22T23:46:16Z,2025-05-26T11:42:41Z,3.497511574074074,CLOSED,4
getsentry/sentry-python,4416,2025-05-23T09:39:23Z,2025-05-23T13:02:31Z,0.1410648148148148,CLOSED,3
getsentry/sentry-python,4413,2025-05-21T17:57:41Z,2025-05-22T13:52:09Z,0.8294907407407407,CLOSED,5
getsentry/sentry-python,4408,2025-05-20T11:39:33Z,2025-05-23T11:05:33Z,2.9763888888888888,CLOSED,8
getsentry/sentry-python,4241,2025-04-03T15:29:12Z,2025-05-21T08:48:17Z,47.72158564814815,CLOSED,5
getsentry/sentry-python,4389,2025-05-14T14:41:13Z,2025-05-20T13:59:13Z,5.970833333333333,CLOSED,4
getsentry/sentry-python,4350,2025-04-29T12:29:59Z,2025-05-20T10:27:12Z,20.914733796296296,CLOSED,5
getsentry/sentry-python,4406,2025-05-20T09:37:53Z,2025-05-20T09:39:09Z,0.0008796296296296296,CLOSED,1
getsentry/sentry-python,4398,2025-05-19T08:12:44Z,2025-05-19T13:05:18Z,0.2031712962962963,CLOSED,5
getsentry/sentry-python,4370,2025-05-07T12:12:25Z,2025-05-07T12:31:28Z,0.013229166666666667,CLOSED,0
getsentry/sentry-python,4321,2025-04-22T22:26:13Z,2025-04-28T10:07:42Z,5.487141203703704,CLOSED,1
getsentry/sentry-python,4267,2025-04-09T21:12:51Z,2025-04-15T08:56:51Z,5.488888888888889,CLOSED,3
open-telemetry/opentelemetry-python,1391,2020-11-18T15:58:59Z,2020-11-23T22:03:37Z,5.253217592592593,CLOSED,2
open-telemetry/opentelemetry-python,1342,2020-11-03T23:21:30Z,2020-11-23T16:09:46Z,19.700185185185184,CLOSED,3
open-telemetry/opentelemetry-python,1343,2020-11-03T23:23:40Z,2020-11-23T16:09:32Z,19.69851851851852,CLOSED,3
open-telemetry/opentelemetry-python,715,2020-05-20T22:12:24Z,2020-11-19T16:54:42Z,182.779375,CLOSED,23
open-telemetry/opentelemetry-python,1383,2020-11-16T23:10:40Z,2020-11-18T21:41:24Z,1.9380092592592593,CLOSED,6
open-telemetry/opentelemetry-python,1341,2020-11-03T23:19:17Z,2020-11-13T05:57:07Z,9.276273148148148,CLOSED,1
open-telemetry/opentelemetry-python,1213,2020-10-07T21:00:37Z,2020-11-09T15:21:07Z,32.76423611111111,CLOSED,1
open-telemetry/opentelemetry-python,1252,2020-10-16T08:31:52Z,2020-11-09T15:18:53Z,24.282650462962962,CLOSED,1
open-telemetry/opentelemetry-python,1355,2020-11-04T17:20:05Z,2020-11-05T16:29:42Z,0.9650115740740741,CLOSED,0
open-telemetry/opentelemetry-python,1323,2020-11-02T17:59:11Z,2020-11-03T16:51:40Z,0.953113425925926,CLOSED,0
open-telemetry/opentelemetry-python,1236,2020-10-13T23:42:09Z,2020-10-31T00:56:13Z,17.051435185185184,CLOSED,0
open-telemetry/opentelemetry-python,1210,2020-10-07T01:33:03Z,2020-10-27T22:46:20Z,20.88422453703704,CLOSED,1
open-telemetry/opentelemetry-python,1280,2020-10-23T23:36:26Z,2020-10-26T22:15:28Z,2.943773148148148,CLOSED,0
open-telemetry/opentelemetry-python,1273,2020-10-22T07:09:23Z,2020-10-22T20:19:58Z,0.5490162037037037,CLOSED,2
open-telemetry/opentelemetry-python,1224,2020-10-08T17:36:51Z,2020-10-16T14:16:50Z,7.861099537037037,CLOSED,4
open-telemetry/opentelemetry-python,1229,2020-10-11T01:24:57Z,2020-10-15T22:02:44Z,4.859571759259259,CLOSED,4
open-telemetry/opentelemetry-python,1216,2020-10-07T21:37:34Z,2020-10-15T20:41:41Z,7.961192129629629,CLOSED,1
open-telemetry/opentelemetry-python,1204,2020-10-06T00:57:46Z,2020-10-15T19:56:25Z,9.790729166666667,CLOSED,0
open-telemetry/opentelemetry-python,1222,2020-10-08T16:35:00Z,2020-10-15T16:08:54Z,6.981875,CLOSED,7
open-telemetry/opentelemetry-python,1206,2020-10-06T03:42:59Z,2020-10-06T15:23:28Z,0.48644675925925923,CLOSED,0
open-telemetry/opentelemetry-python,1160,2020-09-24T23:26:20Z,2020-10-01T16:10:04Z,6.697037037037037,CLOSED,0
open-telemetry/opentelemetry-python,1186,2020-09-30T19:42:57Z,2020-09-30T21:45:20Z,0.08498842592592593,CLOSED,0
open-telemetry/opentelemetry-python,1184,2020-09-30T17:14:34Z,2020-09-30T18:01:00Z,0.03224537037037037,CLOSED,0
open-telemetry/opentelemetry-python,876,2020-07-01T18:04:43Z,2020-09-29T15:36:06Z,89.89679398148148,CLOSED,0
open-telemetry/opentelemetry-python,1025,2020-08-20T08:50:15Z,2020-09-25T01:26:22Z,35.691747685185184,CLOSED,1
open-telemetry/opentelemetry-python,1144,2020-09-22T19:37:00Z,2020-09-24T04:56:05Z,1.388252314814815,CLOSED,0
open-telemetry/opentelemetry-python,1012,2020-08-18T14:50:47Z,2020-09-22T15:45:51Z,35.03824074074074,CLOSED,0
open-telemetry/opentelemetry-python,1118,2020-09-16T07:29:04Z,2020-09-21T16:20:50Z,5.3692824074074075,CLOSED,0
open-telemetry/opentelemetry-python,1088,2020-09-09T16:08:49Z,2020-09-14T19:49:53Z,5.153518518518519,CLOSED,0
open-telemetry/opentelemetry-python,1078,2020-09-04T18:44:29Z,2020-09-11T18:44:18Z,6.999872685185185,CLOSED,4
open-telemetry/opentelemetry-python,1072,2020-09-03T21:36:41Z,2020-09-03T23:44:01Z,0.08842592592592592,CLOSED,0
open-telemetry/opentelemetry-python,1043,2020-08-26T15:11:42Z,2020-08-27T06:55:55Z,0.6557060185185185,CLOSED,2
open-telemetry/opentelemetry-python,981,2020-08-12T03:17:17Z,2020-08-26T21:23:00Z,14.753969907407408,CLOSED,1
open-telemetry/opentelemetry-python,976,2020-08-07T16:34:19Z,2020-08-16T02:02:25Z,8.39451388888889,CLOSED,2
open-telemetry/opentelemetry-python,983,2020-08-13T22:03:03Z,2020-08-14T02:13:37Z,0.17400462962962962,CLOSED,0
open-telemetry/opentelemetry-python,951,2020-07-28T14:29:01Z,2020-08-13T19:35:39Z,16.212939814814813,CLOSED,34
open-telemetry/opentelemetry-python,940,2020-07-24T17:02:03Z,2020-08-13T19:35:38Z,20.106655092592593,CLOSED,2
open-telemetry/opentelemetry-python,968,2020-08-04T15:15:22Z,2020-08-07T21:57:06Z,3.2789814814814813,CLOSED,0
open-telemetry/opentelemetry-python,974,2020-08-06T22:30:16Z,2020-08-06T23:10:36Z,0.028009259259259258,CLOSED,0
open-telemetry/opentelemetry-python,958,2020-07-29T22:08:22Z,2020-08-06T15:19:57Z,7.716377314814815,CLOSED,0
open-telemetry/opentelemetry-python,933,2020-07-22T23:21:48Z,2020-08-06T05:01:14Z,14.235717592592593,CLOSED,0
open-telemetry/opentelemetry-python,907,2020-07-13T20:23:59Z,2020-07-30T15:18:39Z,16.78796296296296,CLOSED,0
open-telemetry/opentelemetry-python,955,2020-07-28T20:56:40Z,2020-07-29T09:16:49Z,0.5139930555555555,CLOSED,1
open-telemetry/opentelemetry-python,943,2020-07-26T13:52:18Z,2020-07-28T22:12:14Z,2.3471759259259257,CLOSED,2
open-telemetry/opentelemetry-python,923,2020-07-17T10:05:37Z,2020-07-28T14:04:17Z,11.165740740740741,CLOSED,3
open-telemetry/opentelemetry-python,902,2020-07-13T13:47:00Z,2020-07-28T01:18:04Z,14.479907407407408,CLOSED,0
open-telemetry/opentelemetry-python,944,2020-07-26T14:15:14Z,2020-07-26T23:25:09Z,0.38188657407407406,CLOSED,0
open-telemetry/opentelemetry-python,914,2020-07-14T22:53:00Z,2020-07-15T18:39:41Z,0.8240856481481481,CLOSED,0
open-telemetry/opentelemetry-python,879,2020-07-03T18:29:24Z,2020-07-13T16:28:29Z,9.916030092592592,CLOSED,1
open-telemetry/opentelemetry-python,818,2020-06-11T17:24:47Z,2020-07-13T05:50:14Z,31.51767361111111,CLOSED,0
open-telemetry/opentelemetry-python,881,2020-07-06T08:56:06Z,2020-07-10T18:29:44Z,4.398356481481481,CLOSED,1
open-telemetry/opentelemetry-python,832,2020-06-16T20:27:11Z,2020-07-08T06:06:09Z,21.402060185185185,CLOSED,7
open-telemetry/opentelemetry-python,883,2020-07-07T01:06:31Z,2020-07-07T22:50:40Z,0.9056597222222222,CLOSED,0
open-telemetry/opentelemetry-python,817,2020-06-11T17:20:31Z,2020-06-30T20:13:59Z,19.120462962962964,CLOSED,0
open-telemetry/opentelemetry-python,830,2020-06-16T08:49:34Z,2020-06-29T15:26:42Z,13.275787037037038,CLOSED,4
open-telemetry/opentelemetry-python,825,2020-06-12T23:19:29Z,2020-06-26T15:28:42Z,13.67306712962963,CLOSED,15
open-telemetry/opentelemetry-python,843,2020-06-18T23:08:47Z,2020-06-19T14:54:44Z,0.6569097222222222,CLOSED,1
open-telemetry/opentelemetry-python,805,2020-06-10T20:59:32Z,2020-06-13T04:08:47Z,2.298090277777778,CLOSED,0
open-telemetry/opentelemetry-python,641,2020-05-03T04:47:19Z,2020-06-11T23:35:47Z,39.78365740740741,CLOSED,0
open-telemetry/opentelemetry-python,713,2020-05-20T18:56:49Z,2020-06-05T22:05:20Z,16.130914351851853,CLOSED,1
open-telemetry/opentelemetry-python,623,2020-04-28T15:58:06Z,2020-06-05T20:10:37Z,38.175358796296294,CLOSED,5
open-telemetry/opentelemetry-python,746,2020-05-28T01:01:38Z,2020-05-30T18:46:20Z,2.739375,CLOSED,1
open-telemetry/opentelemetry-python,730,2020-05-25T15:25:47Z,2020-05-26T17:53:09Z,1.102337962962963,CLOSED,0
open-telemetry/opentelemetry-python,589,2020-04-16T16:35:18Z,2020-05-05T02:55:33Z,18.430729166666666,CLOSED,0
open-telemetry/opentelemetry-python,566,2020-04-09T04:43:58Z,2020-05-01T05:06:42Z,22.015787037037036,CLOSED,0
open-telemetry/opentelemetry-python,620,2020-04-27T22:15:44Z,2020-04-30T23:56:12Z,3.0697685185185186,CLOSED,0
open-telemetry/opentelemetry-python,582,2020-04-15T07:36:52Z,2020-04-27T17:35:31Z,12.415729166666667,CLOSED,0
open-telemetry/opentelemetry-python,613,2020-04-25T23:22:07Z,2020-04-27T15:29:34Z,1.6718402777777779,CLOSED,0
open-telemetry/opentelemetry-python,587,2020-04-16T04:12:53Z,2020-04-16T20:38:04Z,0.6841550925925926,CLOSED,2
open-telemetry/opentelemetry-python,569,2020-04-09T22:17:19Z,2020-04-13T15:35:52Z,3.7212152777777776,CLOSED,0
open-telemetry/opentelemetry-python,550,2020-04-03T21:52:22Z,2020-04-08T21:28:28Z,4.983402777777778,CLOSED,0
open-telemetry/opentelemetry-python,473,2020-03-10T14:48:37Z,2020-04-08T20:27:04Z,29.235034722222224,CLOSED,3
open-telemetry/opentelemetry-python,545,2020-04-03T17:44:09Z,2020-04-07T15:51:42Z,3.9219097222222223,CLOSED,0
open-telemetry/opentelemetry-python,493,2020-03-16T05:05:09Z,2020-03-28T03:27:31Z,11.932199074074074,CLOSED,1
open-telemetry/opentelemetry-python,448,2020-02-27T17:54:50Z,2020-03-04T05:01:57Z,5.463275462962963,CLOSED,6
open-telemetry/opentelemetry-python,394,2020-02-03T22:49:22Z,2020-03-01T06:01:23Z,26.300011574074073,CLOSED,0
open-telemetry/opentelemetry-python,400,2020-02-07T15:59:06Z,2020-02-11T23:38:38Z,4.319120370370371,CLOSED,0
open-telemetry/opentelemetry-python,406,2020-02-11T01:52:39Z,2020-02-11T02:42:43Z,0.03476851851851852,CLOSED,0
open-telemetry/opentelemetry-python,396,2020-02-05T21:49:43Z,2020-02-07T22:30:30Z,2.028321759259259,CLOSED,0
open-telemetry/opentelemetry-python,390,2020-01-30T13:26:32Z,2020-01-31T20:49:54Z,1.3078935185185185,CLOSED,2
open-telemetry/opentelemetry-python,377,2020-01-24T19:50:26Z,2020-01-30T19:39:05Z,5.992118055555555,CLOSED,3
open-telemetry/opentelemetry-python,383,2020-01-28T12:09:56Z,2020-01-29T15:37:30Z,1.1441435185185185,CLOSED,2
open-telemetry/opentelemetry-python,236,2019-10-24T04:40:27Z,2020-01-23T14:48:57Z,91.42256944444445,CLOSED,33
open-telemetry/opentelemetry-python,354,2020-01-06T15:34:36Z,2020-01-20T22:02:55Z,14.269664351851851,CLOSED,1
open-telemetry/opentelemetry-python,357,2020-01-08T20:26:35Z,2020-01-20T17:18:27Z,11.869351851851851,CLOSED,2
open-telemetry/opentelemetry-python,329,2019-12-11T09:14:56Z,2020-01-13T19:52:23Z,33.44267361111111,CLOSED,3
open-telemetry/opentelemetry-python,314,2019-12-03T16:51:48Z,2020-01-07T19:20:19Z,35.10313657407407,CLOSED,2
open-telemetry/opentelemetry-python,338,2019-12-16T21:58:11Z,2019-12-16T23:15:54Z,0.053969907407407404,CLOSED,2
open-telemetry/opentelemetry-python,292,2019-11-15T16:53:00Z,2019-12-11T21:13:28Z,26.18087962962963,CLOSED,2
open-telemetry/opentelemetry-python,142,2019-09-17T14:45:42Z,2019-12-06T18:48:04Z,80.16831018518519,CLOSED,3
open-telemetry/opentelemetry-python,315,2019-12-03T19:36:01Z,2019-12-05T13:19:36Z,1.738599537037037,CLOSED,4
open-telemetry/opentelemetry-python,308,2019-11-27T18:13:18Z,2019-11-27T19:40:10Z,0.06032407407407407,CLOSED,0
open-telemetry/opentelemetry-python,304,2019-11-25T19:38:45Z,2019-11-27T00:34:14Z,1.2051967592592592,CLOSED,2
open-telemetry/opentelemetry-python,296,2019-11-18T20:40:09Z,2019-11-22T17:36:58Z,3.8727893518518517,CLOSED,2
open-telemetry/opentelemetry-python,263,2019-11-04T13:29:38Z,2019-11-05T03:24:26Z,0.5797222222222222,CLOSED,2
open-telemetry/opentelemetry-python,266,2019-11-04T19:38:28Z,2019-11-04T19:39:42Z,0.0008564814814814815,CLOSED,1
open-telemetry/opentelemetry-python,197,2019-10-03T03:32:17Z,2019-10-30T04:45:57Z,27.05115740740741,CLOSED,4
open-telemetry/opentelemetry-python,146,2019-09-18T06:19:39Z,2019-10-10T12:49:24Z,22.270659722222224,CLOSED,2
open-telemetry/opentelemetry-python,143,2019-09-17T16:36:27Z,2019-09-26T09:18:37Z,8.695949074074074,CLOSED,3
open-telemetry/opentelemetry-python,105,2019-08-26T16:41:53Z,2019-09-11T08:25:01Z,15.654953703703704,CLOSED,1
gorakhargosh/watchdog,1132,2025-09-16T18:37:43Z,,,OPEN,7
gorakhargosh/watchdog,829,2021-08-20T07:55:08Z,,,OPEN,8
gorakhargosh/watchdog,919,2022-09-19T02:54:26Z,,,OPEN,2
gorakhargosh/watchdog,1041,2024-06-21T21:52:45Z,,,OPEN,1
gorakhargosh/watchdog,1025,2024-02-06T19:23:58Z,2024-12-21T04:09:42Z,318.3650925925926,CLOSED,5
gorakhargosh/watchdog,1045,2024-07-16T20:14:54Z,2024-09-22T07:09:32Z,67.45460648148148,CLOSED,1
gorakhargosh/watchdog,679,2020-07-26T17:12:35Z,2024-09-22T07:09:32Z,1518.5812152777778,CLOSED,2
gorakhargosh/watchdog,666,2020-05-25T23:54:16Z,,,OPEN,8
gorakhargosh/watchdog,1030,2024-02-06T22:28:25Z,2024-02-06T23:54:11Z,0.05956018518518519,CLOSED,25
gorakhargosh/watchdog,1019,2023-10-24T06:20:49Z,,,OPEN,9
gorakhargosh/watchdog,991,2023-06-05T11:47:04Z,,,OPEN,1
gorakhargosh/watchdog,339,2015-12-08T14:44:17Z,2023-03-22T19:32:20Z,2661.2000347222224,CLOSED,2
gorakhargosh/watchdog,979,2023-03-20T08:53:18Z,2023-03-20T08:56:56Z,0.002523148148148148,CLOSED,1
gorakhargosh/watchdog,412,2017-07-21T10:12:49Z,,,OPEN,0
gorakhargosh/watchdog,935,2022-12-27T03:13:24Z,2022-12-30T05:36:21Z,3.099270833333333,CLOSED,0
gorakhargosh/watchdog,22,2010-12-31T09:13:35Z,,,OPEN,4
gorakhargosh/watchdog,855,2021-11-10T20:47:32Z,2022-05-13T13:34:09Z,183.69903935185187,CLOSED,15
gorakhargosh/watchdog,870,2022-01-19T21:07:46Z,2022-05-12T19:20:56Z,112.92581018518518,CLOSED,1
gorakhargosh/watchdog,879,2022-03-22T18:19:11Z,2022-03-25T11:27:24Z,2.7140393518518517,CLOSED,8
gorakhargosh/watchdog,830,2021-08-22T09:28:28Z,2021-08-23T10:01:38Z,1.0230324074074073,CLOSED,6
gorakhargosh/watchdog,797,2021-05-12T09:20:53Z,2021-05-19T06:12:18Z,6.8690393518518515,CLOSED,3
gorakhargosh/watchdog,765,2021-02-21T07:58:22Z,2021-02-22T13:23:50Z,1.2260185185185186,CLOSED,3
gorakhargosh/watchdog,744,2020-12-24T16:09:04Z,2021-02-10T20:34:13Z,48.184131944444445,CLOSED,4
gorakhargosh/watchdog,762,2021-02-11T18:07:17Z,2021-02-17T14:42:20Z,5.857673611111111,CLOSED,17
gorakhargosh/watchdog,721,2020-12-10T14:27:53Z,2020-12-10T16:41:46Z,0.09297453703703704,CLOSED,4
gorakhargosh/watchdog,732,2020-12-13T15:07:18Z,2020-12-14T10:41:12Z,0.8152083333333333,CLOSED,7
gorakhargosh/watchdog,700,2020-10-28T13:44:24Z,2020-12-01T11:23:39Z,33.902256944444446,CLOSED,7
gorakhargosh/watchdog,596,2019-11-22T16:40:07Z,2020-12-10T10:02:12Z,383.72366898148147,CLOSED,5
gorakhargosh/watchdog,702,2020-11-21T20:24:13Z,2020-12-10T09:54:37Z,18.56277777777778,CLOSED,16
gorakhargosh/watchdog,718,2020-12-10T01:53:04Z,2020-12-10T09:33:31Z,0.31975694444444447,CLOSED,1
gorakhargosh/watchdog,706,2020-11-29T12:40:26Z,2020-12-04T19:28:55Z,5.2836689814814815,CLOSED,8
gorakhargosh/watchdog,687,2020-09-10T06:16:39Z,2020-10-28T16:58:07Z,48.445462962962964,CLOSED,9
gorakhargosh/watchdog,543,2019-03-15T18:15:46Z,2020-10-22T01:43:38Z,586.3110185185185,CLOSED,1
gorakhargosh/watchdog,628,2020-01-31T18:07:28Z,2020-02-03T19:28:06Z,3.05599537037037,CLOSED,11
gorakhargosh/watchdog,670,2020-06-21T12:06:15Z,2020-06-21T17:38:55Z,0.2310185185185185,CLOSED,1
gorakhargosh/watchdog,651,2020-02-26T17:22:44Z,2020-04-28T13:02:53Z,61.81954861111111,CLOSED,1
gorakhargosh/watchdog,643,2020-02-07T18:37:13Z,2020-02-07T18:55:54Z,0.012974537037037038,CLOSED,1
gorakhargosh/watchdog,637,2020-02-06T16:16:17Z,2020-02-07T18:28:14Z,1.0916319444444444,CLOSED,2
gorakhargosh/watchdog,632,2020-02-04T16:16:29Z,2020-02-06T16:46:21Z,2.0207407407407407,CLOSED,3
gorakhargosh/watchdog,600,2019-12-07T13:00:27Z,2020-02-05T10:59:38Z,59.916099537037034,CLOSED,1
gorakhargosh/watchdog,617,2020-01-27T18:28:23Z,2020-01-30T17:01:57Z,2.939976851851852,CLOSED,20
gorakhargosh/watchdog,618,2020-01-28T14:21:28Z,2020-01-31T09:10:20Z,2.783935185185185,CLOSED,18
gorakhargosh/watchdog,620,2020-01-29T02:43:21Z,2020-01-31T09:10:50Z,2.269085648148148,CLOSED,23
gorakhargosh/watchdog,615,2020-01-27T10:09:21Z,2020-01-27T16:26:46Z,0.26209490740740743,CLOSED,7
gorakhargosh/watchdog,598,2019-12-04T11:35:55Z,2019-12-18T14:40:32Z,14.128206018518519,CLOSED,4
gorakhargosh/watchdog,570,2019-06-04T08:49:52Z,2019-06-13T13:49:21Z,9.207974537037037,CLOSED,7
gorakhargosh/watchdog,402,2017-03-24T10:25:29Z,2019-06-04T10:01:56Z,801.9836458333333,CLOSED,1
gorakhargosh/watchdog,544,2019-03-16T08:49:34Z,2019-04-05T07:57:32Z,19.96386574074074,CLOSED,1
gorakhargosh/watchdog,541,2019-03-07T15:21:45Z,2019-03-20T07:40:00Z,12.679340277777778,CLOSED,10
gorakhargosh/watchdog,436,2018-03-02T01:52:13Z,2019-02-17T11:19:36Z,352.3940162037037,CLOSED,0
gorakhargosh/watchdog,377,2016-09-29T16:52:24Z,2019-02-17T10:57:52Z,870.7537962962963,CLOSED,2
gorakhargosh/watchdog,27,2011-01-09T02:30:57Z,2019-02-17T07:05:31Z,2961.1906712962964,CLOSED,1
gorakhargosh/watchdog,453,2018-07-03T07:59:40Z,2019-01-08T16:49:01Z,189.36760416666667,CLOSED,5
gorakhargosh/watchdog,471,2018-09-15T04:12:24Z,2018-10-27T20:40:32Z,42.686203703703704,CLOSED,3
gorakhargosh/watchdog,11,2010-11-27T15:38:05Z,,,OPEN,4
gorakhargosh/watchdog,33,2011-02-11T20:46:38Z,2014-02-14T11:17:59Z,1098.6051041666667,CLOSED,1
gorakhargosh/watchdog,34,2011-02-11T20:51:07Z,2014-02-14T11:14:59Z,1098.5999074074075,CLOSED,2
gorakhargosh/watchdog,24,2011-01-03T11:16:21Z,2011-01-12T08:31:32Z,8.885543981481481,CLOSED,8
gorakhargosh/watchdog,30,2011-02-02T17:03:39Z,2011-05-25T04:19:16Z,111.46917824074075,CLOSED,2
gorakhargosh/watchdog,25,2011-01-04T08:53:24Z,2011-01-20T05:19:10Z,15.851226851851852,CLOSED,2
gorakhargosh/watchdog,26,2011-01-09T02:11:51Z,2011-01-14T00:52:32Z,4.944918981481481,CLOSED,4
gorakhargosh/watchdog,14,2010-12-01T12:06:51Z,2010-12-19T12:32:25Z,18.01775462962963,CLOSED,3
gorakhargosh/watchdog,13,2010-11-28T02:19:38Z,2010-11-28T23:48:56Z,0.8953472222222222,CLOSED,1
gorakhargosh/watchdog,4,2010-11-17T13:50:56Z,2010-11-28T22:08:30Z,11.345532407407408,CLOSED,1
tox-dev/py-filelock,404,2025-03-06T10:13:28Z,,,OPEN,4
tox-dev/py-filelock,343,2024-06-19T14:31:44Z,2024-06-20T10:08:41Z,0.8173263888888889,CLOSED,9
tox-dev/py-filelock,315,2024-03-24T02:29:38Z,,,OPEN,5
tox-dev/py-filelock,230,2023-04-12T08:12:28Z,2023-04-18T16:47:58Z,6.357986111111111,CLOSED,24
tox-dev/py-filelock,67,2020-04-16T20:45:15Z,2023-03-25T20:34:43Z,1072.992685185185,CLOSED,2
tox-dev/py-filelock,101,2021-10-03T00:34:54Z,,,OPEN,0
tox-dev/py-filelock,56,2019-11-05T03:29:59Z,,,OPEN,4
tox-dev/py-filelock,81,2020-12-18T21:29:28Z,2021-09-29T06:59:49Z,284.3960763888889,CLOSED,5
tox-dev/py-filelock,3,2015-05-24T22:10:42Z,2015-05-28T22:54:09Z,4.0301736111111115,CLOSED,5
tox-dev/platformdirs,292,2024-08-13T19:13:44Z,2024-09-10T02:34:02Z,27.30576388888889,CLOSED,2
tox-dev/platformdirs,207,2023-07-15T12:30:46Z,2023-07-15T21:40:38Z,0.38185185185185183,CLOSED,1
tox-dev/platformdirs,90,2022-07-16T13:41:41Z,,,OPEN,5
tox-dev/platformdirs,106,2022-11-08T18:34:26Z,2022-12-07T05:24:40Z,28.451550925925925,CLOSED,6
tox-dev/platformdirs,62,2022-02-08T01:41:44Z,2022-02-09T15:53:55Z,1.5917939814814814,CLOSED,5
ActiveState/appdirs,38,2014-04-22T10:07:01Z,2014-08-17T18:39:26Z,117.3558449074074,CLOSED,0
python/importlib_resources,311,2024-06-29T03:17:43Z,2024-09-09T17:00:22Z,72.57128472222222,CLOSED,10
python/importlib_resources,298,2024-03-12T23:25:50Z,2024-03-19T15:45:02Z,6.68,CLOSED,20
python/importlib_resources,281,2023-03-27T15:17:53Z,2023-05-12T02:40:36Z,45.4741087962963,CLOSED,6
python/importlib_resources,75,2020-10-21T22:07:27Z,2021-11-14T23:14:25Z,389.0465046296296,CLOSED,20
python/importlib_resources,151,2020-10-21T22:37:17Z,2020-10-21T22:37:30Z,0.00015046296296296297,CLOSED,3
python/importlib_resources,148,2020-10-21T22:36:25Z,2020-10-21T22:36:38Z,0.00015046296296296297,CLOSED,3
python/importlib_resources,147,2020-10-21T22:36:10Z,2020-10-21T22:36:24Z,0.00016203703703703703,CLOSED,3
python/importlib_resources,143,2020-10-21T22:34:59Z,2020-10-21T22:35:09Z,0.00011574074074074075,CLOSED,2
python/importlib_resources,138,2020-10-21T22:33:02Z,2020-10-21T22:33:39Z,0.00042824074074074075,CLOSED,11
python/importlib_resources,136,2020-10-21T22:32:09Z,2020-10-21T22:32:42Z,0.00038194444444444446,CLOSED,10
python/importlib_resources,74,2020-10-21T22:07:15Z,2020-10-21T22:07:24Z,0.00010416666666666667,CLOSED,2
python/importlib_resources,61,2020-10-21T22:02:18Z,2020-10-21T22:02:33Z,0.00017361111111111112,CLOSED,4
python/importlib_resources,56,2020-10-21T21:58:08Z,2020-10-21T21:58:26Z,0.00020833333333333335,CLOSED,5
python/importlib_resources,55,2020-10-21T21:57:36Z,2020-10-21T21:58:05Z,0.0003356481481481481,CLOSED,9
python/importlib_resources,51,2020-10-21T21:56:37Z,2020-10-21T21:56:52Z,0.00017361111111111112,CLOSED,4
python/importlib_resources,48,2020-10-21T21:55:11Z,2020-10-21T21:55:38Z,0.0003125,CLOSED,8
python/importlib_resources,46,2020-10-21T21:54:34Z,2020-10-21T21:54:49Z,0.00017361111111111112,CLOSED,4
python/importlib_resources,44,2020-10-21T21:53:24Z,2020-10-21T21:54:02Z,0.0004398148148148148,CLOSED,12
python/importlib_metadata,434,2023-03-10T02:56:44Z,2023-03-18T16:14:59Z,8.554340277777778,CLOSED,0
python/importlib_metadata,201,2020-10-22T22:11:17Z,2020-10-22T22:11:37Z,0.0002314814814814815,CLOSED,6
python/importlib_metadata,200,2020-10-22T22:10:14Z,2020-10-22T22:11:16Z,0.0007175925925925926,CLOSED,20
python/importlib_metadata,185,2020-10-22T22:03:25Z,2020-10-22T22:03:39Z,0.00016203703703703703,CLOSED,4
python/importlib_metadata,161,2020-10-22T21:50:16Z,2020-10-22T21:51:21Z,0.0007523148148148148,CLOSED,23
python/importlib_metadata,157,2020-10-22T21:47:34Z,2020-10-22T21:48:36Z,0.0007175925925925926,CLOSED,22
python/importlib_metadata,68,2020-10-22T21:05:38Z,2020-10-22T21:05:52Z,0.00016203703703703703,CLOSED,4
python/importlib_metadata,51,2020-10-22T20:59:41Z,2020-10-22T21:00:05Z,0.0002777777777777778,CLOSED,8
python/importlib_metadata,50,2020-10-22T20:59:24Z,2020-10-22T20:59:38Z,0.00016203703703703703,CLOSED,4
python/importlib_metadata,42,2020-10-22T20:54:15Z,2020-10-22T20:54:51Z,0.0004166666666666667,CLOSED,12
python/importlib_metadata,36,2020-10-22T20:52:17Z,2020-10-22T20:52:29Z,0.0001388888888888889,CLOSED,3
python/importlib_metadata,35,2020-10-22T20:52:03Z,2020-10-22T20:52:14Z,0.0001273148148148148,CLOSED,3
python/importlib_metadata,29,2020-10-22T20:50:10Z,2020-10-22T20:50:40Z,0.00034722222222222224,CLOSED,10
python/importlib_metadata,26,2020-10-22T20:48:59Z,2020-10-22T20:49:11Z,0.0001388888888888889,CLOSED,3
python/importlib_metadata,22,2020-10-22T20:47:30Z,2020-10-22T20:47:43Z,0.00015046296296296297,CLOSED,4
python/importlib_metadata,21,2020-10-22T20:47:08Z,2020-10-22T20:47:27Z,0.0002199074074074074,CLOSED,6
python/importlib_metadata,20,2020-10-22T20:46:15Z,2020-10-22T20:47:05Z,0.0005787037037037037,CLOSED,18
pypa/packaging,504,2022-01-31T23:03:11Z,,,OPEN,4
pypa/packaging,845,2024-10-22T17:13:11Z,2026-01-06T23:23:19Z,441.25703703703704,CLOSED,2
pypa/packaging,803,2024-05-20T16:40:39Z,2025-12-30T21:20:46Z,589.1945254629629,CLOSED,3
pypa/packaging,774,2024-01-16T02:04:50Z,,,OPEN,34
pypa/packaging,768,2024-01-07T12:35:43Z,2025-10-31T23:42:07Z,663.4627777777778,CLOSED,1
pypa/packaging,435,2021-06-16T00:32:04Z,,,OPEN,15
pypa/packaging,928,2025-08-28T04:17:52Z,2025-10-29T17:40:45Z,62.55755787037037,CLOSED,2
pypa/packaging,767,2024-01-06T20:47:27Z,2025-10-25T21:16:47Z,658.0203703703704,CLOSED,0
pypa/packaging,873,2025-02-13T16:51:31Z,,,OPEN,21
pypa/packaging,909,2025-05-15T23:59:20Z,,,OPEN,1
pypa/packaging,859,2024-12-02T20:32:25Z,2025-05-09T22:21:59Z,158.07608796296296,CLOSED,3
pypa/packaging,850,2024-10-28T12:22:44Z,,,OPEN,2
pypa/packaging,827,2024-09-03T09:30:17Z,,,OPEN,0
pypa/packaging,831,2024-09-09T23:46:49Z,,,OPEN,0
pypa/packaging,788,2024-03-26T22:35:16Z,2024-09-16T22:32:00Z,173.99773148148148,CLOSED,5
pypa/packaging,810,2024-06-04T14:45:24Z,,,OPEN,0
pypa/packaging,738,2023-10-17T11:31:18Z,2024-03-10T09:42:35Z,144.92450231481482,CLOSED,4
pypa/packaging,107,2017-06-01T16:08:23Z,,,OPEN,12
pypa/packaging,766,2024-01-06T00:59:08Z,,,OPEN,3
pypa/packaging,744,2023-11-04T08:25:38Z,2023-12-04T03:56:40Z,29.813217592592594,CLOSED,3
pypa/packaging,735,2023-10-09T06:23:04Z,2023-10-18T02:36:28Z,8.842638888888889,CLOSED,2
pypa/packaging,733,2023-10-09T01:59:15Z,2023-10-16T00:50:02Z,6.951932870370371,CLOSED,1
pypa/packaging,522,2022-03-16T11:16:29Z,2022-03-16T20:10:31Z,0.3708564814814815,CLOSED,6
pypa/packaging,683,2023-03-23T09:27:22Z,2023-10-02T00:54:08Z,192.64358796296295,CLOSED,0
pypa/packaging,660,2023-01-13T08:05:27Z,2023-10-01T12:53:23Z,261.1999537037037,CLOSED,1
pypa/packaging,688,2023-04-17T15:52:05Z,2023-07-26T18:04:35Z,100.09201388888889,CLOSED,1
pypa/packaging,120,2018-02-06T17:57:35Z,2023-06-13T18:24:45Z,1953.0188657407407,CLOSED,17
pypa/packaging,652,2023-01-03T18:06:09Z,2023-02-11T00:45:00Z,38.27697916666666,CLOSED,9
pypa/packaging,667,2023-01-17T19:48:09Z,2023-01-25T23:46:26Z,8.165474537037037,CLOSED,5
pypa/packaging,638,2022-12-10T12:17:06Z,2022-12-27T09:31:37Z,16.88508101851852,CLOSED,1
pypa/packaging,632,2022-12-08T16:14:07Z,,,OPEN,7
pypa/packaging,629,2022-12-08T09:04:20Z,2022-12-08T23:12:38Z,0.5890972222222223,CLOSED,4
pypa/packaging,382,2021-01-02T18:20:01Z,2022-12-07T23:29:27Z,704.2148842592593,CLOSED,14
pypa/packaging,618,2022-11-22T17:47:38Z,2022-12-07T21:50:41Z,15.168784722222222,CLOSED,13
pypa/packaging,432,2021-05-31T10:44:30Z,2022-12-07T21:50:39Z,555.4626041666667,CLOSED,4
pypa/packaging,336,2020-10-08T16:29:18Z,2022-12-07T21:50:39Z,790.2231597222222,CLOSED,13
pypa/packaging,559,2022-06-18T08:25:40Z,2022-09-23T21:26:37Z,97.5423263888889,CLOSED,1
pypa/packaging,507,2022-02-08T16:56:40Z,2022-08-30T11:50:32Z,202.78740740740741,CLOSED,2
pypa/packaging,583,2022-08-11T20:05:37Z,2022-08-29T22:44:03Z,18.110023148148148,CLOSED,3
pypa/packaging,425,2021-05-01T00:35:27Z,2022-08-27T17:52:28Z,483.720150462963,CLOSED,9
pypa/packaging,472,2021-10-26T08:51:54Z,2022-08-23T18:58:48Z,301.4214583333333,CLOSED,4
pypa/packaging,526,2022-03-22T00:24:35Z,2022-07-04T21:33:40Z,104.88130787037036,CLOSED,13
pypa/packaging,577,2022-07-18T17:56:33Z,,,OPEN,6
pypa/packaging,566,2022-07-07T19:25:29Z,2022-07-08T13:58:21Z,0.772824074074074,CLOSED,3
pypa/packaging,217,2019-10-04T05:46:07Z,,,OPEN,6
pypa/packaging,505,2022-02-03T20:19:29Z,2022-03-05T15:00:04Z,29.77818287037037,CLOSED,7
pypa/packaging,427,2021-05-03T03:23:06Z,2022-03-03T19:57:06Z,304.6902777777778,CLOSED,3
pypa/packaging,421,2021-04-17T16:20:57Z,2022-01-15T07:59:03Z,272.6514583333333,CLOSED,7
pypa/packaging,486,2021-11-09T16:08:31Z,2021-11-16T16:24:10Z,7.010868055555555,CLOSED,1
pypa/packaging,462,2021-10-11T18:36:00Z,2021-10-29T13:13:13Z,17.775844907407407,CLOSED,1
pypa/packaging,469,2021-10-22T19:41:45Z,,,OPEN,2
pypa/packaging,368,2020-12-03T23:43:38Z,2021-10-16T07:10:14Z,316.3101388888889,CLOSED,13
pypa/packaging,434,2021-06-08T02:14:34Z,2021-06-09T19:12:37Z,1.7069791666666667,CLOSED,6
pypa/packaging,415,2021-03-22T13:47:31Z,2021-04-27T19:50:55Z,36.252361111111114,CLOSED,8
pypa/packaging,327,2020-07-31T14:27:03Z,2021-04-26T23:03:33Z,269.35868055555557,CLOSED,7
pypa/packaging,418,2021-03-29T10:04:13Z,2021-03-29T22:49:08Z,0.5311921296296296,CLOSED,3
pypa/packaging,90,2016-12-18T22:45:05Z,2021-03-24T20:29:19Z,1556.9057175925925,CLOSED,14
pypa/packaging,100,2017-03-13T18:39:11Z,2021-02-06T18:36:58Z,1425.9984606481482,CLOSED,2
pypa/packaging,308,2020-05-23T19:31:55Z,2020-12-12T12:57:05Z,202.7258101851852,CLOSED,26
pypa/packaging,372,2020-12-11T03:52:23Z,2020-12-11T23:43:23Z,0.8270833333333333,CLOSED,0
pypa/packaging,348,2020-11-04T10:16:32Z,2020-11-14T01:39:54Z,9.641226851851853,CLOSED,1
pypa/packaging,300,2020-05-11T11:17:33Z,2020-05-13T09:51:12Z,1.9400347222222223,CLOSED,4
pypa/packaging,282,2020-03-25T19:52:32Z,2020-03-26T18:52:41Z,0.9584375,CLOSED,1
pypa/packaging,254,2020-01-06T10:14:43Z,2020-02-04T08:29:25Z,28.926875,CLOSED,0
pypa/packaging,246,2019-12-16T19:45:58Z,2020-01-02T21:31:13Z,17.073090277777776,CLOSED,2
pypa/packaging,237,2019-11-16T01:31:50Z,2019-12-19T00:25:39Z,32.954039351851854,CLOSED,0
pypa/packaging,232,2019-11-12T21:33:54Z,2019-11-15T23:56:34Z,3.099074074074074,CLOSED,0
pypa/packaging,184,2019-08-20T20:04:56Z,2019-11-25T19:03:23Z,96.95725694444444,CLOSED,20
pypa/packaging,141,2018-10-27T10:21:56Z,2019-11-12T20:23:21Z,381.41765046296297,CLOSED,2
pypa/packaging,210,2019-09-26T19:15:56Z,2019-09-27T18:01:47Z,0.9485069444444445,CLOSED,1
pypa/packaging,172,2019-07-24T05:27:59Z,2019-09-18T22:13:49Z,56.698495370370374,CLOSED,1
pypa/packaging,86,2016-11-02T10:22:38Z,2019-08-26T18:41:09Z,1027.3461921296296,CLOSED,6
pypa/packaging,181,2019-08-16T00:38:14Z,2019-08-22T18:00:09Z,6.723553240740741,CLOSED,2
pypa/setuptools,145,2014-02-06T06:39:17Z,2016-03-29T14:12:47Z,782.3149305555555,CLOSED,2
pypa/setuptools,144,2014-02-06T02:32:57Z,2016-03-29T14:12:45Z,782.4859722222222,CLOSED,4
pypa/setuptools,143,2014-02-06T00:25:27Z,2016-03-29T14:12:41Z,782.5744675925926,CLOSED,4
pypa/setuptools,142,2014-01-28T12:31:43Z,2016-03-29T14:12:39Z,791.0700925925926,CLOSED,2
pypa/setuptools,140,2014-01-23T15:12:47Z,2016-03-29T14:12:31Z,795.9581481481481,CLOSED,1
pypa/setuptools,139,2014-01-21T20:59:22Z,2016-03-29T14:12:28Z,797.7174305555556,CLOSED,8
pypa/setuptools,138,2014-01-20T14:52:38Z,,,OPEN,0
pypa/setuptools,137,2014-01-11T12:53:07Z,2016-03-29T14:12:21Z,808.0550231481482,CLOSED,16
pypa/setuptools,136,2014-01-10T19:59:17Z,2016-03-29T14:12:18Z,808.7590393518518,CLOSED,1
pypa/setuptools,132,2014-01-05T23:47:50Z,2016-03-29T14:11:55Z,813.6000578703704,CLOSED,6
pypa/setuptools,129,2014-01-04T15:51:25Z,2016-03-29T14:11:40Z,814.9307291666667,CLOSED,23
pypa/setuptools,128,2013-12-30T06:40:57Z,2016-03-29T14:11:37Z,820.312962962963,CLOSED,1
pypa/setuptools,127,2013-12-29T08:00:54Z,2016-03-29T14:11:32Z,821.2573842592593,CLOSED,14
pypa/setuptools,126,2013-12-22T10:36:10Z,2016-03-29T14:11:29Z,828.149525462963,CLOSED,3
pypa/setuptools,125,2013-12-15T17:52:38Z,2016-03-29T14:11:26Z,834.8463888888889,CLOSED,11
pypa/setuptools,124,2013-12-15T17:44:29Z,2016-03-29T14:11:23Z,834.8520138888889,CLOSED,2
pypa/setuptools,123,2013-12-13T10:11:14Z,2016-03-29T14:11:20Z,837.1667361111112,CLOSED,2
pypa/setuptools,122,2013-12-08T23:16:36Z,2016-03-29T14:11:18Z,841.6213194444445,CLOSED,2
pypa/setuptools,121,2013-12-07T16:20:37Z,2016-03-29T14:11:15Z,842.910162037037,CLOSED,1
pypa/setuptools,118,2013-11-27T21:42:37Z,2016-03-29T14:11:05Z,852.6864351851851,CLOSED,19
pypa/setuptools,117,2013-11-27T19:21:46Z,2016-03-29T14:11:02Z,852.784212962963,CLOSED,7
pypa/setuptools,116,2013-11-27T13:38:58Z,2016-03-29T14:10:58Z,853.0222222222222,CLOSED,3
pypa/setuptools,115,2013-11-25T07:32:36Z,2016-03-29T14:10:55Z,855.2766087962963,CLOSED,2
pypa/setuptools,114,2013-11-23T21:32:53Z,2016-03-29T14:10:53Z,856.6930555555556,CLOSED,1
pypa/setuptools,113,2013-11-21T07:01:55Z,2016-03-29T14:10:50Z,859.2978587962963,CLOSED,7
pypa/setuptools,108,2013-11-16T21:15:20Z,2016-03-29T14:10:34Z,863.7050231481481,CLOSED,5
pypa/setuptools,107,2013-11-16T12:00:55Z,2016-03-29T14:10:32Z,864.0900115740741,CLOSED,2
pypa/setuptools,106,2013-11-14T15:43:36Z,2016-03-29T14:10:29Z,865.9353356481481,CLOSED,3
pypa/setuptools,105,2013-11-13T20:48:54Z,2016-03-29T14:10:24Z,866.7232638888889,CLOSED,9
pypa/setuptools,104,2013-11-12T13:29:24Z,2016-03-29T14:10:21Z,868.0284375,CLOSED,1
pypa/setuptools,101,2013-11-11T07:14:01Z,2016-03-29T14:10:14Z,869.2890393518519,CLOSED,8
pypa/setuptools,100,2013-11-10T13:44:17Z,2016-03-29T14:10:11Z,870.0179861111111,CLOSED,6
pypa/setuptools,99,2013-11-06T22:38:53Z,2016-03-29T14:10:08Z,873.6467013888889,CLOSED,7
pypa/setuptools,96,2013-11-02T23:25:52Z,2016-03-29T14:09:53Z,877.613900462963,CLOSED,2
pypa/setuptools,95,2013-10-30T11:35:35Z,2016-03-29T14:09:51Z,881.1071296296296,CLOSED,1
pypa/setuptools,94,2013-10-30T07:57:05Z,2016-03-29T14:09:48Z,881.2588310185185,CLOSED,1
pypa/setuptools,92,2013-10-18T14:12:43Z,2016-03-29T14:09:43Z,892.9979166666667,CLOSED,4
pypa/setuptools,91,2013-10-18T12:56:10Z,2016-03-29T14:09:40Z,893.0510416666667,CLOSED,2
pypa/setuptools,89,2013-10-15T07:44:07Z,2016-03-29T14:09:33Z,896.267662037037,CLOSED,5
pypa/setuptools,85,2013-09-25T19:53:58Z,2016-03-29T14:09:22Z,915.7606944444444,CLOSED,2
pypa/setuptools,80,2013-09-16T16:18:37Z,2016-03-29T14:09:05Z,924.9100462962963,CLOSED,6
pypa/setuptools,79,2013-09-15T16:58:50Z,,,OPEN,1
pypa/setuptools,77,2013-09-06T22:20:18Z,2016-03-29T14:08:54Z,934.65875,CLOSED,5
pypa/setuptools,76,2013-09-04T00:48:56Z,2016-03-29T14:08:51Z,937.5554976851852,CLOSED,1
pypa/setuptools,72,2013-08-26T23:12:53Z,2016-03-29T14:08:24Z,945.6218865740741,CLOSED,3
pypa/setuptools,69,2013-08-21T11:12:51Z,2016-03-29T14:08:13Z,951.1217824074074,CLOSED,4
pypa/setuptools,68,2013-08-20T17:51:46Z,2016-03-29T14:08:02Z,951.8446296296296,CLOSED,3
pypa/setuptools,67,2013-08-19T08:58:16Z,2016-03-29T14:07:59Z,953.2150810185185,CLOSED,3
pypa/setuptools,64,2013-08-08T01:32:33Z,2016-03-29T14:07:49Z,964.5244907407407,CLOSED,1
pypa/setuptools,63,2013-08-07T12:04:28Z,2016-03-29T14:07:46Z,965.085625,CLOSED,4
pypa/setuptools,62,2013-08-07T08:26:44Z,2016-03-29T14:07:42Z,965.2367824074074,CLOSED,1
pypa/setuptools,61,2013-08-06T13:26:24Z,2016-03-29T14:07:35Z,966.028599537037,CLOSED,8
pypa/setuptools,59,2013-08-05T18:53:25Z,2016-03-29T14:07:30Z,966.8014467592593,CLOSED,2
pypa/setuptools,58,2013-08-01T19:48:49Z,2016-03-29T14:07:22Z,970.7628819444444,CLOSED,2
pypa/setuptools,56,2013-07-29T15:15:02Z,2016-03-29T14:07:17Z,973.9529513888889,CLOSED,4
pypa/setuptools,55,2013-07-27T16:37:42Z,2016-03-29T14:07:10Z,975.8954629629629,CLOSED,3
pypa/setuptools,54,2013-07-25T13:38:52Z,2016-03-29T14:07:05Z,978.0195949074074,CLOSED,1
pypa/setuptools,53,2013-07-24T18:28:50Z,2016-03-29T14:07:00Z,978.8181712962963,CLOSED,3
pypa/setuptools,52,2013-07-23T08:15:59Z,2016-03-29T14:06:56Z,980.2437152777778,CLOSED,7
pypa/setuptools,51,2013-07-22T21:59:14Z,2016-03-29T14:06:53Z,980.6719791666667,CLOSED,2
pypa/setuptools,50,2013-07-22T21:08:57Z,2016-03-29T14:06:48Z,980.7068402777778,CLOSED,8
pypa/setuptools,49,2013-07-22T17:31:01Z,2016-03-29T14:06:44Z,980.858136574074,CLOSED,4
pypa/setuptools,48,2013-07-20T08:37:40Z,2016-03-29T14:06:41Z,983.2284837962962,CLOSED,4
pypa/setuptools,46,2013-07-18T16:47:04Z,2016-03-29T14:06:36Z,984.8885648148148,CLOSED,1
pypa/setuptools,45,2013-07-18T02:50:04Z,2016-03-29T14:06:31Z,985.4697569444445,CLOSED,6
pypa/setuptools,44,2013-07-17T14:23:04Z,2016-03-29T14:06:23Z,985.9884143518518,CLOSED,7
pypa/setuptools,43,2013-07-15T18:28:27Z,2016-03-29T14:06:20Z,987.817974537037,CLOSED,1
pypa/setuptools,42,2013-07-15T14:07:48Z,2016-03-29T14:06:17Z,987.9989467592593,CLOSED,4
pypa/setuptools,40,2013-07-14T16:22:05Z,2016-03-29T14:06:04Z,988.9055439814815,CLOSED,4
pypa/setuptools,39,2013-07-14T14:44:49Z,2016-03-29T14:05:57Z,988.9730092592592,CLOSED,3
pypa/setuptools,38,2013-07-14T13:40:11Z,2016-03-29T14:05:54Z,989.0178587962963,CLOSED,6
pypa/setuptools,37,2013-07-13T19:36:32Z,2016-03-29T14:05:51Z,989.7703587962963,CLOSED,3
pypa/setuptools,36,2013-07-13T18:32:58Z,2016-03-29T14:05:48Z,989.8144675925926,CLOSED,4
pypa/setuptools,35,2013-07-13T16:25:28Z,2016-03-29T14:05:46Z,989.9029861111111,CLOSED,6
pypa/setuptools,33,2013-07-06T12:16:11Z,2016-03-29T14:05:38Z,997.0760069444444,CLOSED,3
pypa/setuptools,32,2013-07-03T18:07:04Z,2016-03-29T14:05:35Z,999.8323032407408,CLOSED,1
pypa/setuptools,31,2013-07-02T17:15:58Z,2016-03-29T14:05:32Z,1000.8677546296296,CLOSED,1
pypa/setuptools,30,2013-07-02T12:51:46Z,2016-03-29T14:05:23Z,1001.0511226851852,CLOSED,2
pypa/setuptools,28,2013-07-02T05:09:54Z,2016-03-29T14:05:17Z,1001.3717939814815,CLOSED,2
pypa/setuptools,25,2013-06-28T19:29:19Z,2016-03-29T14:04:55Z,1004.7747222222222,CLOSED,3
pypa/setuptools,24,2013-06-28T09:47:21Z,2016-03-29T14:04:50Z,1005.1788078703704,CLOSED,1
pypa/setuptools,23,2013-06-20T07:21:32Z,2016-03-29T14:04:47Z,1013.2800347222222,CLOSED,2
pypa/setuptools,22,2013-06-18T08:38:23Z,2016-03-29T14:04:43Z,1015.2266203703704,CLOSED,4
pypa/setuptools,21,2013-06-17T16:28:12Z,2016-03-29T14:04:36Z,1015.9002777777778,CLOSED,1
pypa/setuptools,20,2013-06-15T05:04:48Z,2016-03-29T14:04:31Z,1018.3748032407408,CLOSED,8
pypa/setuptools,19,2013-06-13T15:17:06Z,2016-03-29T14:04:25Z,1019.9495254629629,CLOSED,3
pypa/setuptools,18,2013-06-13T14:53:46Z,2016-03-29T14:04:20Z,1019.9656712962963,CLOSED,6
pypa/setuptools,16,2013-06-08T16:06:28Z,2016-03-29T14:04:11Z,1024.9150810185185,CLOSED,4
pypa/setuptools,15,2013-06-08T16:01:13Z,2016-03-29T14:04:07Z,1024.9186805555555,CLOSED,1
pypa/setuptools,14,2013-06-05T04:44:31Z,2016-03-29T14:04:02Z,1028.3885532407407,CLOSED,12
pypa/setuptools,13,2013-06-04T07:51:21Z,2016-03-29T14:03:57Z,1029.25875,CLOSED,5
pypa/setuptools,12,2013-06-03T21:56:14Z,2016-03-29T14:03:52Z,1029.6719675925926,CLOSED,4
pypa/setuptools,10,2013-06-03T14:46:42Z,2016-03-29T14:03:43Z,1029.970150462963,CLOSED,1
pypa/setuptools,9,2013-06-03T14:42:19Z,2016-03-29T14:03:37Z,1029.973125,CLOSED,1
pypa/setuptools,8,2013-06-03T14:06:15Z,2016-03-29T14:03:35Z,1029.9981481481482,CLOSED,3
pypa/setuptools,7,2013-06-03T13:59:27Z,2016-03-29T14:03:31Z,1030.0028240740742,CLOSED,10
pypa/setuptools,6,2013-05-29T08:07:54Z,,,OPEN,7
pypa/setuptools,5,2013-05-29T05:26:04Z,2016-03-29T14:03:23Z,1035.3592476851852,CLOSED,4
pypa/setuptools,3,2013-05-28T20:19:16Z,2016-03-29T14:03:18Z,1035.738912037037,CLOSED,4
pypa/setuptools,1,2013-05-25T18:29:08Z,2016-03-29T14:03:03Z,1038.8152199074075,CLOSED,9
pypa/wheel,166,2016-05-29T06:56:17Z,2017-08-05T05:09:37Z,432.9259259259259,CLOSED,4
pypa/wheel,141,2015-05-10T20:30:56Z,2017-08-05T04:53:12Z,817.3487962962963,CLOSED,2
pypa/wheel,174,2016-09-05T23:17:44Z,2017-08-05T04:37:14Z,333.221875,CLOSED,4
pypa/wheel,181,2017-03-10T23:36:12Z,2017-08-04T21:56:43Z,146.93091435185184,CLOSED,4
pypa/wheel,52,2012-10-10T13:40:09Z,2017-07-30T10:32:49Z,1753.8699074074075,CLOSED,7
pypa/wheel,159,2016-02-25T17:09:19Z,2017-07-30T10:09:28Z,520.7084375,CLOSED,6
pypa/wheel,165,2016-05-15T18:01:23Z,2017-07-30T10:03:59Z,440.66847222222225,CLOSED,1
pypa/wheel,150,2015-10-07T15:54:14Z,2017-07-29T22:46:41Z,661.2864236111111,CLOSED,9
pypa/wheel,85,2013-09-23T08:31:34Z,2017-07-29T22:33:44Z,1405.5848379629629,CLOSED,2
pypa/wheel,173,2016-08-16T09:54:58Z,2017-07-29T16:22:47Z,347.26931712962966,CLOSED,3
pypa/wheel,178,2017-01-27T13:22:29Z,2017-07-29T15:50:44Z,183.1029513888889,CLOSED,1
pypa/wheel,184,2017-04-12T15:23:21Z,2017-07-26T06:20:14Z,104.62283564814815,CLOSED,2
pypa/wheel,142,2015-05-25T13:33:56Z,2017-07-26T06:22:30Z,792.7003935185185,CLOSED,1
pypa/wheel,110,2014-03-27T03:25:04Z,2017-07-26T06:19:42Z,1217.1212731481482,CLOSED,1
pypa/wheel,177,2017-01-24T11:55:25Z,2017-07-26T06:00:20Z,182.75341435185186,CLOSED,3
pypa/wheel,186,2017-06-14T21:32:28Z,2017-07-25T22:16:01Z,41.03024305555556,CLOSED,1
pypa/wheel,182,2017-03-25T19:37:23Z,2017-07-25T22:15:41Z,122.10993055555555,CLOSED,1
pypa/wheel,167,2016-06-06T06:04:23Z,2017-07-25T22:13:22Z,414.6729050925926,CLOSED,4
pypa/wheel,155,2016-02-06T14:45:42Z,2017-07-25T22:11:19Z,535.3094560185185,CLOSED,4
pypa/wheel,154,2016-02-05T18:31:30Z,2017-07-25T22:11:01Z,536.1524421296297,CLOSED,5
pypa/wheel,152,2016-01-31T09:03:15Z,2017-07-25T22:10:40Z,541.5468171296296,CLOSED,9
pypa/wheel,148,2015-09-17T07:01:02Z,2017-07-25T22:09:37Z,677.6309606481482,CLOSED,19
pypa/wheel,146,2015-07-16T13:10:34Z,2017-07-25T22:08:46Z,740.37375,CLOSED,13
pypa/wheel,143,2015-06-08T23:50:13Z,2017-07-25T22:07:55Z,777.9289583333333,CLOSED,5
pypa/wheel,136,2015-03-30T20:41:42Z,2017-07-25T22:06:40Z,848.0590046296296,CLOSED,2
pypa/wheel,132,2015-01-24T08:41:34Z,2017-07-25T22:06:04Z,913.5586805555556,CLOSED,1
pypa/wheel,126,2014-10-31T02:45:35Z,2017-07-25T22:05:22Z,998.8054050925925,CLOSED,2
pypa/wheel,124,2014-10-27T14:06:09Z,2017-07-25T22:05:00Z,1002.3325347222222,CLOSED,5
pypa/wheel,119,2014-07-05T10:14:30Z,2017-07-25T22:02:53Z,1116.4919328703704,CLOSED,1
pypa/wheel,116,2014-06-10T16:18:46Z,2017-07-25T22:02:18Z,1141.2385648148147,CLOSED,5
pypa/wheel,108,2014-03-20T04:03:34Z,2017-07-25T22:01:10Z,1223.7483333333332,CLOSED,1
pypa/wheel,104,2014-02-06T00:29:27Z,2017-07-25T22:00:50Z,1265.8967939814816,CLOSED,12
pypa/wheel,103,2014-02-02T22:16:57Z,2017-07-25T22:00:24Z,1268.9885069444445,CLOSED,3
pypa/wheel,96,2013-12-31T23:56:35Z,2017-07-25T21:58:03Z,1301.9176851851853,CLOSED,9
pypa/wheel,91,2013-12-06T23:01:56Z,2017-07-25T21:56:12Z,1326.954351851852,CLOSED,6
pypa/wheel,89,2013-10-14T10:03:17Z,2017-07-25T21:55:53Z,1380.494861111111,CLOSED,2
pypa/wheel,88,2013-10-04T18:29:18Z,2017-07-25T21:55:42Z,1390.1433333333334,CLOSED,4
pypa/wheel,87,2013-10-04T07:43:56Z,2017-07-25T21:55:33Z,1390.591400462963,CLOSED,1
pypa/wheel,83,2013-09-09T15:26:15Z,2017-07-25T21:55:00Z,1415.2699652777778,CLOSED,3
pypa/wheel,82,2013-08-23T21:35:46Z,2017-07-25T21:54:42Z,1432.013148148148,CLOSED,3
pypa/wheel,81,2013-08-21T01:14:26Z,2017-07-25T21:54:31Z,1434.8611689814816,CLOSED,1
pypa/wheel,80,2013-08-20T23:37:30Z,2017-07-25T21:54:19Z,1434.9283449074073,CLOSED,23
pypa/wheel,74,2013-07-03T14:36:54Z,2017-07-25T21:52:22Z,1483.3024074074074,CLOSED,2
pypa/wheel,73,2013-06-29T00:06:33Z,2017-07-25T21:52:16Z,1487.906747685185,CLOSED,3
pypa/wheel,72,2013-06-28T08:27:03Z,2017-07-25T21:52:01Z,1488.5590046296297,CLOSED,5
pypa/wheel,71,2013-05-21T10:41:01Z,2017-07-25T21:51:45Z,1526.465787037037,CLOSED,1
pypa/wheel,70,2013-05-14T20:25:23Z,2017-07-25T21:51:38Z,1533.0598958333333,CLOSED,6
pypa/wheel,69,2013-05-14T15:09:58Z,2017-07-25T21:51:23Z,1533.278761574074,CLOSED,3
pypa/wheel,68,2013-04-25T14:31:10Z,2017-07-25T21:51:12Z,1552.3055787037038,CLOSED,0
pypa/wheel,67,2013-04-11T20:16:09Z,2017-07-25T21:51:09Z,1566.0659722222222,CLOSED,1
pypa/wheel,65,2013-03-24T02:54:05Z,2017-07-25T21:50:57Z,1584.7894907407408,CLOSED,1
pypa/wheel,64,2013-03-19T17:49:29Z,2017-07-25T21:50:52Z,1589.1676273148148,CLOSED,1
pypa/wheel,62,2013-03-05T20:32:23Z,2017-07-25T21:50:37Z,1603.0543287037037,CLOSED,0
pypa/wheel,61,2013-02-25T18:51:01Z,2017-07-25T21:50:27Z,1611.1246064814816,CLOSED,5
pypa/wheel,59,2013-02-17T02:00:24Z,2017-07-25T21:50:03Z,1619.8261458333334,CLOSED,0
pypa/wheel,58,2012-10-30T18:13:09Z,2017-07-25T21:49:58Z,1729.1505671296297,CLOSED,0
pypa/wheel,57,2012-10-30T17:17:03Z,2017-07-25T21:49:49Z,1729.1894212962964,CLOSED,0
pypa/wheel,56,2012-10-30T10:36:09Z,2017-07-25T21:49:43Z,1729.4677546296296,CLOSED,4
pypa/wheel,55,2012-10-23T04:04:16Z,2017-07-25T21:49:33Z,1736.7397800925926,CLOSED,0
pypa/wheel,54,2012-10-15T14:47:21Z,2017-07-25T21:49:29Z,1744.2931481481482,CLOSED,1
pypa/wheel,53,2012-10-12T13:37:06Z,2017-07-25T21:49:23Z,1747.341863425926,CLOSED,2
pypa/wheel,49,2012-10-05T18:36:19Z,2017-07-25T21:48:57Z,1754.133773148148,CLOSED,0
pypa/wheel,47,2012-10-01T18:54:47Z,2017-07-25T21:48:44Z,1758.120798611111,CLOSED,2
pypa/wheel,45,2012-09-29T20:43:38Z,2017-07-25T21:48:25Z,1760.044988425926,CLOSED,1
pypa/wheel,44,2012-09-29T20:14:12Z,2017-07-25T21:48:15Z,1760.0653125,CLOSED,0
pypa/wheel,43,2012-09-20T15:02:10Z,2017-07-25T21:48:04Z,1769.281875,CLOSED,1
pypa/wheel,42,2012-09-20T12:27:38Z,2017-07-25T21:47:57Z,1769.3891087962963,CLOSED,0
pypa/wheel,41,2012-09-16T03:01:26Z,2017-07-25T21:47:53Z,1773.7822569444445,CLOSED,2
pypa/wheel,40,2012-09-15T17:19:21Z,2017-07-25T21:47:43Z,1774.1863657407407,CLOSED,0
pypa/wheel,39,2012-09-15T17:17:59Z,2017-07-25T21:47:38Z,1774.1872569444445,CLOSED,0
pypa/wheel,38,2012-09-14T22:03:30Z,2017-07-25T21:47:33Z,1774.9889236111112,CLOSED,1
pypa/wheel,36,2012-09-11T11:38:22Z,2017-07-25T21:47:12Z,1778.422800925926,CLOSED,1
pypa/wheel,35,2012-08-31T17:07:10Z,2017-07-25T21:47:05Z,1789.194386574074,CLOSED,0
pypa/wheel,34,2012-08-28T18:28:38Z,2017-07-25T21:47:02Z,1792.1377777777777,CLOSED,0
pypa/wheel,33,2012-08-24T18:51:48Z,2017-07-25T21:46:58Z,1796.1216435185186,CLOSED,1
pypa/wheel,32,2012-08-23T23:39:35Z,2017-07-25T21:46:46Z,1796.9216550925926,CLOSED,2
pypa/wheel,31,2012-08-23T17:05:23Z,2017-07-25T21:46:34Z,1797.1952662037038,CLOSED,1
pypa/wheel,29,2012-08-23T03:31:35Z,2017-07-25T21:46:18Z,1797.7602199074074,CLOSED,2
pypa/wheel,28,2012-08-22T12:13:45Z,2017-07-25T21:46:03Z,1798.3974305555555,CLOSED,5
pypa/wheel,26,2012-08-20T18:31:23Z,2017-07-25T21:45:37Z,1800.1348842592593,CLOSED,0
pypa/wheel,25,2012-08-19T03:19:51Z,2017-07-25T21:45:33Z,1801.7678472222221,CLOSED,0
pypa/wheel,24,2012-07-31T20:03:57Z,2017-07-25T21:45:27Z,1820.0704861111112,CLOSED,1
pypa/wheel,22,2012-07-28T21:37:56Z,2017-07-25T21:45:12Z,1823.0050462962963,CLOSED,3
pypa/wheel,19,2012-07-28T13:38:58Z,2017-07-25T21:44:32Z,1823.337199074074,CLOSED,1
pypa/wheel,18,2012-07-27T23:08:14Z,2017-07-25T21:44:25Z,1823.9417939814814,CLOSED,1
pypa/wheel,16,2012-07-27T22:11:44Z,2017-07-25T21:44:07Z,1823.9808217592592,CLOSED,0
pypa/wheel,15,2012-07-27T22:08:25Z,2017-07-25T21:44:02Z,1823.9830671296297,CLOSED,0
pypa/wheel,14,2012-07-26T17:06:11Z,2017-07-25T21:43:58Z,1825.1929050925926,CLOSED,4
pypa/wheel,13,2012-07-26T17:05:50Z,2017-07-25T21:43:48Z,1825.1930324074074,CLOSED,0
pypa/wheel,12,2012-07-26T17:05:38Z,2017-07-25T21:43:44Z,1825.193125,CLOSED,0
pypa/wheel,11,2012-07-26T11:27:37Z,2017-07-25T21:43:41Z,1825.4278240740741,CLOSED,4
pypa/wheel,9,2012-07-12T14:07:51Z,2017-07-25T21:43:21Z,1839.3163194444444,CLOSED,1
pypa/wheel,8,2012-07-07T12:53:56Z,2017-07-25T21:43:10Z,1844.3675231481482,CLOSED,1
pypa/wheel,7,2012-07-06T17:21:55Z,2017-07-25T21:43:02Z,1845.1813310185184,CLOSED,14
pypa/wheel,6,2012-07-06T17:17:52Z,2017-07-25T21:42:33Z,1845.1838078703704,CLOSED,2
pypa/wheel,5,2012-07-05T04:34:15Z,2017-07-25T21:42:24Z,1846.7139930555556,CLOSED,0
pypa/wheel,4,2012-07-03T09:10:03Z,2017-07-25T21:42:15Z,1848.5223611111112,CLOSED,2
pypa/wheel,3,2012-07-02T20:58:38Z,2017-07-25T21:42:06Z,1849.0301851851852,CLOSED,1
pypa/wheel,2,2012-07-02T18:32:38Z,2017-07-25T21:41:57Z,1849.1314699074073,CLOSED,0
pypa/wheel,1,2012-06-29T17:54:46Z,2017-07-25T21:41:53Z,1852.1577199074075,CLOSED,0
pypa/twine,1251,2025-06-17T07:34:15Z,2025-07-13T12:33:47Z,26.20800925925926,CLOSED,13
pypa/twine,1248,2025-06-05T21:07:23Z,,,OPEN,3
pypa/twine,1218,2025-01-23T06:48:08Z,,,OPEN,11
pypa/twine,1233,2025-02-28T21:56:18Z,2025-04-11T21:35:48Z,41.98576388888889,CLOSED,5
pypa/twine,1146,2024-09-06T20:08:49Z,2024-12-01T12:58:56Z,85.70146990740741,CLOSED,5
pypa/twine,1228,2025-02-04T13:27:52Z,2025-02-05T00:00:55Z,0.43961805555555555,CLOSED,3
pypa/twine,1224,2025-01-28T15:20:56Z,2025-01-28T16:55:50Z,0.06590277777777778,CLOSED,1
pypa/twine,1223,2025-01-24T21:14:14Z,2025-01-26T00:05:16Z,1.1187731481481482,CLOSED,14
pypa/twine,1190,2024-12-02T16:13:37Z,2024-12-12T23:39:59Z,10.309976851851852,CLOSED,8
pypa/twine,1187,2024-11-30T19:54:29Z,2024-11-30T21:25:15Z,0.06303240740740741,CLOSED,8
pypa/twine,1116,2024-06-03T11:41:35Z,2024-11-29T19:22:51Z,179.32032407407408,CLOSED,2
pypa/twine,1177,2024-11-14T22:26:42Z,2024-11-14T22:58:06Z,0.021805555555555557,CLOSED,1
pypa/twine,1074,2024-03-20T15:47:34Z,,,OPEN,7
pypa/twine,1160,2024-10-07T08:20:53Z,2024-10-10T18:10:30Z,3.4094560185185183,CLOSED,9
pypa/twine,1121,2024-06-24T23:24:56Z,2024-10-05T11:44:23Z,102.51350694444444,CLOSED,8
pypa/twine,1102,2024-05-06T15:49:58Z,2024-05-07T10:23:01Z,0.7729513888888889,CLOSED,3
pypa/twine,1125,2024-06-25T19:13:28Z,2024-06-26T15:03:33Z,0.8264467592592593,CLOSED,16
pypa/twine,1111,2024-05-20T08:54:01Z,2024-05-21T22:43:06Z,1.575752314814815,CLOSED,0
pypa/twine,1100,2024-05-02T15:26:13Z,2024-05-12T11:24:30Z,9.832141203703705,CLOSED,3
pypa/twine,1097,2024-04-30T14:52:17Z,2024-05-01T01:51:41Z,0.4579166666666667,CLOSED,3
pypa/twine,1082,2024-04-10T09:47:38Z,2024-04-10T13:08:30Z,0.13949074074074075,CLOSED,4
pypa/twine,1064,2024-03-07T20:51:50Z,2024-03-24T11:25:33Z,16.606747685185184,CLOSED,2
pypa/twine,1071,2024-03-18T08:35:27Z,2024-03-24T11:20:18Z,6.1144791666666665,CLOSED,1
pypa/twine,1057,2024-02-23T20:26:54Z,2024-02-23T22:28:04Z,0.08414351851851852,CLOSED,2
pypa/twine,556,2019-12-09T03:16:57Z,,,OPEN,3
pypa/twine,971,2023-01-06T11:35:24Z,2023-01-07T10:16:31Z,0.9452199074074074,CLOSED,3
pypa/twine,870,2022-02-05T23:28:16Z,2022-02-28T14:42:35Z,22.63494212962963,CLOSED,12
pypa/twine,276,2017-10-20T15:39:56Z,2018-03-19T23:40:24Z,150.3336574074074,CLOSED,9
pypa/twine,783,2021-07-22T12:59:51Z,2021-07-27T00:01:03Z,4.4591666666666665,CLOSED,6
pypa/twine,712,2020-11-11T18:20:50Z,2020-11-12T13:22:34Z,0.7928703703703703,CLOSED,1
pypa/twine,269,2017-08-29T07:03:00Z,2018-03-19T15:56:17Z,202.37033564814814,CLOSED,6
pypa/twine,11,2013-10-04T02:32:39Z,,,OPEN,17
pypa/twine,7,2013-10-04T02:18:19Z,2020-06-20T14:37:23Z,2451.513240740741,CLOSED,6
pypa/twine,638,2020-05-27T20:00:58Z,2020-06-06T19:53:56Z,9.99511574074074,CLOSED,6
pypa/twine,612,2020-04-28T08:20:42Z,2020-06-02T16:44:46Z,35.3500462962963,CLOSED,16
pypa/twine,61,2014-11-17T10:35:17Z,2014-12-19T00:55:10Z,31.597141203703703,CLOSED,8
pypa/twine,336,2018-04-04T19:44:34Z,2019-11-17T22:28:46Z,592.1140277777778,CLOSED,1
pypa/twine,278,2017-10-25T14:35:00Z,,,OPEN,6
pypa/twine,341,2018-04-09T19:34:10Z,2019-07-23T23:18:51Z,470.1560300925926,CLOSED,18
pypa/twine,288,2017-12-26T12:12:45Z,2018-03-07T21:00:24Z,71.36642361111112,CLOSED,5
pypa/twine,299,2018-02-22T21:56:12Z,2018-02-28T22:49:51Z,6.037256944444445,CLOSED,4
pypa/twine,220,2016-11-08T15:20:56Z,2017-05-22T01:14:38Z,194.41229166666668,CLOSED,2
pypa/twine,21,2013-11-09T23:35:54Z,2016-06-10T22:00:37Z,943.9338310185185,CLOSED,22
pypa/twine,137,2015-10-01T16:28:16Z,2015-10-04T00:03:53Z,2.316400462962963,CLOSED,0
pypa/twine,110,2015-05-08T18:52:09Z,2015-09-13T04:51:36Z,127.41628472222222,CLOSED,0
pypa/twine,116,2015-07-21T14:32:44Z,2015-09-12T21:28:33Z,53.28876157407407,CLOSED,4
pypa/twine,87,2015-01-17T14:15:01Z,2015-04-16T05:01:58Z,88.6159375,CLOSED,3
pypa/twine,32,2014-03-14T19:55:52Z,2014-12-11T20:25:51Z,272.02082175925926,CLOSED,21
pypa/twine,47,2014-05-05T16:49:44Z,2014-12-08T14:09:27Z,216.88869212962962,CLOSED,12
pypa/twine,65,2014-12-04T04:55:51Z,2014-12-06T18:39:17Z,2.5718287037037038,CLOSED,10
pypa/twine,40,2014-04-13T23:59:38Z,2014-12-06T18:39:18Z,236.7775462962963,CLOSED,10
pypa/twine,52,2014-07-05T15:12:56Z,2014-12-06T13:28:32Z,153.9275,CLOSED,0
pypa/flit,744,2025-06-08T18:52:23Z,2025-07-11T09:29:21Z,32.60900462962963,CLOSED,1
pypa/flit,539,2022-04-06T18:23:45Z,2022-07-16T10:03:35Z,100.65266203703703,CLOSED,2
pypa/flit,530,2022-02-22T15:28:18Z,2022-02-23T11:35:03Z,0.8380208333333333,CLOSED,22
pypa/flit,297,2019-11-23T18:54:19Z,2020-07-13T19:41:19Z,233.0326388888889,CLOSED,2
pypa/flit,228,2018-11-02T22:26:20Z,2019-02-01T17:33:43Z,90.79679398148149,CLOSED,2
pypa/flit,126,2017-08-05T09:16:31Z,2017-08-05T16:52:19Z,0.3165277777777778,CLOSED,0
pypa/flit,73,2016-02-02T22:40:10Z,2016-02-02T23:08:40Z,0.019791666666666666,CLOSED,3
pypa/build,409,2021-11-24T17:00:46Z,,,OPEN,9
pypa/build,620,2023-05-22T11:22:06Z,,,OPEN,3
pypa/build,294,2021-05-13T22:53:52Z,2025-11-01T10:30:30Z,1632.4837731481482,CLOSED,10
pypa/build,266,2021-03-24T13:24:56Z,,,OPEN,34
pypa/build,511,2022-09-02T17:34:22Z,2022-09-03T09:43:55Z,0.6732986111111111,CLOSED,7
pypa/build,341,2021-08-06T10:35:35Z,2021-12-29T14:47:42Z,145.1750810185185,CLOSED,9
pypa/build,373,2021-10-10T03:42:33Z,,,OPEN,9
pypa/build,320,2021-06-21T20:11:47Z,2021-06-21T23:10:57Z,0.1244212962962963,CLOSED,10
pypa/build,310,2021-06-16T00:06:26Z,,,OPEN,16
pypa/build,214,2021-01-27T08:08:28Z,2021-02-07T15:34:20Z,11.30962962962963,CLOSED,24
pypa/build,205,2021-01-15T06:26:06Z,2021-01-16T07:23:21Z,1.0397569444444446,CLOSED,14
pypa/build,201,2020-12-31T15:38:16Z,2021-01-02T20:40:42Z,2.210023148148148,CLOSED,7
pypa/build,194,2020-12-02T04:27:19Z,2020-12-02T17:08:49Z,0.5288194444444444,CLOSED,5
pypa/build,191,2020-11-24T10:10:30Z,2021-01-11T15:53:39Z,48.23829861111111,CLOSED,2
pypa/build,132,2020-10-09T15:54:06Z,2020-10-31T02:48:30Z,21.454444444444444,CLOSED,4
pypa/build,120,2020-10-07T13:13:18Z,2020-10-15T18:24:39Z,8.216215277777778,CLOSED,10
pypa/build,118,2020-10-07T01:35:37Z,2020-10-31T15:32:54Z,24.581446759259258,CLOSED,1
pypa/build,109,2020-09-30T20:14:00Z,2020-10-17T15:30:38Z,16.803217592592592,CLOSED,2
pypa/build,107,2020-09-28T21:44:42Z,2020-11-01T09:33:12Z,33.49201388888889,CLOSED,13
pypa/build,102,2020-09-14T16:30:07Z,2020-10-17T15:33:46Z,32.96086805555556,CLOSED,3
pypa/build,97,2020-09-10T16:55:58Z,2020-10-23T15:17:39Z,42.931724537037034,CLOSED,14
pypa/build,69,2020-08-08T22:52:39Z,2020-11-01T14:51:35Z,84.66592592592593,CLOSED,6
pypa/build,41,2020-06-23T10:51:28Z,2020-06-25T17:37:26Z,2.2819212962962965,CLOSED,2
python/typing_extensions,469,2024-09-25T09:06:20Z,2024-09-26T17:22:18Z,1.3444212962962963,CLOSED,0
python/typing_extensions,416,2024-06-01T16:09:31Z,2024-06-01T16:31:24Z,0.015196759259259259,CLOSED,0
python/typing_extensions,396,2024-05-16T11:50:57Z,,,OPEN,3
python/typing_extensions,207,2023-05-31T13:14:02Z,2023-06-01T23:35:01Z,1.4312384259259259,CLOSED,6
python/typing_extensions,181,2023-05-23T08:49:17Z,2023-05-24T00:26:42Z,0.6509837962962963,CLOSED,14
python/typing_extensions,57,2022-07-15T12:35:49Z,2022-07-15T20:06:15Z,0.3128009259259259,CLOSED,3
python/typing_extensions,34,2020-05-01T00:18:32Z,2021-12-01T02:00:47Z,579.0710069444444,CLOSED,1
typeshed-internal/stub_uploader,121,2024-01-12T11:38:06Z,2024-03-25T12:41:11Z,73.04380787037037,CLOSED,1
mkdocs/mkdocs,764,2015-11-24T07:57:16Z,2016-01-18T10:21:17Z,55.100011574074074,CLOSED,40
mkdocs/mkdocs,741,2015-10-20T11:31:49Z,2016-04-06T19:33:42Z,169.3346412037037,CLOSED,3
mkdocs/mkdocs,834,2016-02-22T01:52:27Z,2016-08-26T01:59:27Z,186.0048611111111,CLOSED,4
mkdocs/mkdocs,722,2015-09-08T05:35:10Z,2016-04-21T19:30:59Z,226.58042824074073,CLOSED,34
mkdocs/mkdocs,956,2016-06-04T02:21:50Z,2016-08-10T20:28:17Z,67.75447916666667,CLOSED,3
mkdocs/mkdocs,972,2016-06-22T23:23:30Z,2016-08-10T19:05:59Z,48.821168981481485,CLOSED,12
mkdocs/mkdocs,610,2015-06-07T10:20:27Z,2016-08-05T14:24:26Z,425.1694328703704,CLOSED,4
mkdocs/mkdocs,709,2015-08-13T15:30:57Z,2016-06-29T07:30:53Z,320.66662037037037,CLOSED,8
mkdocs/mkdocs,779,2015-12-23T23:21:37Z,2016-06-29T06:48:11Z,188.31011574074074,CLOSED,7
mkdocs/mkdocs,923,2016-05-02T05:52:15Z,2016-05-26T07:46:41Z,24.079467592592593,CLOSED,10
mkdocs/mkdocs,875,2016-03-27T10:16:54Z,2016-05-02T13:00:40Z,36.11372685185185,CLOSED,11
mkdocs/mkdocs,874,2016-03-25T20:14:52Z,2016-05-02T12:59:57Z,37.697974537037034,CLOSED,15
mkdocs/mkdocs,807,2016-01-25T07:59:34Z,2016-04-02T19:28:41Z,68.47855324074074,CLOSED,11
mkdocs/mkdocs,715,2015-08-17T10:56:07Z,2016-03-31T20:24:04Z,227.39440972222224,CLOSED,3
mkdocs/mkdocs,266,2014-12-03T07:09:00Z,2015-04-02T20:34:52Z,120.55962962962963,CLOSED,14
mkdocs/mkdocs,204,2014-11-08T02:14:02Z,2015-07-25T13:56:16Z,259.487662037037,CLOSED,13
mkdocs/mkdocs,728,2015-09-22T17:46:51Z,2016-03-03T10:14:38Z,162.68596064814815,CLOSED,3
mkdocs/mkdocs,850,2016-02-29T22:51:01Z,2016-03-02T10:37:58Z,1.4909375,CLOSED,4
mkdocs/mkdocs,833,2016-02-21T22:05:26Z,2016-02-24T18:24:57Z,2.846886574074074,CLOSED,5
mkdocs/mkdocs,639,2015-06-18T00:31:09Z,2016-02-18T21:48:38Z,245.8871412037037,CLOSED,7
mkdocs/mkdocs,819,2016-02-05T12:19:36Z,2016-02-08T09:07:11Z,2.8663773148148146,CLOSED,0
mkdocs/mkdocs,801,2016-01-18T13:57:13Z,2016-02-02T14:22:01Z,15.017222222222221,CLOSED,4
mkdocs/mkdocs,791,2016-01-12T10:49:33Z,2016-01-28T14:30:35Z,16.153495370370372,CLOSED,4
mkdocs/mkdocs,693,2015-07-24T12:35:16Z,2016-01-19T09:18:34Z,178.86340277777776,CLOSED,3
mkdocs/mkdocs,653,2015-06-25T11:03:25Z,2016-01-15T09:37:55Z,203.940625,CLOSED,4
mkdocs/mkdocs,547,2015-05-23T07:06:08Z,2015-06-07T11:15:44Z,15.173333333333334,CLOSED,47
mkdocs/mkdocs,691,2015-07-14T15:06:05Z,2015-07-25T14:21:55Z,10.969328703703704,CLOSED,2
mkdocs/mkdocs,626,2015-06-12T04:20:08Z,2015-07-02T10:40:10Z,20.263912037037038,CLOSED,1
mkdocs/mkdocs,210,2014-11-10T11:15:38Z,2015-06-27T10:46:00Z,228.9794212962963,CLOSED,6
mkdocs/mkdocs,671,2015-06-28T10:34:51Z,2015-06-28T13:50:37Z,0.13594907407407408,CLOSED,2
mkdocs/mkdocs,656,2015-06-26T17:09:43Z,2015-06-27T22:29:17Z,1.2219212962962962,CLOSED,5
mkdocs/mkdocs,479,2015-04-26T15:29:12Z,2015-06-25T06:39:19Z,59.632025462962964,CLOSED,1
mkdocs/mkdocs,631,2015-06-14T02:08:07Z,2015-06-16T12:08:48Z,2.4171412037037037,CLOSED,1
mkdocs/mkdocs,616,2015-06-08T12:19:38Z,2015-06-09T07:08:02Z,0.7836111111111111,CLOSED,2
mkdocs/mkdocs,573,2015-05-30T21:43:43Z,2015-06-08T14:07:09Z,8.682939814814814,CLOSED,0
mkdocs/mkdocs,578,2015-06-01T16:55:14Z,2015-06-07T11:15:44Z,5.764236111111111,CLOSED,3
mkdocs/mkdocs,598,2015-06-05T15:09:23Z,2015-06-07T11:15:44Z,1.8377430555555556,CLOSED,3
mkdocs/mkdocs,574,2015-05-31T19:41:15Z,2015-06-07T07:26:02Z,6.48943287037037,CLOSED,1
mkdocs/mkdocs,303,2014-12-28T14:43:27Z,2015-04-09T19:12:24Z,102.18677083333333,CLOSED,10
mkdocs/mkdocs,583,2015-06-02T15:34:39Z,2015-06-05T07:28:33Z,2.6624305555555554,CLOSED,3
mkdocs/mkdocs,586,2015-06-03T09:38:42Z,2015-06-04T13:59:25Z,1.1810532407407408,CLOSED,5
mkdocs/mkdocs,580,2015-06-02T08:03:16Z,2015-06-02T09:02:09Z,0.0408912037037037,CLOSED,2
mkdocs/mkdocs,562,2015-05-27T01:31:59Z,2015-05-27T07:41:23Z,0.2565277777777778,CLOSED,4
mkdocs/mkdocs,362,2015-03-10T16:39:56Z,2015-03-17T11:36:11Z,6.7890625,CLOSED,4
mkdocs/mkdocs,518,2015-05-12T16:17:07Z,2015-05-26T14:26:26Z,13.923136574074075,CLOSED,26
mkdocs/mkdocs,548,2015-05-23T13:59:07Z,2015-05-26T09:21:42Z,2.807349537037037,CLOSED,7
mkdocs/mkdocs,553,2015-05-25T05:39:48Z,2015-05-25T08:21:35Z,0.11234953703703704,CLOSED,4
mkdocs/mkdocs,532,2015-05-16T14:47:55Z,2015-05-21T22:51:25Z,5.335763888888889,CLOSED,8
mkdocs/mkdocs,494,2015-05-02T18:41:34Z,2015-05-19T23:55:54Z,17.218287037037037,CLOSED,0
mkdocs/mkdocs,521,2015-05-13T06:04:53Z,2015-05-14T20:48:36Z,1.6136921296296296,CLOSED,7
mkdocs/mkdocs,524,2015-05-14T09:44:08Z,2015-05-14T12:20:54Z,0.10886574074074074,CLOSED,1
mkdocs/mkdocs,440,2015-04-09T09:00:12Z,2015-05-09T23:41:25Z,30.61195601851852,CLOSED,1
mkdocs/mkdocs,463,2015-04-17T16:23:15Z,2015-05-09T23:39:20Z,22.302835648148147,CLOSED,1
mkdocs/mkdocs,499,2015-05-05T19:42:20Z,2015-05-06T14:39:29Z,0.7896875,CLOSED,0
mkdocs/mkdocs,456,2015-04-15T00:20:04Z,2015-05-05T18:17:52Z,20.748472222222222,CLOSED,2
mkdocs/mkdocs,488,2015-04-29T09:35:05Z,2015-04-30T10:30:49Z,1.0387037037037037,CLOSED,7
mkdocs/mkdocs,473,2015-04-24T20:02:06Z,2015-04-25T07:40:51Z,0.4852430555555556,CLOSED,14
mkdocs/mkdocs,461,2015-04-17T16:11:34Z,2015-04-19T09:39:14Z,1.7275462962962962,CLOSED,2
mkdocs/mkdocs,306,2014-12-31T05:49:45Z,2015-04-13T22:31:35Z,103.69571759259259,CLOSED,10
mkdocs/mkdocs,83,2014-05-05T19:03:55Z,2015-04-09T19:19:11Z,339.01060185185185,CLOSED,13
mkdocs/mkdocs,441,2015-04-09T10:57:18Z,2015-04-09T12:34:29Z,0.06748842592592592,CLOSED,4
mkdocs/mkdocs,427,2015-04-07T20:20:03Z,2015-04-08T12:26:49Z,0.6713657407407407,CLOSED,7
mkdocs/mkdocs,376,2015-03-25T16:37:34Z,2015-04-08T12:25:56Z,13.82525462962963,CLOSED,13
mkdocs/mkdocs,422,2015-04-06T06:46:15Z,2015-04-06T07:40:13Z,0.03747685185185185,CLOSED,0
mkdocs/mkdocs,310,2015-01-02T16:45:29Z,2015-04-04T13:36:46Z,91.86894675925926,CLOSED,3
mkdocs/mkdocs,346,2015-02-14T17:37:50Z,2015-04-04T14:24:12Z,48.86553240740741,CLOSED,2
mkdocs/mkdocs,319,2015-01-06T19:39:13Z,2015-04-04T13:50:13Z,87.75763888888889,CLOSED,3
mkdocs/mkdocs,412,2015-04-04T09:02:22Z,2015-04-04T12:38:43Z,0.15024305555555556,CLOSED,0
mkdocs/mkdocs,350,2015-02-19T08:05:48Z,2015-04-04T08:22:40Z,44.01171296296296,CLOSED,4
mkdocs/mkdocs,341,2015-02-05T08:30:30Z,2015-04-03T17:03:09Z,57.356006944444445,CLOSED,2
mkdocs/mkdocs,295,2014-12-19T18:38:16Z,2015-04-03T16:57:30Z,104.93002314814815,CLOSED,1
mkdocs/mkdocs,7,2014-01-13T13:43:35Z,2015-04-03T16:21:34Z,445.10971064814817,CLOSED,1
mkdocs/mkdocs,348,2015-02-16T23:15:28Z,2015-04-03T09:23:21Z,45.4221412037037,CLOSED,4
mkdocs/mkdocs,337,2015-01-29T09:43:17Z,2015-04-03T09:18:04Z,63.98248842592593,CLOSED,5
mkdocs/mkdocs,367,2015-03-16T23:11:40Z,2015-04-02T21:47:17Z,16.941400462962964,CLOSED,5
mkdocs/mkdocs,349,2015-02-17T17:06:41Z,2015-04-02T20:31:26Z,44.1421875,CLOSED,8
mkdocs/mkdocs,368,2015-03-17T13:39:13Z,2015-04-02T20:57:23Z,16.304282407407406,CLOSED,3
mkdocs/mkdocs,373,2015-03-22T03:03:23Z,2015-04-02T20:33:04Z,11.728946759259259,CLOSED,8
mkdocs/mkdocs,392,2015-04-02T12:52:49Z,2015-04-02T19:56:16Z,0.2940625,CLOSED,1
mkdocs/mkdocs,393,2015-04-02T13:15:09Z,2015-04-02T19:55:59Z,0.27835648148148145,CLOSED,1
mkdocs/mkdocs,322,2015-01-07T11:46:31Z,2015-03-31T20:37:53Z,83.36900462962963,CLOSED,14
mkdocs/mkdocs,327,2015-01-12T09:55:34Z,2015-03-31T19:24:43Z,78.39524305555555,CLOSED,2
mkdocs/mkdocs,241,2014-11-26T20:49:22Z,2015-03-30T19:37:56Z,123.95039351851852,CLOSED,0
mkdocs/mkdocs,333,2015-01-19T16:15:44Z,2015-03-07T08:15:28Z,46.66648148148148,CLOSED,0
mkdocs/mkdocs,339,2015-02-04T15:50:03Z,2015-02-16T20:52:01Z,12.209699074074074,CLOSED,1
mkdocs/mkdocs,329,2015-01-14T10:19:39Z,2015-01-20T21:46:15Z,6.476805555555556,CLOSED,5
mkdocs/mkdocs,283,2014-12-14T18:23:53Z,2014-12-17T19:32:34Z,3.047696759259259,CLOSED,0
mkdocs/mkdocs,164,2014-10-17T10:59:00Z,2014-12-16T18:33:58Z,60.31594907407408,CLOSED,0
mkdocs/mkdocs,162,2014-10-17T10:42:35Z,2014-12-08T21:15:59Z,52.439861111111114,CLOSED,7
mkdocs/mkdocs,267,2014-12-03T08:16:24Z,2014-12-04T08:47:09Z,1.0213541666666666,CLOSED,4
mkdocs/mkdocs,264,2014-12-02T22:05:22Z,2014-12-04T08:47:09Z,1.4456828703703704,CLOSED,2
mkdocs/mkdocs,53,2014-03-12T21:00:36Z,2014-12-04T08:47:09Z,266.49065972222223,CLOSED,4
mkdocs/mkdocs,233,2014-11-20T08:58:17Z,2014-11-20T09:04:26Z,0.004270833333333333,CLOSED,0
mkdocs/mkdocs,230,2014-11-18T20:02:34Z,2014-11-19T16:01:42Z,0.8327314814814815,CLOSED,4
mkdocs/mkdocs,229,2014-11-18T19:51:53Z,2014-11-18T21:08:22Z,0.053113425925925925,CLOSED,5
mkdocs/mkdocs,175,2014-10-23T20:42:33Z,2014-11-14T09:15:32Z,21.52290509259259,CLOSED,16
mkdocs/mkdocs,197,2014-11-07T05:32:51Z,2014-11-07T12:31:53Z,0.2909953703703704,CLOSED,2
mkdocs/mkdocs,95,2014-06-06T22:58:28Z,2014-10-07T09:42:09Z,122.44700231481481,CLOSED,9
mkdocs/mkdocs,133,2014-09-02T22:23:35Z,2014-10-01T08:09:36Z,28.406956018518517,CLOSED,0
mkdocs/mkdocs,24,2014-02-04T09:48:10Z,2014-02-12T18:35:51Z,8.36644675925926,CLOSED,15
squidfunk/mkdocs-material,553,2017-11-01T07:11:42Z,2017-11-01T17:33:02Z,0.43148148148148147,CLOSED,5
squidfunk/mkdocs-material,922,2018-12-06T17:59:25Z,2018-12-07T10:33:46Z,0.6905208333333334,CLOSED,12
squidfunk/mkdocs-material,791,2018-06-08T07:39:15Z,2018-06-10T12:42:37Z,2.2106712962962964,CLOSED,12
squidfunk/mkdocs-material,1114,2019-05-26T08:04:43Z,2019-06-15T14:12:08Z,20.255150462962963,CLOSED,7
squidfunk/mkdocs-material,869,2018-09-02T17:48:49Z,2019-02-13T17:38:00Z,163.99248842592593,CLOSED,11
squidfunk/mkdocs-material,1067,2019-04-10T23:15:03Z,2019-04-28T10:09:00Z,17.454131944444445,CLOSED,3
squidfunk/mkdocs-material,1068,2019-04-11T00:23:35Z,2019-04-28T10:08:52Z,17.40644675925926,CLOSED,6
squidfunk/mkdocs-material,1072,2019-04-15T18:10:17Z,2019-04-16T10:48:12Z,0.6929976851851852,CLOSED,4
squidfunk/mkdocs-material,1027,2019-03-11T10:23:35Z,2019-03-17T20:29:44Z,6.4209375,CLOSED,4
squidfunk/mkdocs-material,1023,2019-03-08T22:46:11Z,2019-03-14T19:33:58Z,5.8665162037037035,CLOSED,14
squidfunk/mkdocs-material,1012,2019-02-27T20:35:36Z,2019-03-01T12:56:20Z,1.6810648148148148,CLOSED,4
squidfunk/mkdocs-material,816,2018-07-08T11:07:12Z,2019-02-13T17:37:52Z,220.2712962962963,CLOSED,3
squidfunk/mkdocs-material,762,2018-04-16T06:33:00Z,2019-02-13T17:37:07Z,303.46119212962964,CLOSED,10
squidfunk/mkdocs-material,911,2018-11-01T14:27:46Z,2019-02-13T15:36:10Z,104.0475,CLOSED,39
squidfunk/mkdocs-material,974,2019-01-28T23:32:19Z,2019-01-29T10:13:09Z,0.44502314814814814,CLOSED,3
squidfunk/mkdocs-material,972,2019-01-27T10:00:53Z,2019-01-29T10:12:59Z,2.008402777777778,CLOSED,8
squidfunk/mkdocs-material,398,2017-07-18T14:48:55Z,2017-07-25T14:12:32Z,6.974733796296296,CLOSED,7
squidfunk/mkdocs-material,915,2018-11-09T13:37:52Z,2018-11-17T17:10:38Z,8.14775462962963,CLOSED,11
squidfunk/mkdocs-material,860,2018-08-27T12:26:15Z,2018-11-17T17:06:14Z,82.19443287037036,CLOSED,5
squidfunk/mkdocs-material,902,2018-10-18T14:04:19Z,2018-10-23T07:13:38Z,4.714803240740741,CLOSED,8
squidfunk/mkdocs-material,906,2018-10-25T13:18:46Z,2018-10-26T11:29:09Z,0.9238773148148148,CLOSED,13
squidfunk/mkdocs-material,899,2018-10-12T21:41:25Z,2018-10-23T07:13:56Z,10.397581018518519,CLOSED,3
squidfunk/mkdocs-material,675,2018-01-22T15:15:02Z,2018-01-22T18:01:37Z,0.11568287037037037,CLOSED,5
squidfunk/mkdocs-material,831,2018-08-01T06:50:28Z,2018-08-01T08:38:12Z,0.07481481481481482,CLOSED,7
squidfunk/mkdocs-material,551,2017-10-31T22:08:04Z,2017-11-01T17:33:09Z,0.8090856481481481,CLOSED,5
squidfunk/mkdocs-material,841,2018-08-06T14:28:35Z,2018-08-07T09:10:31Z,0.7791203703703704,CLOSED,8
squidfunk/mkdocs-material,811,2018-06-27T10:54:25Z,2018-07-29T15:05:45Z,32.174537037037034,CLOSED,25
squidfunk/mkdocs-material,801,2018-06-18T19:00:46Z,2018-06-20T05:18:34Z,1.4290277777777778,CLOSED,3
squidfunk/mkdocs-material,799,2018-06-17T05:27:35Z,2018-06-18T08:30:51Z,1.1272685185185185,CLOSED,2
squidfunk/mkdocs-material,796,2018-06-12T18:55:30Z,2018-06-13T08:51:11Z,0.5803356481481482,CLOSED,3
squidfunk/mkdocs-material,736,2018-03-14T00:57:51Z,2018-03-21T19:28:34Z,7.771331018518518,CLOSED,7
squidfunk/mkdocs-material,757,2018-04-12T09:11:31Z,2018-04-15T10:14:19Z,3.0436111111111113,CLOSED,7
squidfunk/mkdocs-material,730,2018-03-08T19:13:12Z,2018-03-21T19:28:59Z,13.010960648148147,CLOSED,3
squidfunk/mkdocs-material,729,2018-03-08T18:22:17Z,2018-03-08T20:01:35Z,0.06895833333333333,CLOSED,6
squidfunk/mkdocs-material,710,2018-02-22T07:03:52Z,2018-02-22T19:22:43Z,0.5130902777777778,CLOSED,4
squidfunk/mkdocs-material,238,2017-03-30T15:47:18Z,2018-02-21T22:10:35Z,328.2661689814815,CLOSED,13
squidfunk/mkdocs-material,696,2018-02-07T20:55:26Z,2018-02-11T19:05:37Z,3.923738425925926,CLOSED,2
squidfunk/mkdocs-material,683,2018-01-28T12:25:24Z,2018-01-29T14:09:55Z,1.0725810185185185,CLOSED,3
squidfunk/mkdocs-material,673,2018-01-21T13:58:05Z,2018-01-22T18:01:54Z,1.1693171296296296,CLOSED,2
squidfunk/mkdocs-material,400,2017-07-20T12:49:19Z,2018-01-11T22:16:36Z,175.39394675925925,CLOSED,9
squidfunk/mkdocs-material,452,2017-09-07T12:27:16Z,2017-09-14T09:27:12Z,6.874953703703704,CLOSED,5
squidfunk/mkdocs-material,639,2017-12-16T18:15:59Z,2017-12-18T18:34:06Z,2.0125810185185187,CLOSED,5
squidfunk/mkdocs-material,616,2017-11-27T13:26:14Z,2017-12-02T14:05:01Z,5.02693287037037,CLOSED,4
squidfunk/mkdocs-material,630,2017-12-09T00:32:42Z,2017-12-13T08:29:45Z,4.331284722222223,CLOSED,13
squidfunk/mkdocs-material,586,2017-11-13T19:24:08Z,2017-11-22T20:16:06Z,9.036087962962963,CLOSED,3
squidfunk/mkdocs-material,605,2017-11-22T12:54:50Z,2017-11-22T20:15:59Z,0.30635416666666665,CLOSED,3
squidfunk/mkdocs-material,606,2017-11-22T14:33:57Z,2017-11-22T20:15:49Z,0.2374074074074074,CLOSED,2
squidfunk/mkdocs-material,577,2017-11-07T22:58:09Z,2017-11-19T17:03:54Z,11.753993055555556,CLOSED,4
squidfunk/mkdocs-material,566,2017-11-02T16:47:42Z,2017-11-15T09:45:44Z,12.706967592592592,CLOSED,3
squidfunk/mkdocs-material,575,2017-11-07T19:21:24Z,2017-11-07T23:07:49Z,0.1572337962962963,CLOSED,3
squidfunk/mkdocs-material,538,2017-10-25T19:52:51Z,2017-11-03T15:11:52Z,8.804872685185185,CLOSED,9
squidfunk/mkdocs-material,542,2017-10-26T21:55:39Z,2017-11-01T17:33:19Z,5.817824074074074,CLOSED,10
squidfunk/mkdocs-material,558,2017-11-01T15:59:54Z,2017-11-01T17:32:53Z,0.06457175925925926,CLOSED,2
squidfunk/mkdocs-material,513,2017-10-20T07:35:18Z,2017-10-31T19:28:25Z,11.495219907407407,CLOSED,3
squidfunk/mkdocs-material,519,2017-10-20T13:33:51Z,2017-10-22T20:13:09Z,2.2772916666666667,CLOSED,5
squidfunk/mkdocs-material,516,2017-10-20T09:06:09Z,2017-10-22T20:12:58Z,2.46306712962963,CLOSED,5
squidfunk/mkdocs-material,374,2017-06-15T12:58:55Z,2017-10-20T13:12:50Z,127.00966435185185,CLOSED,3
squidfunk/mkdocs-material,484,2017-10-11T12:47:17Z,2017-10-11T17:33:23Z,0.19868055555555555,CLOSED,8
squidfunk/mkdocs-material,483,2017-10-11T08:13:06Z,2017-10-11T17:33:10Z,0.38893518518518516,CLOSED,3
squidfunk/mkdocs-material,468,2017-09-18T12:01:07Z,2017-10-06T09:05:48Z,17.878252314814816,CLOSED,5
squidfunk/mkdocs-material,355,2017-06-01T20:47:13Z,2017-06-06T20:03:18Z,4.9695023148148145,CLOSED,1
squidfunk/mkdocs-material,337,2017-05-19T23:21:21Z,2017-05-24T14:19:52Z,4.623969907407408,CLOSED,4
squidfunk/mkdocs-material,329,2017-05-15T20:06:26Z,2017-05-16T17:41:36Z,0.8994212962962963,CLOSED,8
squidfunk/mkdocs-material,322,2017-05-12T16:01:35Z,2017-05-16T18:50:54Z,4.117581018518519,CLOSED,26
squidfunk/mkdocs-material,320,2017-05-11T18:42:42Z,2017-05-15T09:37:23Z,3.6213078703703703,CLOSED,1
squidfunk/mkdocs-material,323,2017-05-14T22:37:57Z,2017-05-15T09:27:51Z,0.45131944444444444,CLOSED,4
squidfunk/mkdocs-material,316,2017-05-09T15:13:29Z,2017-05-15T09:05:51Z,5.744699074074074,CLOSED,2
squidfunk/mkdocs-material,270,2017-04-09T15:31:26Z,2017-04-22T13:03:01Z,12.896932870370371,CLOSED,1
squidfunk/mkdocs-material,282,2017-04-18T07:55:18Z,2017-04-20T16:40:30Z,2.3647222222222224,CLOSED,2
squidfunk/mkdocs-material,261,2017-04-07T14:36:56Z,2017-04-08T17:19:58Z,1.1132175925925927,CLOSED,6
squidfunk/mkdocs-material,231,2017-03-20T01:40:06Z,2017-03-24T19:22:16Z,4.737615740740741,CLOSED,1
squidfunk/mkdocs-material,216,2017-03-14T13:31:54Z,2017-03-16T16:17:04Z,2.114699074074074,CLOSED,6
squidfunk/mkdocs-material,142,2017-02-06T15:13:44Z,2017-02-16T22:25:24Z,10.299768518518519,CLOSED,11
squidfunk/mkdocs-material,197,2017-03-02T00:20:42Z,2017-03-03T16:29:36Z,1.6728472222222222,CLOSED,4
squidfunk/mkdocs-material,173,2017-02-18T16:18:35Z,2017-02-26T14:58:59Z,7.9447222222222225,CLOSED,7
squidfunk/mkdocs-material,127,2017-01-23T13:54:18Z,2017-01-30T09:30:24Z,6.816736111111111,CLOSED,7
squidfunk/mkdocs-material,159,2017-02-16T02:54:14Z,2017-02-18T13:08:41Z,2.426701388888889,CLOSED,2
squidfunk/mkdocs-material,153,2017-02-13T15:29:14Z,2017-02-18T13:08:01Z,4.90193287037037,CLOSED,3
squidfunk/mkdocs-material,164,2017-02-16T19:23:44Z,2017-02-16T22:25:11Z,0.12600694444444444,CLOSED,3
squidfunk/mkdocs-material,1,2016-02-10T10:27:02Z,2016-02-10T13:10:34Z,0.11356481481481481,CLOSED,2
squidfunk/mkdocs-material,84,2017-01-04T02:15:17Z,2017-01-04T18:49:12Z,0.6902199074074075,CLOSED,2
squidfunk/mkdocs-material,108,2017-01-14T21:17:49Z,2017-01-15T10:35:52Z,0.5542013888888889,CLOSED,3
squidfunk/mkdocs-material,117,2017-01-17T01:06:26Z,2017-01-22T13:01:39Z,5.49667824074074,CLOSED,8
squidfunk/mkdocs-material,92,2017-01-09T23:10:43Z,2017-01-13T09:56:20Z,3.4483449074074075,CLOSED,3
squidfunk/mkdocs-material,63,2016-11-20T08:05:51Z,2017-01-13T09:55:43Z,54.0762962962963,CLOSED,3
squidfunk/mkdocs-material,31,2016-05-18T05:07:06Z,2017-01-13T09:55:28Z,240.20025462962963,CLOSED,3
squidfunk/mkdocs-material,21,2016-03-19T15:01:21Z,2017-01-13T09:55:18Z,299.78746527777776,CLOSED,3
squidfunk/mkdocs-material,81,2017-01-03T02:41:32Z,2017-01-09T21:09:41Z,6.769548611111111,CLOSED,10
squidfunk/mkdocs-material,87,2017-01-05T10:48:40Z,2017-01-06T19:03:06Z,1.3433564814814816,CLOSED,9
squidfunk/mkdocs-material,80,2017-01-03T01:42:28Z,2017-01-03T19:47:37Z,0.7535763888888889,CLOSED,2
squidfunk/mkdocs-material,76,2017-01-02T16:25:23Z,2017-01-02T20:58:23Z,0.18958333333333333,CLOSED,6
squidfunk/mkdocs-material,33,2016-06-05T18:17:33Z,2016-06-26T11:50:31Z,20.73122685185185,CLOSED,3
squidfunk/mkdocs-material,34,2016-06-09T09:50:41Z,2016-06-26T11:45:22Z,17.079641203703705,CLOSED,2
squidfunk/mkdocs-material,30,2016-05-11T14:09:05Z,2016-05-11T16:43:07Z,0.10696759259259259,CLOSED,5
squidfunk/mkdocs-material,13,2016-03-11T18:45:49Z,2016-03-12T12:15:21Z,0.7288425925925925,CLOSED,0
squidfunk/mkdocs-material,10,2016-02-24T23:00:22Z,2016-02-25T18:06:00Z,0.7955787037037036,CLOSED,0
squidfunk/mkdocs-material,7,2016-02-21T21:09:05Z,2016-02-24T15:40:08Z,2.7715625,CLOSED,1
squidfunk/mkdocs-material,4,2016-02-21T13:51:17Z,2016-02-21T16:32:37Z,0.11203703703703703,CLOSED,2
squidfunk/mkdocs-material,5,2016-02-21T16:59:00Z,2016-02-21T17:19:26Z,0.014189814814814815,CLOSED,0
squidfunk/mkdocs-material,3,2016-02-19T08:33:04Z,2016-02-20T16:06:09Z,1.3146412037037036,CLOSED,1
mitmproxy/pdoc,577,2023-06-18T17:11:15Z,2023-06-18T18:30:57Z,0.05534722222222222,CLOSED,3
mitmproxy/pdoc,545,2023-05-15T00:21:44Z,2023-05-28T15:37:41Z,13.636076388888888,CLOSED,5
mitmproxy/pdoc,536,2023-04-12T08:19:43Z,2023-04-24T11:16:59Z,12.123101851851851,CLOSED,0
mitmproxy/pdoc,535,2023-04-05T11:09:29Z,2023-04-24T11:16:58Z,19.00519675925926,CLOSED,1
mitmproxy/pdoc,534,2023-04-04T11:15:09Z,2023-04-11T15:45:56Z,7.188043981481481,CLOSED,3
mitmproxy/pdoc,526,2023-03-28T03:00:41Z,2023-03-31T01:44:28Z,2.9470717592592592,CLOSED,3
mitmproxy/pdoc,519,2023-03-07T14:57:19Z,2023-03-21T18:24:22Z,14.143784722222222,CLOSED,5
mitmproxy/pdoc,504,2023-02-03T16:40:26Z,2023-02-04T00:03:04Z,0.3073842592592593,CLOSED,2
mitmproxy/pdoc,497,2023-01-20T11:17:56Z,,,OPEN,1
mitmproxy/pdoc,496,2023-01-16T09:37:26Z,2023-01-16T09:41:45Z,0.0029976851851851853,CLOSED,2
mitmproxy/pdoc,490,2023-01-03T23:51:26Z,2023-01-06T16:24:23Z,2.6895486111111113,CLOSED,5
mitmproxy/pdoc,492,2023-01-05T12:22:10Z,2023-01-05T14:22:45Z,0.08373842592592592,CLOSED,3
mitmproxy/pdoc,491,2023-01-05T07:51:12Z,2023-01-05T11:29:02Z,0.15127314814814816,CLOSED,1
mitmproxy/pdoc,481,2022-12-29T18:42:06Z,2022-12-30T07:53:05Z,0.5492939814814815,CLOSED,1
mitmproxy/pdoc,471,2022-12-08T18:27:02Z,2022-12-17T00:02:42Z,8.233101851851853,CLOSED,1
mitmproxy/pdoc,464,2022-11-14T14:50:05Z,2022-11-14T15:26:18Z,0.02515046296296296,CLOSED,2
mitmproxy/pdoc,455,2022-11-10T10:23:12Z,2022-11-10T12:16:37Z,0.07876157407407407,CLOSED,2
mitmproxy/pdoc,452,2022-11-06T09:35:46Z,2022-11-10T12:00:10Z,4.1002777777777775,CLOSED,1
mitmproxy/pdoc,450,2022-11-04T21:35:57Z,2022-11-05T15:33:27Z,0.7482638888888888,CLOSED,1
mitmproxy/pdoc,448,2022-10-31T11:47:47Z,2022-10-31T13:41:09Z,0.07872685185185185,CLOSED,1
mitmproxy/pdoc,440,2022-09-25T10:35:24Z,2022-09-25T14:42:37Z,0.17167824074074073,CLOSED,1
mitmproxy/pdoc,437,2022-09-17T12:49:54Z,2022-09-18T10:13:43Z,0.8915393518518518,CLOSED,1
mitmproxy/pdoc,411,2022-07-06T22:36:16Z,2022-09-11T14:03:33Z,66.64394675925926,CLOSED,6
mitmproxy/pdoc,431,2022-08-24T21:30:03Z,2022-09-10T13:44:41Z,16.676828703703702,CLOSED,0
mitmproxy/pdoc,429,2022-08-10T14:11:28Z,2022-08-23T17:04:05Z,13.119872685185186,CLOSED,2
mitmproxy/pdoc,421,2022-08-02T11:13:34Z,2022-08-23T17:04:05Z,21.24341435185185,CLOSED,1
mitmproxy/pdoc,428,2022-08-09T12:19:29Z,2022-08-11T15:08:04Z,2.117071759259259,CLOSED,2
mitmproxy/pdoc,424,2022-08-03T19:13:55Z,2022-08-12T19:27:34Z,9.009479166666667,CLOSED,6
mitmproxy/pdoc,430,2022-08-11T20:38:59Z,2022-08-11T21:58:58Z,0.05554398148148148,CLOSED,2
mitmproxy/pdoc,407,2022-06-15T09:54:54Z,2022-08-11T15:50:34Z,57.24699074074074,CLOSED,2
mitmproxy/pdoc,426,2022-08-06T11:20:56Z,2022-08-06T11:44:06Z,0.016087962962962964,CLOSED,0
mitmproxy/pdoc,425,2022-08-03T21:38:41Z,2022-08-03T22:36:51Z,0.040393518518518516,CLOSED,3
mitmproxy/pdoc,416,2022-07-22T06:31:43Z,2022-08-02T18:40:07Z,11.505833333333333,CLOSED,3
mitmproxy/pdoc,417,2022-07-25T14:02:02Z,2022-07-30T20:57:06Z,5.288240740740741,CLOSED,13
mitmproxy/pdoc,419,2022-07-29T15:17:36Z,2022-07-29T17:20:58Z,0.0856712962962963,CLOSED,4
mitmproxy/pdoc,414,2022-07-16T19:09:29Z,2022-07-21T11:56:49Z,4.699537037037037,CLOSED,4
mitmproxy/pdoc,415,2022-07-16T21:14:56Z,2022-07-18T17:53:14Z,1.8599305555555556,CLOSED,1
mitmproxy/pdoc,409,2022-07-01T19:03:27Z,2022-07-03T20:38:44Z,2.0661689814814816,CLOSED,2
mitmproxy/pdoc,365,2022-03-14T12:18:28Z,2022-03-14T12:32:38Z,0.009837962962962963,CLOSED,3
mitmproxy/pdoc,405,2022-06-10T12:46:10Z,2022-06-10T13:00:46Z,0.010138888888888888,CLOSED,1
mitmproxy/pdoc,404,2022-06-08T12:52:59Z,2022-06-08T15:22:59Z,0.10416666666666667,CLOSED,4
mitmproxy/pdoc,399,2022-06-02T12:23:26Z,2022-06-06T09:54:57Z,3.896886574074074,CLOSED,4
mitmproxy/pdoc,393,2022-05-13T08:42:42Z,2022-05-13T12:18:59Z,0.15019675925925927,CLOSED,1
mitmproxy/pdoc,386,2022-04-25T08:34:46Z,2022-04-25T09:33:08Z,0.040532407407407406,CLOSED,2
mitmproxy/pdoc,376,2022-04-09T00:23:06Z,2022-04-09T15:58:26Z,0.649537037037037,CLOSED,4
mitmproxy/pdoc,368,2022-03-30T15:05:04Z,2022-03-30T15:46:52Z,0.029027777777777777,CLOSED,2
mitmproxy/pdoc,360,2022-03-08T19:01:28Z,2022-03-08T19:57:43Z,0.0390625,CLOSED,2
mitmproxy/pdoc,352,2022-02-16T07:54:16Z,2022-02-16T12:44:47Z,0.20174768518518518,CLOSED,5
mitmproxy/pdoc,358,2022-02-25T13:06:15Z,2022-02-25T17:48:51Z,0.19625,CLOSED,3
mitmproxy/pdoc,353,2022-02-18T20:40:40Z,2022-02-18T22:46:25Z,0.08732638888888888,CLOSED,4
mitmproxy/pdoc,354,2022-02-19T11:29:48Z,2022-02-19T11:32:49Z,0.0020949074074074073,CLOSED,1
mitmproxy/pdoc,351,2022-02-14T12:38:59Z,2022-02-14T13:50:56Z,0.049965277777777775,CLOSED,2
mitmproxy/pdoc,348,2022-02-11T00:25:00Z,2022-02-11T21:08:57Z,0.8638541666666667,CLOSED,3
mitmproxy/pdoc,342,2022-02-03T13:35:02Z,2022-02-08T08:51:18Z,4.802962962962963,CLOSED,5
mitmproxy/pdoc,334,2022-01-15T23:36:31Z,2022-01-23T10:32:40Z,7.455659722222222,CLOSED,4
mitmproxy/pdoc,335,2022-01-17T16:28:04Z,2022-01-17T18:45:49Z,0.09565972222222222,CLOSED,2
mitmproxy/pdoc,333,2022-01-15T22:16:08Z,2022-01-17T14:05:52Z,1.659537037037037,CLOSED,7
mitmproxy/pdoc,323,2021-12-28T21:33:37Z,2021-12-29T02:10:43Z,0.19243055555555555,CLOSED,12
mitmproxy/pdoc,332,2022-01-14T17:18:35Z,2022-01-14T18:16:06Z,0.03994212962962963,CLOSED,3
mitmproxy/pdoc,325,2021-12-30T20:23:38Z,2022-01-05T17:56:37Z,5.897905092592593,CLOSED,17
mitmproxy/pdoc,326,2021-12-30T23:39:41Z,2022-01-06T17:53:35Z,6.759652777777778,CLOSED,13
mitmproxy/pdoc,324,2021-12-29T11:29:58Z,2021-12-29T12:35:36Z,0.045578703703703705,CLOSED,4
mitmproxy/pdoc,322,2021-12-28T13:51:38Z,2021-12-28T19:09:26Z,0.22069444444444444,CLOSED,8
mitmproxy/pdoc,320,2021-12-22T18:39:45Z,2021-12-23T00:48:23Z,0.25599537037037035,CLOSED,3
mitmproxy/pdoc,317,2021-12-12T10:22:17Z,2021-12-17T12:55:56Z,5.106701388888889,CLOSED,2
mitmproxy/pdoc,311,2021-10-27T22:58:43Z,2021-10-29T15:05:23Z,1.6712962962962963,CLOSED,4
mitmproxy/pdoc,307,2021-10-17T15:23:57Z,2021-10-29T15:02:22Z,11.985011574074074,CLOSED,0
mitmproxy/pdoc,299,2021-09-15T10:51:59Z,2021-09-19T15:04:47Z,4.1755555555555555,CLOSED,1
mitmproxy/pdoc,298,2021-09-15T10:42:27Z,2021-09-19T15:04:47Z,4.182175925925926,CLOSED,2
mitmproxy/pdoc,300,2021-09-18T09:47:09Z,2021-09-19T14:46:38Z,1.207974537037037,CLOSED,2
mitmproxy/pdoc,291,2021-08-14T09:50:19Z,2021-08-16T19:40:57Z,2.410162037037037,CLOSED,2
mitmproxy/pdoc,289,2021-08-11T23:00:45Z,2021-08-14T14:00:16Z,2.6246643518518518,CLOSED,3
mitmproxy/pdoc,285,2021-07-28T10:05:41Z,2021-07-28T14:15:28Z,0.17346064814814816,CLOSED,4
mitmproxy/pdoc,280,2021-07-07T09:27:03Z,2021-07-28T14:31:52Z,21.211678240740742,CLOSED,5
mitmproxy/pdoc,281,2021-07-15T15:03:44Z,2021-07-15T15:06:23Z,0.0018402777777777777,CLOSED,1
mitmproxy/pdoc,277,2021-06-14T14:49:55Z,2021-06-14T17:55:06Z,0.12859953703703703,CLOSED,3
mitmproxy/pdoc,276,2021-06-10T20:27:20Z,2021-06-10T21:00:56Z,0.023333333333333334,CLOSED,3
mitmproxy/pdoc,273,2021-06-03T20:17:56Z,2021-06-04T07:20:39Z,0.4602199074074074,CLOSED,3
mitmproxy/pdoc,270,2021-06-02T19:56:12Z,2021-06-02T20:28:50Z,0.022662037037037036,CLOSED,7
mitmproxy/pdoc,264,2021-05-27T18:43:07Z,2021-05-27T21:20:53Z,0.10956018518518519,CLOSED,2
mitmproxy/pdoc,262,2021-05-22T14:05:36Z,2021-05-24T23:05:54Z,2.375208333333333,CLOSED,5
mitmproxy/pdoc,254,2021-05-12T02:00:01Z,2021-05-12T12:11:03Z,0.4243287037037037,CLOSED,5
mitmproxy/pdoc,248,2021-04-20T16:13:16Z,2021-04-21T10:47:27Z,0.7737384259259259,CLOSED,7
mitmproxy/pdoc,246,2021-04-10T15:20:00Z,2021-04-11T06:49:26Z,0.6454398148148148,CLOSED,0
mitmproxy/pdoc,242,2021-03-26T20:52:11Z,2021-03-28T10:47:19Z,1.5799537037037037,CLOSED,5
mitmproxy/pdoc,235,2021-03-19T09:20:25Z,2021-03-19T13:23:59Z,0.16914351851851853,CLOSED,8
mitmproxy/pdoc,229,2021-02-27T00:18:44Z,2021-03-10T16:43:03Z,11.683553240740741,CLOSED,4
mitmproxy/pdoc,226,2021-02-24T22:23:51Z,2021-02-25T12:06:53Z,0.5715509259259259,CLOSED,3
mitmproxy/pdoc,224,2021-02-15T20:47:43Z,2021-02-15T20:53:26Z,0.003969907407407407,CLOSED,2
mitmproxy/pdoc,220,2021-02-12T19:10:58Z,2021-02-12T20:00:47Z,0.03459490740740741,CLOSED,8
mitmproxy/pdoc,219,2021-02-11T10:04:59Z,2021-02-11T10:28:49Z,0.016550925925925927,CLOSED,2
mitmproxy/pdoc,209,2021-01-26T05:45:17Z,2021-01-26T12:08:08Z,0.26586805555555554,CLOSED,3
mitmproxy/pdoc,204,2021-01-21T16:07:27Z,2021-01-22T10:23:30Z,0.7611458333333333,CLOSED,3
mitmproxy/pdoc,47,2015-03-26T22:38:03Z,2021-01-19T18:35:44Z,2125.831724537037,CLOSED,1
mitmproxy/pdoc,58,2015-07-15T15:07:11Z,2021-01-19T16:43:50Z,2015.0671180555555,CLOSED,10
mitmproxy/pdoc,20,2014-12-09T15:18:00Z,2021-01-19T15:37:22Z,2233.0134490740743,CLOSED,2
mitmproxy/pdoc,21,2014-12-09T15:25:20Z,2021-01-19T15:37:11Z,2233.0082291666668,CLOSED,4
mitmproxy/pdoc,28,2015-02-13T20:59:19Z,2021-01-19T15:35:37Z,2166.7752083333335,CLOSED,1
mitmproxy/pdoc,84,2016-01-14T09:13:20Z,2021-01-19T15:07:24Z,1832.2458796296296,CLOSED,11
mitmproxy/pdoc,93,2016-02-03T20:03:50Z,2021-01-19T15:03:30Z,1811.7914351851853,CLOSED,2
indygreg/python-zstandard,196,2023-05-02T18:03:30Z,,,OPEN,19
indygreg/python-zstandard,194,2023-04-27T07:39:09Z,,,OPEN,3
indygreg/python-zstandard,181,2022-09-16T20:39:13Z,,,OPEN,1
indygreg/python-zstandard,105,2020-05-31T21:53:10Z,,,OPEN,15
indygreg/python-zstandard,102,2020-05-03T17:32:12Z,2020-12-27T19:14:27Z,238.07100694444443,CLOSED,2
indygreg/python-zstandard,130,2020-12-31T14:32:47Z,2020-12-31T21:37:35Z,0.295,CLOSED,3
indygreg/python-zstandard,129,2020-12-31T00:04:49Z,2020-12-31T21:37:35Z,0.8977546296296296,CLOSED,3
indygreg/python-zstandard,128,2020-12-31T00:01:12Z,2020-12-31T21:37:35Z,0.9002662037037037,CLOSED,1
indygreg/python-zstandard,97,2019-11-27T19:47:12Z,2020-12-27T21:12:14Z,396.05905092592593,CLOSED,1
indygreg/python-zstandard,107,2020-06-09T19:55:40Z,2020-12-26T18:32:02Z,199.9419212962963,CLOSED,2
indygreg/python-zstandard,115,2020-07-02T19:59:02Z,2020-12-26T17:43:33Z,176.90591435185186,CLOSED,1
indygreg/python-zstandard,103,2020-05-08T23:20:29Z,2020-06-13T18:46:34Z,35.80978009259259,CLOSED,2
indygreg/python-zstandard,95,2019-10-29T14:32:33Z,2020-06-13T18:54:50Z,228.1821412037037,CLOSED,2
google/brotli,850,2020-10-02T08:37:44Z,2023-09-13T12:57:29Z,1076.1803819444444,CLOSED,10
google/brotli,905,2021-06-03T16:12:41Z,,,OPEN,5
mirumee/ariadne,1209,2024-12-10T05:53:59Z,2025-02-26T12:46:06Z,78.28619212962963,CLOSED,3
mirumee/ariadne,1185,2024-06-06T21:04:33Z,2024-06-13T08:06:28Z,6.459664351851852,CLOSED,0
mirumee/ariadne,420,2020-09-08T18:50:38Z,2024-04-03T15:37:35Z,1302.8659375,CLOSED,1
mirumee/ariadne,344,2020-03-28T19:28:25Z,,,OPEN,5
mirumee/ariadne,1028,2023-02-16T14:57:11Z,,,OPEN,1
mirumee/ariadne,1164,2024-02-21T11:23:36Z,2024-02-21T15:43:27Z,0.1804513888888889,CLOSED,0
mirumee/ariadne,1152,2024-02-05T12:42:41Z,2024-02-20T16:25:43Z,15.154884259259259,CLOSED,0
mirumee/ariadne,1155,2024-02-05T18:02:21Z,2024-02-20T13:26:20Z,14.80832175925926,CLOSED,0
mirumee/ariadne,1053,2023-03-20T11:54:38Z,2024-01-08T09:37:03Z,293.90445601851854,CLOSED,7
mirumee/ariadne,1074,2023-04-19T20:57:25Z,2023-06-12T10:37:27Z,53.569467592592595,CLOSED,4
mirumee/ariadne,1089,2023-05-19T14:47:28Z,2023-06-07T11:47:19Z,18.874895833333333,CLOSED,1
mirumee/ariadne,1078,2023-04-26T08:48:48Z,2023-04-28T09:26:49Z,2.026400462962963,CLOSED,0
mirumee/ariadne,1039,2023-02-21T17:21:07Z,2023-02-22T10:29:22Z,0.7140625,CLOSED,4
mirumee/ariadne,1000,2022-12-21T14:08:08Z,2023-01-20T11:35:46Z,29.894189814814816,CLOSED,2
mirumee/ariadne,995,2022-12-16T01:00:41Z,2023-01-09T11:45:23Z,24.447708333333335,CLOSED,8
mirumee/ariadne,256,2019-10-07T14:44:37Z,2022-11-30T11:42:47Z,1149.8737268518519,CLOSED,10
mirumee/ariadne,919,2022-08-30T17:41:29Z,2022-11-29T17:34:24Z,90.99508101851852,CLOSED,2
mirumee/ariadne,969,2022-11-14T17:45:02Z,2022-11-15T14:59:56Z,0.8853472222222222,CLOSED,0
mirumee/ariadne,848,2022-04-19T17:45:54Z,2022-04-22T12:54:57Z,2.797951388888889,CLOSED,2
mirumee/ariadne,440,2020-11-05T12:49:09Z,2022-04-12T14:11:44Z,523.057349537037,CLOSED,3
mirumee/ariadne,823,2022-03-22T14:07:59Z,2022-04-07T11:00:32Z,15.869826388888889,CLOSED,1
mirumee/ariadne,769,2022-01-17T01:36:47Z,2022-02-21T19:08:49Z,35.730578703703706,CLOSED,6
mirumee/ariadne,547,2021-04-16T20:21:44Z,2021-11-08T16:16:37Z,205.82978009259259,CLOSED,4
mirumee/ariadne,293,2020-01-10T21:53:41Z,2021-10-15T10:25:39Z,643.522199074074,CLOSED,14
mirumee/ariadne,442,2020-11-11T15:41:55Z,2021-03-03T12:22:10Z,111.86128472222222,CLOSED,11
mirumee/ariadne,487,2021-03-12T13:23:26Z,2021-04-07T13:29:59Z,26.00454861111111,CLOSED,0
mirumee/ariadne,521,2021-03-31T12:42:39Z,2021-04-02T12:36:30Z,1.9957291666666668,CLOSED,2
mirumee/ariadne,418,2020-08-29T17:23:08Z,2021-03-20T23:27:00Z,203.2526851851852,CLOSED,6
mirumee/ariadne,491,2021-03-17T13:53:29Z,2021-03-17T14:17:52Z,0.01693287037037037,CLOSED,5
mirumee/ariadne,104,2019-02-03T19:38:05Z,2019-09-13T12:29:39Z,221.70247685185186,CLOSED,18
mirumee/ariadne,320,2020-02-14T05:28:55Z,2020-03-21T21:28:31Z,36.66638888888889,CLOSED,8
mirumee/ariadne,345,2020-03-29T22:13:09Z,2020-08-27T16:38:58Z,150.76792824074073,CLOSED,7
mirumee/ariadne,371,2020-05-14T16:55:04Z,2020-06-15T21:58:22Z,32.210625,CLOSED,4
mirumee/ariadne,323,2020-02-18T10:29:29Z,2020-03-21T21:28:31Z,32.45766203703704,CLOSED,1
mirumee/ariadne,259,2019-10-16T23:20:41Z,2019-10-17T02:15:23Z,0.12131944444444444,CLOSED,2
mirumee/ariadne,249,2019-09-29T21:35:04Z,2019-10-02T16:04:50Z,2.7706712962962965,CLOSED,4
mirumee/ariadne,242,2019-08-30T08:42:24Z,2019-09-19T11:43:30Z,20.12576388888889,CLOSED,5
mirumee/ariadne,227,2019-08-04T21:45:04Z,2019-08-07T10:55:04Z,2.548611111111111,CLOSED,0
mirumee/ariadne,171,2019-05-10T13:09:38Z,2019-05-10T15:49:56Z,0.11131944444444444,CLOSED,5
mirumee/ariadne,144,2019-04-14T20:27:16Z,2019-04-15T12:18:35Z,0.6606365740740741,CLOSED,3
mirumee/ariadne,110,2019-02-08T18:24:34Z,2019-02-11T11:47:13Z,2.7240625,CLOSED,2
mirumee/ariadne,63,2018-11-19T19:20:35Z,2018-11-20T10:48:16Z,0.6442245370370371,CLOSED,0
jawah/charset_normalizer,692,2026-01-09T22:36:26Z,2026-01-11T13:55:46Z,1.638425925925926,CLOSED,1
jawah/charset_normalizer,633,2025-07-23T22:12:37Z,2025-08-01T16:04:23Z,8.744282407407407,CLOSED,4
jawah/charset_normalizer,625,2025-06-20T20:01:05Z,2025-06-23T04:21:06Z,2.347233796296296,CLOSED,1
jawah/charset_normalizer,583,2024-12-28T04:55:31Z,2024-12-29T09:12:56Z,1.178761574074074,CLOSED,7
jawah/charset_normalizer,595,2025-02-01T07:11:24Z,2025-02-01T13:21:02Z,0.2566898148148148,CLOSED,1
jawah/charset_normalizer,381,2023-11-08T15:52:14Z,2024-09-28T06:21:27Z,324.6036226851852,CLOSED,1
jawah/charset_normalizer,405,2023-12-30T14:51:34Z,2024-01-02T03:58:46Z,2.546666666666667,CLOSED,1
jawah/charset_normalizer,371,2023-10-26T15:22:32Z,2023-10-31T20:21:02Z,5.207291666666666,CLOSED,2
jawah/charset_normalizer,358,2023-10-06T18:21:04Z,2023-10-31T20:20:01Z,25.082604166666666,CLOSED,2
jawah/charset_normalizer,376,2023-10-31T15:08:44Z,2023-10-31T19:45:23Z,0.19211805555555556,CLOSED,1
jawah/charset_normalizer,180,2022-04-27T20:03:00Z,2022-05-12T21:43:06Z,15.069513888888888,CLOSED,2
jawah/charset_normalizer,157,2022-01-02T23:10:44Z,2022-01-03T06:58:43Z,0.3249884259259259,CLOSED,2
jawah/charset_normalizer,153,2021-12-20T10:39:02Z,2021-12-23T07:34:19Z,2.871724537037037,CLOSED,4
jawah/charset_normalizer,136,2021-11-09T16:27:18Z,2021-11-10T11:41:57Z,0.8018402777777778,CLOSED,2
jawah/charset_normalizer,130,2021-10-25T10:28:35Z,2021-11-01T16:42:29Z,7.259652777777778,CLOSED,4
jawah/charset_normalizer,114,2021-09-22T21:42:38Z,2021-09-27T20:23:28Z,4.945023148148148,CLOSED,6
jawah/charset_normalizer,105,2021-09-17T14:07:30Z,2021-09-17T21:01:45Z,0.2876736111111111,CLOSED,3
jawah/charset_normalizer,86,2021-09-01T22:01:08Z,2021-09-02T09:31:17Z,0.4792708333333333,CLOSED,2
jawah/charset_normalizer,74,2021-07-26T04:58:16Z,2021-07-26T07:18:28Z,0.0973611111111111,CLOSED,2
jawah/charset_normalizer,62,2021-07-15T05:50:19Z,2021-07-15T19:55:39Z,0.587037037037037,CLOSED,2
jawah/charset_normalizer,58,2021-07-14T18:18:41Z,2021-07-14T19:16:08Z,0.03989583333333333,CLOSED,3
jawah/charset_normalizer,54,2021-07-13T01:14:48Z,2021-07-13T12:02:29Z,0.4497800925925926,CLOSED,1
jawah/charset_normalizer,32,2020-04-09T08:49:11Z,2021-07-07T22:15:42Z,454.56008101851853,CLOSED,1
jawah/charset_normalizer,35,2021-02-08T23:05:46Z,2021-02-09T00:02:04Z,0.03909722222222222,CLOSED,2
jawah/charset_normalizer,33,2020-07-16T23:02:35Z,2021-02-08T21:31:53Z,206.93701388888888,CLOSED,0
jawah/charset_normalizer,22,2019-10-10T11:05:23Z,2019-10-11T06:11:05Z,0.795625,CLOSED,3
jawah/charset_normalizer,12,2019-09-18T08:13:50Z,2019-09-21T12:17:34Z,3.169259259259259,CLOSED,4
jawah/charset_normalizer,13,2019-09-21T11:58:47Z,2019-09-21T12:17:14Z,0.0128125,CLOSED,0
uqfoundation/multiprocess,65,2019-09-27T19:20:18Z,,,OPEN,5
uqfoundation/multiprocess,19,2016-05-20T20:59:02Z,,,OPEN,28
uqfoundation/multiprocess,124,2022-11-21T06:51:48Z,,,OPEN,5
uqfoundation/multiprocess,31,2017-01-03T14:45:14Z,2022-10-22T15:18:37Z,2118.0231828703704,CLOSED,1
uqfoundation/multiprocess,28,2016-12-28T17:07:04Z,,,OPEN,2
uqfoundation/multiprocess,87,2021-06-12T17:53:01Z,2021-06-12T17:53:20Z,0.0002199074074074074,CLOSED,1
uqfoundation/multiprocess,72,2020-11-03T15:22:12Z,2020-11-03T16:24:55Z,0.04355324074074074,CLOSED,1
uqfoundation/multiprocess,73,2020-11-03T15:24:23Z,2020-11-03T16:24:19Z,0.04162037037037037,CLOSED,1
uqfoundation/multiprocess,6,2015-06-26T17:09:03Z,2020-05-05T12:28:04Z,1774.8048726851853,CLOSED,3
uqfoundation/multiprocess,61,2019-06-29T13:03:50Z,2020-04-26T12:22:36Z,301.97136574074074,CLOSED,20
uqfoundation/multiprocess,3,2015-06-22T22:34:32Z,2015-06-23T03:19:42Z,0.1980324074074074,CLOSED,2
giampaolo/psutil,306,2014-05-23T15:01:58Z,2014-05-23T15:02:04Z,6.944444444444444e-05,CLOSED,8
giampaolo/psutil,294,2014-05-23T15:00:50Z,2014-05-23T15:00:52Z,2.3148148148148147e-05,CLOSED,2
giampaolo/psutil,292,2014-05-23T15:00:38Z,2014-05-23T15:00:43Z,5.787037037037037e-05,CLOSED,4
giampaolo/psutil,291,2014-05-23T15:00:33Z,2014-05-23T15:00:36Z,3.472222222222222e-05,CLOSED,3
giampaolo/psutil,288,2014-05-23T15:00:20Z,2014-05-23T15:00:22Z,2.3148148148148147e-05,CLOSED,1
giampaolo/psutil,286,2014-05-23T15:00:09Z,2014-05-23T15:00:13Z,4.6296296296296294e-05,CLOSED,3
giampaolo/psutil,285,2014-05-23T15:00:02Z,2014-05-23T15:00:08Z,6.944444444444444e-05,CLOSED,6
giampaolo/psutil,281,2014-05-23T14:59:41Z,2014-05-23T14:59:44Z,3.472222222222222e-05,CLOSED,3
giampaolo/psutil,280,2014-05-23T14:59:38Z,2014-05-23T14:59:40Z,2.3148148148148147e-05,CLOSED,2
giampaolo/psutil,275,2014-05-23T14:59:06Z,2014-05-23T14:59:12Z,6.944444444444444e-05,CLOSED,7
giampaolo/psutil,272,2014-05-23T14:58:50Z,2014-05-23T14:58:54Z,4.6296296296296294e-05,CLOSED,3
giampaolo/psutil,271,2014-05-23T14:58:44Z,2014-05-23T14:58:48Z,4.6296296296296294e-05,CLOSED,4
giampaolo/psutil,267,2014-05-23T14:58:20Z,2014-05-23T14:58:26Z,6.944444444444444e-05,CLOSED,5
giampaolo/psutil,266,2014-05-23T14:58:16Z,2014-05-23T14:58:19Z,3.472222222222222e-05,CLOSED,3
giampaolo/psutil,264,2014-05-23T14:58:06Z,2014-05-23T14:58:12Z,6.944444444444444e-05,CLOSED,7
giampaolo/psutil,263,2014-05-23T14:58:02Z,2014-05-23T14:58:04Z,2.3148148148148147e-05,CLOSED,2
giampaolo/psutil,252,2014-05-23T14:56:44Z,2014-05-23T14:56:48Z,4.6296296296296294e-05,CLOSED,3
giampaolo/psutil,251,2014-05-23T14:56:40Z,2014-05-23T14:56:42Z,2.3148148148148147e-05,CLOSED,1
giampaolo/psutil,248,2014-05-23T14:56:23Z,2014-05-23T14:56:30Z,8.101851851851852e-05,CLOSED,9
giampaolo/psutil,244,2014-05-23T14:55:57Z,2014-05-23T14:56:03Z,6.944444444444444e-05,CLOSED,5
giampaolo/psutil,236,2014-05-23T14:54:36Z,2014-05-23T14:54:46Z,0.00011574074074074075,CLOSED,12
giampaolo/psutil,235,2014-05-23T14:54:31Z,2014-05-23T14:54:34Z,3.472222222222222e-05,CLOSED,3
giampaolo/psutil,234,2014-05-23T14:54:20Z,2014-05-23T14:54:29Z,0.00010416666666666667,CLOSED,10
giampaolo/psutil,232,2014-05-23T14:53:49Z,2014-05-23T14:54:08Z,0.0002199074074074074,CLOSED,25
giampaolo/psutil,231,2014-05-23T14:53:45Z,2014-05-23T14:53:48Z,3.472222222222222e-05,CLOSED,3
giampaolo/psutil,226,2014-05-23T14:52:50Z,2014-05-23T14:52:56Z,6.944444444444444e-05,CLOSED,7
giampaolo/psutil,219,2014-05-23T14:51:49Z,2014-05-23T14:51:55Z,6.944444444444444e-05,CLOSED,6
giampaolo/psutil,218,2014-05-23T14:51:39Z,2014-05-23T14:51:47Z,9.259259259259259e-05,CLOSED,10
giampaolo/psutil,207,2014-05-23T14:50:03Z,2014-05-23T14:50:10Z,8.101851851851852e-05,CLOSED,7
giampaolo/psutil,201,2014-05-23T14:48:45Z,2014-05-23T14:48:53Z,9.259259259259259e-05,CLOSED,10
giampaolo/psutil,200,2014-05-23T14:48:35Z,2014-05-23T14:48:44Z,0.00010416666666666667,CLOSED,9
giampaolo/psutil,199,2014-05-23T14:48:29Z,2014-05-23T14:48:34Z,5.787037037037037e-05,CLOSED,7
giampaolo/psutil,197,2014-05-23T14:48:16Z,2014-05-23T14:48:21Z,5.787037037037037e-05,CLOSED,5
giampaolo/psutil,194,2014-05-23T14:47:56Z,2014-05-23T14:48:02Z,6.944444444444444e-05,CLOSED,9
giampaolo/psutil,193,2014-05-23T14:47:47Z,2014-05-23T14:47:54Z,8.101851851851852e-05,CLOSED,8
giampaolo/psutil,192,2014-05-23T14:47:39Z,2014-05-23T14:47:44Z,5.787037037037037e-05,CLOSED,3
giampaolo/psutil,190,2014-05-23T14:47:30Z,2014-05-23T14:47:32Z,2.3148148148148147e-05,CLOSED,1
giampaolo/psutil,189,2014-05-23T14:47:27Z,2014-05-23T14:47:28Z,1.1574074074074073e-05,CLOSED,1
giampaolo/psutil,188,2014-05-23T14:47:16Z,2014-05-23T14:47:25Z,0.00010416666666666667,CLOSED,11
giampaolo/psutil,187,2014-05-23T14:47:11Z,2014-05-23T14:47:13Z,2.3148148148148147e-05,CLOSED,2
giampaolo/psutil,186,2014-05-23T14:46:54Z,2014-05-23T14:47:01Z,8.101851851851852e-05,CLOSED,8
giampaolo/psutil,182,2014-05-23T14:46:29Z,2014-05-23T14:46:33Z,4.6296296296296294e-05,CLOSED,5
giampaolo/psutil,180,2014-05-23T14:46:11Z,2014-05-23T14:46:19Z,9.259259259259259e-05,CLOSED,9
giampaolo/psutil,177,2014-05-23T14:45:56Z,2014-05-23T14:45:59Z,3.472222222222222e-05,CLOSED,1
giampaolo/psutil,170,2014-05-23T14:45:00Z,2014-05-23T14:45:04Z,4.6296296296296294e-05,CLOSED,2
giampaolo/psutil,168,2014-05-23T14:44:53Z,2014-05-23T14:44:58Z,5.787037037037037e-05,CLOSED,6
giampaolo/psutil,166,2014-05-23T14:44:38Z,2014-05-23T14:44:46Z,9.259259259259259e-05,CLOSED,11
giampaolo/psutil,165,2014-05-23T14:44:25Z,2014-05-23T14:44:37Z,0.0001388888888888889,CLOSED,16
giampaolo/psutil,164,2014-05-23T14:44:20Z,2014-05-23T14:44:24Z,4.6296296296296294e-05,CLOSED,4
giampaolo/psutil,163,2014-05-23T14:44:13Z,2014-05-23T14:44:19Z,6.944444444444444e-05,CLOSED,8
giampaolo/psutil,162,2014-05-23T14:44:09Z,2014-05-23T14:44:11Z,2.3148148148148147e-05,CLOSED,1
giampaolo/psutil,160,2014-05-23T14:43:57Z,2014-05-23T14:44:00Z,3.472222222222222e-05,CLOSED,3
giampaolo/psutil,159,2014-05-23T14:43:50Z,2014-05-23T14:43:55Z,5.787037037037037e-05,CLOSED,5
giampaolo/psutil,157,2014-05-23T14:43:36Z,2014-05-23T14:43:42Z,6.944444444444444e-05,CLOSED,9
giampaolo/psutil,151,2014-05-23T14:42:47Z,2014-05-23T14:42:51Z,4.6296296296296294e-05,CLOSED,4
giampaolo/psutil,146,2014-05-23T14:41:53Z,2014-05-23T14:41:57Z,4.6296296296296294e-05,CLOSED,3
giampaolo/psutil,144,2014-05-23T14:41:38Z,2014-05-23T14:41:46Z,9.259259259259259e-05,CLOSED,11
giampaolo/psutil,131,2014-05-23T14:39:32Z,2014-05-23T14:39:35Z,3.472222222222222e-05,CLOSED,2
giampaolo/psutil,130,2014-05-23T14:39:25Z,2014-05-23T14:39:31Z,6.944444444444444e-05,CLOSED,7
giampaolo/psutil,127,2014-05-23T14:39:02Z,2014-05-23T14:39:09Z,8.101851851851852e-05,CLOSED,9
giampaolo/psutil,126,2014-05-23T14:38:49Z,2014-05-23T14:39:01Z,0.0001388888888888889,CLOSED,14
giampaolo/psutil,124,2014-05-23T14:38:31Z,2014-05-23T14:38:35Z,4.6296296296296294e-05,CLOSED,2
giampaolo/psutil,118,2014-05-23T14:37:16Z,2014-05-23T14:37:20Z,4.6296296296296294e-05,CLOSED,4
giampaolo/psutil,112,2014-05-23T14:36:16Z,2014-05-23T14:36:26Z,0.00011574074074074075,CLOSED,11
giampaolo/psutil,111,2014-05-23T14:35:53Z,2014-05-23T14:36:15Z,0.0002546296296296296,CLOSED,30
giampaolo/psutil,109,2014-05-23T14:35:40Z,2014-05-23T14:35:45Z,5.787037037037037e-05,CLOSED,4
giampaolo/psutil,94,2014-05-23T14:33:34Z,2014-05-23T14:33:39Z,5.787037037037037e-05,CLOSED,3
giampaolo/psutil,90,2014-05-23T14:33:14Z,2014-05-23T14:33:17Z,3.472222222222222e-05,CLOSED,2
giampaolo/psutil,86,2014-05-23T14:32:33Z,2014-05-23T14:32:37Z,4.6296296296296294e-05,CLOSED,4
giampaolo/psutil,85,2014-05-23T14:32:28Z,2014-05-23T14:32:32Z,4.6296296296296294e-05,CLOSED,5
giampaolo/psutil,84,2014-05-23T14:32:21Z,2014-05-23T14:32:26Z,5.787037037037037e-05,CLOSED,5
giampaolo/psutil,81,2014-05-23T14:31:33Z,2014-05-23T14:31:42Z,0.00010416666666666667,CLOSED,10
giampaolo/psutil,80,2014-05-23T14:31:27Z,2014-05-23T14:31:31Z,4.6296296296296294e-05,CLOSED,4
giampaolo/psutil,77,2014-05-23T14:30:59Z,2014-05-23T14:31:02Z,3.472222222222222e-05,CLOSED,4
giampaolo/psutil,76,2014-05-23T14:30:54Z,2014-05-23T14:30:57Z,3.472222222222222e-05,CLOSED,3
giampaolo/psutil,67,2014-05-23T14:29:39Z,2014-05-23T14:29:55Z,0.00018518518518518518,CLOSED,15
giampaolo/psutil,66,2014-05-23T14:29:26Z,2014-05-23T14:29:37Z,0.0001273148148148148,CLOSED,11
giampaolo/psutil,58,2014-05-23T14:27:38Z,2014-05-23T14:27:53Z,0.00017361111111111112,CLOSED,8
giampaolo/psutil,57,2014-05-23T14:27:19Z,2014-05-23T14:27:33Z,0.00016203703703703703,CLOSED,5
giampaolo/psutil,55,2014-05-23T14:26:51Z,2014-05-23T14:27:01Z,0.00011574074074074075,CLOSED,5
giampaolo/psutil,53,2014-05-23T14:26:39Z,2014-05-23T14:26:45Z,6.944444444444444e-05,CLOSED,6
giampaolo/psutil,48,2014-05-23T14:24:59Z,2014-05-23T14:25:07Z,9.259259259259259e-05,CLOSED,6
giampaolo/psutil,42,2014-05-23T14:23:41Z,2014-05-23T14:23:48Z,8.101851851851852e-05,CLOSED,3
giampaolo/psutil,36,2014-05-23T14:21:53Z,2014-05-23T14:22:13Z,0.0002314814814814815,CLOSED,9
giampaolo/psutil,30,2014-05-23T14:20:37Z,2014-05-23T14:20:41Z,4.6296296296296294e-05,CLOSED,3
giampaolo/psutil,21,2014-05-23T14:18:45Z,2014-05-23T14:19:07Z,0.0002546296296296296,CLOSED,9
giampaolo/psutil,22,2014-05-23T14:19:12Z,2014-05-23T14:19:21Z,0.00010416666666666667,CLOSED,4
giampaolo/psutil,25,2014-05-23T14:19:55Z,2014-05-23T14:20:10Z,0.00017361111111111112,CLOSED,4
giampaolo/psutil,19,2014-05-23T14:17:36Z,2014-05-23T14:18:00Z,0.0002777777777777778,CLOSED,11
giampaolo/psutil,17,2014-05-23T14:16:22Z,2014-05-23T14:16:29Z,8.101851851851852e-05,CLOSED,3
giampaolo/psutil,16,2014-05-23T14:16:06Z,2014-05-23T14:16:19Z,0.00015046296296296297,CLOSED,3
giampaolo/psutil,15,2014-05-23T14:15:45Z,2014-05-23T14:16:03Z,0.00020833333333333335,CLOSED,8
giampaolo/psutil,13,2014-05-23T14:15:04Z,2014-05-23T14:15:10Z,6.944444444444444e-05,CLOSED,2
giampaolo/psutil,12,2014-05-23T14:14:45Z,2014-05-23T14:15:01Z,0.00018518518518518518,CLOSED,6
giampaolo/psutil,10,2014-05-23T14:14:08Z,2014-05-23T14:14:12Z,4.6296296296296294e-05,CLOSED,4
giampaolo/psutil,7,2014-05-23T14:13:50Z,2014-05-23T14:13:59Z,0.00010416666666666667,CLOSED,4
giampaolo/psutil,6,2014-05-23T14:13:33Z,2014-05-23T14:13:45Z,0.0001388888888888889,CLOSED,6
giampaolo/psutil,5,2014-05-23T14:13:24Z,2014-05-23T14:13:30Z,6.944444444444444e-05,CLOSED,5
giampaolo/psutil,2,2014-05-23T14:04:41Z,2014-05-23T14:12:53Z,0.005694444444444445,CLOSED,5
giampaolo/psutil,1,2014-05-23T14:03:04Z,2014-05-23T14:04:27Z,0.0009606481481481482,CLOSED,4
cloudpipe/cloudpickle,178,2018-06-20T16:19:06Z,,,OPEN,14
cloudpipe/cloudpickle,248,2019-02-12T04:10:57Z,,,OPEN,15
cloudpipe/cloudpickle,440,2021-09-09T22:09:56Z,2022-02-16T23:43:49Z,160.06519675925927,CLOSED,2
cloudpipe/cloudpickle,320,2020-01-01T15:42:16Z,,,OPEN,7
cloudpipe/cloudpickle,349,2020-03-10T23:18:03Z,2020-04-28T20:54:51Z,48.900555555555556,CLOSED,5
cloudpipe/cloudpickle,316,2019-12-19T10:49:36Z,2020-01-29T22:34:11Z,41.48929398148148,CLOSED,3
cloudpipe/cloudpickle,321,2020-01-09T15:17:56Z,2020-01-27T10:53:06Z,17.816087962962964,CLOSED,2
cloudpipe/cloudpickle,252,2019-03-07T13:13:06Z,,,OPEN,7
cloudpipe/cloudpickle,288,2019-06-12T15:09:46Z,2019-06-12T21:11:10Z,0.2509722222222222,CLOSED,2
cloudpipe/cloudpickle,244,2019-02-01T22:33:53Z,2019-05-29T13:15:30Z,116.6122337962963,CLOSED,8
cloudpipe/cloudpickle,209,2018-10-05T17:22:37Z,2018-10-08T14:19:44Z,2.8729976851851853,CLOSED,3
cloudpipe/cloudpickle,202,2018-09-14T13:16:44Z,2018-09-14T14:04:02Z,0.03284722222222222,CLOSED,8
cloudpipe/cloudpickle,66,2016-10-09T11:04:26Z,2018-04-03T08:15:11Z,540.8824652777778,CLOSED,2
cloudpipe/cloudpickle,129,2017-11-02T17:03:27Z,2017-12-13T15:39:06Z,40.94142361111111,CLOSED,2
cloudpipe/cloudpickle,131,2017-11-09T02:12:17Z,2017-11-16T15:03:57Z,7.53587962962963,CLOSED,5
cloudpipe/cloudpickle,103,2017-07-01T06:20:16Z,2017-07-01T22:49:22Z,0.686875,CLOSED,5
cloudpipe/cloudpickle,77,2017-01-26T21:38:02Z,2017-05-31T00:21:01Z,124.11318287037037,CLOSED,2
cloudpipe/cloudpickle,50,2016-01-19T12:51:14Z,2017-05-31T00:01:27Z,497.4654282407407,CLOSED,1
cloudpipe/cloudpickle,86,2017-05-23T13:12:53Z,2017-05-30T07:37:58Z,6.767418981481481,CLOSED,2
cloudpipe/cloudpickle,71,2016-11-25T16:05:33Z,2016-11-25T22:06:43Z,0.25081018518518516,CLOSED,0
joblib/joblib,781,2018-10-01T18:07:51Z,2018-10-31T14:11:56Z,29.83616898148148,CLOSED,10
joblib/joblib,1658,2025-02-19T15:17:59Z,2025-03-19T16:22:31Z,28.044814814814814,CLOSED,5
joblib/joblib,1586,2024-05-21T08:20:02Z,2025-02-26T14:05:37Z,281.2399884259259,CLOSED,2
joblib/joblib,870,2019-04-12T14:48:23Z,2024-12-12T18:10:44Z,2071.1405208333335,CLOSED,5
joblib/joblib,1201,2021-07-05T17:27:38Z,,,OPEN,8
joblib/joblib,451,2016-12-12T07:07:19Z,2017-01-19T10:48:52Z,38.15385416666667,CLOSED,10
joblib/joblib,1474,2023-06-30T13:51:25Z,2023-10-08T16:20:25Z,100.10347222222222,CLOSED,7
joblib/joblib,1473,2023-06-30T13:08:55Z,2023-07-10T20:06:06Z,10.289710648148148,CLOSED,2
joblib/joblib,181,2015-01-23T03:41:16Z,,,OPEN,8
joblib/joblib,415,2016-10-24T22:55:25Z,2023-02-15T17:09:39Z,2304.7598842592593,CLOSED,7
joblib/joblib,864,2019-04-05T02:18:10Z,,,OPEN,19
joblib/joblib,1369,2022-12-02T14:53:31Z,2023-01-19T09:40:24Z,47.78255787037037,CLOSED,3
joblib/joblib,165,2014-08-29T07:33:53Z,,,OPEN,3
joblib/joblib,1270,2022-02-23T09:19:36Z,2022-02-23T10:39:03Z,0.05517361111111111,CLOSED,0
joblib/joblib,1123,2020-11-05T15:31:14Z,2021-09-13T14:32:19Z,311.9590856481482,CLOSED,13
joblib/joblib,964,2019-11-24T21:55:17Z,,,OPEN,4
joblib/joblib,634,2018-02-20T16:33:39Z,,,OPEN,5
joblib/joblib,1035,2020-04-29T10:45:09Z,2020-08-04T16:59:16Z,97.25980324074074,CLOSED,8
joblib/joblib,1021,2020-03-10T13:57:45Z,,,OPEN,14
joblib/joblib,959,2019-11-07T16:20:25Z,2020-07-01T15:59:08Z,236.9852199074074,CLOSED,6
joblib/joblib,806,2018-11-08T15:56:42Z,2020-05-03T15:15:45Z,541.9715625,CLOSED,44
joblib/joblib,1050,2020-05-15T15:50:04Z,2020-05-16T12:37:01Z,0.8659375,CLOSED,8
joblib/joblib,1048,2020-05-13T15:38:08Z,,,OPEN,10
joblib/joblib,957,2019-11-05T16:59:03Z,2020-05-13T04:18:04Z,189.47153935185185,CLOSED,5
joblib/joblib,961,2019-11-14T15:56:37Z,,,OPEN,1
joblib/joblib,138,2014-05-24T01:20:06Z,,,OPEN,37
joblib/joblib,987,2020-01-06T12:48:10Z,,,OPEN,5
joblib/joblib,974,2019-12-12T09:11:36Z,,,OPEN,1
joblib/joblib,475,2017-01-10T08:35:26Z,2019-12-06T13:21:35Z,1060.1987152777779,CLOSED,3
joblib/joblib,482,2017-01-22T20:08:12Z,,,OPEN,9
joblib/joblib,953,2019-10-25T13:00:36Z,2019-10-25T16:32:01Z,0.14681712962962962,CLOSED,2
joblib/joblib,880,2019-05-29T14:16:05Z,2019-09-25T07:49:20Z,118.73142361111111,CLOSED,5
joblib/joblib,841,2019-02-06T14:56:50Z,2019-06-18T20:54:37Z,132.24846064814815,CLOSED,0
joblib/joblib,672,2018-05-01T21:41:13Z,2019-05-29T12:37:08Z,392.62216435185184,CLOSED,1
joblib/joblib,335,2016-04-08T08:50:47Z,,,OPEN,3
joblib/joblib,863,2019-04-03T09:33:36Z,,,OPEN,3
joblib/joblib,810,2018-11-15T11:03:18Z,,,OPEN,7
joblib/joblib,117,2014-02-19T08:34:35Z,2014-02-19T17:58:04Z,0.39130787037037035,CLOSED,3
joblib/joblib,780,2018-09-29T17:38:41Z,2018-11-19T21:32:21Z,51.162268518518516,CLOSED,20
joblib/joblib,187,2015-02-17T01:35:48Z,,,OPEN,5
joblib/joblib,737,2018-08-08T01:09:49Z,2018-08-17T14:03:39Z,9.537384259259259,CLOSED,3
joblib/joblib,747,2018-08-14T18:20:05Z,2018-08-22T11:38:35Z,7.721180555555556,CLOSED,4
joblib/joblib,643,2018-03-13T10:10:20Z,2018-08-04T09:51:42Z,143.9870601851852,CLOSED,15
joblib/joblib,168,2014-09-17T16:27:16Z,2018-07-25T15:54:23Z,1406.9771643518518,CLOSED,4
joblib/joblib,334,2016-04-04T12:44:09Z,,,OPEN,11
joblib/joblib,707,2018-06-27T08:08:46Z,2018-07-02T07:29:15Z,4.972557870370371,CLOSED,6
joblib/joblib,688,2018-05-31T20:40:15Z,2018-06-21T12:08:55Z,20.64490740740741,CLOSED,1
joblib/joblib,629,2018-02-06T13:43:34Z,2018-02-27T11:02:26Z,20.88810185185185,CLOSED,10
joblib/joblib,604,2018-01-24T18:23:25Z,2018-01-26T10:28:55Z,1.6704861111111111,CLOSED,1
joblib/joblib,436,2016-12-01T23:31:59Z,2018-01-26T09:35:30Z,420.4191087962963,CLOSED,8
joblib/joblib,533,2017-06-25T11:22:28Z,2017-10-13T08:49:44Z,109.89393518518519,CLOSED,6
joblib/joblib,540,2017-08-10T14:30:50Z,2017-08-11T11:12:05Z,0.8619791666666666,CLOSED,2
joblib/joblib,490,2017-02-03T07:38:44Z,2017-02-14T12:36:38Z,11.206875,CLOSED,0
joblib/joblib,420,2016-11-02T08:56:04Z,2016-12-15T14:42:15Z,43.240405092592596,CLOSED,2
joblib/joblib,403,2016-09-30T01:19:19Z,2016-10-03T11:35:37Z,3.427986111111111,CLOSED,5
joblib/joblib,394,2016-09-12T08:01:05Z,2016-09-15T14:29:10Z,3.269502314814815,CLOSED,6
joblib/joblib,101,2013-12-17T14:43:13Z,2016-08-01T08:05:41Z,957.7239351851852,CLOSED,13
joblib/joblib,362,2016-06-12T14:37:13Z,2016-06-22T14:09:12Z,9.980543981481482,CLOSED,7
joblib/joblib,347,2016-05-10T09:34:07Z,2016-05-11T16:37:15Z,1.2938425925925925,CLOSED,7
joblib/joblib,280,2015-12-01T08:48:47Z,2016-05-10T21:44:25Z,161.53863425925925,CLOSED,6
joblib/joblib,220,2015-06-23T12:34:40Z,2015-11-02T17:01:58Z,132.185625,CLOSED,3
joblib/joblib,254,2015-10-14T06:53:37Z,2016-01-14T14:02:27Z,92.29780092592593,CLOSED,4
joblib/joblib,182,2015-01-26T16:36:29Z,2016-01-13T14:49:32Z,351.92572916666666,CLOSED,0
joblib/joblib,295,2016-01-13T08:23:39Z,2016-01-13T10:30:13Z,0.08789351851851852,CLOSED,2
joblib/joblib,292,2016-01-04T21:13:31Z,2016-01-06T09:58:04Z,1.5309375,CLOSED,10
joblib/joblib,274,2015-11-18T14:28:27Z,2015-11-26T11:49:43Z,7.889768518518519,CLOSED,3
joblib/joblib,250,2015-10-07T10:25:05Z,2015-10-07T14:38:28Z,0.17596064814814816,CLOSED,1
joblib/joblib,244,2015-09-25T12:49:30Z,2015-09-29T11:22:40Z,3.939699074074074,CLOSED,0
joblib/joblib,200,2015-03-30T13:35:31Z,2015-09-25T11:44:32Z,178.92292824074073,CLOSED,1
joblib/joblib,231,2015-08-26T02:24:58Z,2015-09-07T17:54:53Z,12.645775462962963,CLOSED,11
joblib/joblib,198,2015-03-20T21:08:21Z,,,OPEN,2
joblib/joblib,146,2014-06-10T12:23:56Z,2014-07-13T15:58:03Z,33.14869212962963,CLOSED,5
joblib/joblib,145,2014-06-09T10:41:26Z,,,OPEN,1
joblib/joblib,116,2014-02-17T17:33:10Z,2014-05-11T14:53:46Z,82.88930555555555,CLOSED,7
joblib/joblib,108,2014-01-15T15:03:27Z,2014-01-15T15:54:13Z,0.03525462962962963,CLOSED,8
joblib/joblib,72,2013-07-18T08:47:46Z,2014-01-13T09:48:50Z,179.0424074074074,CLOSED,3
joblib/joblib,98,2013-12-09T15:11:24Z,2013-12-19T18:36:19Z,10.142303240740741,CLOSED,1
joblib/joblib,96,2013-12-08T00:21:19Z,2013-12-17T15:03:32Z,9.612650462962963,CLOSED,1
joblib/joblib,94,2013-12-05T18:40:12Z,2013-12-11T14:50:56Z,5.840787037037037,CLOSED,0
joblib/joblib,97,2013-12-09T15:05:51Z,2013-12-10T15:13:28Z,1.0052893518518518,CLOSED,0
uqfoundation/dill,344,2019-10-16T18:12:03Z,2022-01-27T21:47:13Z,834.1494212962963,CLOSED,4
uqfoundation/dill,525,2022-07-10T15:24:37Z,,,OPEN,11
uqfoundation/dill,300,2019-02-02T04:13:27Z,2022-01-27T21:47:13Z,1090.7317824074073,CLOSED,21
uqfoundation/dill,603,2023-07-12T11:01:03Z,2024-07-09T23:29:56Z,363.52005787037035,CLOSED,0
uqfoundation/dill,674,2024-09-09T04:43:49Z,2024-09-10T22:43:35Z,1.749837962962963,CLOSED,0
uqfoundation/dill,633,2023-12-07T14:37:40Z,2024-07-10T00:59:59Z,215.43216435185184,CLOSED,2
uqfoundation/dill,221,2017-03-29T15:39:53Z,2024-07-10T00:58:42Z,2659.3880671296297,CLOSED,3
uqfoundation/dill,648,2024-02-21T09:11:54Z,2024-02-24T05:44:26Z,2.8559259259259258,CLOSED,5
uqfoundation/dill,604,2023-07-13T14:12:42Z,2024-01-14T18:51:07Z,185.1933449074074,CLOSED,0
uqfoundation/dill,628,2023-11-02T09:40:52Z,2024-01-14T18:51:06Z,73.38210648148149,CLOSED,2
uqfoundation/dill,635,2023-12-20T10:37:06Z,2023-12-22T06:28:26Z,1.8273148148148148,CLOSED,3
uqfoundation/dill,612,2023-08-17T21:46:58Z,2023-08-19T21:20:21Z,1.9815162037037037,CLOSED,3
uqfoundation/dill,626,2023-10-23T20:27:35Z,,,OPEN,3
uqfoundation/dill,617,2023-09-03T07:47:00Z,,,OPEN,3
uqfoundation/dill,597,2023-05-27T21:53:22Z,2023-05-29T00:26:37Z,1.1064236111111112,CLOSED,0
uqfoundation/dill,582,2023-03-16T06:22:44Z,2023-03-21T19:21:00Z,5.540462962962963,CLOSED,3
uqfoundation/dill,566,2022-12-14T19:02:53Z,2022-12-15T00:45:13Z,0.2377314814814815,CLOSED,1
uqfoundation/dill,159,2016-02-23T22:20:01Z,2022-10-22T14:59:42Z,2432.694224537037,CLOSED,3
uqfoundation/dill,540,2022-08-10T16:53:11Z,2022-08-11T23:01:08Z,1.2555208333333334,CLOSED,10
uqfoundation/dill,500,2022-06-05T14:44:37Z,2022-07-23T18:38:57Z,48.16273148148148,CLOSED,11
uqfoundation/dill,498,2022-06-03T23:55:09Z,2022-07-10T02:30:37Z,36.107962962962965,CLOSED,3
uqfoundation/dill,518,2022-06-25T21:49:39Z,2022-06-26T00:44:52Z,0.12167824074074074,CLOSED,0
uqfoundation/dill,411,2021-05-13T14:17:26Z,2022-06-06T09:21:54Z,388.79476851851854,CLOSED,1
uqfoundation/dill,512,2022-06-18T03:32:11Z,,,OPEN,5
uqfoundation/dill,510,2022-06-15T10:47:16Z,2022-06-16T09:52:32Z,0.9619907407407408,CLOSED,1
uqfoundation/dill,482,2022-05-21T22:26:23Z,2022-06-06T09:21:54Z,15.455219907407407,CLOSED,5
uqfoundation/dill,488,2022-05-29T20:49:42Z,2022-06-02T09:59:20Z,3.5483564814814814,CLOSED,14
uqfoundation/dill,478,2022-05-20T02:07:03Z,2022-05-20T11:10:07Z,0.37712962962962965,CLOSED,10
uqfoundation/dill,399,2021-01-11T11:59:27Z,2022-01-27T21:47:13Z,381.4081712962963,CLOSED,2
uqfoundation/dill,288,2018-11-12T17:54:58Z,2022-04-21T23:55:44Z,1256.2505324074075,CLOSED,0
uqfoundation/dill,239,2017-08-31T12:55:39Z,2022-01-27T21:47:12Z,1610.3691319444445,CLOSED,0
uqfoundation/dill,467,2022-04-30T19:33:06Z,2022-05-01T00:48:57Z,0.2193402777777778,CLOSED,7
uqfoundation/dill,462,2022-04-13T23:51:45Z,2022-05-01T00:24:03Z,17.022430555555555,CLOSED,18
uqfoundation/dill,211,2017-02-06T12:57:15Z,2022-04-27T23:43:01Z,1906.448449074074,CLOSED,4
uqfoundation/dill,417,2021-07-08T04:58:43Z,2021-07-13T12:04:19Z,5.295555555555556,CLOSED,11
uqfoundation/dill,458,2022-03-17T21:51:46Z,2022-04-22T19:15:40Z,35.891597222222224,CLOSED,5
uqfoundation/dill,441,2021-12-02T16:57:38Z,2021-12-03T00:17:45Z,0.3056365740740741,CLOSED,6
uqfoundation/dill,440,2021-12-01T17:12:18Z,2021-12-02T16:05:46Z,0.9537962962962963,CLOSED,1
uqfoundation/dill,432,2021-10-09T18:42:34Z,2021-10-11T20:25:03Z,2.0711689814814815,CLOSED,6
uqfoundation/dill,361,2020-04-22T09:12:25Z,2021-02-26T17:30:20Z,310.345775462963,CLOSED,3
uqfoundation/dill,219,2017-03-29T10:58:09Z,2021-05-28T17:03:10Z,1521.2534837962962,CLOSED,11
uqfoundation/dill,172,2016-06-23T23:37:01Z,2021-06-12T16:37:56Z,1814.7089699074074,CLOSED,1
uqfoundation/dill,323,2019-06-30T15:41:00Z,2020-04-26T12:13:47Z,300.85609953703704,CLOSED,7
uqfoundation/dill,312,2019-05-06T13:12:00Z,2019-09-10T04:54:53Z,126.65478009259259,CLOSED,4
uqfoundation/dill,75,2015-01-22T11:48:36Z,2017-02-06T11:57:50Z,746.0064120370371,CLOSED,43
uqfoundation/dill,327,2019-07-19T19:07:24Z,2019-07-20T15:06:51Z,0.8329513888888889,CLOSED,2
uqfoundation/dill,69,2014-11-27T02:35:41Z,,,OPEN,4
uqfoundation/dill,268,2018-06-22T18:31:28Z,2018-06-22T21:51:06Z,0.13863425925925926,CLOSED,16
uqfoundation/dill,313,2019-05-07T09:15:35Z,,,OPEN,1
uqfoundation/dill,261,2018-04-13T13:21:47Z,2018-11-20T13:45:38Z,221.0165625,CLOSED,7
uqfoundation/dill,293,2018-11-18T09:14:55Z,2018-11-22T00:03:43Z,3.6172222222222223,CLOSED,7
uqfoundation/dill,276,2018-07-25T08:52:08Z,2018-07-26T03:51:56Z,0.7915277777777778,CLOSED,1
uqfoundation/dill,155,2016-02-15T14:58:47Z,,,OPEN,11
uqfoundation/dill,266,2018-06-05T07:58:14Z,,,OPEN,4
uqfoundation/dill,242,2017-10-30T14:23:45Z,,,OPEN,2
uqfoundation/dill,234,2017-07-13T07:59:52Z,2017-07-13T16:33:07Z,0.3564236111111111,CLOSED,9
uqfoundation/dill,232,2017-07-10T18:03:39Z,2017-07-13T17:36:53Z,2.981412037037037,CLOSED,7
uqfoundation/dill,129,2015-09-02T23:12:37Z,2017-02-06T12:55:21Z,522.5713425925926,CLOSED,5
uqfoundation/dill,222,2017-03-30T15:20:44Z,,,OPEN,3
uqfoundation/dill,175,2016-06-30T14:06:12Z,2017-01-17T15:56:24Z,201.07652777777778,CLOSED,12
uqfoundation/dill,163,2016-04-18T15:07:05Z,2017-01-28T19:04:51Z,285.16511574074076,CLOSED,5
uqfoundation/dill,132,2015-10-05T20:12:57Z,2017-01-23T14:13:33Z,475.7504166666667,CLOSED,2
uqfoundation/dill,184,2016-09-07T21:43:13Z,2017-01-31T17:42:25Z,145.83277777777778,CLOSED,1
uqfoundation/dill,154,2016-02-12T16:14:01Z,,,OPEN,0
uqfoundation/dill,152,2016-02-02T20:26:27Z,2016-02-03T01:49:11Z,0.22412037037037036,CLOSED,4
uqfoundation/dill,143,2015-12-23T21:23:20Z,2015-12-24T02:44:13Z,0.22283564814814816,CLOSED,3
uqfoundation/dill,141,2015-12-13T10:58:44Z,2015-12-16T14:10:17Z,3.133020833333333,CLOSED,6
uqfoundation/dill,121,2015-08-02T17:28:43Z,2015-08-02T18:53:50Z,0.0591087962962963,CLOSED,7
uqfoundation/dill,120,2015-07-30T23:35:52Z,2015-08-01T00:47:10Z,1.0495138888888889,CLOSED,7
uqfoundation/dill,119,2015-07-30T21:23:50Z,2015-08-01T00:59:02Z,1.1494444444444445,CLOSED,1
uqfoundation/dill,105,2015-06-03T03:19:12Z,2015-08-02T17:27:10Z,60.588865740740744,CLOSED,28
uqfoundation/dill,117,2015-07-30T14:41:45Z,2015-07-30T16:25:43Z,0.07219907407407407,CLOSED,3
uqfoundation/dill,112,2015-06-26T04:41:25Z,,,OPEN,0
uqfoundation/dill,111,2015-06-26T04:13:15Z,,,OPEN,0
uqfoundation/dill,107,2015-06-13T14:50:45Z,2015-06-13T14:53:45Z,0.0020833333333333333,CLOSED,1
uqfoundation/dill,100,2015-05-27T17:49:59Z,2015-05-29T17:10:01Z,1.9722453703703704,CLOSED,10
uqfoundation/dill,76,2015-01-22T15:49:17Z,,,OPEN,1
uqfoundation/dill,31,2014-04-07T02:38:43Z,2014-04-22T17:54:27Z,15.635925925925926,CLOSED,1
uqfoundation/dill,40,2014-05-23T14:26:53Z,2014-05-23T18:13:09Z,0.15712962962962962,CLOSED,6
uqfoundation/dill,15,2013-11-14T17:42:32Z,2013-11-25T15:17:39Z,10.899386574074073,CLOSED,15
uqfoundation/dill,38,2014-05-12T21:55:58Z,2014-05-14T20:48:29Z,1.953136574074074,CLOSED,1
uqfoundation/dill,36,2014-05-09T20:39:41Z,2014-05-11T22:51:58Z,2.091863425925926,CLOSED,1
uqfoundation/dill,27,2014-03-31T16:23:20Z,2014-04-01T16:54:33Z,1.0216782407407408,CLOSED,14
uqfoundation/dill,30,2014-04-05T19:46:47Z,2014-04-22T18:00:36Z,16.926261574074076,CLOSED,2
uqfoundation/dill,21,2014-01-28T01:58:05Z,2014-04-22T17:59:04Z,84.66734953703704,CLOSED,1
uqfoundation/dill,23,2014-02-13T16:48:01Z,2014-03-04T12:53:26Z,18.83709490740741,CLOSED,4
uqfoundation/dill,16,2013-11-15T22:33:20Z,2014-01-26T23:02:18Z,72.02011574074074,CLOSED,4
uqfoundation/dill,12,2013-11-08T06:09:08Z,2013-11-08T06:11:15Z,0.0014699074074074074,CLOSED,3
uqfoundation/dill,14,2013-11-12T10:46:02Z,2013-11-12T13:49:34Z,0.1274537037037037,CLOSED,4
jd/tenacity,250,2020-09-03T03:52:00Z,2026-01-17T16:56:05Z,1962.5445023148147,CLOSED,3
jd/tenacity,186,2019-07-30T15:11:37Z,2024-06-14T05:52:15Z,1780.611550925926,CLOSED,2
jd/tenacity,233,2020-05-15T06:01:01Z,2021-03-03T16:59:24Z,292.45721064814813,CLOSED,4
jd/tenacity,224,2020-04-09T10:29:05Z,2020-11-02T16:12:59Z,207.23881944444443,CLOSED,2
jd/tenacity,181,2019-07-17T14:23:29Z,2019-11-05T14:40:19Z,111.01168981481482,CLOSED,2
jd/tenacity,163,2019-04-06T19:51:03Z,2019-04-08T15:16:23Z,1.8092592592592593,CLOSED,2
jd/tenacity,139,2018-08-17T15:49:16Z,2018-08-20T13:35:15Z,2.9069328703703703,CLOSED,2
jd/tenacity,45,2017-01-04T12:44:28Z,2017-01-04T15:26:45Z,0.11269675925925926,CLOSED,2
hynek/stamina,115,2025-08-18T17:24:03Z,2025-11-09T17:55:38Z,83.02193287037036,CLOSED,1
hynek/stamina,104,2025-04-21T16:13:59Z,2025-11-09T12:28:44Z,201.8435763888889,CLOSED,1
hynek/stamina,98,2025-03-10T17:44:56Z,2025-03-12T09:41:10Z,1.664050925925926,CLOSED,3
hynek/stamina,60,2024-03-27T19:28:14Z,2024-03-28T14:07:24Z,0.7771990740740741,CLOSED,2
hynek/stamina,55,2024-01-05T02:49:11Z,2024-01-14T12:03:07Z,9.384675925925926,CLOSED,4
hynek/stamina,53,2024-01-03T11:22:58Z,2024-01-03T15:02:06Z,0.15217592592592594,CLOSED,2
hynek/stamina,31,2023-09-07T01:39:45Z,2023-10-21T14:45:02Z,44.545335648148146,CLOSED,3
grantjenks/python-diskcache,2,2016-03-10T19:24:58Z,2016-09-12T19:02:22Z,185.98430555555555,CLOSED,1
grantjenks/python-diskcache,1,2016-03-03T00:47:07Z,2016-09-12T19:02:13Z,193.7604861111111,CLOSED,6
grantjenks/python-diskcache,3,2016-03-21T19:43:04Z,2016-09-12T19:01:58Z,174.97145833333335,CLOSED,2
tkem/cachetools,381,2026-01-15T21:55:06Z,2026-01-16T10:33:36Z,0.5267361111111111,CLOSED,3
tkem/cachetools,375,2025-12-15T16:33:10Z,2025-12-15T18:29:05Z,0.08049768518518519,CLOSED,4
tkem/cachetools,368,2025-10-18T06:50:09Z,2025-10-20T15:05:56Z,2.3442939814814814,CLOSED,5
tkem/cachetools,352,2025-05-28T06:09:56Z,2025-06-02T10:14:03Z,5.169525462962963,CLOSED,2
tkem/cachetools,326,2024-11-03T13:11:06Z,2025-04-08T19:03:54Z,156.245,CLOSED,5
tkem/cachetools,238,2022-01-04T12:09:50Z,2022-03-06T09:47:45Z,60.90133101851852,CLOSED,5
tkem/cachetools,327,2025-01-12T18:37:13Z,2025-01-26T19:46:12Z,14.047905092592593,CLOSED,1
tkem/cachetools,323,2024-08-21T19:30:24Z,2024-08-21T20:49:29Z,0.05491898148148148,CLOSED,3
tkem/cachetools,314,2024-05-09T07:01:31Z,2024-06-25T08:54:38Z,47.07855324074074,CLOSED,2
tkem/cachetools,307,2024-03-08T13:04:57Z,2024-04-01T18:46:07Z,24.236921296296295,CLOSED,1
tkem/cachetools,303,2024-02-27T05:15:04Z,2024-02-27T06:08:06Z,0.036828703703703704,CLOSED,0
tkem/cachetools,290,2023-10-03T16:08:20Z,2023-10-24T17:08:37Z,21.041863425925925,CLOSED,1
tkem/cachetools,288,2023-09-28T10:13:03Z,2023-10-24T17:05:57Z,26.28673611111111,CLOSED,1
tkem/cachetools,279,2023-08-08T19:26:59Z,2023-09-19T06:52:02Z,41.47572916666667,CLOSED,4
tkem/cachetools,271,2023-05-16T18:48:00Z,2023-08-02T19:25:25Z,78.0259837962963,CLOSED,3
tkem/cachetools,274,2023-07-04T13:27:51Z,2023-07-09T20:44:23Z,5.303148148148148,CLOSED,3
tkem/cachetools,273,2023-06-15T23:59:15Z,2023-06-16T00:05:29Z,0.0043287037037037035,CLOSED,1
tkem/cachetools,269,2023-04-30T16:37:56Z,2023-05-16T05:52:28Z,15.55175925925926,CLOSED,1
tkem/cachetools,262,2023-03-17T08:02:41Z,2023-03-17T08:40:15Z,0.026087962962962962,CLOSED,2
tkem/cachetools,255,2023-01-11T20:23:23Z,2023-03-12T19:16:46Z,59.95373842592593,CLOSED,1
tkem/cachetools,258,2023-03-04T21:03:12Z,2023-03-12T19:16:27Z,7.925868055555555,CLOSED,1
tkem/cachetools,254,2023-01-10T01:26:42Z,2023-01-10T08:13:42Z,0.2826388888888889,CLOSED,1
tkem/cachetools,252,2023-01-08T19:45:10Z,2023-01-08T20:34:08Z,0.03400462962962963,CLOSED,0
tkem/cachetools,251,2022-11-09T16:10:29Z,2023-01-08T20:34:08Z,60.18309027777778,CLOSED,0
tkem/cachetools,248,2022-09-01T15:00:02Z,2022-09-02T10:52:33Z,0.828136574074074,CLOSED,4
tkem/cachetools,245,2022-07-05T13:29:55Z,2022-07-10T19:22:25Z,5.244791666666667,CLOSED,9
tkem/cachetools,243,2022-06-28T10:16:04Z,2022-06-28T10:24:11Z,0.005636574074074074,CLOSED,1
tkem/cachetools,242,2022-05-17T17:33:29Z,2022-05-29T20:47:06Z,12.134456018518518,CLOSED,9
tkem/cachetools,130,2019-05-15T12:39:11Z,2019-05-20T19:55:01Z,5.302662037037037,CLOSED,4
tkem/cachetools,107,2018-08-08T19:55:12Z,2018-11-04T17:37:38Z,87.9044675925926,CLOSED,12
tkem/cachetools,99,2018-06-03T17:36:26Z,2018-06-14T08:15:37Z,10.61054398148148,CLOSED,0
tkem/cachetools,94,2018-05-11T20:51:56Z,2018-05-12T13:01:04Z,0.6730092592592593,CLOSED,0
tkem/cachetools,85,2017-07-30T09:45:48Z,2017-08-11T16:12:49Z,12.268761574074073,CLOSED,3
tkem/cachetools,63,2016-03-28T06:04:45Z,2016-04-01T10:07:03Z,4.168263888888889,CLOSED,2
tkem/cachetools,60,2016-02-20T09:15:02Z,2016-04-01T10:07:03Z,41.036122685185184,CLOSED,0
tkem/cachetools,42,2015-06-23T06:24:37Z,2015-06-26T06:14:23Z,2.9928935185185184,CLOSED,0
tkem/cachetools,29,2014-12-10T05:41:35Z,2014-12-15T18:30:18Z,5.533831018518518,CLOSED,1
tkem/cachetools,25,2014-11-14T05:18:06Z,2014-11-22T20:21:15Z,8.6271875,CLOSED,0
tkem/cachetools,12,2014-09-25T13:36:01Z,2014-09-25T16:08:33Z,0.10592592592592592,CLOSED,1
tkem/cachetools,7,2014-09-20T05:37:04Z,2014-09-23T16:58:54Z,3.47349537037037,CLOSED,0
tkem/cachetools,2,2014-05-07T06:27:46Z,2014-05-07T16:29:19Z,0.4177430555555556,CLOSED,0
tkem/cachetools,1,2014-05-07T06:25:39Z,2014-05-07T16:29:19Z,0.41921296296296295,CLOSED,0
sqlalchemy/dogpile.cache,263,2025-01-28T10:33:41Z,2025-01-28T13:41:17Z,0.13027777777777777,CLOSED,9
sqlalchemy/dogpile.cache,240,2023-05-23T07:31:05Z,2023-07-08T20:58:58Z,46.561030092592596,CLOSED,6
sqlalchemy/dogpile.cache,238,2023-05-20T08:03:32Z,2023-05-20T15:56:29Z,0.3284375,CLOSED,2
sqlalchemy/dogpile.cache,220,2022-06-08T00:31:09Z,2022-06-10T13:50:43Z,2.5552546296296295,CLOSED,11
sqlalchemy/dogpile.cache,24,2013-03-13T02:53:38Z,,,OPEN,10
sqlalchemy/dogpile.cache,208,2021-08-14T06:47:11Z,,,OPEN,3
sqlalchemy/dogpile.cache,202,2021-05-20T13:15:13Z,2021-05-20T19:02:33Z,0.2412037037037037,CLOSED,3
sqlalchemy/dogpile.cache,195,2020-11-20T18:26:21Z,2020-11-20T21:01:08Z,0.10748842592592593,CLOSED,11
sqlalchemy/dogpile.cache,118,2017-11-28T17:22:56Z,2020-11-05T03:07:22Z,1072.4058564814816,CLOSED,2
sqlalchemy/dogpile.cache,59,2014-02-22T10:35:59Z,2020-11-05T03:07:22Z,2447.688460648148,CLOSED,2
sqlalchemy/dogpile.cache,2,2012-04-09T19:54:40Z,2020-11-05T02:52:30Z,3131.290162037037,CLOSED,0
sqlalchemy/dogpile.cache,68,2014-10-20T04:41:57Z,2020-11-03T20:28:24Z,2206.6572569444443,CLOSED,6
sqlalchemy/dogpile.cache,90,2016-01-12T00:51:37Z,2020-11-03T20:22:13Z,1757.8129166666668,CLOSED,4
sqlalchemy/dogpile.cache,132,2018-10-19T16:00:34Z,2020-11-03T20:20:41Z,746.1806365740741,CLOSED,4
sqlalchemy/dogpile.cache,182,2020-07-09T21:38:43Z,,,OPEN,5
sqlalchemy/dogpile.cache,160,2019-08-14T10:47:09Z,2019-08-14T12:56:30Z,0.08982638888888889,CLOSED,3
sqlalchemy/dogpile.cache,154,2019-05-16T18:33:11Z,2019-05-30T17:09:31Z,13.941898148148148,CLOSED,6
sqlalchemy/dogpile.cache,144,2019-02-26T17:50:03Z,2019-02-28T15:13:16Z,1.8911226851851852,CLOSED,9
sqlalchemy/dogpile.cache,140,2018-12-14T03:13:39Z,2018-12-18T19:46:25Z,4.689421296296296,CLOSED,8
sqlalchemy/dogpile.cache,137,2018-12-03T21:47:44Z,2018-12-08T14:13:08Z,4.6843055555555555,CLOSED,1
sqlalchemy/dogpile.cache,129,2018-08-24T17:35:05Z,2018-12-08T00:07:42Z,105.27265046296296,CLOSED,5
sqlalchemy/dogpile.cache,94,2016-03-11T16:03:47Z,,,OPEN,4
sqlalchemy/dogpile.cache,104,2016-07-28T00:26:44Z,,,OPEN,7
sqlalchemy/dogpile.cache,96,2016-04-12T17:13:04Z,,,OPEN,17
sqlalchemy/dogpile.cache,95,2016-03-11T16:08:26Z,,,OPEN,9
sqlalchemy/dogpile.cache,133,2018-11-15T23:25:36Z,2018-11-16T01:01:05Z,0.06630787037037036,CLOSED,4
sqlalchemy/dogpile.cache,117,2017-07-13T13:09:13Z,2018-11-16T00:55:25Z,490.49041666666665,CLOSED,3
sqlalchemy/dogpile.cache,128,2018-07-26T20:15:53Z,2018-07-27T02:31:35Z,0.26090277777777776,CLOSED,11
sqlalchemy/dogpile.cache,79,2015-08-04T05:32:07Z,2015-08-04T10:25:18Z,0.20359953703703704,CLOSED,5
sqlalchemy/dogpile.cache,122,2018-05-05T06:08:16Z,2018-06-25T13:55:27Z,51.32443287037037,CLOSED,10
sqlalchemy/dogpile.cache,119,2018-03-05T00:11:05Z,2018-03-05T17:44:51Z,0.7317824074074074,CLOSED,2
sqlalchemy/dogpile.cache,116,2017-07-04T07:35:59Z,2017-07-04T14:22:25Z,0.2822453703703704,CLOSED,3
sqlalchemy/dogpile.cache,114,2017-06-23T18:43:24Z,2017-06-28T15:28:46Z,4.864837962962963,CLOSED,5
sqlalchemy/dogpile.cache,113,2017-05-13T20:17:27Z,2017-05-15T03:02:40Z,1.281400462962963,CLOSED,2
sqlalchemy/dogpile.cache,111,2017-04-13T21:47:13Z,2017-04-13T22:34:59Z,0.033171296296296296,CLOSED,6
sqlalchemy/dogpile.cache,108,2016-12-25T03:26:11Z,2017-01-13T20:34:23Z,19.714027777777776,CLOSED,6
sqlalchemy/dogpile.cache,107,2016-12-24T00:29:32Z,,,OPEN,2
sqlalchemy/dogpile.cache,106,2016-12-18T08:12:28Z,2016-12-19T15:17:57Z,1.295474537037037,CLOSED,4
sqlalchemy/dogpile.cache,86,2015-10-20T18:09:05Z,2016-08-03T16:24:44Z,287.9275347222222,CLOSED,3
sqlalchemy/dogpile.cache,87,2015-10-20T19:38:05Z,2016-08-02T19:41:44Z,287.0025347222222,CLOSED,5
sqlalchemy/dogpile.cache,103,2016-07-18T15:45:52Z,2016-07-18T18:27:09Z,0.11200231481481482,CLOSED,7
sqlalchemy/dogpile.cache,38,2013-07-12T18:41:30Z,2016-07-05T22:26:39Z,1089.1563541666667,CLOSED,33
sqlalchemy/dogpile.cache,98,2016-06-06T15:47:40Z,2016-06-07T20:13:43Z,1.1847569444444443,CLOSED,5
sqlalchemy/dogpile.cache,99,2016-06-06T19:33:04Z,2016-06-06T22:45:08Z,0.13337962962962963,CLOSED,3
sqlalchemy/dogpile.cache,97,2016-05-26T07:54:05Z,2016-05-26T22:47:26Z,0.6203819444444445,CLOSED,3
sqlalchemy/dogpile.cache,23,2013-02-22T15:59:39Z,,,OPEN,8
sqlalchemy/dogpile.cache,88,2015-11-03T10:11:30Z,2015-11-03T22:34:05Z,0.5156828703703704,CLOSED,3
sqlalchemy/dogpile.cache,85,2015-10-20T18:05:17Z,,,OPEN,0
sqlalchemy/dogpile.cache,84,2015-10-20T17:07:13Z,2015-10-20T17:26:16Z,0.013229166666666667,CLOSED,2
sqlalchemy/dogpile.cache,83,2015-10-17T03:43:41Z,2015-10-19T20:29:47Z,2.6986805555555557,CLOSED,4
sqlalchemy/dogpile.cache,54,2013-12-16T23:16:58Z,2015-10-19T20:26:57Z,671.8819328703704,CLOSED,9
sqlalchemy/dogpile.cache,74,2015-02-24T14:01:55Z,2015-02-24T18:35:01Z,0.18965277777777778,CLOSED,2
sqlalchemy/dogpile.cache,71,2015-01-21T08:57:33Z,2015-01-21T23:06:36Z,0.5896180555555556,CLOSED,4
sqlalchemy/dogpile.cache,41,2013-09-11T16:40:15Z,2014-12-05T22:14:17Z,450.2319675925926,CLOSED,4
sqlalchemy/dogpile.cache,64,2014-07-01T21:54:16Z,,,OPEN,8
sqlalchemy/dogpile.cache,58,2014-01-12T23:25:13Z,2014-06-13T17:50:29Z,151.7675462962963,CLOSED,3
sqlalchemy/dogpile.cache,57,2014-01-09T20:54:25Z,2014-01-16T17:38:24Z,6.863877314814815,CLOSED,4
sqlalchemy/dogpile.cache,53,2013-12-16T08:59:08Z,2013-12-16T15:12:21Z,0.25917824074074075,CLOSED,3
sqlalchemy/dogpile.cache,49,2013-11-22T21:27:34Z,2013-11-22T21:34:42Z,0.004953703703703704,CLOSED,5
sqlalchemy/dogpile.cache,46,2013-11-06T20:21:05Z,2013-11-08T02:01:49Z,1.2366203703703704,CLOSED,6
sqlalchemy/dogpile.cache,39,2013-08-14T20:27:43Z,2013-08-17T04:04:04Z,2.3169097222222224,CLOSED,4
sqlalchemy/dogpile.cache,27,2013-04-14T11:05:20Z,2013-04-19T16:50:52Z,5.239953703703704,CLOSED,7
sqlalchemy/dogpile.cache,31,2013-05-08T02:30:41Z,,,OPEN,1
sqlalchemy/dogpile.cache,26,2013-04-12T21:28:21Z,2013-04-27T23:31:31Z,15.085532407407408,CLOSED,11
sqlalchemy/dogpile.cache,15,2012-12-10T19:12:07Z,2012-12-10T20:03:44Z,0.03584490740740741,CLOSED,2
sqlalchemy/dogpile.cache,12,2012-12-10T09:05:03Z,2012-12-10T20:03:30Z,0.4572569444444444,CLOSED,13
sqlalchemy/dogpile.cache,8,2012-06-14T17:09:20Z,2012-06-14T17:26:42Z,0.012060185185185186,CLOSED,4
sqlalchemy/dogpile.cache,6,2012-05-21T18:36:07Z,2012-05-21T19:03:09Z,0.018773148148148146,CLOSED,5
sqlalchemy/dogpile.cache,5,2012-05-02T16:18:14Z,2012-05-06T18:10:31Z,4.077974537037037,CLOSED,6
sqlalchemy/dogpile.cache,3,2012-04-23T17:28:55Z,2012-04-23T22:36:43Z,0.21375,CLOSED,5
alisaifee/limits,295,2025-10-24T16:51:28Z,2025-10-25T09:00:04Z,0.6726388888888889,CLOSED,2
alisaifee/limits,277,2025-06-12T22:19:44Z,2025-06-16T09:53:04Z,3.4814814814814814,CLOSED,5
alisaifee/limits,276,2025-05-16T13:30:16Z,2025-05-16T20:58:53Z,0.31153935185185183,CLOSED,5
alisaifee/limits,264,2025-03-20T19:09:26Z,2025-04-23T18:46:30Z,33.98407407407407,CLOSED,4
alisaifee/limits,266,2025-03-29T13:29:43Z,2025-04-16T00:03:32Z,17.44015046296296,CLOSED,2
alisaifee/limits,267,2025-04-01T16:42:36Z,2025-04-07T17:15:41Z,6.022974537037037,CLOSED,3
alisaifee/limits,250,2025-02-16T22:17:33Z,2025-03-06T02:38:39Z,17.181319444444444,CLOSED,2
alisaifee/limits,238,2024-10-24T08:56:22Z,2024-11-30T02:21:19Z,36.725659722222225,CLOSED,1
alisaifee/limits,232,2024-09-20T20:24:01Z,2024-09-20T20:40:59Z,0.011782407407407408,CLOSED,1
alisaifee/limits,200,2024-02-16T00:59:57Z,2024-03-02T18:05:27Z,15.712152777777778,CLOSED,4
alisaifee/limits,189,2023-12-05T10:41:28Z,2023-12-18T22:14:48Z,13.481481481481481,CLOSED,0
alisaifee/limits,175,2023-07-31T17:08:52Z,2023-08-26T03:59:02Z,25.45150462962963,CLOSED,1
alisaifee/limits,171,2023-06-09T09:29:39Z,2023-06-12T04:52:26Z,2.807488425925926,CLOSED,2
alisaifee/limits,153,2023-01-24T04:35:05Z,2023-01-24T16:58:54Z,0.5165393518518518,CLOSED,3
alisaifee/limits,151,2023-01-16T03:44:41Z,2023-01-22T20:03:06Z,6.679456018518518,CLOSED,4
alisaifee/limits,121,2022-04-24T21:22:08Z,2022-04-25T16:09:44Z,0.7830555555555555,CLOSED,3
pyeve/cerberus,568,2021-05-17T14:48:54Z,2023-08-04T09:45:05Z,808.7890162037037,CLOSED,17
pyeve/cerberus,496,2019-06-04T07:39:02Z,2023-07-24T14:45:14Z,1511.2959722222222,CLOSED,2
pyeve/cerberus,432,2018-08-08T12:54:17Z,2023-07-24T10:23:19Z,1810.895162037037,CLOSED,10
pyeve/cerberus,567,2021-04-20T00:10:30Z,2021-05-05T20:41:58Z,15.855185185185185,CLOSED,3
pyeve/cerberus,545,2020-06-05T06:23:05Z,,,OPEN,5
pyeve/cerberus,241,2016-05-26T01:25:05Z,2016-07-23T09:18:15Z,58.32858796296296,CLOSED,7
pyeve/cerberus,524,2020-01-26T10:50:05Z,2020-02-09T15:44:34Z,14.204502314814814,CLOSED,0
pyeve/cerberus,504,2019-07-29T17:54:24Z,2019-08-10T14:55:55Z,11.87605324074074,CLOSED,3
pyeve/cerberus,499,2019-06-20T09:23:43Z,2019-08-10T15:09:25Z,51.240069444444444,CLOSED,1
pyeve/cerberus,505,2019-08-05T13:29:03Z,2019-08-05T15:51:16Z,0.09876157407407407,CLOSED,1
pyeve/cerberus,436,2018-08-22T14:42:46Z,2019-01-27T15:07:14Z,158.01699074074074,CLOSED,2
pyeve/cerberus,297,2017-02-22T18:01:41Z,,,OPEN,9
pyeve/cerberus,363,2018-03-13T14:30:46Z,2018-07-09T17:38:07Z,118.13010416666667,CLOSED,6
pyeve/cerberus,311,2017-04-20T01:22:55Z,2017-05-13T06:58:52Z,23.23329861111111,CLOSED,7
pyeve/cerberus,302,2017-03-23T22:22:15Z,2017-03-25T08:12:54Z,1.4101736111111112,CLOSED,1
pyeve/cerberus,283,2016-11-12T20:20:49Z,2017-01-05T10:27:04Z,53.587673611111114,CLOSED,4
pyeve/cerberus,265,2016-09-11T17:05:08Z,2016-10-27T15:41:38Z,45.94201388888889,CLOSED,6
pyeve/cerberus,251,2016-07-28T10:52:16Z,2016-08-30T08:17:02Z,32.89219907407407,CLOSED,1
pyeve/cerberus,250,2016-07-26T17:50:25Z,2016-08-29T09:19:40Z,33.6453125,CLOSED,5
pyeve/cerberus,222,2016-04-05T22:35:14Z,2016-04-07T05:26:27Z,1.2855671296296296,CLOSED,2
pyeve/cerberus,147,2015-09-17T12:57:06Z,2015-09-23T08:24:43Z,5.810844907407407,CLOSED,7
pyeve/cerberus,138,2015-09-04T16:39:06Z,2015-09-07T06:50:18Z,2.591111111111111,CLOSED,5
mailgun/mailgun-python,17,2025-08-25T15:26:51Z,2025-08-25T15:29:37Z,0.0019212962962962964,CLOSED,0
mailgun/mailgun-python,10,2025-05-25T00:46:57Z,2025-06-24T12:28:19Z,30.487060185185186,CLOSED,3
mailgun/mailgun-python,8,2025-04-18T06:17:44Z,2025-04-18T06:18:30Z,0.0005324074074074074,CLOSED,3
stripe/stripe-python,1344,2024-06-10T15:41:46Z,,,OPEN,6
stripe/stripe-python,1454,2025-02-07T22:22:30Z,,,OPEN,6
stripe/stripe-python,1724,2026-01-21T02:08:14Z,2026-01-21T19:22:33Z,0.718275462962963,CLOSED,1
stripe/stripe-python,1689,2025-12-02T21:35:51Z,2026-01-06T19:21:55Z,34.90699074074074,CLOSED,7
stripe/stripe-python,1651,2025-10-22T11:39:41Z,,,OPEN,3
stripe/stripe-python,1690,2025-12-03T17:50:42Z,2025-12-03T18:09:41Z,0.01318287037037037,CLOSED,3
stripe/stripe-python,1682,2025-11-21T06:27:08Z,2025-11-22T01:08:48Z,0.7789351851851852,CLOSED,2
stripe/stripe-python,1665,2025-11-05T18:32:36Z,2025-11-05T19:10:44Z,0.02648148148148148,CLOSED,1
stripe/stripe-python,1427,2024-11-25T01:42:41Z,2025-10-30T18:59:38Z,339.72010416666666,CLOSED,30
stripe/stripe-python,1616,2025-10-01T03:02:14Z,2025-10-03T21:02:24Z,2.750115740740741,CLOSED,4
stripe/stripe-python,1625,2025-10-02T12:36:18Z,2025-10-03T21:02:05Z,1.351238425925926,CLOSED,1
stripe/stripe-python,1558,2025-08-29T12:36:26Z,2025-10-03T21:01:52Z,35.35099537037037,CLOSED,5
stripe/stripe-python,1562,2025-08-31T18:28:15Z,2025-09-04T14:28:33Z,3.8335416666666666,CLOSED,4
stripe/stripe-python,1559,2025-08-29T20:17:34Z,2025-09-02T17:10:54Z,3.8703703703703702,CLOSED,4
stripe/stripe-python,1516,2025-05-10T03:58:30Z,,,OPEN,2
stripe/stripe-python,1512,2025-05-06T18:41:49Z,2025-05-09T22:07:22Z,3.1427430555555556,CLOSED,1
stripe/stripe-python,1513,2025-05-06T23:43:35Z,2025-05-06T23:49:44Z,0.004270833333333333,CLOSED,11
stripe/stripe-python,1514,2025-05-07T09:56:05Z,2025-05-07T16:02:17Z,0.25430555555555556,CLOSED,1
stripe/stripe-python,874,2022-09-15T22:45:16Z,,,OPEN,9
stripe/stripe-python,1464,2025-03-04T13:52:47Z,2025-03-13T23:52:34Z,9.416516203703704,CLOSED,8
stripe/stripe-python,1459,2025-02-17T08:08:30Z,,,OPEN,5
stripe/stripe-python,1458,2025-02-16T03:18:49Z,2025-02-18T17:06:27Z,2.5747453703703704,CLOSED,7
stripe/stripe-python,1460,2025-02-18T03:35:54Z,2025-02-18T18:17:17Z,0.6120717592592593,CLOSED,1
stripe/stripe-python,1432,2024-12-12T13:50:39Z,2024-12-20T20:59:04Z,8.297511574074074,CLOSED,3
stripe/stripe-python,1437,2024-12-19T06:16:27Z,2024-12-19T23:25:56Z,0.7149189814814815,CLOSED,4
stripe/stripe-python,1428,2024-12-03T20:36:34Z,2024-12-12T04:00:32Z,8.308310185185185,CLOSED,1
stripe/stripe-python,1287,2024-04-01T21:08:49Z,,,OPEN,4
stripe/stripe-python,1227,2024-02-07T10:36:13Z,,,OPEN,20
stripe/stripe-python,1379,2024-08-16T17:04:53Z,2024-08-26T20:46:44Z,10.1540625,CLOSED,2
stripe/stripe-python,1367,2024-07-23T21:06:24Z,2024-07-23T21:58:58Z,0.03650462962962963,CLOSED,0
stripe/stripe-python,1359,2024-07-10T01:03:24Z,2024-07-10T01:12:17Z,0.006168981481481482,CLOSED,2
stripe/stripe-python,1363,2024-07-12T12:56:40Z,2024-07-12T14:42:34Z,0.07354166666666667,CLOSED,1
stripe/stripe-python,1351,2024-06-24T00:49:55Z,2024-06-24T02:28:29Z,0.06844907407407408,CLOSED,2
stripe/stripe-python,1338,2024-05-29T23:56:31Z,2024-05-29T23:59:09Z,0.0018287037037037037,CLOSED,1
stripe/stripe-python,1333,2024-05-19T11:12:20Z,2024-05-19T15:31:40Z,0.18009259259259258,CLOSED,2
stripe/stripe-python,1320,2024-04-30T01:55:06Z,2024-04-30T01:59:25Z,0.0029976851851851853,CLOSED,1
stripe/stripe-python,1303,2024-04-16T13:17:45Z,2024-04-17T21:37:11Z,1.3468287037037037,CLOSED,4
stripe/stripe-python,1298,2024-04-05T16:17:07Z,2024-04-05T22:12:14Z,0.24660879629629628,CLOSED,1
stripe/stripe-python,1263,2024-02-28T14:52:41Z,2024-03-06T17:09:34Z,7.09505787037037,CLOSED,3
stripe/stripe-python,1249,2024-02-23T17:03:18Z,2024-03-01T15:43:10Z,6.944351851851851,CLOSED,3
stripe/stripe-python,1252,2024-02-23T20:19:54Z,2024-02-23T22:48:19Z,0.10306712962962963,CLOSED,2
stripe/stripe-python,1245,2024-02-17T21:14:55Z,2024-02-17T21:58:56Z,0.030567129629629628,CLOSED,1
stripe/stripe-python,1221,2024-02-03T15:29:31Z,2024-02-03T22:42:08Z,0.30042824074074076,CLOSED,3
stripe/stripe-python,1183,2023-12-21T12:24:53Z,2023-12-21T12:36:37Z,0.008148148148148147,CLOSED,1
stripe/stripe-python,1167,2023-12-11T11:56:00Z,2023-12-11T20:20:11Z,0.3501273148148148,CLOSED,1
stripe/stripe-python,1158,2023-12-07T22:19:01Z,2023-12-07T23:53:57Z,0.06592592592592593,CLOSED,2
stripe/stripe-python,1149,2023-11-29T13:08:48Z,,,OPEN,4
stripe/stripe-python,802,2022-04-28T19:17:27Z,,,OPEN,1
stripe/stripe-python,1113,2023-10-31T17:05:35Z,2023-10-31T22:42:57Z,0.2342824074074074,CLOSED,5
stripe/stripe-python,1114,2023-10-31T17:10:40Z,2023-10-31T22:21:26Z,0.2158101851851852,CLOSED,1
stripe/stripe-python,1111,2023-10-30T16:09:32Z,2023-10-30T16:16:54Z,0.005115740740740741,CLOSED,2
stripe/stripe-python,1064,2023-09-28T11:35:45Z,2023-09-29T23:12:11Z,1.4836342592592593,CLOSED,2
stripe/stripe-python,1051,2023-09-14T07:35:51Z,2023-09-14T14:30:36Z,0.28802083333333334,CLOSED,1
stripe/stripe-python,1035,2023-09-04T12:21:43Z,2023-09-05T17:17:42Z,1.2055439814814815,CLOSED,1
stripe/stripe-python,1027,2023-08-25T01:10:58Z,2023-08-25T01:17:50Z,0.004768518518518518,CLOSED,3
stripe/stripe-python,1022,2023-08-23T19:48:04Z,2023-08-23T20:39:39Z,0.03582175925925926,CLOSED,1
stripe/stripe-python,1021,2023-08-21T20:28:16Z,2023-08-21T21:34:54Z,0.04627314814814815,CLOSED,2
stripe/stripe-python,988,2023-07-10T17:11:39Z,2023-07-17T16:53:26Z,6.987349537037037,CLOSED,6
stripe/stripe-python,980,2023-06-15T15:35:44Z,2023-06-15T15:40:37Z,0.0033912037037037036,CLOSED,2
stripe/stripe-python,957,2023-04-12T13:40:06Z,2023-04-19T22:36:18Z,7.372361111111111,CLOSED,6
stripe/stripe-python,956,2023-04-11T01:02:12Z,2023-04-12T16:09:02Z,1.6297453703703704,CLOSED,1
stripe/stripe-python,949,2023-03-26T15:19:07Z,2023-03-26T17:47:15Z,0.10287037037037038,CLOSED,1
stripe/stripe-python,933,2023-02-28T16:24:30Z,2023-03-03T14:45:26Z,2.9312037037037038,CLOSED,1
stripe/stripe-python,925,2023-02-10T10:15:22Z,2023-02-10T16:17:53Z,0.2517476851851852,CLOSED,3
stripe/stripe-python,825,2022-06-16T19:31:41Z,,,OPEN,4
stripe/stripe-python,922,2023-02-06T17:23:31Z,2023-02-06T18:20:13Z,0.039375,CLOSED,8
stripe/stripe-python,908,2022-12-19T19:05:55Z,2022-12-19T19:30:34Z,0.017118055555555556,CLOSED,1
stripe/stripe-python,822,2022-06-15T09:38:36Z,2022-10-14T23:06:24Z,121.56097222222222,CLOSED,4
stripe/stripe-python,880,2022-10-01T09:04:21Z,2022-10-03T14:31:01Z,2.2268518518518516,CLOSED,1
stripe/stripe-python,871,2022-09-03T01:46:06Z,2022-09-13T21:59:47Z,10.842835648148148,CLOSED,2
stripe/stripe-python,876,2022-09-17T10:27:22Z,2022-09-17T15:19:29Z,0.2028587962962963,CLOSED,1
stripe/stripe-python,857,2022-08-08T17:30:24Z,2022-08-08T18:08:45Z,0.026631944444444444,CLOSED,1
stripe/stripe-python,854,2022-08-03T13:41:53Z,2022-08-03T15:19:54Z,0.06806712962962963,CLOSED,2
stripe/stripe-python,853,2022-08-03T05:19:37Z,2022-08-03T05:19:49Z,0.0001388888888888889,CLOSED,0
stripe/stripe-python,849,2022-08-02T22:42:49Z,2022-08-03T05:03:23Z,0.2642824074074074,CLOSED,3
stripe/stripe-python,838,2022-07-11T01:56:06Z,2022-07-11T13:57:06Z,0.5006944444444444,CLOSED,1
stripe/stripe-python,817,2022-05-30T21:26:22Z,2022-05-31T03:28:50Z,0.25171296296296297,CLOSED,4
stripe/stripe-python,819,2022-06-05T01:39:01Z,2022-06-05T05:14:27Z,0.14960648148148148,CLOSED,2
stripe/stripe-python,217,2016-03-23T14:21:55Z,2016-03-24T17:31:14Z,1.1314699074074075,CLOSED,2
stripe/stripe-python,99,2014-08-08T04:19:24Z,2015-10-01T23:29:18Z,419.79854166666667,CLOSED,5
stripe/stripe-python,40,2013-08-21T04:27:14Z,2015-09-30T21:07:41Z,770.6947569444444,CLOSED,5
stripe/stripe-python,111,2014-11-28T18:01:10Z,2015-07-07T19:40:01Z,221.06864583333333,CLOSED,1
oauthlib/oauthlib,913,2025-06-30T12:27:35Z,2025-07-22T21:53:00Z,22.392650462962962,CLOSED,1
oauthlib/oauthlib,906,2025-06-18T17:14:36Z,2025-06-20T05:54:26Z,1.527662037037037,CLOSED,4
oauthlib/oauthlib,745,2020-12-10T19:16:33Z,2025-05-13T07:17:47Z,1614.5008564814814,CLOSED,9
oauthlib/oauthlib,833,2022-09-09T20:28:48Z,2023-08-26T12:35:09Z,350.6710763888889,CLOSED,2
oauthlib/oauthlib,709,2019-11-12T20:58:13Z,2019-11-12T21:44:56Z,0.032442129629629626,CLOSED,0
oauthlib/oauthlib,817,2022-05-19T16:39:35Z,2022-09-10T19:28:57Z,114.11761574074075,CLOSED,0
oauthlib/oauthlib,814,2022-04-23T12:22:13Z,,,OPEN,1
oauthlib/oauthlib,780,2021-10-20T23:28:04Z,2021-11-02T12:03:27Z,12.52457175925926,CLOSED,3
oauthlib/oauthlib,776,2021-09-23T09:34:22Z,,,OPEN,1
oauthlib/oauthlib,755,2021-04-26T08:05:42Z,2021-08-18T09:53:15Z,114.0746875,CLOSED,3
oauthlib/oauthlib,751,2021-03-08T11:12:20Z,2021-08-12T07:11:06Z,156.83247685185185,CLOSED,0
oauthlib/oauthlib,759,2021-05-26T17:59:41Z,2021-05-29T20:03:07Z,3.0857175925925926,CLOSED,0
oauthlib/oauthlib,746,2021-02-01T12:38:46Z,2021-02-12T05:31:49Z,10.703506944444445,CLOSED,0
oauthlib/oauthlib,739,2020-09-26T18:05:54Z,2020-12-14T18:09:04Z,79.00219907407407,CLOSED,1
oauthlib/oauthlib,661,2019-03-06T12:42:59Z,2020-05-10T08:52:34Z,430.8399884259259,CLOSED,1
oauthlib/oauthlib,721,2020-03-24T07:19:11Z,,,OPEN,0
oauthlib/oauthlib,725,2020-04-09T08:47:35Z,2020-04-22T12:09:53Z,13.14048611111111,CLOSED,0
oauthlib/oauthlib,235,2014-02-28T08:15:35Z,,,OPEN,2
oauthlib/oauthlib,666,2019-04-19T13:02:33Z,2019-07-04T07:36:53Z,75.77384259259259,CLOSED,19
oauthlib/oauthlib,695,2019-08-10T12:21:34Z,2019-08-26T10:33:52Z,15.925208333333334,CLOSED,3
oauthlib/oauthlib,641,2019-01-06T06:19:35Z,,,OPEN,2
oauthlib/oauthlib,327,2015-03-03T17:24:31Z,,,OPEN,6
oauthlib/oauthlib,290,2014-10-30T13:20:13Z,2019-06-12T14:10:13Z,1686.0347222222222,CLOSED,3
oauthlib/oauthlib,603,2018-10-18T01:17:16Z,2019-07-03T16:35:56Z,258.63796296296294,CLOSED,4
oauthlib/oauthlib,672,2019-04-29T13:52:37Z,2019-07-04T07:33:21Z,65.73662037037037,CLOSED,1
oauthlib/oauthlib,670,2019-04-26T13:52:53Z,2019-05-07T18:58:49Z,11.212453703703703,CLOSED,0
oauthlib/oauthlib,414,2016-04-14T13:23:32Z,,,OPEN,0
oauthlib/oauthlib,652,2019-02-19T17:52:17Z,2019-03-04T10:00:03Z,12.672060185185185,CLOSED,1
oauthlib/oauthlib,650,2019-02-13T05:26:37Z,2019-03-04T09:54:02Z,19.18570601851852,CLOSED,1
oauthlib/oauthlib,618,2018-11-30T10:30:37Z,,,OPEN,5
oauthlib/oauthlib,644,2019-01-09T13:19:13Z,2019-01-24T13:36:18Z,15.011863425925926,CLOSED,5
oauthlib/oauthlib,643,2019-01-08T14:45:50Z,,,OPEN,0
oauthlib/oauthlib,585,2018-09-07T22:38:11Z,2018-12-03T16:56:42Z,86.7628587962963,CLOSED,26
oauthlib/oauthlib,426,2016-05-22T16:32:29Z,,,OPEN,2
oauthlib/oauthlib,406,2016-02-22T23:00:24Z,2018-12-03T11:27:12Z,1014.5186111111111,CLOSED,3
oauthlib/oauthlib,445,2016-11-05T19:11:16Z,2018-08-20T22:13:49Z,653.1267708333334,CLOSED,3
oauthlib/oauthlib,606,2018-10-30T14:51:50Z,2018-11-01T13:03:42Z,1.9249074074074075,CLOSED,1
oauthlib/oauthlib,409,2016-03-15T10:32:17Z,2018-08-20T21:56:59Z,888.4754861111111,CLOSED,6
oauthlib/oauthlib,359,2015-07-15T19:53:01Z,2018-08-15T23:45:22Z,1127.1613541666666,CLOSED,3
oauthlib/oauthlib,526,2018-03-18T10:41:30Z,2018-03-19T14:26:36Z,1.1563194444444445,CLOSED,2
oauthlib/oauthlib,293,2014-11-12T19:24:46Z,2014-11-13T12:43:55Z,0.7216319444444445,CLOSED,4
oauthlib/oauthlib,139,2013-04-26T16:19:08Z,2013-06-21T11:22:49Z,55.79422453703704,CLOSED,3
oauthlib/oauthlib,138,2013-04-20T21:33:02Z,2013-05-29T15:06:39Z,38.73167824074074,CLOSED,1
oauthlib/oauthlib,62,2012-10-23T19:35:11Z,2012-11-08T20:05:02Z,16.020729166666666,CLOSED,6
oauthlib/oauthlib,83,2012-12-10T19:15:47Z,2013-02-07T22:29:19Z,59.13439814814815,CLOSED,1
oauthlib/oauthlib,26,2012-04-29T11:18:29Z,2012-06-12T20:42:47Z,44.391875,CLOSED,1
mpdavis/python-jose,144,2019-05-15T19:44:06Z,2020-01-13T21:08:19Z,243.0584837962963,CLOSED,3
mpdavis/python-jose,183,2020-08-17T12:36:10Z,,,OPEN,3
mpdavis/python-jose,126,2019-02-26T19:02:01Z,2020-09-07T23:27:53Z,559.1846296296296,CLOSED,3
mpdavis/python-jose,72,2017-10-13T14:29:49Z,2020-09-07T23:27:53Z,1060.3736574074073,CLOSED,1
mpdavis/python-jose,154,2019-10-11T13:48:56Z,2020-09-07T03:26:31Z,331.5677662037037,CLOSED,6
mpdavis/python-jose,184,2020-08-18T13:57:17Z,,,OPEN,1
mpdavis/python-jose,161,2019-12-14T09:55:24Z,2019-12-19T09:51:17Z,4.997141203703704,CLOSED,9
mpdavis/python-jose,137,2019-04-12T00:32:13Z,2019-12-19T05:06:22Z,251.19038194444445,CLOSED,4
mpdavis/python-jose,127,2019-03-13T01:03:05Z,2019-12-19T05:06:22Z,281.16894675925926,CLOSED,0
mpdavis/python-jose,28,2016-07-15T11:29:10Z,2016-07-15T15:40:52Z,0.17479166666666668,CLOSED,4
mpdavis/python-jose,9,2016-01-01T16:32:28Z,2016-01-05T05:25:33Z,3.536863425925926,CLOSED,0
mpdavis/python-jose,14,2016-03-02T01:07:48Z,2016-03-02T02:24:27Z,0.05322916666666667,CLOSED,4
mpdavis/python-jose,23,2016-06-15T13:32:33Z,2016-06-16T02:49:44Z,0.553599537037037,CLOSED,4
opensearch-project/opensearch-py,691,2024-03-08T13:37:28Z,2024-03-08T20:19:10Z,0.2789583333333333,CLOSED,4
opensearch-project/opensearch-py,683,2024-03-01T19:55:29Z,,,OPEN,1
opensearch-project/opensearch-py,600,2023-11-16T23:33:21Z,2023-11-17T21:09:21Z,0.9,CLOSED,13
opensearch-project/opensearch-py,672,2024-02-08T20:08:58Z,2024-02-08T23:10:38Z,0.1261574074074074,CLOSED,5
opensearch-project/opensearch-py,670,2024-02-07T21:59:34Z,2024-02-07T22:36:53Z,0.02591435185185185,CLOSED,2
opensearch-project/opensearch-py,653,2024-01-19T18:21:29Z,2024-02-02T17:34:32Z,13.967395833333333,CLOSED,1
opensearch-project/opensearch-py,313,2023-03-07T09:48:14Z,2024-01-26T00:00:29Z,324.5918402777778,CLOSED,9
opensearch-project/opensearch-py,641,2024-01-03T19:14:13Z,2024-01-03T19:14:51Z,0.0004398148148148148,CLOSED,0
opensearch-project/opensearch-py,176,2022-06-25T13:39:37Z,,,OPEN,3
opensearch-project/opensearch-py,612,2023-11-21T19:28:01Z,2023-12-01T17:36:00Z,9.922210648148148,CLOSED,2
opensearch-project/opensearch-py,623,2023-12-01T10:09:48Z,2023-12-01T15:43:55Z,0.23202546296296298,CLOSED,1
opensearch-project/opensearch-py,613,2023-11-21T20:37:49Z,2023-11-28T20:52:43Z,7.010347222222222,CLOSED,6
opensearch-project/opensearch-py,609,2023-11-19T23:51:05Z,2023-11-24T14:36:35Z,4.6149305555555555,CLOSED,2
opensearch-project/opensearch-py,402,2023-05-31T20:38:21Z,2023-11-10T14:33:28Z,162.7466087962963,CLOSED,13
opensearch-project/opensearch-py,599,2023-11-16T19:30:51Z,2023-11-17T18:18:44Z,0.9499189814814815,CLOSED,6
opensearch-project/opensearch-py,592,2023-11-15T22:35:33Z,2023-11-16T00:33:45Z,0.08208333333333333,CLOSED,3
opensearch-project/opensearch-py,582,2023-11-14T20:47:22Z,2023-11-15T17:31:34Z,0.8640277777777777,CLOSED,3
opensearch-project/opensearch-py,558,2023-10-27T06:46:51Z,2023-11-11T22:28:44Z,15.654085648148149,CLOSED,2
opensearch-project/opensearch-py,485,2023-09-01T02:18:55Z,2023-11-12T19:42:46Z,72.72489583333333,CLOSED,2
opensearch-project/opensearch-py,426,2023-07-03T18:20:27Z,2023-11-10T14:38:01Z,129.8455324074074,CLOSED,12
opensearch-project/opensearch-py,347,2023-03-31T11:35:33Z,2023-11-10T01:41:38Z,223.58755787037038,CLOSED,7
opensearch-project/opensearch-py,172,2022-06-14T13:53:14Z,2023-11-09T23:52:12Z,513.4159490740741,CLOSED,13
opensearch-project/opensearch-py,562,2023-10-31T21:10:51Z,2023-11-01T14:37:33Z,0.726875,CLOSED,4
opensearch-project/opensearch-py,560,2023-10-31T15:39:50Z,2023-10-31T15:45:55Z,0.004224537037037037,CLOSED,1
opensearch-project/opensearch-py,507,2023-09-22T11:48:29Z,2023-10-23T15:18:55Z,31.14613425925926,CLOSED,12
opensearch-project/opensearch-py,534,2023-10-12T17:20:45Z,2023-10-12T21:04:06Z,0.15510416666666665,CLOSED,4
opensearch-project/opensearch-py,512,2023-09-27T10:17:19Z,2023-10-03T14:45:36Z,6.186307870370371,CLOSED,1
opensearch-project/opensearch-py,517,2023-09-30T13:47:40Z,2023-09-30T16:21:33Z,0.10686342592592593,CLOSED,1
opensearch-project/opensearch-py,506,2023-09-22T09:58:38Z,2023-09-22T11:51:55Z,0.07866898148148148,CLOSED,1
opensearch-project/opensearch-py,505,2023-09-21T18:23:06Z,2023-09-22T15:59:23Z,0.9001967592592592,CLOSED,2
opensearch-project/opensearch-py,493,2023-09-13T22:07:38Z,2023-09-18T07:59:25Z,4.410960648148148,CLOSED,5
opensearch-project/opensearch-py,492,2023-09-13T08:59:02Z,2023-09-14T13:52:37Z,1.2038773148148147,CLOSED,2
opensearch-project/opensearch-py,487,2023-09-05T21:51:20Z,2023-09-06T16:47:53Z,0.7892708333333334,CLOSED,5
opensearch-project/opensearch-py,384,2023-05-08T12:16:49Z,2023-09-08T18:14:11Z,123.24817129629629,CLOSED,1
opensearch-project/opensearch-py,299,2022-06-10T23:26:31Z,2023-09-08T17:11:28Z,454.7395486111111,CLOSED,3
opensearch-project/opensearch-py,309,2023-03-02T01:08:44Z,2023-09-07T23:21:28Z,189.92550925925926,CLOSED,14
opensearch-project/opensearch-py,323,2023-03-15T11:09:03Z,2023-09-07T22:35:06Z,176.4764236111111,CLOSED,2
opensearch-project/opensearch-py,484,2023-08-23T19:00:07Z,2023-08-23T21:34:19Z,0.10708333333333334,CLOSED,5
opensearch-project/opensearch-py,423,2023-06-23T13:43:38Z,2023-08-10T17:32:55Z,48.15922453703703,CLOSED,3
opensearch-project/opensearch-py,464,2023-08-01T12:27:04Z,2023-08-02T21:46:51Z,1.388738425925926,CLOSED,0
opensearch-project/opensearch-py,453,2023-07-26T14:52:05Z,2023-07-26T17:18:48Z,0.10188657407407407,CLOSED,0
opensearch-project/opensearch-py,396,2023-05-24T07:41:55Z,2023-07-26T14:14:31Z,63.27263888888889,CLOSED,4
opensearch-project/opensearch-py,418,2023-06-20T18:13:16Z,2023-07-26T14:12:27Z,35.832766203703706,CLOSED,4
opensearch-project/opensearch-py,389,2023-05-15T20:16:02Z,2023-07-13T17:22:32Z,58.87951388888889,CLOSED,0
opensearch-project/opensearch-py,283,2023-02-08T12:28:59Z,2023-07-06T22:01:53Z,148.39784722222223,CLOSED,4
opensearch-project/opensearch-py,411,2023-06-15T18:19:25Z,2023-06-20T12:45:46Z,4.768298611111111,CLOSED,4
opensearch-project/opensearch-py,260,2023-01-05T15:13:27Z,2023-03-09T19:07:18Z,63.162395833333335,CLOSED,14
opensearch-project/opensearch-py,387,2023-05-12T18:06:54Z,2023-05-23T22:12:31Z,11.17056712962963,CLOSED,2
opensearch-project/opensearch-py,327,2023-03-16T16:28:22Z,2023-05-23T22:07:49Z,68.23572916666667,CLOSED,12
opensearch-project/opensearch-py,344,2023-03-28T23:25:41Z,2023-05-17T22:05:45Z,49.94449074074074,CLOSED,2
opensearch-project/opensearch-py,391,2023-05-15T20:46:33Z,2023-05-15T20:48:16Z,0.0011921296296296296,CLOSED,1
opensearch-project/opensearch-py,386,2023-05-12T16:28:37Z,2023-05-15T17:56:08Z,3.060775462962963,CLOSED,4
opensearch-project/opensearch-py,225,2022-10-26T12:43:50Z,2023-05-09T19:16:04Z,195.27238425925927,CLOSED,1
opensearch-project/opensearch-py,375,2023-04-24T20:06:00Z,2023-04-28T17:11:39Z,3.878923611111111,CLOSED,3
opensearch-project/opensearch-py,346,2023-03-31T00:43:44Z,2023-03-31T00:46:20Z,0.0018055555555555555,CLOSED,1
opensearch-project/opensearch-py,343,2023-03-28T22:38:21Z,2023-03-29T21:40:27Z,0.9597916666666667,CLOSED,3
opensearch-project/opensearch-py,332,2023-03-18T19:57:38Z,2023-03-19T17:26:18Z,0.8949074074074074,CLOSED,3
opensearch-project/opensearch-py,273,2023-01-18T21:46:56Z,2023-03-13T15:31:11Z,53.7390625,CLOSED,0
opensearch-project/opensearch-py,312,2023-03-06T22:11:33Z,2023-03-11T16:51:21Z,4.777638888888889,CLOSED,1
opensearch-project/opensearch-py,248,2022-11-30T19:41:11Z,2023-03-09T19:05:54Z,98.97549768518519,CLOSED,4
opensearch-project/opensearch-py,310,2023-03-03T20:34:59Z,2023-03-08T20:05:09Z,4.979282407407408,CLOSED,0
opensearch-project/opensearch-py,173,2022-06-15T14:04:35Z,2023-02-17T06:54:22Z,246.70123842592594,CLOSED,4
opensearch-project/opensearch-py,285,2023-02-13T08:00:42Z,2023-02-14T19:09:16Z,1.4642824074074074,CLOSED,2
opensearch-project/opensearch-py,281,2023-02-07T16:55:58Z,2023-02-07T17:13:13Z,0.011979166666666667,CLOSED,3
opensearch-project/opensearch-py,278,2023-01-23T22:26:55Z,2023-01-24T02:38:34Z,0.17475694444444445,CLOSED,0
opensearch-project/opensearch-py,272,2023-01-18T17:57:14Z,2023-01-24T02:38:34Z,5.362037037037037,CLOSED,10
opensearch-project/opensearch-py,267,2023-01-11T20:13:42Z,2023-01-19T23:20:20Z,8.129606481481481,CLOSED,2
opensearch-project/opensearch-py,264,2023-01-09T18:08:45Z,2023-01-19T23:15:37Z,10.213101851851851,CLOSED,1
opensearch-project/opensearch-py,252,2022-12-16T16:23:31Z,2023-01-05T23:46:53Z,20.30789351851852,CLOSED,1
opensearch-project/opensearch-py,255,2022-12-22T03:04:07Z,2022-12-23T05:56:42Z,1.119849537037037,CLOSED,1
opensearch-project/opensearch-py,132,2022-02-17T16:30:27Z,2022-11-30T16:04:39Z,285.9820833333333,CLOSED,2
opensearch-project/opensearch-py,164,2022-05-05T11:31:43Z,2022-11-21T23:45:56Z,200.50987268518517,CLOSED,3
opensearch-project/opensearch-py,165,2022-05-19T12:26:19Z,2022-11-16T00:53:41Z,180.51900462962962,CLOSED,3
opensearch-project/opensearch-py,209,2022-09-29T17:45:26Z,2022-10-25T17:41:31Z,25.997280092592593,CLOSED,1
opensearch-project/opensearch-py,202,2022-09-20T10:44:38Z,2022-10-17T18:25:32Z,27.320069444444446,CLOSED,2
opensearch-project/opensearch-py,95,2021-11-29T21:15:50Z,2022-08-08T20:47:44Z,251.9804861111111,CLOSED,6
opensearch-project/opensearch-py,141,2022-03-22T21:47:20Z,2022-08-05T17:58:57Z,135.84140046296295,CLOSED,1
opensearch-project/opensearch-py,157,2022-04-15T14:39:12Z,2022-07-26T15:03:04Z,102.01657407407407,CLOSED,5
opensearch-project/opensearch-py,181,2022-07-18T22:46:47Z,2022-07-21T18:07:23Z,2.805972222222222,CLOSED,1
opensearch-project/opensearch-py,67,2021-09-12T05:57:48Z,2022-01-06T08:42:26Z,116.1143287037037,CLOSED,2
opensearch-project/opensearch-py,29,2021-08-17T08:39:27Z,2022-01-05T16:52:44Z,141.34255787037037,CLOSED,0
opensearch-project/opensearch-py,46,2021-08-19T11:10:29Z,2021-12-28T18:20:35Z,131.29868055555556,CLOSED,2
opensearch-project/opensearch-py,92,2021-11-18T21:05:03Z,2021-12-22T21:33:26Z,34.01971064814815,CLOSED,2
opensearch-project/opensearch-py,52,2021-08-23T17:57:18Z,2021-12-16T19:58:39Z,115.08427083333333,CLOSED,4
opensearch-project/opensearch-py,97,2021-12-02T19:52:31Z,2021-12-15T09:30:32Z,12.568067129629629,CLOSED,2
opensearch-project/opensearch-py,81,2021-10-04T21:04:35Z,2021-12-13T14:53:37Z,69.74238425925925,CLOSED,0
opensearch-project/opensearch-py,96,2021-12-01T22:52:30Z,2021-12-02T18:58:47Z,0.8376967592592592,CLOSED,2
opensearch-project/opensearch-py,88,2021-11-02T09:46:03Z,2021-11-02T09:46:58Z,0.0006365740740740741,CLOSED,0
opensearch-project/opensearch-py,78,2021-09-30T14:51:58Z,2021-09-30T16:42:23Z,0.07667824074074074,CLOSED,3
opensearch-project/opensearch-py,68,2021-09-15T18:49:40Z,2021-09-30T16:34:34Z,14.906180555555556,CLOSED,2
opensearch-project/opensearch-py,60,2021-08-30T22:15:04Z,2021-09-02T22:14:26Z,2.999560185185185,CLOSED,2
opensearch-project/opensearch-py,37,2021-08-18T13:27:53Z,2021-08-20T09:21:16Z,1.8287384259259258,CLOSED,1
opensearch-project/opensearch-py,23,2021-08-10T13:23:22Z,2021-08-20T09:14:06Z,9.826898148148148,CLOSED,1
opensearch-project/opensearch-py,33,2021-08-17T13:06:45Z,2021-08-20T09:11:46Z,2.8368171296296296,CLOSED,0
opensearch-project/opensearch-py,39,2021-08-19T03:29:44Z,2021-08-20T09:11:20Z,1.2372222222222222,CLOSED,1
opensearch-project/opensearch-py,27,2021-08-17T07:04:38Z,2021-08-19T03:12:21Z,1.8386921296296297,CLOSED,0
opensearch-project/opensearch-py,26,2021-08-16T14:35:49Z,2021-08-17T12:46:49Z,0.9243055555555556,CLOSED,0
opensearch-project/opensearch-py,15,2021-08-06T06:41:13Z,2021-08-13T07:04:42Z,7.016307870370371,CLOSED,1
opensearch-project/opensearch-py,16,2021-08-06T06:49:47Z,2021-08-11T05:33:11Z,4.946805555555556,CLOSED,3
opensearch-project/opensearch-py,13,2021-08-05T12:15:00Z,2021-08-06T06:50:15Z,0.7744791666666667,CLOSED,0
jsvine/pdfplumber,914,2023-06-27T22:02:28Z,2023-07-17T03:03:03Z,19.208738425925926,CLOSED,2
jsvine/pdfplumber,927,2023-07-06T11:46:17Z,2023-07-07T11:54:54Z,1.0059837962962963,CLOSED,1
jsvine/pdfplumber,920,2023-07-04T01:51:06Z,2023-07-04T02:49:35Z,0.04061342592592593,CLOSED,0
jsvine/pdfplumber,921,2023-07-04T01:56:18Z,2023-07-04T02:49:09Z,0.03670138888888889,CLOSED,0
jsvine/pdfplumber,882,2023-05-07T15:18:57Z,2023-05-08T22:13:19Z,1.2877546296296296,CLOSED,0
jsvine/pdfplumber,655,2022-05-16T10:45:04Z,2022-05-16T20:33:27Z,0.40859953703703705,CLOSED,9
jsvine/pdfplumber,879,2023-05-04T01:24:47Z,2023-05-08T20:30:13Z,4.795439814814815,CLOSED,1
jsvine/pdfplumber,871,2023-04-23T10:41:37Z,2023-04-24T14:53:56Z,1.1752199074074074,CLOSED,0
jsvine/pdfplumber,638,2022-04-07T22:22:40Z,2022-07-20T19:47:27Z,103.89221064814815,CLOSED,6
jsvine/pdfplumber,860,2023-04-13T06:29:00Z,2023-04-13T13:22:03Z,0.28684027777777776,CLOSED,0
jsvine/pdfplumber,842,2023-03-21T03:33:01Z,2023-04-13T13:14:25Z,23.40375,CLOSED,2
jsvine/pdfplumber,845,2023-03-22T17:25:33Z,,,OPEN,1
jsvine/pdfplumber,828,2023-03-01T01:00:36Z,,,OPEN,6
jsvine/pdfplumber,833,2023-03-05T08:39:59Z,2023-03-05T10:50:11Z,0.09041666666666667,CLOSED,1
jsvine/pdfplumber,830,2023-03-03T14:07:57Z,2023-03-03T15:19:54Z,0.049965277777777775,CLOSED,0
jsvine/pdfplumber,827,2023-02-28T04:34:47Z,2023-02-28T09:18:19Z,0.19689814814814816,CLOSED,1
jsvine/pdfplumber,799,2023-01-30T16:00:31Z,2023-02-24T19:46:22Z,25.15684027777778,CLOSED,6
jsvine/pdfplumber,820,2023-02-20T15:40:52Z,2023-02-20T18:26:01Z,0.1146875,CLOSED,5
jsvine/pdfplumber,764,2022-11-22T11:08:42Z,2023-02-01T00:08:34Z,70.54157407407408,CLOSED,7
jsvine/pdfplumber,807,2023-02-09T09:57:16Z,2023-02-11T15:08:14Z,2.215949074074074,CLOSED,5
jsvine/pdfplumber,798,2023-01-29T19:22:38Z,2023-02-14T03:09:24Z,15.324143518518518,CLOSED,6
jsvine/pdfplumber,726,2022-09-07T12:37:26Z,2023-02-11T15:16:16Z,157.1103009259259,CLOSED,4
jsvine/pdfplumber,803,2023-02-02T00:58:35Z,2023-02-02T12:46:57Z,0.4919212962962963,CLOSED,0
jsvine/pdfplumber,796,2023-01-24T04:35:49Z,2023-01-24T10:14:12Z,0.23498842592592592,CLOSED,1
jsvine/pdfplumber,795,2023-01-22T04:41:31Z,2023-01-22T18:04:21Z,0.5575231481481482,CLOSED,1
jsvine/pdfplumber,784,2023-01-08T23:18:45Z,2023-01-10T08:57:15Z,1.401736111111111,CLOSED,2
jsvine/pdfplumber,752,2022-11-03T14:55:09Z,2022-12-21T09:33:17Z,47.77648148148148,CLOSED,2
jsvine/pdfplumber,780,2022-12-20T09:27:50Z,2022-12-20T09:43:55Z,0.011168981481481481,CLOSED,5
jsvine/pdfplumber,779,2022-12-19T06:32:37Z,2022-12-19T08:43:53Z,0.09115740740740741,CLOSED,1
jsvine/pdfplumber,766,2022-11-23T07:36:04Z,2022-12-15T14:56:31Z,22.305868055555557,CLOSED,1
jsvine/pdfplumber,765,2022-11-23T05:53:11Z,2022-12-15T14:53:36Z,22.37528935185185,CLOSED,2
jsvine/pdfplumber,713,2022-08-19T18:17:12Z,2022-08-21T12:15:21Z,1.7487152777777777,CLOSED,5
jsvine/pdfplumber,293,2020-10-20T11:22:54Z,2020-10-20T13:07:11Z,0.07241898148148149,CLOSED,2
jsvine/pdfplumber,691,2022-07-19T18:07:36Z,2022-07-20T13:01:43Z,0.7875810185185185,CLOSED,6
jsvine/pdfplumber,720,2022-08-29T08:54:52Z,2022-09-06T21:42:46Z,8.53326388888889,CLOSED,0
jsvine/pdfplumber,698,2022-08-01T17:38:06Z,2022-08-05T21:09:32Z,4.1468287037037035,CLOSED,6
jsvine/pdfplumber,695,2022-07-26T09:59:39Z,2022-07-26T12:02:20Z,0.08519675925925926,CLOSED,1
jsvine/pdfplumber,443,2021-06-07T22:34:23Z,2022-07-20T22:43:07Z,408.0060648148148,CLOSED,3
jsvine/pdfplumber,421,2021-04-22T09:45:51Z,2022-07-20T22:40:09Z,454.53770833333334,CLOSED,4
jsvine/pdfplumber,692,2022-07-20T20:13:02Z,2022-07-20T20:27:09Z,0.00980324074074074,CLOSED,2
jsvine/pdfplumber,263,2020-09-01T10:17:17Z,2022-07-20T20:01:09Z,687.4054629629629,CLOSED,4
jsvine/pdfplumber,615,2022-03-02T02:36:57Z,2022-07-20T19:25:10Z,140.70015046296297,CLOSED,5
jsvine/pdfplumber,413,2021-04-15T07:46:21Z,2022-07-20T19:07:40Z,461.4731365740741,CLOSED,6
jsvine/pdfplumber,414,2021-04-15T08:03:26Z,2022-07-20T18:40:24Z,461.44233796296294,CLOSED,2
jsvine/pdfplumber,643,2022-04-19T10:16:41Z,2022-07-20T18:28:59Z,92.341875,CLOSED,2
jsvine/pdfplumber,505,2021-09-18T07:02:59Z,2022-07-20T18:07:08Z,305.4612152777778,CLOSED,2
jsvine/pdfplumber,683,2022-07-06T15:19:23Z,2022-07-20T18:04:41Z,14.114791666666667,CLOSED,5
jsvine/pdfplumber,684,2022-07-06T15:26:54Z,2022-07-15T11:54:00Z,8.852152777777778,CLOSED,4
jsvine/pdfplumber,681,2022-07-05T08:01:17Z,2022-07-11T22:38:40Z,6.609293981481481,CLOSED,8
jsvine/pdfplumber,669,2022-06-13T22:26:37Z,2022-06-15T13:00:39Z,1.6069675925925926,CLOSED,2
jsvine/pdfplumber,663,2022-06-06T11:48:05Z,2022-06-15T10:35:21Z,8.94949074074074,CLOSED,1
jsvine/pdfplumber,659,2022-05-31T08:40:24Z,2022-05-31T19:54:29Z,0.4681134259259259,CLOSED,1
jsvine/pdfplumber,658,2022-05-27T03:32:48Z,2022-05-27T18:44:40Z,0.6332407407407408,CLOSED,1
jsvine/pdfplumber,636,2022-04-05T03:14:11Z,2022-04-11T13:19:37Z,6.420439814814815,CLOSED,2
jsvine/pdfplumber,635,2022-03-31T10:31:30Z,2022-03-31T12:40:32Z,0.08960648148148148,CLOSED,1
jsvine/pdfplumber,620,2022-03-10T22:14:10Z,2022-03-10T22:46:25Z,0.022395833333333334,CLOSED,6
jsvine/pdfplumber,611,2022-02-22T09:10:12Z,2022-03-03T01:54:24Z,8.69736111111111,CLOSED,1
jsvine/pdfplumber,578,2022-01-12T10:02:54Z,2022-01-14T23:57:07Z,2.57931712962963,CLOSED,1
jsvine/pdfplumber,463,2021-07-05T08:33:13Z,2021-12-24T03:00:33Z,171.7689814814815,CLOSED,5
jsvine/pdfplumber,569,2021-12-17T06:53:00Z,2021-12-24T02:55:15Z,6.834895833333333,CLOSED,1
jsvine/pdfplumber,566,2021-12-15T06:27:09Z,2021-12-17T04:14:18Z,1.9077430555555555,CLOSED,2
jsvine/pdfplumber,567,2021-12-16T14:26:40Z,2021-12-17T03:51:40Z,0.5590277777777778,CLOSED,1
jsvine/pdfplumber,564,2021-12-14T10:59:58Z,2021-12-14T11:07:51Z,0.005474537037037037,CLOSED,1
jsvine/pdfplumber,560,2021-12-09T08:44:37Z,2021-12-09T14:00:42Z,0.2195023148148148,CLOSED,2
jsvine/pdfplumber,508,2021-09-22T10:32:24Z,2021-11-01T17:14:35Z,40.27929398148148,CLOSED,5
jsvine/pdfplumber,506,2021-09-18T10:32:31Z,2021-09-18T10:48:40Z,0.011215277777777777,CLOSED,0
jsvine/pdfplumber,408,2021-04-08T13:51:56Z,2021-09-02T02:41:28Z,146.53439814814814,CLOSED,3
jsvine/pdfplumber,427,2021-05-05T01:18:28Z,2021-09-02T02:32:17Z,120.05126157407408,CLOSED,2
jsvine/pdfplumber,383,2021-03-18T19:05:44Z,2021-08-31T13:35:54Z,165.77094907407408,CLOSED,3
jsvine/pdfplumber,265,2020-09-01T19:46:49Z,2021-07-15T14:04:09Z,316.76203703703703,CLOSED,8
jsvine/pdfplumber,466,2021-07-11T21:31:35Z,2021-07-15T14:02:33Z,3.6881712962962965,CLOSED,2
jsvine/pdfplumber,461,2021-07-02T11:04:29Z,2021-07-04T11:44:08Z,2.027534722222222,CLOSED,1
jsvine/pdfplumber,431,2021-05-11T05:00:36Z,2021-05-11T05:44:52Z,0.030740740740740742,CLOSED,3
jsvine/pdfplumber,426,2021-05-05T01:11:22Z,2021-05-05T01:11:45Z,0.0002662037037037037,CLOSED,0
jsvine/pdfplumber,424,2021-04-26T13:30:14Z,2021-04-26T13:36:50Z,0.004583333333333333,CLOSED,1
jsvine/pdfplumber,419,2021-04-22T03:39:07Z,2021-04-22T16:19:43Z,0.5281944444444444,CLOSED,4
jsvine/pdfplumber,409,2021-04-08T14:06:44Z,2021-04-09T02:07:15Z,0.5003587962962963,CLOSED,1
jsvine/pdfplumber,399,2021-03-27T06:00:16Z,2021-03-31T00:20:25Z,3.7639930555555554,CLOSED,1
jsvine/pdfplumber,398,2021-03-24T10:39:25Z,2021-03-26T11:47:15Z,2.0471064814814817,CLOSED,6
jsvine/pdfplumber,396,2021-03-22T10:16:45Z,2021-03-22T10:32:31Z,0.010949074074074075,CLOSED,2
jsvine/pdfplumber,395,2021-03-22T09:51:33Z,2021-03-22T10:26:23Z,0.024189814814814813,CLOSED,2
jsvine/pdfplumber,392,2021-03-20T09:50:12Z,2021-03-21T23:55:11Z,1.5867939814814815,CLOSED,4
jsvine/pdfplumber,386,2021-03-19T18:28:38Z,2021-03-19T23:04:32Z,0.19159722222222222,CLOSED,1
jsvine/pdfplumber,359,2021-02-23T13:52:22Z,2021-02-28T19:38:39Z,5.240474537037037,CLOSED,2
jsvine/pdfplumber,336,2021-01-17T07:11:25Z,2021-01-20T06:18:11Z,2.9630324074074075,CLOSED,6
jsvine/pdfplumber,301,2020-10-29T08:17:10Z,2021-01-04T10:20:37Z,67.08572916666667,CLOSED,5
jsvine/pdfplumber,304,2020-11-03T01:38:36Z,2020-11-13T04:07:09Z,10.103159722222221,CLOSED,3
jsvine/pdfplumber,319,2020-11-29T01:50:52Z,2020-11-29T06:01:32Z,0.17407407407407408,CLOSED,2
jsvine/pdfplumber,316,2020-11-23T06:38:50Z,2020-12-09T14:20:13Z,16.320405092592594,CLOSED,6
jsvine/pdfplumber,322,2020-11-30T10:54:34Z,2020-12-03T03:57:06Z,2.7100925925925927,CLOSED,6
jsvine/pdfplumber,312,2020-11-12T18:38:16Z,2020-11-13T04:06:52Z,0.3948611111111111,CLOSED,1
jsvine/pdfplumber,305,2020-11-03T03:33:07Z,2020-11-10T03:11:31Z,6.985,CLOSED,2
jsvine/pdfplumber,297,2020-10-27T15:44:03Z,2020-11-01T23:07:36Z,5.308020833333333,CLOSED,6
jsvine/pdfplumber,269,2020-09-10T01:56:42Z,2020-09-10T12:51:39Z,0.4548263888888889,CLOSED,4
jsvine/pdfplumber,268,2020-09-09T03:51:58Z,2020-09-09T07:43:07Z,0.16052083333333333,CLOSED,2
jsvine/pdfplumber,245,2020-08-07T16:39:29Z,2020-08-15T17:09:45Z,8.021018518518519,CLOSED,5
jsvine/pdfplumber,216,2020-05-27T14:32:57Z,2020-05-28T02:25:37Z,0.4949074074074074,CLOSED,4
jsvine/pdfplumber,176,2020-02-03T04:26:43Z,2020-05-28T02:13:28Z,114.90746527777777,CLOSED,3
jsvine/pdfplumber,203,2020-04-22T07:08:00Z,2020-04-29T13:53:30Z,7.2815972222222225,CLOSED,3
jsvine/pdfplumber,127,2019-07-15T08:08:00Z,2020-04-02T03:36:37Z,261.8115393518519,CLOSED,4
jmcnamara/XlsxWriter,103,2014-01-29T22:28:36Z,2014-02-20T23:54:54Z,22.059930555555557,CLOSED,5
jmcnamara/XlsxWriter,581,2018-11-09T00:16:09Z,2018-11-10T15:01:47Z,1.615023148148148,CLOSED,1
jmcnamara/XlsxWriter,573,2018-10-18T15:41:21Z,2018-10-20T13:35:44Z,1.9127662037037036,CLOSED,3
jmcnamara/XlsxWriter,425,2017-04-06T15:46:02Z,2018-09-23T17:54:44Z,535.089375,CLOSED,0
jmcnamara/XlsxWriter,442,2017-06-13T23:48:38Z,2018-09-23T16:34:18Z,466.69837962962964,CLOSED,2
jmcnamara/XlsxWriter,418,2017-02-22T19:40:02Z,2018-09-22T19:02:25Z,576.9738773148148,CLOSED,2
jmcnamara/XlsxWriter,420,2017-03-21T14:04:21Z,2018-09-21T23:59:34Z,549.4133449074075,CLOSED,2
jmcnamara/XlsxWriter,565,2018-08-29T13:54:49Z,2018-09-01T00:47:51Z,2.4534953703703706,CLOSED,2
jmcnamara/XlsxWriter,564,2018-08-27T14:00:09Z,2018-08-27T18:49:47Z,0.20113425925925926,CLOSED,2
jmcnamara/XlsxWriter,547,2018-08-08T13:50:40Z,2018-08-15T22:53:19Z,7.376840277777778,CLOSED,5
jmcnamara/XlsxWriter,541,2018-07-16T20:12:35Z,2018-08-25T15:16:33Z,39.7944212962963,CLOSED,2
jmcnamara/XlsxWriter,325,2016-01-05T12:25:16Z,2018-08-16T22:59:04Z,954.4401388888889,CLOSED,0
jmcnamara/XlsxWriter,554,2018-08-15T09:58:27Z,2018-08-15T22:52:41Z,0.5376620370370371,CLOSED,5
jmcnamara/XlsxWriter,528,2018-05-22T17:38:17Z,2018-05-22T19:02:24Z,0.05841435185185185,CLOSED,1
jmcnamara/XlsxWriter,520,2018-05-11T18:31:33Z,2018-05-13T14:53:58Z,1.848900462962963,CLOSED,0
jmcnamara/XlsxWriter,505,2018-04-11T06:17:07Z,2018-04-11T22:02:41Z,0.6566435185185185,CLOSED,5
jmcnamara/XlsxWriter,506,2018-04-13T07:11:21Z,2018-04-13T20:40:40Z,0.562025462962963,CLOSED,9
jmcnamara/XlsxWriter,504,2018-04-09T10:42:26Z,2018-04-10T11:55:06Z,1.050462962962963,CLOSED,3
jmcnamara/XlsxWriter,503,2018-04-06T06:20:57Z,2018-04-06T08:59:43Z,0.11025462962962963,CLOSED,1
jmcnamara/XlsxWriter,192,2014-12-11T06:44:00Z,2014-12-31T16:14:31Z,20.39619212962963,CLOSED,7
jmcnamara/XlsxWriter,484,2017-12-08T13:32:25Z,2018-03-19T11:22:20Z,100.90966435185184,CLOSED,1
jmcnamara/XlsxWriter,428,2017-04-18T15:27:46Z,2017-04-23T18:34:27Z,5.129641203703704,CLOSED,7
jmcnamara/XlsxWriter,460,2017-08-14T23:34:43Z,2017-08-15T09:06:28Z,0.3970486111111111,CLOSED,3
jmcnamara/XlsxWriter,451,2017-06-30T07:01:19Z,2017-07-01T23:31:04Z,1.687326388888889,CLOSED,12
jmcnamara/XlsxWriter,437,2017-05-25T21:25:49Z,2017-06-29T16:52:14Z,34.810011574074075,CLOSED,6
jmcnamara/XlsxWriter,421,2017-03-23T13:53:50Z,2017-06-25T16:18:19Z,94.10033564814815,CLOSED,4
jmcnamara/XlsxWriter,407,2017-01-05T14:59:03Z,2017-06-25T16:17:33Z,171.0545138888889,CLOSED,7
jmcnamara/XlsxWriter,399,2016-12-12T16:55:05Z,2016-12-26T12:23:43Z,13.811550925925927,CLOSED,2
jmcnamara/XlsxWriter,405,2016-12-25T16:32:10Z,2016-12-26T10:15:53Z,0.7386921296296296,CLOSED,3
jmcnamara/XlsxWriter,380,2016-09-20T16:34:53Z,2016-12-02T21:55:55Z,73.22293981481481,CLOSED,3
jmcnamara/XlsxWriter,381,2016-09-20T18:01:45Z,2016-12-02T21:55:47Z,73.16252314814815,CLOSED,2
jmcnamara/XlsxWriter,362,2016-07-04T10:34:29Z,2016-11-22T10:31:48Z,140.99813657407407,CLOSED,0
jmcnamara/XlsxWriter,7,2013-03-27T14:34:28Z,2013-03-31T12:17:38Z,3.9049768518518517,CLOSED,9
jmcnamara/XlsxWriter,356,2016-05-31T12:00:10Z,2016-05-31T23:40:30Z,0.4863425925925926,CLOSED,3
jmcnamara/XlsxWriter,352,2016-05-10T09:34:18Z,2016-05-14T15:16:44Z,4.237800925925926,CLOSED,5
jmcnamara/XlsxWriter,350,2016-04-27T14:14:20Z,2016-04-27T22:46:21Z,0.3555671296296296,CLOSED,5
jmcnamara/XlsxWriter,348,2016-04-15T13:47:55Z,2016-04-16T14:19:11Z,1.0217129629629629,CLOSED,2
jmcnamara/XlsxWriter,330,2016-01-15T14:59:10Z,2016-01-16T16:13:28Z,1.0515972222222223,CLOSED,5
jmcnamara/XlsxWriter,319,2015-12-17T17:52:31Z,2016-01-06T01:40:51Z,19.32523148148148,CLOSED,3
jmcnamara/XlsxWriter,318,2015-12-16T16:36:48Z,2016-01-05T20:56:54Z,20.180625,CLOSED,1
jmcnamara/XlsxWriter,123,2014-05-23T13:04:36Z,2014-05-23T14:38:00Z,0.0648611111111111,CLOSED,3
jmcnamara/XlsxWriter,289,2015-08-20T07:46:11Z,2016-01-05T12:26:26Z,138.19461805555557,CLOSED,6
jmcnamara/XlsxWriter,121,2014-05-16T23:28:04Z,2016-01-05T11:01:00Z,598.4812037037037,CLOSED,6
jmcnamara/XlsxWriter,314,2015-11-11T11:35:45Z,2015-11-13T00:51:14Z,1.5524189814814815,CLOSED,2
jmcnamara/XlsxWriter,311,2015-10-28T09:58:14Z,2015-10-28T10:18:54Z,0.014351851851851852,CLOSED,1
jmcnamara/XlsxWriter,287,2015-08-09T19:40:45Z,2015-10-19T00:15:24Z,70.19072916666667,CLOSED,7
jmcnamara/XlsxWriter,273,2015-07-09T21:31:20Z,2015-10-07T00:23:16Z,89.11939814814815,CLOSED,10
jmcnamara/XlsxWriter,271,2015-07-08T21:53:32Z,2015-09-29T19:14:40Z,82.88967592592593,CLOSED,1
jmcnamara/XlsxWriter,302,2015-09-27T17:55:52Z,2015-09-27T23:37:36Z,0.2373148148148148,CLOSED,0
jmcnamara/XlsxWriter,300,2015-09-25T17:18:35Z,2015-09-27T23:35:19Z,2.2616203703703706,CLOSED,2
jmcnamara/XlsxWriter,296,2015-09-15T00:00:37Z,2015-09-20T22:22:53Z,5.93212962962963,CLOSED,2
jmcnamara/XlsxWriter,281,2015-07-22T13:15:36Z,2015-08-05T23:25:22Z,14.423449074074075,CLOSED,9
jmcnamara/XlsxWriter,275,2015-07-13T19:59:10Z,2015-08-05T20:28:28Z,23.020347222222224,CLOSED,3
jmcnamara/XlsxWriter,278,2015-07-17T23:38:37Z,2015-07-18T00:05:13Z,0.018472222222222223,CLOSED,0
jmcnamara/XlsxWriter,269,2015-07-07T20:23:23Z,2015-07-09T13:45:55Z,1.7239814814814816,CLOSED,1
jmcnamara/XlsxWriter,235,2015-03-31T12:11:12Z,2015-05-12T14:16:47Z,42.08721064814815,CLOSED,2
jmcnamara/XlsxWriter,221,2015-02-05T04:43:37Z,2015-03-01T23:57:11Z,24.801087962962963,CLOSED,4
jmcnamara/XlsxWriter,211,2015-01-15T17:42:36Z,2015-02-04T14:06:19Z,19.84980324074074,CLOSED,4
jmcnamara/XlsxWriter,212,2015-01-16T18:24:51Z,2015-01-16T20:28:04Z,0.08556712962962963,CLOSED,2
jmcnamara/XlsxWriter,208,2015-01-07T09:16:25Z,2015-01-08T00:37:59Z,0.6399768518518518,CLOSED,4
jmcnamara/XlsxWriter,184,2014-11-17T12:46:01Z,2014-12-31T16:14:43Z,44.144930555555554,CLOSED,6
jmcnamara/XlsxWriter,200,2014-12-17T13:54:17Z,2014-12-31T16:13:53Z,14.096944444444444,CLOSED,4
jmcnamara/XlsxWriter,205,2014-12-26T14:18:38Z,2014-12-31T16:13:18Z,5.07962962962963,CLOSED,1
jmcnamara/XlsxWriter,179,2014-11-11T14:09:11Z,2014-11-15T18:19:44Z,4.173993055555556,CLOSED,14
jmcnamara/XlsxWriter,167,2014-10-14T16:25:14Z,2014-10-29T02:22:03Z,14.414456018518518,CLOSED,4
jmcnamara/XlsxWriter,177,2014-11-08T17:28:07Z,2014-11-15T18:19:04Z,7.0353819444444445,CLOSED,7
jmcnamara/XlsxWriter,170,2014-10-15T18:28:30Z,2014-10-29T02:21:50Z,13.328703703703704,CLOSED,3
jmcnamara/XlsxWriter,164,2014-10-10T07:38:42Z,2014-10-14T23:23:10Z,4.65587962962963,CLOSED,3
jmcnamara/XlsxWriter,161,2014-10-08T19:07:37Z,2014-10-11T13:42:22Z,2.7741319444444446,CLOSED,9
jmcnamara/XlsxWriter,162,2014-10-09T10:43:47Z,2014-10-11T13:41:06Z,2.123136574074074,CLOSED,3
jmcnamara/XlsxWriter,154,2014-09-03T19:35:31Z,2014-09-29T00:41:45Z,25.21266203703704,CLOSED,1
jmcnamara/XlsxWriter,30,2013-07-03T20:54:47Z,2013-07-24T20:28:13Z,20.981550925925927,CLOSED,8
jmcnamara/XlsxWriter,131,2014-06-04T23:46:18Z,2014-07-22T00:22:10Z,47.024907407407404,CLOSED,13
jmcnamara/XlsxWriter,122,2014-05-21T19:29:49Z,2014-07-22T00:22:29Z,61.20324074074074,CLOSED,2
jmcnamara/XlsxWriter,139,2014-07-10T01:04:42Z,2014-07-22T00:21:52Z,11.970254629629629,CLOSED,2
jmcnamara/XlsxWriter,135,2014-06-18T21:31:31Z,2014-06-20T01:08:30Z,1.1506828703703704,CLOSED,4
jmcnamara/XlsxWriter,115,2014-04-02T21:48:55Z,2014-05-04T11:33:47Z,31.572824074074074,CLOSED,4
jmcnamara/XlsxWriter,89,2014-01-09T13:34:52Z,2014-02-20T23:56:30Z,42.43168981481482,CLOSED,4
jmcnamara/XlsxWriter,98,2014-01-20T15:29:42Z,2014-02-20T23:55:33Z,31.35128472222222,CLOSED,8
jmcnamara/XlsxWriter,102,2014-01-27T18:32:20Z,2014-02-20T23:55:17Z,24.224270833333332,CLOSED,6
jmcnamara/XlsxWriter,73,2013-12-04T03:23:50Z,2013-12-31T17:00:15Z,27.566956018518518,CLOSED,12
jmcnamara/XlsxWriter,46,2013-09-12T19:40:24Z,2014-01-09T14:12:00Z,118.77194444444444,CLOSED,1
jmcnamara/XlsxWriter,83,2013-12-20T06:35:06Z,2013-12-28T01:41:50Z,7.796342592592593,CLOSED,1
jmcnamara/XlsxWriter,86,2013-12-27T20:31:18Z,2013-12-28T01:24:12Z,0.20340277777777777,CLOSED,0
jmcnamara/XlsxWriter,77,2013-12-17T00:26:37Z,2013-12-28T01:23:18Z,11.039363425925925,CLOSED,6
jmcnamara/XlsxWriter,62,2013-11-08T10:51:53Z,2013-11-08T21:13:11Z,0.43145833333333333,CLOSED,9
jmcnamara/XlsxWriter,59,2013-11-05T19:22:25Z,2013-11-10T09:42:53Z,4.597546296296296,CLOSED,4
jmcnamara/XlsxWriter,54,2013-10-03T14:27:19Z,2013-10-16T22:19:35Z,13.327962962962962,CLOSED,0
jmcnamara/XlsxWriter,51,2013-09-23T03:45:15Z,2013-09-23T21:48:53Z,0.7525231481481481,CLOSED,2
jmcnamara/XlsxWriter,45,2013-09-11T09:31:39Z,2013-09-12T23:10:13Z,1.568449074074074,CLOSED,4
jmcnamara/XlsxWriter,42,2013-08-27T10:08:23Z,2013-08-28T00:11:09Z,0.5852546296296296,CLOSED,8
jmcnamara/XlsxWriter,32,2013-07-23T09:14:43Z,2013-08-26T20:52:02Z,34.48424768518519,CLOSED,19
jmcnamara/XlsxWriter,41,2013-08-26T12:38:47Z,2013-08-26T20:46:09Z,0.3384490740740741,CLOSED,0
jmcnamara/XlsxWriter,31,2013-07-22T09:13:49Z,2013-07-24T20:57:38Z,2.4887615740740743,CLOSED,2
jmcnamara/XlsxWriter,33,2013-07-23T21:16:05Z,2013-07-23T22:40:58Z,0.05894675925925926,CLOSED,1
jmcnamara/XlsxWriter,13,2013-05-14T10:22:18Z,2013-06-28T00:17:47Z,44.58019675925926,CLOSED,0
jmcnamara/XlsxWriter,27,2013-06-26T01:53:44Z,2013-06-26T23:32:41Z,0.9020486111111111,CLOSED,1
jmcnamara/XlsxWriter,14,2013-05-14T12:04:07Z,2013-06-09T23:28:51Z,26.47550925925926,CLOSED,1
jmcnamara/XlsxWriter,6,2013-03-27T14:33:18Z,2013-03-27T18:54:08Z,0.18113425925925927,CLOSED,0
jmcnamara/XlsxWriter,2,2013-03-14T18:28:18Z,2013-03-21T18:13:25Z,6.989664351851852,CLOSED,4
wireservice/csvkit,1129,2021-06-13T14:27:27Z,2023-10-23T19:34:14Z,862.2130439814815,CLOSED,23
wireservice/csvkit,1032,2019-05-29T10:35:06Z,2023-10-17T23:21:45Z,1602.5323958333333,CLOSED,7
wireservice/csvkit,1169,2022-04-08T12:49:25Z,2023-10-17T23:04:42Z,557.4272800925926,CLOSED,1
wireservice/csvkit,958,2018-05-03T07:56:35Z,2018-05-21T17:39:35Z,18.40486111111111,CLOSED,4
wireservice/csvkit,945,2018-03-21T12:16:03Z,2023-10-17T19:11:05Z,2036.2882175925927,CLOSED,3
wireservice/csvkit,944,2018-03-18T03:00:04Z,2023-10-17T19:09:45Z,2039.6733912037037,CLOSED,4
wireservice/csvkit,951,2018-04-06T05:40:54Z,2018-05-21T17:39:37Z,45.4991087962963,CLOSED,1
wireservice/csvkit,950,2018-04-04T17:47:40Z,2018-05-21T17:39:37Z,46.99440972222222,CLOSED,2
wireservice/csvkit,1213,2023-10-02T11:20:50Z,2023-10-04T04:08:36Z,1.699837962962963,CLOSED,1
wireservice/csvkit,1145,2021-09-22T12:45:54Z,2021-10-08T17:18:06Z,16.189027777777778,CLOSED,1
wireservice/csvkit,1124,2021-05-19T14:49:56Z,2021-07-12T23:16:33Z,54.35181712962963,CLOSED,3
wireservice/csvkit,711,2016-12-25T21:18:11Z,2016-12-26T15:42:49Z,0.7671064814814815,CLOSED,5
wireservice/csvkit,1039,2019-08-12T17:30:00Z,2019-10-31T21:02:49Z,80.14778935185186,CLOSED,4
wireservice/csvkit,1041,2019-08-18T08:42:59Z,2019-10-25T14:52:28Z,68.25658564814815,CLOSED,2
wireservice/csvkit,368,2014-12-13T19:04:09Z,2016-01-23T18:56:24Z,405.9946180555556,CLOSED,11
wireservice/csvkit,998,2018-11-12T23:29:29Z,2018-11-21T18:30:00Z,8.792025462962963,CLOSED,1
wireservice/csvkit,990,2018-10-10T17:06:07Z,2018-11-07T14:27:50Z,27.89008101851852,CLOSED,1
wireservice/csvkit,806,2017-03-13T16:54:17Z,2017-03-15T03:08:55Z,1.4268287037037037,CLOSED,6
wireservice/csvkit,199,2013-01-09T21:58:31Z,2014-09-20T00:32:25Z,618.106875,CLOSED,3
wireservice/csvkit,475,2015-12-30T20:54:48Z,2017-10-26T01:21:39Z,665.1853125,CLOSED,7
wireservice/csvkit,854,2017-07-10T09:55:47Z,2017-07-14T15:34:16Z,4.235057870370371,CLOSED,3
wireservice/csvkit,591,2016-03-29T09:48:19Z,2016-12-27T19:42:50Z,273.4128587962963,CLOSED,6
wireservice/csvkit,833,2017-05-14T17:10:43Z,2017-05-26T14:21:15Z,11.882314814814816,CLOSED,1
wireservice/csvkit,827,2017-04-28T16:45:02Z,2017-04-28T18:20:47Z,0.06649305555555556,CLOSED,0
wireservice/csvkit,799,2017-02-24T02:49:45Z,2017-02-24T20:43:30Z,0.7456597222222222,CLOSED,2
wireservice/csvkit,749,2017-01-12T07:16:20Z,2017-01-28T21:56:41Z,16.61135416666667,CLOSED,0
wireservice/csvkit,466,2015-11-23T18:34:57Z,2017-01-28T21:06:21Z,432.1051388888889,CLOSED,5
wireservice/csvkit,740,2017-01-02T19:41:53Z,2017-01-03T18:46:57Z,0.9618518518518518,CLOSED,4
wireservice/csvkit,738,2016-12-29T21:11:37Z,2016-12-29T21:17:09Z,0.0038425925925925928,CLOSED,0
wireservice/csvkit,635,2016-06-30T18:59:52Z,2016-12-29T14:59:51Z,181.83332175925926,CLOSED,2
wireservice/csvkit,681,2016-11-21T13:57:14Z,2016-12-29T14:37:49Z,38.02818287037037,CLOSED,1
wireservice/csvkit,725,2016-12-27T03:26:31Z,2016-12-27T23:20:49Z,0.829375,CLOSED,5
wireservice/csvkit,723,2016-12-26T18:16:51Z,2016-12-26T23:19:46Z,0.2103587962962963,CLOSED,0
wireservice/csvkit,709,2016-12-25T21:08:42Z,2016-12-25T23:28:25Z,0.09702546296296297,CLOSED,1
wireservice/csvkit,708,2016-12-25T21:07:13Z,2016-12-25T23:16:34Z,0.08982638888888889,CLOSED,0
wireservice/csvkit,699,2016-12-22T16:12:30Z,2016-12-25T02:26:08Z,2.426134259259259,CLOSED,5
wireservice/csvkit,693,2016-12-20T21:58:32Z,2016-12-20T22:43:29Z,0.03121527777777778,CLOSED,5
wireservice/csvkit,315,2014-08-28T11:22:46Z,2014-09-05T20:53:11Z,8.396122685185185,CLOSED,16
wireservice/csvkit,393,2015-03-30T12:35:40Z,2016-01-23T00:00:08Z,298.4753240740741,CLOSED,12
wireservice/csvkit,642,2016-07-19T13:43:13Z,2016-11-06T05:23:30Z,109.65297453703704,CLOSED,3
wireservice/csvkit,345,2014-10-06T03:12:54Z,2016-01-23T18:24:53Z,474.6333217592593,CLOSED,8
wireservice/csvkit,623,2016-06-18T00:21:33Z,2016-06-23T00:58:26Z,5.0256134259259255,CLOSED,1
wireservice/csvkit,627,2016-06-21T16:09:26Z,2016-06-23T00:29:00Z,1.3469212962962962,CLOSED,1
wireservice/csvkit,624,2016-06-18T00:34:09Z,2016-06-23T00:21:47Z,4.991412037037037,CLOSED,1
wireservice/csvkit,383,2015-01-25T15:55:09Z,2016-06-08T19:29:26Z,500.1488078703704,CLOSED,2
wireservice/csvkit,617,2016-06-08T17:31:00Z,2016-06-08T19:26:21Z,0.08010416666666667,CLOSED,10
wireservice/csvkit,611,2016-05-25T23:48:35Z,2016-06-08T19:07:37Z,13.804884259259259,CLOSED,2
wireservice/csvkit,424,2015-06-25T14:14:34Z,2016-02-09T22:03:29Z,229.32563657407408,CLOSED,3
wireservice/csvkit,412,2015-05-31T14:15:50Z,2016-02-09T21:53:44Z,254.3179861111111,CLOSED,0
wireservice/csvkit,456,2015-10-17T17:46:39Z,2016-02-09T03:28:26Z,114.4040162037037,CLOSED,3
wireservice/csvkit,155,2012-03-05T21:44:57Z,2016-02-09T02:10:34Z,1435.1844560185186,CLOSED,3
wireservice/csvkit,225,2013-09-19T18:54:10Z,2016-02-07T15:09:54Z,870.8442592592593,CLOSED,9
wireservice/csvkit,519,2016-01-23T19:37:07Z,2016-02-01T01:00:07Z,8.224305555555556,CLOSED,0
wireservice/csvkit,440,2015-08-27T06:22:48Z,2016-01-30T04:33:42Z,155.9242361111111,CLOSED,3
wireservice/csvkit,509,2016-01-23T16:42:51Z,2016-01-23T22:22:24Z,0.2357986111111111,CLOSED,5
wireservice/csvkit,228,2013-10-03T18:15:13Z,2016-01-23T19:05:07Z,842.0346527777778,CLOSED,5
wireservice/csvkit,344,2014-10-05T23:52:24Z,2016-01-23T18:22:34Z,474.77094907407405,CLOSED,2
wireservice/csvkit,341,2014-10-03T12:40:42Z,2016-01-23T17:51:17Z,477.21568287037036,CLOSED,3
wireservice/csvkit,211,2013-05-24T19:43:14Z,2016-01-23T17:44:27Z,973.9175115740741,CLOSED,4
wireservice/csvkit,352,2014-10-26T00:28:19Z,2016-01-23T05:09:47Z,454.19546296296295,CLOSED,12
wireservice/csvkit,279,2014-05-27T23:15:24Z,2016-01-22T23:36:38Z,605.0147453703704,CLOSED,3
wireservice/csvkit,346,2014-10-07T17:35:04Z,2014-11-22T19:20:37Z,46.07329861111111,CLOSED,14
wireservice/csvkit,288,2014-06-16T21:48:36Z,2014-07-28T13:56:32Z,41.67217592592593,CLOSED,11
wireservice/csvkit,318,2014-09-03T14:35:59Z,2015-03-31T15:02:20Z,209.0182986111111,CLOSED,8
wireservice/csvkit,363,2014-11-19T22:34:45Z,2014-11-22T19:20:37Z,2.8651851851851853,CLOSED,5
wireservice/csvkit,313,2014-08-25T15:27:33Z,2014-09-05T21:29:54Z,11.251631944444444,CLOSED,2
wireservice/csvkit,302,2014-08-11T03:52:11Z,2014-09-05T22:05:11Z,25.759027777777778,CLOSED,3
wireservice/csvkit,296,2014-07-26T19:54:37Z,2014-07-26T22:49:01Z,0.12111111111111111,CLOSED,1
wireservice/csvkit,289,2014-06-17T18:05:50Z,2014-07-26T04:04:21Z,38.41563657407407,CLOSED,1
wireservice/csvkit,295,2014-07-25T23:01:21Z,2014-07-26T04:03:52Z,0.21008101851851851,CLOSED,1
wireservice/csvkit,285,2014-05-31T21:52:43Z,2014-05-31T22:39:36Z,0.03255787037037037,CLOSED,1
wireservice/csvkit,264,2014-03-25T03:22:24Z,2014-03-25T03:30:56Z,0.005925925925925926,CLOSED,0
wireservice/csvkit,263,2014-03-24T04:01:03Z,2014-03-25T02:58:06Z,0.9562847222222223,CLOSED,1
wireservice/csvkit,260,2014-03-19T20:55:31Z,2014-03-24T11:15:19Z,4.597083333333333,CLOSED,2
wireservice/csvkit,261,2014-03-24T03:27:50Z,2014-03-24T03:48:02Z,0.014027777777777778,CLOSED,0
wireservice/csvkit,181,2012-08-16T15:59:14Z,2012-08-17T14:36:29Z,0.9425347222222222,CLOSED,0
wireservice/csvkit,180,2012-08-16T15:39:50Z,2012-08-16T16:53:11Z,0.0509375,CLOSED,0
wireservice/csvkit,152,2012-03-01T02:14:50Z,2012-08-15T19:27:54Z,167.71740740740742,CLOSED,0
wireservice/csvkit,179,2012-08-14T20:52:19Z,2012-08-15T15:24:29Z,0.772337962962963,CLOSED,0
wireservice/csvkit,165,2012-05-02T01:32:57Z,2012-08-14T17:48:11Z,104.67724537037037,CLOSED,14
wireservice/csvkit,133,2011-12-14T01:09:40Z,2012-01-11T16:29:25Z,28.638715277777777,CLOSED,2
wireservice/csvkit,132,2011-11-30T03:19:13Z,2012-01-11T16:48:31Z,42.56201388888889,CLOSED,0
wireservice/csvkit,108,2011-09-01T19:33:31Z,2011-12-26T16:54:05Z,115.8892824074074,CLOSED,5
wireservice/csvkit,86,2011-06-15T21:07:06Z,2011-11-09T02:59:56Z,146.24502314814814,CLOSED,7
wireservice/csvkit,94,2011-08-08T18:21:14Z,2011-08-18T21:18:38Z,10.123194444444444,CLOSED,0
wireservice/csvkit,82,2011-06-03T01:17:06Z,2011-08-18T20:56:08Z,76.81877314814815,CLOSED,2
wireservice/csvkit,85,2011-06-03T02:03:34Z,2011-08-18T20:51:59Z,76.78362268518518,CLOSED,2
wireservice/csvkit,92,2011-08-03T06:14:44Z,2011-08-18T20:49:48Z,15.607685185185185,CLOSED,2
wireservice/csvkit,83,2011-06-03T01:18:50Z,2011-06-03T01:25:17Z,0.004479166666666667,CLOSED,0
wireservice/csvkit,84,2011-06-03T01:20:48Z,2011-06-03T01:24:16Z,0.0024074074074074076,CLOSED,0
wireservice/csvkit,46,2011-04-17T14:16:02Z,2011-05-11T11:45:31Z,23.895474537037035,CLOSED,1
wireservice/csvkit,51,2011-04-18T00:12:20Z,2011-05-02T01:01:56Z,14.034444444444444,CLOSED,0
wireservice/csvkit,69,2011-04-22T18:11:34Z,2011-05-01T01:49:25Z,8.317951388888888,CLOSED,0
wireservice/csvkit,68,2011-04-22T17:57:28Z,2011-04-30T16:42:41Z,7.94806712962963,CLOSED,0
wireservice/csvkit,50,2011-04-17T20:05:37Z,2011-04-17T20:27:43Z,0.015347222222222222,CLOSED,0
wireservice/csvkit,29,2011-04-14T14:43:34Z,2011-04-16T22:08:59Z,2.3093171296296298,CLOSED,0
wireservice/csvkit,26,2011-04-14T13:27:20Z,2011-04-16T22:08:59Z,2.3622569444444443,CLOSED,0
wireservice/csvkit,21,2011-04-12T02:49:04Z,2011-04-16T22:08:59Z,4.805497685185185,CLOSED,1
wireservice/csvkit,24,2011-04-13T21:55:26Z,2011-04-14T14:14:05Z,0.6796180555555555,CLOSED,1
wireservice/csvkit,22,2011-04-12T20:42:04Z,2011-04-13T02:16:39Z,0.23234953703703703,CLOSED,0
jazzband/tablib,610,2025-01-25T00:57:29Z,2025-01-25T13:45:55Z,0.5336342592592592,CLOSED,2
jazzband/tablib,457,2020-02-16T07:48:02Z,2020-02-16T13:05:22Z,0.22037037037037038,CLOSED,1
jazzband/tablib,203,2015-10-05T21:12:48Z,2019-10-26T11:59:30Z,1481.615763888889,CLOSED,8
jazzband/tablib,202,2015-09-20T11:50:15Z,2019-10-22T19:49:11Z,1493.3325925925926,CLOSED,3
jazzband/tablib,168,2014-09-02T14:26:47Z,2019-10-22T08:52:58Z,1875.7681828703703,CLOSED,11
jazzband/tablib,156,2014-06-26T15:46:50Z,2019-10-22T08:50:52Z,1943.7111342592593,CLOSED,3
jazzband/tablib,197,2015-06-29T10:17:41Z,,,OPEN,2
jazzband/tablib,368,2019-06-22T15:25:28Z,2019-10-19T16:01:09Z,119.0247800925926,CLOSED,0
jazzband/tablib,212,2015-11-18T01:54:28Z,2019-10-19T13:01:51Z,1431.4634606481482,CLOSED,6
jazzband/tablib,237,2016-04-03T16:32:50Z,2019-10-05T13:41:25Z,1279.8809606481482,CLOSED,3
jazzband/tablib,108,2013-08-19T04:54:31Z,2019-10-04T21:41:51Z,2237.699537037037,CLOSED,8
jazzband/tablib,230,2016-03-02T08:05:35Z,2019-10-04T20:14:18Z,1311.5060532407408,CLOSED,1
jazzband/tablib,178,2014-12-21T16:56:21Z,2019-10-03T19:24:18Z,1747.1027430555555,CLOSED,4
jazzband/tablib,215,2016-02-04T16:42:36Z,2019-03-02T14:06:21Z,1121.8914930555557,CLOSED,18
jazzband/tablib,334,2018-06-30T21:34:34Z,2019-03-02T11:12:30Z,244.56800925925927,CLOSED,0
jazzband/tablib,235,2016-03-23T16:35:52Z,2016-03-24T13:22:58Z,0.8660416666666667,CLOSED,1
jazzband/tablib,184,2015-02-19T12:15:41Z,2015-04-05T23:05:32Z,45.45128472222222,CLOSED,0
shapely/shapely,745,2019-07-17T14:35:27Z,2020-08-20T23:37:54Z,400.3767013888889,CLOSED,14
shapely/shapely,1149,2021-06-08T05:00:26Z,2021-10-26T22:43:34Z,140.73828703703703,CLOSED,3
shapely/shapely,1184,2021-08-24T20:57:47Z,2021-10-04T15:21:11Z,40.76625,CLOSED,11
shapely/shapely,860,2020-03-04T15:36:57Z,2021-10-04T19:08:17Z,579.1467592592593,CLOSED,11
shapely/shapely,1173,2021-07-19T22:16:35Z,2021-08-21T11:31:00Z,32.55167824074074,CLOSED,2
shapely/shapely,572,2018-03-25T16:58:42Z,,,OPEN,4
shapely/shapely,1102,2021-03-12T15:18:52Z,2021-03-12T18:06:12Z,0.1162037037037037,CLOSED,0
shapely/shapely,647,2018-10-12T12:49:24Z,2021-02-26T23:50:33Z,868.4591319444445,CLOSED,4
shapely/shapely,489,2017-05-03T22:38:18Z,2021-02-26T23:42:33Z,1395.0446180555555,CLOSED,2
shapely/shapely,959,2020-08-10T15:19:59Z,2020-11-05T15:32:08Z,87.0084375,CLOSED,2
shapely/shapely,910,2020-05-09T11:41:41Z,2020-08-21T08:33:06Z,103.86903935185185,CLOSED,4
shapely/shapely,965,2020-08-16T00:11:28Z,2020-08-20T23:54:52Z,4.988472222222223,CLOSED,3
shapely/shapely,908,2020-05-06T10:59:48Z,2020-08-20T23:54:52Z,106.53824074074075,CLOSED,1
shapely/shapely,830,2020-01-31T06:30:19Z,2020-08-20T23:54:51Z,202.72537037037037,CLOSED,1
shapely/shapely,866,2020-03-14T18:18:24Z,2020-03-16T16:31:28Z,1.9257407407407408,CLOSED,5
shapely/shapely,935,2020-06-25T04:52:16Z,2020-07-28T01:03:55Z,32.84142361111111,CLOSED,5
shapely/shapely,447,2016-12-23T23:58:43Z,2016-12-27T16:41:27Z,3.696342592592593,CLOSED,3
shapely/shapely,879,2020-03-30T11:51:45Z,2020-05-05T19:55:46Z,36.33612268518519,CLOSED,1
shapely/shapely,546,2017-11-20T11:20:53Z,2017-12-09T17:33:24Z,19.25869212962963,CLOSED,4
shapely/shapely,848,2020-02-21T00:20:25Z,2020-03-20T19:22:51Z,28.79335648148148,CLOSED,2
shapely/shapely,845,2020-02-20T09:03:14Z,2020-03-02T19:37:21Z,11.440358796296296,CLOSED,3
shapely/shapely,840,2020-02-14T18:48:33Z,2020-03-01T20:01:09Z,16.050416666666667,CLOSED,2
shapely/shapely,837,2020-02-07T20:15:36Z,2020-03-01T20:01:08Z,22.989953703703705,CLOSED,1
shapely/shapely,817,2020-01-08T15:00:20Z,2020-02-26T16:08:15Z,49.047164351851855,CLOSED,3
shapely/shapely,835,2020-02-06T17:31:22Z,2020-02-21T02:36:54Z,14.378842592592592,CLOSED,1
shapely/shapely,799,2019-11-28T21:18:12Z,2019-11-29T23:18:49Z,1.083761574074074,CLOSED,2
shapely/shapely,617,2018-07-30T09:11:32Z,2019-11-03T19:28:50Z,461.42868055555556,CLOSED,0
shapely/shapely,553,2018-01-01T22:08:36Z,2019-09-27T14:15:55Z,633.6717476851852,CLOSED,15
shapely/shapely,712,2019-05-12T10:15:37Z,2019-06-15T23:54:18Z,34.568530092592596,CLOSED,1
shapely/shapely,706,2019-04-30T09:34:52Z,2019-06-15T23:53:48Z,46.59648148148148,CLOSED,1
shapely/shapely,716,2019-05-22T19:20:29Z,2019-05-28T22:58:20Z,6.151284722222222,CLOSED,0
shapely/shapely,695,2019-04-01T15:31:57Z,2019-04-10T07:52:00Z,8.680590277777778,CLOSED,2
shapely/shapely,684,2019-03-08T21:58:31Z,2019-03-12T00:38:32Z,3.111122685185185,CLOSED,4
shapely/shapely,661,2018-11-20T12:37:07Z,2018-11-22T15:48:46Z,2.133090277777778,CLOSED,2
shapely/shapely,653,2018-10-30T18:05:35Z,2018-11-04T15:45:24Z,4.902650462962963,CLOSED,5
shapely/shapely,585,2018-05-07T05:41:44Z,2018-08-15T06:51:39Z,100.04855324074074,CLOSED,5
shapely/shapely,609,2018-07-17T20:04:27Z,2018-09-16T16:17:16Z,60.8422337962963,CLOSED,4
shapely/shapely,604,2018-07-05T23:56:00Z,2018-09-16T15:20:14Z,72.64182870370371,CLOSED,2
shapely/shapely,588,2018-05-17T03:04:33Z,2018-08-12T13:08:52Z,87.41966435185185,CLOSED,6
shapely/shapely,601,2018-06-23T20:02:33Z,2018-08-06T22:37:35Z,44.10766203703704,CLOSED,3
shapely/shapely,574,2018-03-27T19:41:35Z,,,OPEN,1
shapely/shapely,577,2018-04-09T15:59:58Z,2018-07-01T00:21:28Z,82.3482638888889,CLOSED,1
shapely/shapely,513,2017-08-28T21:52:31Z,2018-01-21T22:18:55Z,146.01833333333335,CLOSED,1
shapely/shapely,353,2016-01-11T00:07:08Z,2016-03-28T02:48:08Z,77.11180555555555,CLOSED,7
shapely/shapely,416,2016-09-22T14:46:24Z,2016-10-06T16:18:00Z,14.063611111111111,CLOSED,4
shapely/shapely,262,2015-03-30T03:24:21Z,2015-04-29T20:08:05Z,30.69703703703704,CLOSED,14
shapely/shapely,542,2017-11-15T22:33:09Z,2017-12-09T17:19:20Z,23.78207175925926,CLOSED,2
shapely/shapely,410,2016-09-05T09:57:33Z,2017-12-09T16:56:53Z,460.29120370370373,CLOSED,4
shapely/shapely,547,2017-11-24T15:07:29Z,2017-11-26T20:38:37Z,2.229953703703704,CLOSED,3
shapely/shapely,450,2017-01-06T21:54:29Z,2017-11-26T20:37:05Z,323.94625,CLOSED,7
shapely/shapely,502,2017-07-16T18:00:17Z,2017-10-24T04:03:50Z,99.41913194444444,CLOSED,1
shapely/shapely,526,2017-10-04T15:52:02Z,2017-10-26T20:11:55Z,22.180474537037036,CLOSED,2
shapely/shapely,500,2017-07-07T10:57:51Z,2017-10-15T04:33:23Z,99.73300925925926,CLOSED,2
shapely/shapely,473,2017-03-13T14:58:00Z,2017-10-08T02:42:23Z,208.4891550925926,CLOSED,3
shapely/shapely,515,2017-09-01T16:20:32Z,2017-09-01T18:37:55Z,0.0954050925925926,CLOSED,3
shapely/shapely,505,2017-07-27T06:47:24Z,2017-09-01T18:01:54Z,36.468402777777776,CLOSED,3
shapely/shapely,322,2015-09-18T14:01:02Z,2016-10-03T09:27:51Z,380.81028935185185,CLOSED,16
shapely/shapely,509,2017-08-12T19:19:07Z,2017-08-18T21:59:45Z,6.1115509259259255,CLOSED,0
shapely/shapely,493,2017-06-13T02:14:29Z,2017-06-16T06:55:00Z,3.194803240740741,CLOSED,0
shapely/shapely,486,2017-04-27T16:06:12Z,2017-05-05T06:14:33Z,7.5891319444444445,CLOSED,1
shapely/shapely,453,2017-01-09T21:22:35Z,2017-02-15T14:13:48Z,36.7022337962963,CLOSED,3
shapely/shapely,305,2015-08-23T06:39:29Z,2015-08-23T14:32:53Z,0.32875,CLOSED,5
shapely/shapely,444,2016-12-13T17:45:20Z,2016-12-31T09:49:09Z,17.66931712962963,CLOSED,1
shapely/shapely,403,2016-08-16T20:46:17Z,2016-12-11T21:54:28Z,117.04734953703704,CLOSED,6
shapely/shapely,437,2016-12-02T18:40:33Z,2016-12-06T20:46:45Z,4.087638888888889,CLOSED,8
shapely/shapely,415,2016-09-22T09:42:03Z,2016-10-03T09:28:23Z,10.990509259259259,CLOSED,3
shapely/shapely,397,2016-08-04T20:17:52Z,2016-08-17T07:43:33Z,12.476168981481482,CLOSED,3
shapely/shapely,384,2016-05-24T15:48:34Z,2016-05-25T03:25:25Z,0.4839236111111111,CLOSED,2
shapely/shapely,372,2016-03-24T10:22:55Z,2016-03-24T13:25:12Z,0.12658564814814816,CLOSED,6
shapely/shapely,339,2015-11-03T17:35:43Z,2016-03-28T02:48:33Z,145.38391203703705,CLOSED,2
shapely/shapely,317,2015-09-03T17:00:42Z,2016-01-25T00:29:29Z,143.3116550925926,CLOSED,6
shapely/shapely,345,2015-11-20T18:38:36Z,2015-12-23T14:55:30Z,32.84506944444445,CLOSED,4
shapely/shapely,324,2015-10-02T14:16:06Z,2015-10-10T03:56:29Z,7.569710648148148,CLOSED,2
shapely/shapely,325,2015-10-04T21:40:00Z,2015-10-10T03:37:14Z,5.248078703703704,CLOSED,1
shapely/shapely,209,2014-12-03T22:47:43Z,2014-12-04T04:24:41Z,0.23400462962962962,CLOSED,4
shapely/shapely,242,2015-02-10T05:25:59Z,2015-08-30T02:34:02Z,200.88059027777777,CLOSED,1
shapely/shapely,312,2015-08-26T10:06:01Z,2015-08-26T14:53:06Z,0.19936342592592593,CLOSED,0
shapely/shapely,306,2015-08-23T14:17:20Z,2015-08-23T14:32:06Z,0.01025462962962963,CLOSED,1
shapely/shapely,298,2015-08-12T02:57:29Z,2015-08-20T16:38:07Z,8.56988425925926,CLOSED,1
shapely/shapely,294,2015-07-24T02:58:58Z,2015-08-20T16:37:29Z,27.568414351851853,CLOSED,3
shapely/shapely,299,2015-08-14T21:42:31Z,2015-08-14T21:54:10Z,0.008090277777777778,CLOSED,0
shapely/shapely,289,2015-07-03T13:01:28Z,2015-07-06T17:41:59Z,3.194803240740741,CLOSED,4
shapely/shapely,290,2015-07-03T13:14:07Z,2015-07-06T17:32:24Z,3.179363425925926,CLOSED,2
shapely/shapely,251,2015-03-04T13:56:37Z,2015-06-08T18:26:12Z,96.18721064814815,CLOSED,2
shapely/shapely,266,2015-04-16T11:05:58Z,2015-04-26T02:03:13Z,9.623090277777777,CLOSED,0
shapely/shapely,268,2015-04-24T15:00:27Z,2015-04-26T02:04:23Z,1.4610648148148149,CLOSED,9
shapely/shapely,253,2015-03-10T15:18:25Z,2015-04-27T16:03:29Z,48.0312962962963,CLOSED,4
shapely/shapely,254,2015-03-16T18:33:37Z,2015-03-17T21:55:50Z,1.1404282407407407,CLOSED,2
shapely/shapely,233,2015-01-29T22:53:28Z,2015-02-04T01:10:53Z,5.09542824074074,CLOSED,1
shapely/shapely,234,2015-02-02T16:40:26Z,2015-02-03T06:27:28Z,0.5743287037037037,CLOSED,1
shapely/shapely,228,2015-01-19T15:34:31Z,2015-01-19T16:17:27Z,0.029814814814814815,CLOSED,2
shapely/shapely,218,2014-12-28T05:51:29Z,2015-01-04T15:23:18Z,7.397094907407407,CLOSED,2
shapely/shapely,203,2014-11-26T23:37:59Z,2014-12-02T15:16:24Z,5.651678240740741,CLOSED,0
shapely/shapely,186,2014-10-06T20:49:24Z,2014-10-07T03:24:42Z,0.2745138888888889,CLOSED,1
shapely/shapely,176,2014-09-18T19:17:55Z,2014-09-19T15:37:47Z,0.8471296296296297,CLOSED,14
shapely/shapely,178,2014-09-23T21:24:58Z,2014-09-24T03:23:23Z,0.24890046296296298,CLOSED,1
shapely/shapely,155,2014-08-26T04:05:08Z,2014-08-26T16:39:31Z,0.5238773148148148,CLOSED,1
shapely/shapely,128,2014-04-28T20:56:21Z,2014-04-28T20:58:41Z,0.0016203703703703703,CLOSED,0
shapely/shapely,114,2014-03-02T19:38:13Z,2014-04-22T15:57:01Z,50.84638888888889,CLOSED,6
shapely/shapely,106,2014-01-29T17:17:14Z,2014-04-22T16:04:06Z,82.94921296296296,CLOSED,3
geopandas/geopandas,1719,2020-11-30T11:14:33Z,2020-12-27T11:29:22Z,27.010289351851853,CLOSED,4
geopandas/geopandas,2044,2021-07-29T09:22:06Z,2021-07-30T14:39:44Z,1.2205787037037037,CLOSED,4
geopandas/geopandas,2018,2021-07-23T15:46:12Z,,,OPEN,9
geopandas/geopandas,2017,2021-07-23T09:47:01Z,2021-07-23T09:59:55Z,0.008958333333333334,CLOSED,2
geopandas/geopandas,1946,2021-05-20T06:16:31Z,2021-05-21T03:36:24Z,0.8888078703703703,CLOSED,0
geopandas/geopandas,1982,2021-06-29T12:54:25Z,2021-07-07T10:42:53Z,7.908657407407407,CLOSED,4
geopandas/geopandas,1965,2021-06-09T11:30:03Z,2021-06-09T12:24:47Z,0.038009259259259257,CLOSED,1
geopandas/geopandas,1960,2021-06-02T19:42:49Z,2021-06-08T20:05:32Z,6.015775462962963,CLOSED,2
geopandas/geopandas,1937,2021-05-06T09:44:45Z,2021-05-28T15:31:52Z,22.24105324074074,CLOSED,0
geopandas/geopandas,1875,2021-03-05T10:36:36Z,2021-05-28T10:25:25Z,83.99223379629629,CLOSED,1
geopandas/geopandas,1943,2021-05-12T19:16:23Z,2021-05-27T15:25:33Z,14.839699074074074,CLOSED,9
geopandas/geopandas,1944,2021-05-13T13:09:11Z,2021-05-14T14:13:55Z,1.0449537037037038,CLOSED,2
geopandas/geopandas,1927,2021-05-01T02:34:51Z,2021-05-03T00:41:31Z,1.9212962962962963,CLOSED,2
geopandas/geopandas,1914,2021-04-22T19:01:38Z,2021-04-23T08:38:52Z,0.5675231481481482,CLOSED,1
geopandas/geopandas,1910,2021-04-19T20:15:22Z,2021-04-22T10:05:22Z,2.576388888888889,CLOSED,0
geopandas/geopandas,1894,2021-03-30T11:17:58Z,2021-04-15T07:17:26Z,15.832962962962963,CLOSED,4
geopandas/geopandas,1882,2021-03-16T14:58:12Z,2021-04-08T14:54:22Z,22.997337962962963,CLOSED,11
geopandas/geopandas,1897,2021-04-04T02:32:16Z,2021-04-04T08:39:46Z,0.2552083333333333,CLOSED,3
geopandas/geopandas,1879,2021-03-15T23:07:15Z,,,OPEN,3
geopandas/geopandas,1888,2021-03-24T20:06:41Z,2021-03-26T10:14:30Z,1.5887615740740741,CLOSED,3
geopandas/geopandas,1884,2021-03-17T14:25:57Z,2021-03-17T15:59:27Z,0.06493055555555556,CLOSED,1
geopandas/geopandas,1881,2021-03-16T11:26:11Z,2021-03-16T13:17:30Z,0.07730324074074074,CLOSED,2
geopandas/geopandas,1863,2021-03-01T19:25:17Z,2021-03-05T18:00:55Z,3.941412037037037,CLOSED,3
geopandas/geopandas,1874,2021-03-04T23:48:56Z,2021-03-05T16:50:26Z,0.709375,CLOSED,3
geopandas/geopandas,1841,2021-02-22T16:48:56Z,2021-03-05T12:55:55Z,10.838182870370371,CLOSED,10
geopandas/geopandas,1866,2021-03-02T10:28:40Z,,,OPEN,3
geopandas/geopandas,902,2019-01-25T15:28:15Z,2021-02-28T14:07:02Z,764.943599537037,CLOSED,8
geopandas/geopandas,1704,2020-11-15T08:48:39Z,2021-02-27T21:26:07Z,104.52601851851851,CLOSED,1
geopandas/geopandas,1781,2021-01-18T09:13:49Z,2021-02-27T08:48:09Z,39.98217592592592,CLOSED,4
geopandas/geopandas,1652,2020-10-09T07:59:30Z,2020-10-09T11:39:20Z,0.15266203703703704,CLOSED,11
geopandas/geopandas,1701,2020-11-12T14:42:15Z,2021-02-18T21:51:49Z,98.29831018518519,CLOSED,1
geopandas/geopandas,1829,2021-02-18T19:00:34Z,2021-02-18T21:51:48Z,0.11891203703703704,CLOSED,1
geopandas/geopandas,1827,2021-02-15T22:06:00Z,2021-02-15T23:30:26Z,0.05863425925925926,CLOSED,2
geopandas/geopandas,1791,2021-01-24T18:26:43Z,2021-02-08T10:57:51Z,14.688287037037037,CLOSED,0
geopandas/geopandas,1807,2021-01-29T04:50:50Z,2021-01-29T18:53:27Z,0.5851504629629629,CLOSED,5
geopandas/geopandas,1778,2021-01-15T21:31:40Z,2021-01-28T15:53:29Z,12.765150462962962,CLOSED,19
geopandas/geopandas,1793,2021-01-25T10:15:17Z,2021-01-25T22:06:13Z,0.4937037037037037,CLOSED,9
geopandas/geopandas,1783,2021-01-19T13:55:20Z,2021-01-19T14:08:49Z,0.009363425925925926,CLOSED,4
geopandas/geopandas,1782,2021-01-18T15:37:09Z,2021-01-18T23:53:53Z,0.3449537037037037,CLOSED,6
geopandas/geopandas,1780,2021-01-17T19:21:43Z,2021-01-17T20:57:44Z,0.06667824074074075,CLOSED,1
geopandas/geopandas,1779,2021-01-17T16:46:29Z,2021-01-17T18:49:19Z,0.08530092592592593,CLOSED,1
geopandas/geopandas,1764,2021-01-02T04:11:25Z,,,OPEN,7
geopandas/geopandas,1761,2020-12-31T13:42:47Z,2021-01-01T18:58:39Z,1.2193518518518518,CLOSED,11
geopandas/geopandas,1760,2020-12-30T03:08:43Z,,,OPEN,3
geopandas/geopandas,1679,2020-11-06T14:26:28Z,2020-12-27T14:30:36Z,51.00287037037037,CLOSED,0
geopandas/geopandas,1742,2020-12-17T23:50:42Z,2020-12-18T17:47:04Z,0.7474768518518519,CLOSED,5
geopandas/geopandas,1743,2020-12-18T12:06:10Z,2020-12-18T12:44:37Z,0.02670138888888889,CLOSED,1
geopandas/geopandas,1732,2020-12-12T01:31:01Z,2020-12-12T18:35:08Z,0.7111921296296296,CLOSED,3
geopandas/geopandas,1695,2020-11-11T01:46:57Z,2020-12-05T21:37:42Z,24.826909722222222,CLOSED,2
geopandas/geopandas,1647,2020-10-04T07:36:44Z,2020-11-22T22:02:30Z,49.601226851851855,CLOSED,0
geopandas/geopandas,1691,2020-11-09T22:18:55Z,2020-11-09T22:35:49Z,0.01173611111111111,CLOSED,2
geopandas/geopandas,1634,2020-09-24T19:30:56Z,2020-11-08T05:22:48Z,44.41101851851852,CLOSED,1
geopandas/geopandas,1654,2020-10-13T08:47:13Z,2020-10-16T13:09:00Z,3.1817939814814813,CLOSED,2
geopandas/geopandas,1640,2020-09-27T09:00:48Z,2020-09-28T08:33:33Z,0.9810763888888889,CLOSED,1
geopandas/geopandas,1386,2020-04-18T22:25:44Z,2020-09-24T19:32:24Z,158.87962962962962,CLOSED,2
geopandas/geopandas,1615,2020-09-11T21:00:30Z,2020-09-24T12:58:44Z,12.665439814814814,CLOSED,0
geopandas/geopandas,1573,2020-08-20T14:56:22Z,2020-09-14T08:34:25Z,24.734756944444445,CLOSED,0
geopandas/geopandas,1565,2020-08-08T07:00:09Z,2020-09-13T10:27:37Z,36.14407407407408,CLOSED,3
geopandas/geopandas,1563,2020-08-06T23:23:16Z,2020-08-12T07:46:37Z,5.3495486111111115,CLOSED,2
geopandas/geopandas,1548,2020-07-29T16:48:44Z,2020-08-05T19:00:26Z,7.091458333333334,CLOSED,3
geopandas/geopandas,1486,2020-06-25T12:21:43Z,2020-07-09T19:06:50Z,14.281331018518518,CLOSED,0
geopandas/geopandas,1384,2020-04-18T11:51:20Z,2020-06-12T13:22:34Z,55.063356481481485,CLOSED,2
geopandas/geopandas,1393,2020-04-22T10:23:06Z,2020-05-27T07:19:37Z,34.87258101851852,CLOSED,0
geopandas/geopandas,1239,2019-12-19T15:59:29Z,2020-05-24T15:55:05Z,156.99694444444444,CLOSED,1
geopandas/geopandas,1260,2020-01-07T12:51:11Z,2020-05-24T15:46:04Z,138.12144675925927,CLOSED,2
geopandas/geopandas,820,2018-09-13T13:19:31Z,2020-04-19T18:33:48Z,584.2182523148148,CLOSED,1
geopandas/geopandas,543,2017-09-08T07:57:15Z,2020-04-19T10:20:26Z,954.0994328703704,CLOSED,6
geopandas/geopandas,1374,2020-04-13T21:34:38Z,2020-04-15T07:01:57Z,1.3939699074074074,CLOSED,1
geopandas/geopandas,1363,2020-04-10T02:42:24Z,2020-04-12T16:28:19Z,2.5735532407407407,CLOSED,4
geopandas/geopandas,143,2014-07-21T18:33:14Z,2015-04-28T19:44:55Z,281.0497800925926,CLOSED,4
geopandas/geopandas,1341,2020-03-24T09:39:04Z,2020-03-24T12:21:45Z,0.11297453703703704,CLOSED,1
geopandas/geopandas,1307,2020-02-24T21:37:20Z,2020-03-06T21:49:54Z,11.008726851851852,CLOSED,1
geopandas/geopandas,1308,2020-02-25T22:08:16Z,2020-02-26T08:05:10Z,0.4145138888888889,CLOSED,0
geopandas/geopandas,1216,2019-11-20T23:17:35Z,2020-01-24T16:48:51Z,64.7300462962963,CLOSED,1
geopandas/geopandas,1257,2020-01-06T12:03:05Z,2020-01-07T07:52:54Z,0.8262615740740741,CLOSED,1
geopandas/geopandas,1249,2020-01-03T23:50:15Z,2020-01-04T16:50:30Z,0.7085069444444444,CLOSED,2
geopandas/geopandas,1190,2019-11-05T17:03:03Z,2019-11-15T09:52:14Z,9.70082175925926,CLOSED,5
geopandas/geopandas,1195,2019-11-11T12:09:25Z,2019-11-13T08:20:24Z,1.8409606481481482,CLOSED,1
geopandas/geopandas,1145,2019-10-07T21:08:26Z,2019-10-11T07:06:57Z,3.415636574074074,CLOSED,6
geopandas/geopandas,1130,2019-09-18T18:47:41Z,2019-09-21T17:36:15Z,2.9503935185185184,CLOSED,2
geopandas/geopandas,1006,2019-05-25T12:25:19Z,2019-09-12T07:08:47Z,109.78018518518519,CLOSED,3
geopandas/geopandas,1078,2019-08-05T12:46:56Z,2019-08-07T17:47:42Z,2.2088657407407406,CLOSED,1
geopandas/geopandas,877,2018-12-11T11:43:29Z,2018-12-12T22:52:22Z,1.4645023148148149,CLOSED,6
geopandas/geopandas,731,2018-05-24T17:27:46Z,2018-07-14T05:31:03Z,50.50228009259259,CLOSED,13
geopandas/geopandas,685,2018-03-01T22:23:00Z,2018-03-17T15:20:38Z,15.706689814814816,CLOSED,10
geopandas/geopandas,612,2017-11-14T00:54:19Z,2018-01-31T05:59:04Z,78.21163194444445,CLOSED,6
geopandas/geopandas,198,2015-06-03T21:23:31Z,2017-09-03T02:29:49Z,822.2127083333334,CLOSED,2
geopandas/geopandas,477,2017-08-06T04:38:51Z,2017-08-08T07:06:47Z,2.1027314814814817,CLOSED,0
geopandas/geopandas,251,2015-11-14T13:57:13Z,2017-01-05T08:40:02Z,417.7797337962963,CLOSED,10
geopandas/geopandas,371,2016-10-19T20:41:19Z,2016-10-28T16:42:51Z,8.834398148148148,CLOSED,3
geopandas/geopandas,339,2016-06-08T09:34:29Z,2016-06-10T08:33:50Z,1.9578819444444444,CLOSED,1
geopandas/geopandas,247,2015-11-04T15:26:19Z,2016-05-26T21:28:07Z,204.25125,CLOSED,7
geopandas/geopandas,199,2015-06-24T01:24:39Z,2015-07-14T06:09:13Z,20.19761574074074,CLOSED,3
geopandas/geopandas,190,2015-04-25T19:17:32Z,2015-04-29T14:37:58Z,3.8058564814814817,CLOSED,6
geopandas/geopandas,164,2014-09-11T18:54:31Z,2014-09-11T19:45:27Z,0.03537037037037037,CLOSED,11
geopandas/geopandas,155,2014-08-07T23:39:22Z,2014-08-16T19:41:33Z,8.834849537037037,CLOSED,2
geopandas/geopandas,150,2014-07-30T20:12:36Z,2014-08-16T19:22:40Z,16.965324074074076,CLOSED,3
geopandas/geopandas,134,2014-07-15T15:51:55Z,2014-07-15T17:57:10Z,0.08697916666666666,CLOSED,2
geopandas/geopandas,118,2014-07-11T22:44:54Z,2014-07-13T21:17:12Z,1.9390972222222222,CLOSED,5
geopandas/geopandas,56,2013-11-03T22:03:24Z,2013-11-06T02:46:00Z,2.19625,CLOSED,4
python-visualization/folium,1904,2024-03-19T06:00:26Z,2024-04-03T12:16:16Z,15.26099537037037,CLOSED,3
python-visualization/folium,1573,2022-02-20T18:17:16Z,2023-05-18T08:52:05Z,451.60751157407407,CLOSED,7
python-visualization/folium,1737,2023-03-14T08:37:13Z,2023-04-09T08:13:04Z,25.983229166666668,CLOSED,6
python-visualization/folium,1400,2020-10-20T16:28:51Z,,,OPEN,2
python-visualization/folium,1716,2023-01-31T16:53:17Z,2023-03-12T12:53:09Z,39.83324074074074,CLOSED,5
python-visualization/folium,1280,2020-03-31T21:53:28Z,2023-01-24T17:01:41Z,1028.797372685185,CLOSED,3
python-visualization/folium,1571,2022-02-17T17:01:38Z,2023-01-24T16:59:00Z,340.9981712962963,CLOSED,12
python-visualization/folium,1670,2022-11-29T03:11:43Z,2022-11-29T16:04:41Z,0.5367824074074075,CLOSED,3
python-visualization/folium,1667,2022-11-27T19:01:30Z,2022-11-29T13:22:51Z,1.7648263888888889,CLOSED,1
python-visualization/folium,1452,2021-02-12T18:35:40Z,2022-11-29T15:59:11Z,654.8913310185185,CLOSED,4
python-visualization/folium,1248,2020-01-14T14:44:14Z,2022-11-29T16:05:59Z,1050.0567708333333,CLOSED,4
python-visualization/folium,1199,2019-08-16T08:59:22Z,2022-11-29T16:05:20Z,1201.2958101851852,CLOSED,7
python-visualization/folium,1130,2019-04-12T14:21:08Z,2022-11-27T11:52:53Z,1324.8970486111111,CLOSED,7
python-visualization/folium,828,2018-03-02T20:06:07Z,2022-11-27T15:26:53Z,1730.806087962963,CLOSED,3
python-visualization/folium,904,2018-07-04T11:38:18Z,2022-11-30T10:24:12Z,1609.9485416666666,CLOSED,4
python-visualization/folium,1301,2020-04-19T22:46:33Z,,,OPEN,6
python-visualization/folium,1286,2020-04-10T04:18:51Z,,,OPEN,1
python-visualization/folium,1105,2019-03-19T10:18:13Z,2022-11-26T17:03:37Z,1348.2815277777777,CLOSED,6
python-visualization/folium,841,2018-04-03T21:49:37Z,2022-11-25T11:31:13Z,1696.5705555555555,CLOSED,8
python-visualization/folium,718,2017-09-11T20:46:43Z,2022-11-25T11:18:04Z,1900.6051041666667,CLOSED,6
python-visualization/folium,1052,2019-01-13T08:07:51Z,2022-11-25T11:01:33Z,1412.120625,CLOSED,12
python-visualization/folium,1205,2019-09-16T16:49:54Z,,,OPEN,1
python-visualization/folium,1254,2020-01-29T16:05:58Z,2022-11-23T14:34:00Z,1028.9361342592592,CLOSED,9
python-visualization/folium,1543,2021-11-26T22:33:20Z,2022-11-18T10:48:54Z,356.51081018518516,CLOSED,0
python-visualization/folium,1271,2020-03-12T12:06:46Z,2020-06-14T15:25:32Z,94.13803240740741,CLOSED,23
python-visualization/folium,1212,2019-10-09T03:39:59Z,2022-11-15T16:04:58Z,1133.517349537037,CLOSED,0
python-visualization/folium,842,2018-04-06T11:44:00Z,2018-10-29T16:42:35Z,206.20734953703703,CLOSED,1
python-visualization/folium,291,2015-12-05T22:20:43Z,2015-12-16T10:55:34Z,10.524201388888889,CLOSED,4
python-visualization/folium,1640,2022-11-05T13:00:09Z,2022-11-08T20:23:16Z,3.3077199074074075,CLOSED,0
python-visualization/folium,1096,2019-03-14T15:56:38Z,2022-11-17T15:40:16Z,1343.9886342592592,CLOSED,13
python-visualization/folium,1616,2022-08-25T00:32:31Z,2022-10-10T13:01:24Z,46.52005787037037,CLOSED,3
python-visualization/folium,1283,2020-04-08T17:55:27Z,2020-04-13T16:32:55Z,4.942685185185185,CLOSED,7
python-visualization/folium,1320,2020-05-05T14:07:43Z,2020-06-18T06:35:10Z,43.68572916666667,CLOSED,11
python-visualization/folium,1221,2019-11-07T06:53:25Z,2019-11-18T08:48:34Z,11.079965277777777,CLOSED,18
python-visualization/folium,1379,2020-08-17T20:39:56Z,2020-11-07T10:01:12Z,81.55643518518518,CLOSED,6
python-visualization/folium,212,2015-10-09T14:58:45Z,2015-11-03T15:28:30Z,25.020659722222224,CLOSED,13
python-visualization/folium,1209,2019-09-27T09:37:31Z,2020-06-18T06:38:04Z,264.8753819444444,CLOSED,7
python-visualization/folium,1106,2019-03-19T21:57:31Z,2019-03-21T10:00:17Z,1.5019212962962962,CLOSED,16
python-visualization/folium,1346,2020-06-04T12:01:17Z,2020-06-05T06:53:14Z,0.7860763888888889,CLOSED,3
python-visualization/folium,1302,2020-04-20T00:56:34Z,2020-04-21T06:02:27Z,1.2124189814814814,CLOSED,1
python-visualization/folium,864,2018-05-11T20:59:24Z,2018-06-06T08:36:50Z,25.484328703703703,CLOSED,15
python-visualization/folium,1217,2019-10-30T10:41:28Z,2019-12-02T09:12:57Z,32.93853009259259,CLOSED,8
python-visualization/folium,768,2017-11-18T20:41:53Z,2018-11-05T11:02:14Z,351.59746527777776,CLOSED,8
python-visualization/folium,1170,2019-06-24T02:55:26Z,2019-07-21T16:58:49Z,27.58568287037037,CLOSED,6
python-visualization/folium,1168,2019-06-21T09:30:50Z,2019-07-24T07:51:07Z,32.93075231481482,CLOSED,2
python-visualization/folium,929,2018-08-10T09:33:28Z,2018-12-09T10:01:37Z,121.0195486111111,CLOSED,17
python-visualization/folium,1179,2019-07-19T10:22:24Z,2019-07-21T16:21:09Z,2.2491319444444446,CLOSED,0
python-visualization/folium,1167,2019-06-20T22:11:08Z,,,OPEN,3
python-visualization/folium,1154,2019-05-25T11:10:41Z,2019-05-26T11:26:13Z,1.010787037037037,CLOSED,7
python-visualization/folium,1117,2019-04-04T09:52:51Z,2019-04-14T15:20:29Z,10.227523148148148,CLOSED,2
python-visualization/folium,1119,2019-04-07T06:29:40Z,2019-04-08T17:00:15Z,1.4379050925925927,CLOSED,4
python-visualization/folium,1124,2019-04-07T10:00:00Z,2019-04-07T16:42:53Z,0.27978009259259257,CLOSED,3
python-visualization/folium,1065,2019-02-13T14:16:08Z,2019-03-12T11:29:20Z,26.884166666666665,CLOSED,3
python-visualization/folium,1078,2019-02-28T05:31:26Z,2019-03-06T13:41:49Z,6.340543981481481,CLOSED,4
python-visualization/folium,928,2018-08-09T20:44:12Z,2018-11-14T06:20:52Z,96.40046296296296,CLOSED,7
python-visualization/folium,874,2018-05-31T11:07:59Z,2018-11-09T13:36:50Z,162.10336805555556,CLOSED,5
python-visualization/folium,739,2017-09-29T18:29:20Z,2018-11-09T13:24:02Z,405.78798611111114,CLOSED,2
python-visualization/folium,971,2018-09-26T22:46:48Z,2018-10-31T20:20:37Z,34.8984837962963,CLOSED,2
python-visualization/folium,996,2018-10-17T12:53:49Z,2018-10-31T20:20:37Z,14.310277777777777,CLOSED,0
python-visualization/folium,483,2016-08-06T08:22:41Z,2018-10-15T20:09:05Z,800.4905555555556,CLOSED,2
python-visualization/folium,850,2018-04-25T11:26:36Z,2018-10-12T07:58:10Z,169.85525462962963,CLOSED,2
python-visualization/folium,945,2018-08-29T15:36:29Z,2018-09-04T20:17:46Z,6.1953356481481485,CLOSED,5
python-visualization/folium,938,2018-08-23T11:03:46Z,2018-09-03T21:01:16Z,11.414930555555555,CLOSED,2
python-visualization/folium,855,2018-05-01T18:58:32Z,2018-08-01T13:51:28Z,91.78675925925926,CLOSED,2
python-visualization/folium,339,2016-01-29T17:42:30Z,2016-06-11T12:00:47Z,133.76269675925926,CLOSED,10
python-visualization/folium,872,2018-05-22T16:16:04Z,2018-07-17T06:36:54Z,55.597800925925924,CLOSED,2
python-visualization/folium,882,2018-06-13T10:04:07Z,2018-06-20T18:05:42Z,7.33443287037037,CLOSED,6
python-visualization/folium,881,2018-06-11T17:40:48Z,2018-06-20T17:54:49Z,9.009733796296297,CLOSED,16
python-visualization/folium,852,2018-04-26T11:08:52Z,2018-06-19T15:40:04Z,54.18833333333333,CLOSED,1
python-visualization/folium,863,2018-05-09T04:35:33Z,2018-06-06T08:09:14Z,28.148391203703703,CLOSED,1
python-visualization/folium,606,2017-03-13T10:14:06Z,2018-04-21T12:28:24Z,404.0932638888889,CLOSED,6
python-visualization/folium,135,2015-05-20T15:49:44Z,2015-08-19T16:31:14Z,91.02881944444445,CLOSED,19
python-visualization/folium,607,2017-03-17T04:33:37Z,2017-09-21T13:58:31Z,188.39229166666667,CLOSED,2
python-visualization/folium,430,2016-05-18T09:59:37Z,2017-08-26T01:12:19Z,464.63381944444444,CLOSED,3
python-visualization/folium,598,2017-03-06T15:39:54Z,2017-08-23T20:34:15Z,170.2044097222222,CLOSED,0
python-visualization/folium,625,2017-05-26T20:40:12Z,2017-08-23T18:54:03Z,88.92628472222222,CLOSED,7
python-visualization/folium,584,2017-01-05T15:09:15Z,2017-03-24T15:36:17Z,78.01877314814814,CLOSED,4
python-visualization/folium,463,2016-07-13T12:32:11Z,2016-10-27T19:26:03Z,106.28740740740741,CLOSED,3
python-visualization/folium,532,2016-10-20T18:43:51Z,2016-10-21T17:39:14Z,0.9551273148148148,CLOSED,0
python-visualization/folium,500,2016-09-16T12:05:07Z,2016-09-23T13:47:12Z,7.070891203703703,CLOSED,3
python-visualization/folium,371,2016-02-23T22:26:25Z,2016-03-14T19:15:21Z,19.867314814814815,CLOSED,6
python-visualization/folium,434,2016-05-21T18:12:58Z,2016-06-02T19:03:14Z,12.034907407407408,CLOSED,3
python-visualization/folium,433,2016-05-20T17:15:07Z,2016-05-21T19:57:19Z,1.112638888888889,CLOSED,3
python-visualization/folium,252,2015-11-16T17:09:47Z,2016-01-15T15:03:43Z,59.912453703703704,CLOSED,10
python-visualization/folium,289,2015-12-04T21:17:40Z,2016-01-14T21:15:38Z,40.998587962962965,CLOSED,2
python-visualization/folium,324,2016-01-14T14:26:31Z,2016-01-14T20:21:14Z,0.24633101851851852,CLOSED,1
python-visualization/folium,316,2016-01-04T17:29:57Z,2016-01-04T20:33:42Z,0.12760416666666666,CLOSED,6
python-visualization/folium,263,2015-11-27T15:34:16Z,2015-12-10T08:37:05Z,12.710289351851852,CLOSED,3
python-visualization/folium,288,2015-12-04T20:17:39Z,2015-12-09T15:22:51Z,4.795277777777778,CLOSED,1
python-visualization/folium,55,2014-11-21T01:08:37Z,2015-11-01T22:23:06Z,345.88505787037036,CLOSED,10
python-visualization/folium,184,2015-08-15T13:08:55Z,2015-11-01T22:24:36Z,78.38589120370371,CLOSED,5
python-visualization/folium,90,2015-03-06T04:25:34Z,2015-08-04T16:57:59Z,151.5225115740741,CLOSED,16
python-visualization/folium,44,2014-07-11T12:40:34Z,2015-08-04T17:30:10Z,389.2011111111111,CLOSED,2
python-visualization/folium,41,2014-06-27T18:50:53Z,2015-08-04T17:28:47Z,402.9429861111111,CLOSED,9
python-visualization/folium,105,2015-04-21T16:50:15Z,2015-08-04T17:24:16Z,105.02362268518519,CLOSED,8
python-visualization/folium,153,2015-07-17T21:36:04Z,2015-08-04T17:13:29Z,17.817650462962963,CLOSED,1
python-visualization/folium,108,2015-04-21T19:27:38Z,2015-05-08T16:28:27Z,16.87556712962963,CLOSED,1
python-visualization/folium,31,2014-05-14T16:28:26Z,2015-04-23T12:29:04Z,343.83377314814817,CLOSED,2
python-visualization/folium,30,2014-05-14T10:14:39Z,2015-04-22T16:54:48Z,343.27788194444446,CLOSED,4
python-visualization/folium,83,2015-02-03T11:35:30Z,2015-03-22T22:44:54Z,47.46486111111111,CLOSED,5
benfred/py-spy,109,2019-04-16T12:41:01Z,2021-03-21T17:56:55Z,705.219375,CLOSED,5
benfred/py-spy,224,2020-02-15T17:35:49Z,2020-03-12T16:03:39Z,25.93599537037037,CLOSED,6
benfred/py-spy,220,2020-01-28T21:26:22Z,2020-02-18T15:10:53Z,20.739247685185184,CLOSED,3
benfred/py-spy,207,2019-12-13T15:13:46Z,2020-01-02T01:39:34Z,19.434583333333332,CLOSED,7
benfred/py-spy,83,2019-01-27T06:33:31Z,2019-12-09T06:30:13Z,315.9977083333333,CLOSED,23
plasma-umass/scalene,846,2024-08-01T06:14:37Z,2026-01-21T22:27:32Z,538.675636574074,CLOSED,7
plasma-umass/scalene,824,2024-05-10T02:18:09Z,2026-01-22T07:28:30Z,622.2155208333334,CLOSED,0
plasma-umass/scalene,823,2024-05-09T09:15:30Z,,,OPEN,5
plasma-umass/scalene,794,2024-03-18T00:02:08Z,,,OPEN,11
plasma-umass/scalene,188,2021-05-15T08:26:51Z,,,OPEN,2
plasma-umass/scalene,190,2021-05-18T12:22:39Z,2021-06-04T16:06:59Z,17.155787037037037,CLOSED,4
plasma-umass/scalene,181,2021-05-10T16:08:05Z,2021-05-28T16:28:52Z,18.01443287037037,CLOSED,23
plasma-umass/scalene,207,2021-05-28T21:04:11Z,2021-05-29T14:32:59Z,0.7283333333333334,CLOSED,3
plasma-umass/scalene,199,2021-05-26T05:39:23Z,2021-05-28T06:18:15Z,2.026990740740741,CLOSED,4
Kozea/CairoSVG,440,2025-04-15T08:26:06Z,,,OPEN,1
Kozea/CairoSVG,430,2024-10-24T09:48:10Z,,,OPEN,0
Kozea/CairoSVG,427,2024-07-31T12:57:02Z,,,OPEN,1
Kozea/CairoSVG,421,2024-04-22T20:21:58Z,,,OPEN,0
Kozea/CairoSVG,187,2018-03-29T10:25:30Z,,,OPEN,1
Kozea/CairoSVG,317,2021-03-12T18:22:33Z,,,OPEN,1
Kozea/CairoSVG,175,2018-01-31T05:15:24Z,2023-12-19T09:10:35Z,2148.1633217592594,CLOSED,1
Kozea/CairoSVG,365,2022-08-14T13:11:09Z,,,OPEN,2
Kozea/CairoSVG,327,2021-05-21T16:45:19Z,,,OPEN,2
Kozea/CairoSVG,343,2021-08-24T04:03:02Z,,,OPEN,6
Kozea/CairoSVG,315,2021-02-23T22:34:59Z,,,OPEN,2
Kozea/CairoSVG,346,2021-10-25T23:37:24Z,2021-11-06T08:22:41Z,11.364780092592593,CLOSED,1
Kozea/CairoSVG,341,2021-08-18T07:36:21Z,,,OPEN,15
Kozea/CairoSVG,214,2018-11-06T03:37:57Z,,,OPEN,8
Kozea/CairoSVG,300,2020-11-06T09:24:27Z,,,OPEN,4
Kozea/CairoSVG,164,2017-11-05T09:46:50Z,2020-11-23T17:52:32Z,1114.3372916666667,CLOSED,12
Kozea/CairoSVG,284,2020-08-05T07:27:20Z,,,OPEN,1
Kozea/CairoSVG,278,2020-06-19T20:31:00Z,2020-06-26T17:09:38Z,6.860162037037037,CLOSED,1
Kozea/CairoSVG,266,2020-03-26T10:54:55Z,2020-03-29T11:07:29Z,3.008726851851852,CLOSED,3
Kozea/CairoSVG,157,2017-09-17T18:27:18Z,,,OPEN,3
Kozea/CairoSVG,248,2019-09-08T18:03:48Z,2019-09-09T11:44:57Z,0.7369097222222222,CLOSED,2
Kozea/CairoSVG,247,2019-08-22T00:38:01Z,2019-08-22T10:15:25Z,0.40097222222222223,CLOSED,6
Kozea/CairoSVG,19,2013-05-10T16:52:36Z,,,OPEN,0
Kozea/CairoSVG,242,2019-05-31T07:09:01Z,2019-05-31T10:27:22Z,0.13774305555555555,CLOSED,1
Kozea/CairoSVG,220,2018-11-25T12:19:19Z,2019-05-31T08:26:08Z,186.83806712962962,CLOSED,2
Kozea/CairoSVG,194,2018-05-23T10:28:49Z,,,OPEN,5
Kozea/CairoSVG,196,2018-07-01T00:17:54Z,2018-10-04T14:38:51Z,95.59788194444444,CLOSED,8
Kozea/CairoSVG,165,2017-11-16T18:51:16Z,2018-10-04T13:17:57Z,321.7685300925926,CLOSED,2
Kozea/CairoSVG,185,2018-03-11T21:19:44Z,,,OPEN,0
Kozea/CairoSVG,203,2018-08-24T15:15:34Z,2018-08-28T21:08:32Z,4.245115740740741,CLOSED,4
Kozea/CairoSVG,161,2017-10-27T04:26:26Z,2018-08-28T17:05:27Z,305.5270949074074,CLOSED,0
Kozea/CairoSVG,189,2018-05-06T05:56:34Z,2018-08-28T17:05:26Z,114.46449074074074,CLOSED,1
Kozea/CairoSVG,149,2017-04-25T00:22:48Z,,,OPEN,8
Kozea/CairoSVG,158,2017-09-21T08:23:50Z,2018-05-14T08:29:05Z,235.00364583333334,CLOSED,4
Kozea/CairoSVG,139,2017-01-20T19:16:50Z,2018-05-11T08:38:40Z,475.55682870370373,CLOSED,4
Kozea/CairoSVG,186,2018-03-26T14:34:03Z,,,OPEN,0
Kozea/CairoSVG,181,2018-02-18T13:59:46Z,,,OPEN,3
Kozea/CairoSVG,148,2017-04-24T15:01:38Z,2018-01-03T14:35:51Z,253.9820949074074,CLOSED,3
Kozea/CairoSVG,168,2017-12-01T18:33:51Z,2017-12-01T18:52:02Z,0.012627314814814815,CLOSED,1
Kozea/CairoSVG,160,2017-10-04T22:23:22Z,2017-10-05T11:10:03Z,0.5324189814814815,CLOSED,5
Kozea/CairoSVG,155,2017-08-06T09:46:05Z,,,OPEN,0
Kozea/CairoSVG,156,2017-09-07T12:03:01Z,,,OPEN,0
Kozea/CairoSVG,150,2017-05-30T20:09:19Z,,,OPEN,4
Kozea/CairoSVG,43,2014-01-17T16:49:10Z,2015-12-01T00:56:16Z,682.3382638888888,CLOSED,0
Kozea/CairoSVG,145,2017-04-05T17:28:43Z,2017-05-02T18:12:40Z,27.030520833333334,CLOSED,5
Kozea/CairoSVG,133,2016-12-28T13:34:09Z,,,OPEN,0
Kozea/CairoSVG,132,2016-12-26T21:00:33Z,,,OPEN,0
Kozea/CairoSVG,131,2016-12-21T20:12:46Z,2016-12-26T18:29:32Z,4.928310185185185,CLOSED,1
Kozea/CairoSVG,34,2013-09-24T17:14:20Z,2016-11-23T07:21:24Z,1155.5882407407407,CLOSED,1
Kozea/CairoSVG,120,2016-10-20T04:31:40Z,2016-11-20T14:14:54Z,31.40502314814815,CLOSED,4
Kozea/CairoSVG,127,2016-11-15T13:49:35Z,2016-11-17T14:48:15Z,2.0407407407407407,CLOSED,5
Kozea/CairoSVG,116,2016-09-16T16:43:34Z,2016-09-17T20:59:38Z,1.177824074074074,CLOSED,5
Kozea/CairoSVG,111,2016-08-07T11:53:01Z,2016-08-07T14:03:57Z,0.09092592592592592,CLOSED,2
Kozea/CairoSVG,92,2016-03-29T12:50:47Z,2016-08-06T13:11:28Z,130.01436342592592,CLOSED,1
Kozea/CairoSVG,99,2016-05-19T22:32:51Z,2016-08-06T13:11:03Z,78.60986111111112,CLOSED,6
Kozea/CairoSVG,61,2014-12-06T23:40:00Z,2016-07-13T13:44:24Z,584.5863888888889,CLOSED,4
Kozea/CairoSVG,16,2013-05-10T16:49:33Z,,,OPEN,6
Kozea/CairoSVG,70,2015-06-20T06:27:58Z,2015-06-21T22:13:53Z,1.6568865740740741,CLOSED,12
Kozea/CairoSVG,105,2016-06-16T05:35:18Z,2016-06-16T17:53:05Z,0.512349537037037,CLOSED,3
Kozea/CairoSVG,96,2016-05-02T21:07:00Z,2016-05-02T21:53:11Z,0.03207175925925926,CLOSED,1
Kozea/CairoSVG,64,2015-01-19T17:22:49Z,2015-12-03T21:46:58Z,318.1834375,CLOSED,4
Kozea/CairoSVG,17,2013-05-10T16:50:49Z,2015-12-03T12:35:16Z,936.8225347222223,CLOSED,7
Kozea/CairoSVG,14,2013-05-10T16:42:21Z,2015-10-30T18:45:19Z,903.0853935185186,CLOSED,1
Kozea/CairoSVG,68,2015-06-04T20:25:01Z,2015-10-30T17:40:51Z,147.88599537037038,CLOSED,3
Kozea/CairoSVG,73,2015-09-10T23:19:25Z,2015-10-26T17:35:19Z,45.761041666666664,CLOSED,4
Kozea/CairoSVG,76,2015-10-19T14:36:48Z,2015-10-20T20:59:51Z,1.2660069444444444,CLOSED,1
Kozea/CairoSVG,74,2015-09-30T13:37:47Z,2015-10-09T14:16:41Z,9.027013888888888,CLOSED,1
Kozea/CairoSVG,71,2015-07-21T21:17:58Z,2015-08-13T09:45:36Z,22.519189814814816,CLOSED,4
Kozea/CairoSVG,52,2014-04-30T00:07:25Z,2014-05-06T16:52:06Z,6.69769675925926,CLOSED,1
Kozea/CairoSVG,48,2014-02-22T12:12:57Z,2014-03-06T18:29:03Z,12.261180555555555,CLOSED,2
Kozea/CairoSVG,36,2013-10-01T07:03:34Z,2013-11-26T09:18:00Z,56.09335648148148,CLOSED,1
Kozea/CairoSVG,20,2013-05-10T16:53:49Z,2013-08-27T16:51:30Z,108.9983912037037,CLOSED,1
Kozea/CairoSVG,18,2013-05-10T16:51:36Z,2013-08-27T15:31:24Z,108.94430555555556,CLOSED,1
Kozea/CairoSVG,21,2013-05-10T16:54:44Z,2013-08-27T15:30:13Z,108.94130787037037,CLOSED,1
pallets-eco/blinker,15,2015-07-23T12:38:38Z,2022-07-17T16:46:07Z,2551.171863425926,CLOSED,2
more-itertools/more-itertools,462,2020-09-14T13:24:53Z,2022-10-03T14:48:42Z,749.0582060185185,CLOSED,9
more-itertools/more-itertools,658,2022-11-22T10:44:54Z,2022-11-24T12:38:54Z,2.0791666666666666,CLOSED,1
more-itertools/more-itertools,561,2021-10-05T17:33:21Z,2021-10-09T21:46:30Z,4.175798611111111,CLOSED,1
bloomberg/memray,775,2025-05-27T16:05:36Z,,,OPEN,2
bloomberg/memray,867,2026-01-14T09:18:36Z,2026-01-14T09:22:44Z,0.0028703703703703703,CLOSED,6
bloomberg/memray,863,2025-12-27T16:35:12Z,,,OPEN,19
bloomberg/memray,862,2025-12-24T12:01:38Z,2025-12-24T21:10:11Z,0.3809375,CLOSED,2
bloomberg/memray,857,2025-11-22T02:20:52Z,,,OPEN,7
bloomberg/memray,856,2025-11-21T20:06:35Z,,,OPEN,0
bloomberg/memray,723,2025-03-14T11:35:59Z,2025-03-24T04:59:05Z,9.724375,CLOSED,15
bloomberg/memray,849,2025-11-12T12:29:33Z,2025-11-14T02:40:54Z,1.5912152777777777,CLOSED,6
bloomberg/memray,846,2025-11-07T08:59:34Z,2025-11-12T12:19:34Z,5.138888888888889,CLOSED,2
bloomberg/memray,701,2024-12-01T15:48:34Z,,,OPEN,5
bloomberg/memray,831,2025-09-28T03:11:46Z,,,OPEN,1
bloomberg/memray,820,2025-08-26T05:47:59Z,2025-09-09T17:57:50Z,14.506840277777778,CLOSED,7
bloomberg/memray,819,2025-08-25T19:51:13Z,2025-08-26T13:31:27Z,0.7362731481481481,CLOSED,2
bloomberg/memray,802,2025-07-30T08:58:12Z,,,OPEN,9
bloomberg/memray,797,2025-07-28T18:06:06Z,2025-07-28T18:09:37Z,0.0024421296296296296,CLOSED,4
bloomberg/memray,788,2025-07-03T13:28:31Z,2025-07-03T13:47:58Z,0.013506944444444445,CLOSED,4
bloomberg/memray,779,2025-06-10T13:49:01Z,,,OPEN,9
bloomberg/memray,783,2025-06-18T17:57:05Z,2025-06-18T18:37:36Z,0.028136574074074074,CLOSED,1
bloomberg/memray,750,2025-04-12T11:31:17Z,2025-05-17T18:07:28Z,35.27512731481482,CLOSED,1
bloomberg/memray,745,2025-04-09T21:52:35Z,2025-04-09T21:59:41Z,0.004930555555555555,CLOSED,2
bloomberg/memray,731,2025-03-31T22:14:20Z,2025-04-11T18:34:31Z,10.847349537037037,CLOSED,15
bloomberg/memray,735,2025-04-03T12:00:26Z,2025-04-03T12:03:58Z,0.0024537037037037036,CLOSED,1
bloomberg/memray,730,2025-03-31T18:14:23Z,2025-03-31T23:45:36Z,0.23001157407407408,CLOSED,1
bloomberg/memray,686,2024-09-25T08:47:06Z,2025-03-08T02:05:42Z,163.72125,CLOSED,2
bloomberg/memray,722,2025-03-07T21:27:13Z,,,OPEN,0
bloomberg/memray,691,2024-10-08T03:39:46Z,2025-02-13T01:50:15Z,127.92394675925927,CLOSED,1
bloomberg/memray,707,2024-12-13T15:26:56Z,2025-01-22T15:01:21Z,39.9822337962963,CLOSED,1
bloomberg/memray,555,2024-02-23T14:42:05Z,2024-02-23T23:05:21Z,0.34949074074074077,CLOSED,16
bloomberg/memray,710,2025-01-06T09:44:48Z,2025-01-14T19:06:47Z,8.390266203703703,CLOSED,3
bloomberg/memray,704,2024-12-06T10:31:51Z,2025-01-13T00:12:06Z,37.56961805555556,CLOSED,9
bloomberg/memray,708,2024-12-26T10:23:14Z,2024-12-26T17:48:06Z,0.3089351851851852,CLOSED,2
bloomberg/memray,699,2024-11-26T22:27:44Z,2024-12-03T20:28:40Z,6.917314814814815,CLOSED,27
bloomberg/memray,705,2024-12-09T01:52:20Z,2024-12-12T08:26:05Z,3.2734375,CLOSED,2
bloomberg/memray,674,2024-09-04T09:29:06Z,,,OPEN,4
bloomberg/memray,694,2024-10-28T14:52:35Z,2024-10-29T10:39:04Z,0.8239467592592593,CLOSED,2
bloomberg/memray,688,2024-10-02T07:01:06Z,2024-10-03T00:19:53Z,0.7213773148148148,CLOSED,7
bloomberg/memray,662,2024-08-08T23:38:31Z,2024-09-19T16:00:31Z,41.68194444444445,CLOSED,2
bloomberg/memray,683,2024-09-16T07:34:53Z,2024-09-19T13:55:00Z,3.2639699074074073,CLOSED,2
bloomberg/memray,669,2024-08-21T14:00:50Z,2024-09-09T19:52:06Z,19.243935185185187,CLOSED,27
bloomberg/memray,681,2024-09-13T00:55:52Z,2024-09-13T12:32:06Z,0.4834953703703704,CLOSED,2
bloomberg/memray,680,2024-09-12T00:34:21Z,2024-09-12T02:22:03Z,0.07479166666666667,CLOSED,2
bloomberg/memray,679,2024-09-10T06:44:35Z,2024-09-10T08:46:18Z,0.08452546296296297,CLOSED,2
bloomberg/memray,668,2024-08-20T22:41:51Z,2024-08-20T23:28:44Z,0.03255787037037037,CLOSED,3
bloomberg/memray,665,2024-08-19T12:39:44Z,2024-08-20T08:39:01Z,0.8328356481481481,CLOSED,2
bloomberg/memray,653,2024-07-27T09:11:22Z,2024-08-12T05:09:50Z,15.832268518518518,CLOSED,7
bloomberg/memray,661,2024-08-08T23:17:30Z,2024-08-12T04:29:33Z,3.2167013888888887,CLOSED,2
bloomberg/memray,655,2024-08-01T15:05:58Z,2024-08-02T19:29:36Z,1.1830787037037036,CLOSED,0
bloomberg/memray,450,2023-09-05T18:56:17Z,2024-07-29T15:59:03Z,327.8769212962963,CLOSED,1
bloomberg/memray,609,2024-05-20T23:24:38Z,2024-07-29T15:58:49Z,69.6904050925926,CLOSED,1
bloomberg/memray,647,2024-07-18T15:49:29Z,2024-07-29T15:46:07Z,10.997662037037037,CLOSED,0
bloomberg/memray,642,2024-07-02T17:20:03Z,2024-07-03T08:32:51Z,0.6338888888888888,CLOSED,0
bloomberg/memray,636,2024-06-24T16:32:43Z,2024-06-28T09:29:53Z,3.7063657407407407,CLOSED,0
bloomberg/memray,634,2024-06-24T00:28:47Z,2024-06-24T10:19:57Z,0.41053240740740743,CLOSED,2
bloomberg/memray,614,2024-05-27T21:15:30Z,2024-05-30T22:06:18Z,3.035277777777778,CLOSED,18
bloomberg/memray,591,2024-05-06T16:47:26Z,2024-05-29T21:54:45Z,23.213414351851853,CLOSED,1
bloomberg/memray,600,2024-05-20T03:32:36Z,2024-05-20T22:17:32Z,0.7812037037037037,CLOSED,4
bloomberg/memray,559,2024-03-05T08:36:46Z,2024-04-18T19:00:09Z,44.43290509259259,CLOSED,2
bloomberg/memray,565,2024-03-12T00:45:33Z,2024-03-12T17:27:15Z,0.695625,CLOSED,18
bloomberg/memray,553,2024-02-22T08:48:41Z,2024-03-06T13:39:55Z,13.20224537037037,CLOSED,4
bloomberg/memray,551,2024-02-20T21:23:44Z,2024-02-22T15:32:57Z,1.756400462962963,CLOSED,0
bloomberg/memray,518,2024-01-04T11:42:04Z,2024-01-24T02:54:10Z,19.63340277777778,CLOSED,16
bloomberg/memray,212,2022-09-16T19:47:50Z,2024-02-08T16:38:44Z,509.86868055555556,CLOSED,18
bloomberg/memray,514,2023-12-18T10:43:15Z,2023-12-18T10:45:48Z,0.0017708333333333332,CLOSED,3
bloomberg/memray,486,2023-10-28T22:53:53Z,2023-11-07T11:36:30Z,9.529594907407407,CLOSED,3
bloomberg/memray,489,2023-11-02T18:21:07Z,2023-11-02T19:32:47Z,0.04976851851851852,CLOSED,5
bloomberg/memray,476,2023-10-04T16:35:06Z,2023-10-05T12:29:50Z,0.8296759259259259,CLOSED,34
bloomberg/memray,453,2023-09-08T07:10:09Z,2023-09-11T02:19:06Z,2.7978819444444443,CLOSED,2
bloomberg/memray,451,2023-09-07T12:24:42Z,2023-09-07T16:00:14Z,0.14967592592592593,CLOSED,3
bloomberg/memray,443,2023-08-21T16:57:07Z,2023-09-05T20:27:35Z,15.146157407407408,CLOSED,5
bloomberg/memray,434,2023-08-01T17:50:29Z,2023-08-01T21:40:07Z,0.1594675925925926,CLOSED,3
bloomberg/memray,384,2023-05-25T11:41:08Z,2023-07-29T12:48:38Z,65.046875,CLOSED,17
bloomberg/memray,336,2023-03-16T00:01:42Z,2023-07-29T12:38:04Z,135.52525462962964,CLOSED,9
bloomberg/memray,426,2023-07-18T19:01:40Z,2023-07-28T18:00:32Z,9.957546296296297,CLOSED,5
bloomberg/memray,413,2023-06-28T08:55:38Z,2023-07-21T18:01:34Z,23.37912037037037,CLOSED,2
bloomberg/memray,367,2023-04-24T21:09:47Z,2023-06-20T15:36:17Z,56.76840277777778,CLOSED,1
bloomberg/memray,369,2023-04-24T22:17:00Z,2023-06-20T15:34:25Z,56.72042824074074,CLOSED,1
bloomberg/memray,396,2023-06-09T21:56:15Z,2023-06-19T18:58:46Z,9.876747685185185,CLOSED,4
bloomberg/memray,382,2023-05-16T17:00:23Z,2023-06-09T20:21:52Z,24.139918981481483,CLOSED,3
bloomberg/memray,353,2023-04-23T22:26:08Z,2023-04-24T18:46:44Z,0.8476388888888889,CLOSED,1
bloomberg/memray,343,2023-04-20T20:34:45Z,2023-04-21T17:21:09Z,0.8655555555555555,CLOSED,2
bloomberg/memray,339,2023-04-09T11:12:19Z,2023-04-09T20:01:46Z,0.36767361111111113,CLOSED,2
bloomberg/memray,332,2023-03-11T06:18:39Z,2023-03-15T14:51:03Z,4.355833333333333,CLOSED,7
bloomberg/memray,309,2023-01-30T01:51:24Z,2023-02-01T21:56:46Z,2.837060185185185,CLOSED,13
bloomberg/memray,204,2022-09-12T23:41:14Z,,,OPEN,0
bloomberg/memray,288,2023-01-09T23:16:26Z,2023-01-13T14:56:44Z,3.6529861111111113,CLOSED,11
bloomberg/memray,275,2022-12-19T18:19:47Z,2022-12-19T18:53:59Z,0.02375,CLOSED,7
bloomberg/memray,249,2022-11-11T14:39:07Z,2022-11-11T23:09:12Z,0.35422453703703705,CLOSED,14
bloomberg/memray,205,2022-09-13T00:12:56Z,2022-10-28T18:21:16Z,45.75578703703704,CLOSED,7
bloomberg/memray,227,2022-10-12T05:49:12Z,2022-10-14T13:12:19Z,2.3077199074074075,CLOSED,2
bloomberg/memray,210,2022-09-15T10:36:32Z,2022-09-15T11:00:52Z,0.016898148148148148,CLOSED,1
bloomberg/memray,195,2022-08-30T15:08:06Z,2022-08-30T15:41:10Z,0.022962962962962963,CLOSED,0
bloomberg/memray,130,2022-06-02T09:31:47Z,2022-08-04T19:23:14Z,63.41072916666667,CLOSED,12
bloomberg/memray,43,2022-04-22T00:31:59Z,2022-04-27T17:49:34Z,5.720543981481481,CLOSED,8
bloomberg/memray,126,2022-05-27T20:25:48Z,2022-06-15T19:04:40Z,18.943657407407407,CLOSED,2
bloomberg/memray,146,2022-06-14T20:46:12Z,2022-06-15T18:27:54Z,0.9039583333333333,CLOSED,2
bloomberg/memray,145,2022-06-14T20:28:41Z,2022-06-15T18:27:54Z,0.9161226851851851,CLOSED,0
bloomberg/memray,143,2022-06-14T10:50:23Z,2022-06-15T18:27:53Z,1.3177083333333333,CLOSED,2
bloomberg/memray,84,2022-05-07T01:57:58Z,2022-05-16T22:12:12Z,9.843217592592593,CLOSED,10
bloomberg/memray,96,2022-05-14T23:59:40Z,2022-05-16T18:12:22Z,1.7588194444444445,CLOSED,0
bloomberg/memray,69,2022-04-30T03:17:20Z,2022-05-05T17:37:38Z,5.5974305555555555,CLOSED,5
